32766
32761
32760
32759
32759
32757
32754
32753
32752
32752
32751
32747
32745
32741
32738
32738
32738
32738
32737
32737
32734
32733
32732
32731
32730
32729
32728
32726
32725
32723
32721
32719
32718
32717
32716
32714
32710
32709
32709
32707
32706
32705
32704
32702
32702
32700
32699
32697
32697
32694
32692
32691
32682
32681
32673
32672
32671
32670
32670
32669
32665
32663
32662
32662
32661
32660
32659
32658
32656
32655
32654
32653
32652
32651
32650
32649
32646
32646
32642
32641
32640
32640
32635
32634
32633
32633
32632
32631
32630
32628
32626
32623
32622
32620
32620
32616
32616
32614
32606
32603
32602
32598
32595
32594
32594
32592
32590
32590
32590
32588
32588
32588
32586
32584
32584
32584
32579
32577
32576
32576
32572
32570
32569
32569
32568
32565
32564
32564
32562
32562
32562
32561
32561
32555
32549
32548
32544
32540
32539
32538
32537
32537
32536
32534
32532
32532
32531
32524
32521
32520
32518
32517
32515
32515
32514
32514
32513
32513
32509
32508
32507
32505
32504
32502
32497
32496
32494
32491
32490
32488
32486
32486
32486
32482
32481
32480
32479
32477
32476
32466
32466
32463
32463
32459
32456
32456
32455
32453
32452
32450
32450
32445
32443
32442
32437
32436
32436
32435
32434
32433
32432
32430
32428
32427
32427
32426
32416
32416
32416
32415
32413
32412
32410
32406
32405
32405
32404
32402
32401
32399
32399
32398
32396
32391
32391
32390
32390
32390
32387
32384
32383
32382
32377
32375
32374
32371
32368
32365
32365
32365
32362
32360
32359
32354
32354
32351
32347
32347
32347
32346
32346
32342
32340
32336
32334
32333
32330
32330
32326
32324
32323
32322
32322
32322
32320
32318
32317
32317
32316
32312
32310
32310
32308
32308
32308
32307
32305
32305
32303
32302
32300
32296
32294
32294
32294
32292
32292
32292
32291
32291
32290
32286
32286
32285
32284
32283
32283
32282
32282
32281
32281
32280
32278
32275
32275
32273
32273
32270
32265
32259
32258
32257
32256
32250
32250
32249
32245
32244
32243
32243
32242
32241
32241
32240
32239
32236
32236
32233
32232
32229
32228
32227
32226
32225
32222
32220
32220
32218
32214
32212
32212
32212
32210
32210
32209
32205
32204
32204
32202
32201
32201
32201
32200
32196
32195
32194
32193
32190
32190
32190
32189
32188
32188
32188
32186
32184
32178
32175
32175
32167
32166
32163
32158
32156
32155
32155
32154
32153
32152
32152
32148
32148
32143
32142
32141
32141
32140
32140
32140
32140
32137
32137
32136
32135
32134
32130
32126
32123
32122
32122
32121
32118
32113
32113
32113
32104
32102
32101
32097
32097
32094
32093
32091
32090
32090
32090
32089
32088
32087
32085
32085
32085
32085
32081
32079
32079
32075
32073
32073
32069
32069
32068
32068
32068
32066
32065
32064
32064
32063
32062
32061
32060
32057
32057
32057
32056
32054
32053
32052
32051
32051
32051
32050
32047
32044
32043
32043
32041
32037
32032
32028
32025
32024
32023
32023
32022
32021
32021
32021
32020
32019
32018
32017
32017
32015
32014
32014
32010
32009
32008
32005
32004
32003
32002
31998
31995
31991
31991
31988
31987
31986
31985
31985
31985
31985
31984
31984
31981
31978
31972
31971
31969
31964
31963
31962
31962
31961
31961
31959
31958
31956
31956
31954
31953
31952
31952
31951
31951
31950
31947
31947
31945
31944
31943
31942
31940
31940
31937
31937
31934
31933
31933
31931
31930
31928
31928
31925
31924
31920
31918
31916
31916
31911
31908
31906
31903
31902
31901
31900
31900
31899
31897
31896
31893
31892
31890
31888
31886
31882
31882
31879
31879
31875
31872
31870
31870
31869
31868
31866
31866
31865
31865
31863
31859
31855
31853
31853
31852
31852
31851
31849
31848
31848
31847
31846
31844
31841
31840
31838
31837
31836
31834
31833
31831
31829
31828
31826
31823
31821
31820
31815
31814
31812
31809
31804
31803
31802
31800
31800
31800
31798
31797
31796
31795
31794
31792
31791
31787
31787
31782
31780
31780
31780
31778
31776
31774
31768
31767
31766
31765
31765
31763
31760
31758
31758
31756
31753
31751
31751
31745
31743
31741
31738
31737
31736
31733
31730
31729
31729
31728
31726
31723
31720
31719
31717
31716
31716
31714
31714
31712
31711
31707
31707
31706
31706
31706
31702
31700
31699
31699
31698
31695
31693
31692
31690
31690
31689
31687
31686
31683
31681
31678
31677
31676
31676
31676
31675
31674
31673
31669
31663
31662
31661
31659
31658
31657
31655
31655
31653
31650
31649
31647
31646
31645
31642
31640
31639
31637
31637
31634
31632
31632
31630
31629
31626
31623
31622
31622
31621
31619
31619
31617
31616
31616
31616
31615
31611
31607
31607
31599
31599
31597
31596
31595
31592
31591
31591
31588
31580
31580
31577
31573
31573
31571
31568
31567
31567
31566
31563
31563
31561
31559
31558
31558
31556
31556
31555
31554
31548
31544
31543
31542
31539
31538
31537
31535
31534
31534
31532
31531
31525
31523
31521
31520
31520
31516
31514
31514
31513
31503
31503
31503
31503
31501
31500
31498
31498
31497
31496
31495
31494
31494
31494
31492
31488
31486
31479
31478
31476
31475
31474
31472
31469
31469
31468
31467
31461
31460
31457
31456
31455
31453
31451
31450
31448
31446
31446
31441
31439
31439
31438
31437
31436
31435
31432
31431
31430
31429
31426
31426
31426
31424
31422
31421
31420
31418
31415
31413
31412
31409
31408
31404
31403
31401
31400
31400
31398
31396
31392
31388
31387
31387
31386
31385
31383
31379
31377
31375
31375
31374
31372
31370
31366
31365
31363
31359
31357
31357
31348
31346
31337
31335
31334
31334
31332
31332
31331
31331
31331
31330
31329
31329
31328
31328
31326
31325
31319
31318
31315
31310
31308
31305
31305
31305
31304
31299
31297
31295
31295
31294
31290
31289
31288
31288
31288
31285
31284
31284
31284
31283
31283
31282
31279
31275
31275
31275
31272
31270
31269
31266
31264
31262
31260
31258
31256
31256
31253
31246
31246
31245
31243
31242
31240
31237
31234
31233
31232
31232
31229
31229
31228
31227
31224
31221
31219
31211
31211
31206
31195
31192
31190
31190
31187
31186
31183
31183
31181
31180
31178
31173
31172
31172
31171
31166
31166
31166
31166
31164
31158
31157
31154
31153
31142
31142
31138
31130
31130
31127
31125
31123
31121
31119
31119
31119
31117
31115
31115
31113
31112
31112
31112
31111
31111
31111
31110
31107
31104
31104
31101
31099
31098
31097
31096
31096
31093
31093
31092
31090
31088
31087
31087
31085
31081
31081
31080
31079
31077
31076
31073
31072
31067
31067
31062
31061
31061
31059
31057
31056
31054
31047
31046
31043
31043
31038
31038
31036
31035
31033
31032
31032
31031
31030
31030
31028
31026
31026
31025
31025
31025
31024
31024
31023
31021
31020
31016
31016
31015
31013
31013
31013
31010
31009
31009
31007
31007
31007
31000
30999
30998
30997
30996
30994
30994
30990
30990
30990
30989
30989
30986
30985
30977
30975
30971
30970
30968
30967
30967
30966
30965
30965
30964
30962
30959
30959
30957
30957
30952
30947
30944
30944
30943
30943
30942
30941
30941
30941
30939
30938
30937
30937
30935
30931
30929
30927
30927
30924
30922
30921
30921
30919
30917
30917
30916
30915
30915
30914
30912
30910
30907
30906
30905
30903
30902
30902
30902
30902
30901
30897
30897
30896
30895
30895
30891
30891
30890
30888
30885
30881
30879
30877
30877
30873
30873
30873
30871
30867
30867
30866
30865
30863
30860
30856
30854
30851
30845
30841
30840
30835
30835
30833
30832
30832
30830
30828
30827
30826
30824
30818
30817
30817
30816
30812
30810
30808
30805
30805
30802
30801
30800
30799
30798
30798
30794
30793
30792
30792
30790
30786
30784
30783
30778
30778
30777
30777
30775
30775
30771
30770
30769
30769
30767
30764
30751
30748
30744
30738
30738
30736
30734
30732
30729
30728
30726
30724
30723
30721
30716
30715
30715
30709
30707
30707
30704
30704
30704
30703
30702
30700
30700
30700
30697
30697
30697
30695
30694
30693
30690
30688
30683
30683
30677
30677
30675
30675
30672
30672
30670
30667
30665
30664
30664
30662
30662
30658
30658
30657
30656
30654
30648
30647
30647
30647
30646
30644
30644
30642
30642
30642
30640
30639
30639
30637
30636
30632
30631
30629
30627
30626
30624
30624
30624
30622
30620
30617
30615
30615
30614
30606
30605
30605
30604
30602
30600
30600
30600
30593
30592
30592
30591
30589
30588
30587
30585
30585
30582
30581
30580
30578
30577
30571
30569
30568
30568
30564
30564
30562
30558
30557
30555
30554
30552
30552
30550
30549
30548
30545
30545
30544
30541
30540
30537
30534
30533
30533
30532
30530
30529
30528
30524
30524
30523
30519
30518
30516
30513
30512
30511
30510
30509
30508
30508
30500
30499
30498
30493
30492
30489
30488
30488
30487
30483
30482
30482
30478
30475
30474
30473
30472
30470
30470
30470
30465
30456
30455
30453
30453
30452
30451
30451
30450
30446
30446
30446
30446
30445
30444
30441
30440
30435
30433
30433
30432
30431
30428
30427
30427
30425
30424
30422
30420
30417
30415
30415
30414
30414
30413
30412
30410
30408
30408
30407
30406
30403
30402
30401
30399
30398
30398
30394
30394
30392
30388
30381
30377
30377
30369
30363
30362
30360
30357
30355
30354
30349
30345
30344
30341
30337
30337
30335
30334
30334
30333
30332
30331
30327
30325
30324
30324
30323
30323
30321
30321
30320
30317
30314
30313
30312
30311
30311
30310
30310
30309
30307
30307
30306
30304
30302
30300
30299
30299
30299
30298
30298
30297
30296
30295
30295
30295
30293
30292
30290
30287
30286
30285
30285
30283
30282
30281
30280
30278
30277
30276
30274
30274
30273
30269
30269
30264
30261
30258
30257
30256
30255
30254
30254
30252
30249
30247
30243
30242
30240
30236
30235
30224
30222
30222
30221
30221
30218
30215
30214
30214
30212
30211
30210
30206
30206
30204
30203
30203
30197
30195
30190
30190
30190
30189
30187
30186
30185
30182
30181
30173
30171
30171
30170
30166
30164
30164
30160
30159
30156
30153
30152
30152
30150
30150
30148
30148
30148
30147
30142
30141
30138
30138
30138
30138
30137
30136
30133
30133
30132
30131
30129
30128
30127
30126
30124
30124
30123
30120
30119
30119
30116
30115
30115
30111
30111
30110
30105
30101
30101
30099
30098
30096
30095
30093
30091
30091
30090
30087
30086
30085
30084
30084
30082
30075
30073
30069
30067
30067
30066
30066
30063
30061
30059
30057
30056
30055
30055
30053
30053
30052
30049
30046
30046
30044
30043
30043
30043
30039
30038
30034
30034
30033
30033
30032
30032
30028
30028
30028
30025
30025
30021
30020
30020
30015
30013
30012
30009
30008
30005
30003
30002
30000
29999
29994
29992
29989
29988
29987
29978
29971
29970
29969
29968
29968
29964
29963
29963
29960
29959
29956
29956
29955
29954
29952
29951
29949
29946
29946
29945
29943
29937
29934
29933
29933
29932
29929
29926
29925
29923
29922
29920
29918
29917
29914
29911
29908
29908
29907
29907
29906
29905
29900
29900
29897
29897
29894
29894
29889
29887
29883
29883
29883
29879
29878
29878
29875
29874
29873
29873
29872
29872
29872
29871
29870
29870
29869
29869
29866
29865
29864
29863
29860
29858
29858
29857
29856
29852
29848
29848
29846
29842
29842
29842
29841
29841
29840
29837
29835
29834
29830
29822
29820
29818
29818
29817
29816
29815
29814
29812
29811
29810
29810
29809
29809
29808
29807
29804
29803
29802
29802
29801
29797
29796
29796
29794
29793
29793
29793
29792
29790
29790
29789
29786
29785
29784
29777
29775
29774
29773
29769
29769
29766
29764
29764
29763
29761
29761
29760
29759
29758
29758
29755
29753
29752
29751
29751
29750
29747
29746
29746
29746
29745
29745
29743
29742
29741
29740
29735
29735
29734
29732
29732
29730
29725
29725
29723
29723
29720
29719
29719
29717
29717
29714
29713
29711
29708
29707
29706
29702
29701
29701
29698
29697
29694
29693
29690
29688
29685
29684
29680
29680
29679
29677
29677
29677
29675
29672
29672
29672
29668
29666
29664
29662
29662
29662
29662
29661
29658
29658
29657
29657
29655
29654
29654
29651
29648
29644
29643
29641
29640
29639
29639
29639
29639
29639
29638
29638
29633
29633
29632
29631
29629
29628
29626
29625
29625
29624
29623
29622
29622
29620
29619
29611
29608
29607
29605
29603
29601
29597
29596
29596
29593
29592
29592
29591
29591
29590
29589
29588
29587
29586
29583
29582
29582
29581
29580
29580
29579
29576
29575
29574
29573
29573
29573
29572
29571
29570
29570
29565
29562
29562
29562
29561
29559
29558
29558
29556
29554
29553
29553
29550
29549
29547
29545
29545
29544
29544
29541
29540
29539
29532
29530
29529
29527
29523
29522
29521
29521
29520
29520
29518
29517
29515
29515
29515
29511
29508
29507
29504
29503
29500
29500
29497
29496
29492
29491
29489
29487
29486
29486
29485
29485
29481
29481
29480
29479
29479
29478
29478
29478
29477
29475
29475
29475
29473
29473
29470
29468
29467
29466
29465
29465
29458
29456
29456
29453
29453
29452
29451
29451
29445
29443
29441
29435
29432
29427
29426
29425
29424
29424
29422
29421
29420
29419
29415
29414
29412
29412
29411
29409
29408
29405
29405
29404
29404
29403
29402
29402
29401
29398
29398
29397
29393
29393
29393
29389
29385
29384
29382
29381
29379
29378
29372
29372
29370
29369
29368
29367
29365
29365
29365
29364
29363
29361
29361
29357
29356
29349
29346
29345
29344
29343
29342
29340
29340
29339
29338
29338
29335
29334
29334
29326
29322
29321
29317
29314
29314
29308
29308
29304
29303
29303
29299
29295
29294
29291
29285
29285
29284
29284
29283
29281
29280
29278
29275
29273
29272
29271
29271
29269
29268
29267
29265
29255
29253
29252
29252
29251
29251
29248
29247
29246
29242
29239
29239
29237
29236
29236
29235
29234
29233
29231
29228
29228
29228
29227
29227
29224
29223
29222
29218
29217
29216
29214
29211
29211
29207
29206
29201
29201
29198
29198
29195
29195
29195
29192
29191
29191
29190
29190
29187
29186
29186
29185
29180
29179
29177
29177
29177
29175
29175
29175
29171
29165
29164
29160
29160
29159
29158
29155
29152
29152
29151
29151
29150
29148
29148
29146
29146
29145
29145
29143
29142
29139
29138
29136
29135
29134
29131
29130
29126
29124
29123
29123
29122
29120
29117
29114
29113
29113
29113
29108
29108
29108
29107
29106
29106
29105
29103
29103
29102
29101
29101
29101
29098
29097
29096
29095
29094
29089
29089
29085
29085
29085
29084
29082
29082
29082
29080
29078
29078
29076
29074
29073
29070
29069
29066
29065
29064
29061
29060
29058
29055
29055
29055
29054
29050
29047
29047
29046
29044
29043
29039
29035
29034
29032
29031
29030
29028
29028
29026
29024
29021
29018
29017
29017
29013
29010
29009
29008
29008
29006
28999
28999
28997
28995
28995
28994
28989
28987
28987
28987
28986
28986
28984
28984
28983
28983
28981
28981
28981
28978
28977
28972
28969
28969
28963
28962
28962
28961
28960
28957
28957
28955
28955
28954
28951
28951
28950
28946
28945
28943
28943
28942
28942
28941
28940
28939
28939
28938
28936
28935
28935
28929
28929
28926
28926
28921
28921
28920
28920
28918
28913
28913
28912
28910
28893
28892
28892
28891
28887
28881
28880
28880
28880
28878
28876
28875
28874
28873
28872
28872
28871
28871
28870
28870
28867
28860
28859
28857
28857
28857
28856
28849
28849
28849
28845
28842
28838
28836
28835
28835
28833
28831
28829
28826
28824
28824
28823
28819
28817
28816
28815
28812
28810
28809
28806
28803
28803
28802
28801
28799
28797
28796
28795
28792
28790
28790
28787
28787
28786
28786
28784
28783
28781
28780
28780
28780
28773
28770
28770
28769
28769
28768
28767
28767
28766
28765
28765
28762
28762
28762
28760
28759
28757
28756
28755
28753
28753
28752
28752
28751
28751
28750
28747
28747
28746
28746
28746
28744
28742
28742
28740
28740
28738
28738
28736
28733
28733
28732
28732
28731
28731
28731
28731
28727
28725
28722
28721
28719
28716
28715
28710
28710
28709
28708
28708
28707
28706
28700
28700
28699
28698
28695
28693
28693
28692
28690
28690
28689
28689
28687
28686
28683
28682
28674
28671
28670
28670
28668
28661
28661
28660
28659
28656
28654
28653
28652
28651
28650
28646
28642
28641
28641
28640
28639
28638
28638
28637
28637
28636
28633
28631
28631
28630
28626
28625
28620
28620
28620
28620
28618
28614
28612
28612
28611
28610
28610
28609
28608
28605
28604
28600
28599
28599
28599
28598
28596
28594
28589
28588
28585
28584
28583
28582
28582
28580
28579
28579
28578
28575
28574
28573
28568
28567
28566
28566
28559
28558
28557
28556
28556
28555
28554
28551
28551
28550
28550
28546
28544
28541
28540
28540
28539
28538
28537
28534
28521
28519
28516
28516
28514
28510
28510
28509
28509
28506
28500
28498
28495
28494
28492
28490
28488
28487
28487
28486
28485
28483
28481
28478
28476
28476
28474
28469
28469
28467
28466
28463
28462
28459
28451
28448
28447
28447
28446
28444
28443
28443
28442
28438
28432
28431
28426
28425
28423
28420
28419
28418
28418
28410
28407
28407
28405
28404
28404
28403
28403
28399
28396
28396
28394
28389
28389
28384
28380
28380
28377
28376
28373
28373
28372
28369
28368
28364
28363
28361
28359
28358
28358
28353
28351
28348
28347
28345
28341
28340
28340
28338
28335
28332
28329
28322
28319
28316
28316
28315
28314
28313
28313
28308
28308
28306
28301
28301
28300
28300
28298
28298
28298
28295
28295
28294
28289
28284
28283
28283
28282
28282
28282
28281
28281
28278
28274
28273
28272
28271
28270
28269
28268
28265
28261
28261
28259
28259
28258
28255
28255
28254
28254
28251
28250
28248
28246
28245
28245
28244
28244
28243
28243
28242
28240
28238
28238
28236
28234
28234
28233
28232
28232
28230
28225
28225
28224
28224
28223
28220
28217
28215
28213
28211
28211
28208
28206
28202
28202
28200
28191
28190
28188
28186
28185
28184
28184
28183
28183
28182
28181
28179
28179
28178
28176
28173
28173
28171
28170
28170
28169
28167
28166
28164
28161
28160
28159
28157
28157
28152
28148
28148
28147
28143
28142
28139
28131
28131
28131
28128
28125
28125
28123
28120
28118
28116
28114
28113
28107
28105
28105
28105
28101
28099
28097
28097
28094
28092
28085
28081
28081
28079
28079
28076
28074
28074
28072
28069
28067
28067
28064
28062
28060
28060
28059
28059
28059
28055
28054
28047
28045
28044
28044
28038
28037
28036
28033
28031
28024
28019
28018
28017
28015
28014
28012
28011
28011
28010
28010
28008
28007
28005
27998
27997
27994
27993
27991
27990
27987
27983
27982
27980
27979
27979
27979
27976
27975
27972
27969
27967
27967
27967
27966
27966
27966
27963
27962
27954
27949
27948
27948
27947
27947
27946
27945
27943
27942
27940
27940
27940
27936
27935
27935
27934
27934
27931
27929
27927
27923
27922
27921
27919
27914
27911
27908
27908
27908
27902
27901
27898
27898
27897
27896
27895
27892
27892
27890
27884
27882
27882
27881
27881
27877
27876
27872
27870
27869
27868
27864
27864
27861
27860
27856
27854
27852
27852
27851
27848
27848
27847
27847
27846
27846
27845
27844
27843
27842
27842
27842
27842
27841
27836
27834
27832
27831
27829
27829
27826
27825
27825
27825
27822
27822
27822
27819
27814
27813
27813
27811
27811
27809
27807
27805
27805
27804
27803
27800
27800
27798
27796
27794
27786
27786
27784
27783
27783
27781
27774
27770
27769
27768
27766
27765
27765
27763
27762
27762
27761
27759
27757
27754
27749
27748
27745
27744
27743
27742
27739
27736
27734
27728
27727
27726
27721
27719
27718
27718
27716
27716
27714
27712
27711
27710
27709
27707
27706
27702
27701
27701
27698
27696
27696
27696
27695
27694
27692
27692
27691
27691
27689
27685
27685
27685
27684
27684
27684
27682
27681
27679
27676
27675
27675
27670
27669
27669
27665
27663
27662
27662
27661
27650
27647
27646
27645
27641
27638
27637
27636
27634
27632
27631
27629
27626
27626
27626
27625
27624
27623
27616
27612
27610
27609
27608
27607
27605
27597
27595
27595
27595
27593
27592
27592
27592
27588
27587
27585
27585
27583
27581
27580
27578
27575
27575
27575
27569
27569
27567
27566
27564
27563
27560
27558
27558
27558
27555
27555
27550
27549
27546
27542
27540
27538
27538
27537
27537
27537
27536
27535
27534
27534
27530
27525
27524
27522
27522
27521
27521
27521
27516
27515
27515
27514
27507
27502
27499
27499
27498
27496
27495
27495
27494
27491
27489
27488
27488
27487
27486
27483
27480
27477
27477
27476
27476
27475
27474
27473
27472
27472
27471
27469
27468
27465
27465
27460
27459
27457
27456
27453
27450
27450
27448
27445
27445
27444
27443
27443
27441
27438
27433
27430
27430
27429
27428
27426
27423
27421
27420
27418
27414
27412
27411
27410
27408
27408
27407
27402
27399
27398
27395
27395
27393
27392
27389
27389
27384
27380
27379
27378
27377
27376
27376
27375
27374
27373
27372
27370
27369
27369
27365
27362
27361
27360
27360
27360
27354
27349
27345
27345
27343
27340
27337
27335
27331
27328
27328
27325
27319
27318
27318
27317
27317
27316
27315
27310
27310
27306
27303
27303
27301
27298
27292
27289
27288
27287
27286
27286
27281
27281
27278
27277
27276
27276
27275
27268
27268
27266
27266
27260
27257
27257
27254
27254
27254
27252
27251
27251
27250
27250
27248
27247
27247
27246
27246
27245
27243
27243
27241
27241
27240
27240
27235
27234
27233
27231
27230
27227
27226
27225
27224
27223
27216
27216
27216
27215
27214
27210
27209
27205
27204
27204
27204
27203
27203
27202
27202
27198
27197
27194
27190
27189
27189
27187
27187
27186
27185
27182
27181
27175
27174
27170
27169
27169
27168
27167
27164
27164
27163
27162
27161
27161
27158
27157
27154
27152
27151
27151
27150
27149
27149
27147
27146
27144
27143
27142
27142
27137
27137
27136
27134
27134
27134
27132
27130
27130
27129
27127
27127
27126
27122
27119
27118
27116
27116
27116
27115
27114
27104
27103
27101
27099
27098
27098
27098
27098
27095
27095
27092
27091
27088
27087
27081
27079
27075
27074
27071
27070
27069
27066
27066
27065
27065
27062
27059
27059
27058
27058
27057
27057
27055
27054
27048
27047
27044
27043
27043
27042
27041
27039
27039
27038
27035
27033
27032
27031
27023
27022
27022
27022
27020
27011
27011
27010
27007
27004
27004
26998
26997
26997
26997
26995
26989
26987
26986
26985
26981
26980
26980
26979
26978
26978
26976
26975
26974
26971
26971
26969
26968
26968
26965
26956
26950
26948
26948
26946
26943
26941
26940
26936
26934
26933
26930
26930
26930
26928
26925
26924
26924
26922
26921
26921
26920
26918
26917
26915
26909
26904
26903
26902
26898
26896
26896
26896
26895
26895
26895
26892
26891
26891
26889
26887
26886
26885
26879
26878
26878
26877
26876
26874
26871
26870
26867
26865
26861
26860
26860
26858
26857
26855
26855
26850
26849
26848
26845
26845
26844
26844
26841
26839
26836
26835
26835
26833
26831
26826
26824
26823
26823
26823
26822
26821
26821
26820
26813
26812
26808
26806
26805
26805
26802
26801
26799
26798
26797
26797
26790
26787
26786
26780
26779
26779
26779
26778
26778
26774
26773
26773
26770
26769
26769
26767
26767
26766
26763
26762
26762
26762
26760
26760
26760
26758
26757
26757
26756
26752
26751
26751
26749
26748
26747
26746
26744
26744
26743
26742
26742
26740
26738
26738
26736
26735
26729
26725
26724
26719
26717
26716
26712
26712
26711
26709
26708
26708
26705
26704
26701
26701
26692
26692
26692
26692
26691
26688
26686
26685
26682
26682
26681
26680
26678
26675
26673
26669
26669
26668
26667
26667
26665
26665
26664
26663
26662
26661
26661
26660
26654
26653
26652
26651
26649
26649
26648
26648
26646
26645
26643
26639
26639
26635
26633
26632
26632
26630
26629
26628
26628
26623
26623
26622
26620
26620
26619
26619
26615
26615
26613
26613
26611
26611
26611
26611
26610
26609
26608
26606
26606
26601
26596
26595
26595
26594
26589
26589
26583
26579
26574
26573
26572
26571
26570
26570
26570
26568
26567
26566
26564
26564
26564
26560
26554
26554
26553
26553
26553
26551
26549
26548
26547
26547
26546
26545
26543
26541
26541
26538
26537
26537
26535
26532
26531
26531
26529
26528
26527
26521
26518
26517
26516
26516
26515
26513
26512
26512
26511
26506
26500
26499
26493
26491
26490
26488
26485
26481
26479
26476
26474
26474
26474
26473
26472
26468
26467
26467
26467
26466
26464
26461
26461
26461
26459
26459
26455
26450
26448
26444
26443
26439
26435
26433
26430
26429
26428
26427
26427
26423
26423
26422
26418
26417
26414
26414
26413
26408
26407
26407
26405
26404
26404
26398
26397
26397
26396
26394
26393
26391
26390
26388
26387
26386
26385
26384
26383
26383
26382
26381
26381
26381
26379
26377
26374
26372
26368
26368
26368
26368
26368
26365
26364
26363
26362
26360
26360
26359
26358
26358
26357
26357
26357
26357
26354
26354
26351
26351
26349
26345
26345
26344
26344
26336
26335
26335
26334
26332
26332
26331
26330
26325
26316
26314
26311
26309
26309
26308
26306
26296
26294
26293
26293
26291
26290
26288
26286
26286
26283
26282
26280
26278
26274
26272
26269
26267
26266
26265
26264
26259
26256
26253
26252
26249
26248
26247
26245
26244
26243
26241
26238
26238
26235
26234
26232
26230
26227
26226
26225
26221
26220
26219
26217
26217
26216
26215
26212
26209
26209
26208
26207
26204
26203
26203
26201
26201
26201
26201
26198
26197
26196
26195
26194
26194
26193
26193
26193
26192
26190
26189
26189
26187
26187
26186
26182
26180
26179
26175
26174
26174
26169
26168
26166
26165
26164
26163
26163
26162
26159
26159
26153
26149
26148
26148
26147
26147
26146
26143
26142
26140
26139
26137
26133
26132
26131
26126
26122
26122
26121
26119
26119
26118
26116
26113
26109
26108
26104
26103
26101
26099
26094
26092
26090
26085
26084
26083
26083
26082
26081
26079
26076
26073
26069
26069
26069
26069
26067
26065
26062
26061
26060
26060
26057
26053
26050
26049
26048
26044
26041
26041
26040
26039
26036
26035
26035
26034
26032
26030
26026
26023
26020
26017
26017
26017
26014
26012
26009
26007
26006
26003
26003
26002
26002
26001
26001
26000
26000
25999
25998
25993
25993
25992
25991
25990
25986
25985
25984
25982
25982
25980
25980
25978
25973
25971
25971
25967
25961
25961
25960
25958
25957
25955
25954
25952
25948
25947
25946
25944
25942
25940
25940
25938
25938
25936
25936
25934
25934
25933
25931
25930
25929
25925
25921
25921
25920
25918
25915
25914
25913
25913
25912
25909
25909
25907
25903
25903
25901
25900
25897
25895
25895
25895
25894
25892
25890
25889
25888
25886
25884
25882
25881
25879
25877
25877
25874
25873
25872
25871
25868
25867
25865
25865
25862
25861
25861
25861
25859
25853
25853
25849
25848
25846
25846
25846
25846
25842
25836
25836
25834
25833
25831
25830
25828
25828
25826
25825
25824
25822
25821
25820
25819
25819
25818
25818
25817
25816
25816
25816
25814
25810
25810
25806
25803
25798
25797
25795
25792
25791
25791
25788
25787
25787
25780
25778
25777
25777
25776
25776
25774
25774
25772
25769
25765
25761
25760
25757
25756
25754
25751
25751
25751
25747
25747
25746
25743
25742
25742
25741
25739
25735
25730
25727
25725
25724
25724
25722
25721
25716
25714
25713
25712
25710
25709
25707
25706
25706
25704
25702
25701
25700
25700
25699
25698
25697
25697
25694
25693
25693
25688
25687
25685
25684
25683
25682
25679
25677
25676
25674
25672
25671
25669
25669
25667
25662
25660
25658
25657
25656
25656
25656
25656
25653
25652
25652
25647
25644
25639
25638
25637
25637
25636
25636
25632
25631
25631
25630
25628
25625
25623
25622
25620
25615
25615
25612
25610
25609
25605
25603
25601
25599
25598
25598
25598
25598
25597
25596
25595
25593
25592
25591
25586
25586
25584
25581
25580
25580
25579
25578
25577
25577
25576
25573
25570
25569
25569
25569
25567
25565
25562
25559
25559
25556
25555
25555
25554
25551
25549
25548
25547
25546
25546
25546
25542
25541
25540
25538
25535
25535
25530
25528
25528
25527
25527
25526
25525
25521
25517
25517
25515
25513
25511
25509
25509
25509
25509
25508
25506
25505
25505
25504
25500
25494
25494
25489
25486
25484
25478
25478
25476
25473
25472
25471
25470
25467
25462
25462
25461
25461
25456
25455
25455
25455
25455
25454
25453
25450
25448
25447
25445
25444
25444
25444
25443
25443
25442
25440
25438
25432
25432
25432
25430
25429
25429
25428
25428
25426
25424
25422
25420
25419
25416
25414
25413
25412
25409
25409
25406
25403
25402
25401
25401
25400
25399
25398
25397
25395
25392
25390
25390
25389
25385
25383
25382
25379
25378
25377
25377
25376
25374
25373
25373
25372
25371
25371
25368
25368
25368
25367
25365
25365
25359
25358
25357
25352
25352
25351
25351
25350
25350
25349
25344
25344
25343
25341
25339
25338
25338
25337
25336
25335
25333
25332
25332
25331
25331
25331
25331
25329
25327
25327
25325
25324
25324
25323
25320
25319
25318
25317
25316
25315
25314
25312
25311
25311
25310
25310
25310
25308
25306
25306
25305
25302
25297
25294
25293
25292
25289
25286
25285
25285
25282
25282
25282
25281
25281
25281
25280
25276
25273
25272
25272
25271
25271
25271
25270
25267
25266
25265
25264
25263
25263
25262
25259
25254
25253
25252
25248
25241
25238
25237
25237
25236
25236
25233
25233
25232
25230
25230
25230
25225
25225
25224
25223
25222
25221
25217
25217
25215
25213
25212
25207
25206
25206
25205
25203
25199
25198
25195
25192
25190
25188
25187
25183
25180
25179
25178
25176
25176
25174
25173
25171
25171
25170
25169
25162
25161
25160
25159
25156
25156
25154
25151
25150
25149
25146
25146
25144
25143
25142
25142
25138
25137
25135
25135
25134
25132
25131
25129
25129
25129
25126
25121
25121
25118
25117
25117
25115
25115
25113
25112
25112
25107
25107
25107
25106
25101
25101
25101
25099
25099
25098
25095
25094
25089
25085
25084
25079
25077
25076
25072
25072
25072
25071
25070
25068
25068
25066
25066
25066
25062
25062
25061
25059
25056
25054
25052
25052
25050
25049
25049
25049
25047
25046
25045
25044
25043
25040
25033
25030
25029
25026
25025
25024
25024
25020
25020
25020
25017
25016
25016
25015
25011
25011
25011
25010
25009
25009
25008
25008
25003
25002
24998
24998
24996
24994
24992
24991
24991
24991
24989
24985
24982
24982
24981
24980
24980
24978
24978
24977
24976
24976
24976
24973
24973
24972
24971
24970
24969
24966
24965
24961
24960
24959
24958
24958
24957
24957
24957
24956
24956
24956
24956
24955
24953
24951
24950
24949
24946
24946
24945
24945
24944
24943
24941
24941
24939
24938
24937
24935
24935
24934
24934
24933
24933
24931
24928
24923
24922
24921
24920
24919
24918
24917
24915
24910
24909
24908
24907
24906
24905
24905
24902
24899
24897
24896
24896
24892
24891
24891
24888
24887
24886
24885
24881
24878
24877
24871
24870
24870
24869
24867
24865
24865
24864
24862
24861
24857
24855
24855
24854
24850
24848
24846
24846
24844
24843
24841
24836
24831
24831
24829
24823
24823
24821
24819
24818
24817
24815
24814
24813
24812
24809
24809
24807
24807
24807
24806
24803
24800
24797
24796
24794
24793
24792
24792
24791
24791
24790
24789
24787
24782
24782
24775
24774
24769
24768
24766
24764
24763
24761
24761
24761
24760
24758
24756
24756
24755
24754
24752
24749
24742
24741
24741
24738
24737
24735
24733
24731
24728
24727
24727
24727
24722
24714
24713
24713
24711
24711
24710
24708
24705
24700
24700
24697
24695
24689
24683
24681
24681
24681
24669
24668
24666
24665
24663
24662
24661
24661
24661
24658
24658
24656
24655
24651
24648
24647
24647
24645
24643
24643
24641
24635
24635
24631
24628
24626
24625
24622
24615
24615
24613
24613
24611
24610
24609
24608
24607
24605
24604
24603
24601
24600
24600
24600
24595
24594
24592
24592
24588
24587
24586
24583
24583
24582
24579
24577
24577
24576
24575
24573
24572
24571
24569
24565
24564
24564
24564
24564
24563
24563
24560
24559
24558
24556
24555
24555
24555
24554
24548
24548
24541
24540
24538
24537
24536
24534
24531
24530
24528
24527
24525
24525
24521
24520
24519
24516
24516
24512
24510
24508
24506
24506
24505
24503
24500
24499
24498
24497
24496
24493
24489
24487
24484
24481
24481
24480
24479
24477
24473
24473
24472
24471
24470
24469
24464
24464
24458
24456
24451
24448
24447
24446
24443
24442
24440
24438
24437
24436
24435
24434
24432
24431
24430
24429
24428
24428
24424
24421
24416
24415
24413
24407
24403
24403
24402
24397
24397
24394
24391
24387
24387
24385
24384
24384
24383
24382
24382
24382
24381
24381
24380
24377
24377
24374
24373
24372
24368
24366
24366
24365
24361
24359
24359
24358
24357
24355
24353
24353
24352
24351
24351
24350
24348
24348
24345
24343
24341
24337
24336
24336
24334
24333
24333
24332
24332
24329
24329
24328
24327
24325
24323
24321
24320
24316
24313
24312
24312
24311
24309
24307
24306
24306
24306
24303
24302
24300
24298
24295
24295
24295
24293
24291
24288
24288
24285
24285
24283
24282
24278
24278
24276
24275
24274
24272
24272
24271
24270
24268
24266
24263
24259
24258
24247
24247
24246
24243
24243
24243
24241
24237
24236
24234
24233
24230
24229
24229
24228
24228
24226
24224
24223
24221
24220
24216
24215
24215
24214
24213
24209
24208
24205
24203
24203
24201
24198
24193
24187
24186
24185
24185
24181
24180
24179
24177
24175
24175
24173
24173
24172
24169
24168
24167
24166
24165
24163
24160
24159
24158
24156
24155
24155
24154
24154
24153
24148
24144
24143
24143
24142
24141
24141
24140
24139
24137
24136
24136
24135
24132
24131
24128
24127
24125
24124
24118
24118
24118
24117
24116
24113
24113
24113
24107
24105
24102
24101
24100
24097
24096
24096
24092
24091
24091
24088
24088
24084
24082
24081
24081
24078
24077
24075
24072
24071
24071
24069
24068
24068
24065
24064
24061
24059
24058
24056
24056
24056
24054
24054
24051
24051
24049
24046
24046
24045
24043
24042
24040
24035
24034
24030
24028
24026
24021
24020
24019
24019
24017
24015
24013
24013
24012
24008
24008
24006
24005
24001
24001
24001
24000
23998
23997
23995
23995
23994
23993
23992
23990
23986
23986
23984
23981
23979
23978
23975
23973
23973
23973
23973
23972
23968
23966
23965
23962
23962
23961
23961
23961
23961
23959
23959
23957
23954
23951
23950
23949
23949
23949
23948
23947
23946
23945
23944
23944
23943
23941
23941
23939
23937
23937
23935
23934
23933
23928
23928
23927
23926
23925
23922
23921
23917
23912
23911
23908
23908
23903
23903
23900
23900
23899
23896
23894
23893
23889
23888
23887
23883
23882
23880
23877
23875
23875
23874
23872
23871
23870
23868
23867
23865
23863
23862
23861
23861
23859
23856
23856
23854
23854
23853
23852
23849
23849
23849
23847
23845
23844
23841
23841
23839
23837
23836
23836
23831
23830
23830
23828
23828
23827
23826
23825
23822
23821
23820
23820
23820
23820
23819
23818
23818
23817
23816
23815
23815
23812
23808
23807
23807
23806
23804
23801
23798
23798
23797
23796
23791
23791
23789
23788
23788
23786
23785
23781
23780
23780
23779
23778
23777
23772
23770
23770
23770
23767
23766
23763
23762
23759
23758
23754
23754
23752
23752
23751
23748
23748
23746
23745
23745
23743
23743
23742
23741
23741
23739
23738
23734
23733
23730
23730
23729
23728
23728
23727
23727
23723
23716
23713
23711
23711
23710
23709
23707
23706
23704
23704
23701
23700
23700
23699
23698
23698
23698
23697
23696
23693
23692
23692
23689
23687
23686
23685
23684
23684
23681
23681
23681
23681
23681
23680
23679
23679
23676
23676
23675
23674
23670
23666
23666
23666
23665
23658
23658
23658
23657
23654
23653
23647
23647
23643
23642
23640
23639
23638
23637
23636
23636
23633
23632
23632
23631
23628
23628
23628
23627
23615
23615
23614
23612
23612
23611
23607
23604
23603
23599
23599
23599
23596
23596
23595
23594
23591
23590
23586
23584
23582
23582
23581
23581
23579
23572
23572
23570
23569
23569
23568
23567
23566
23566
23563
23562
23561
23561
23556
23556
23550
23546
23545
23545
23541
23540
23537
23537
23535
23534
23532
23527
23525
23524
23523
23520
23518
23517
23513
23512
23512
23512
23509
23507
23507
23504
23504
23504
23502
23502
23502
23499
23499
23495
23494
23493
23491
23489
23487
23483
23483
23482
23480
23479
23478
23474
23473
23472
23471
23470
23469
23466
23465
23461
23461
23458
23458
23457
23457
23457
23450
23449
23447
23446
23444
23443
23442
23441
23441
23439
23438
23438
23437
23436
23434
23431
23430
23428
23426
23425
23423
23423
23421
23418
23413
23413
23411
23408
23408
23407
23407
23405
23396
23395
23394
23393
23393
23393
23392
23391
23391
23389
23387
23382
23380
23380
23380
23380
23379
23379
23378
23377
23376
23376
23376
23376
23375
23367
23365
23363
23362
23362
23360
23358
23357
23356
23355
23353
23349
23348
23347
23347
23345
23342
23339
23336
23336
23335
23335
23333
23330
23330
23325
23325
23322
23322
23319
23317
23317
23316
23316
23313
23311
23311
23310
23307
23304
23303
23302
23301
23300
23297
23297
23296
23294
23286
23286
23286
23285
23285
23285
23284
23284
23282
23281
23280
23280
23278
23278
23278
23273
23272
23272
23267
23266
23264
23263
23262
23258
23258
23258
23256
23253
23253
23252
23251
23251
23250
23249
23248
23248
23248
23247
23244
23243
23243
23241
23239
23238
23238
23238
23237
23234
23234
23232
23229
23227
23226
23226
23225
23225
23222
23221
23221
23221
23219
23219
23219
23217
23215
23212
23211
23211
23211
23209
23209
23206
23205
23202
23199
23199
23195
23194
23193
23193
23193
23189
23188
23184
23183
23182
23182
23182
23181
23179
23178
23176
23172
23169
23168
23168
23166
23166
23164
23164
23163
23163
23162
23162
23160
23156
23156
23156
23155
23155
23152
23152
23151
23147
23147
23141
23141
23138
23135
23133
23133
23130
23130
23130
23128
23128
23127
23126
23121
23118
23118
23118
23115
23114
23113
23111
23108
23106
23106
23105
23104
23102
23099
23099
23095
23094
23094
23091
23090
23088
23088
23087
23085
23085
23082
23082
23078
23077
23076
23076
23074
23074
23074
23073
23072
23067
23067
23066
23057
23056
23056
23055
23055
23054
23054
23054
23050
23048
23046
23044
23043
23042
23042
23037
23036
23035
23035
23033
23032
23031
23031
23029
23027
23027
23027
23026
23026
23025
23021
23020
23019
23019
23017
23016
23015
23013
23008
23006
23006
23005
23004
23004
23001
23001
23000
22999
22998
22997
22996
22995
22994
22994
22993
22993
22991
22990
22990
22985
22985
22984
22984
22984
22983
22982
22981
22981
22981
22978
22978
22977
22976
22975
22973
22971
22971
22970
22969
22966
22964
22962
22958
22956
22953
22950
22950
22949
22948
22945
22944
22941
22935
22934
22929
22926
22924
22924
22922
22922
22921
22920
22918
22917
22917
22916
22916
22916
22914
22914
22913
22911
22911
22910
22910
22909
22909
22906
22906
22905
22904
22902
22901
22898
22895
22895
22892
22892
22890
22890
22890
22888
22887
22886
22884
22884
22883
22882
22882
22881
22881
22880
22878
22876
22872
22872
22872
22869
22867
22866
22861
22859
22857
22857
22857
22855
22853
22852
22852
22852
22849
22849
22847
22845
22841
22839
22838
22834
22831
22830
22830
22829
22828
22827
22826
22826
22821
22821
22820
22819
22817
22813
22812
22812
22810
22809
22800
22800
22799
22798
22796
22796
22795
22793
22791
22789
22786
22784
22781
22780
22779
22777
22776
22776
22774
22773
22772
22767
22767
22767
22766
22765
22764
22764
22760
22760
22759
22758
22757
22748
22748
22748
22747
22747
22744
22743
22742
22740
22739
22738
22733
22733
22729
22728
22725
22725
22724
22724
22723
22723
22720
22720
22719
22717
22715
22714
22707
22706
22706
22705
22703
22702
22698
22698
22698
22696
22696
22695
22695
22693
22689
22688
22687
22687
22684
22681
22679
22679
22674
22674
22673
22673
22672
22671
22670
22667
22667
22665
22664
22664
22663
22661
22661
22661
22657
22655
22655
22655
22651
22651
22651
22651
22651
22648
22648
22641
22640
22639
22637
22635
22633
22633
22633
22631
22630
22630
22629
22627
22626
22625
22625
22623
22623
22622
22622
22614
22612
22612
22611
22611
22611
22609
22608
22606
22602
22601
22592
22592
22591
22590
22590
22586
22584
22584
22584
22579
22578
22575
22574
22572
22568
22567
22565
22563
22563
22561
22560
22560
22560
22558
22557
22556
22554
22553
22552
22550
22548
22546
22545
22545
22544
22543
22541
22541
22540
22539
22537
22534
22533
22533
22532
22531
22529
22526
22525
22523
22522
22518
22518
22517
22510
22510
22510
22509
22506
22503
22500
22496
22496
22496
22495
22495
22494
22493
22490
22490
22489
22489
22487
22487
22487
22486
22486
22486
22484
22484
22481
22478
22475
22475
22475
22475
22475
22474
22473
22473
22470
22470
22467
22467
22464
22464
22457
22457
22457
22456
22455
22455
22453
22452
22450
22449
22449
22449
22448
22447
22446
22443
22440
22440
22438
22437
22437
22436
22436
22434
22434
22431
22429
22429
22423
22422
22419
22417
22417
22416
22415
22413
22412
22411
22410
22410
22409
22409
22409
22408
22408
22408
22405
22398
22392
22392
22392
22391
22389
22388
22386
22385
22384
22382
22382
22381
22380
22379
22378
22377
22376
22374
22372
22368
22367
22365
22365
22364
22364
22364
22364
22363
22363
22358
22358
22354
22354
22352
22350
22349
22349
22348
22347
22346
22345
22344
22344
22343
22341
22339
22336
22336
22334
22330
22323
22319
22317
22316
22315
22315
22307
22305
22304
22294
22292
22288
22284
22281
22278
22277
22276
22276
22274
22271
22270
22268
22266
22263
22262
22261
22260
22259
22257
22257
22254
22252
22247
22246
22244
22244
22242
22241
22241
22240
22235
22235
22234
22232
22231
22231
22231
22230
22221
22218
22218
22218
22215
22211
22211
22207
22204
22203
22193
22190
22190
22187
22184
22182
22180
22178
22178
22176
22175
22174
22172
22172
22168
22168
22168
22168
22167
22167
22167
22164
22164
22163
22162
22162
22160
22160
22160
22160
22155
22154
22153
22149
22148
22147
22146
22145
22143
22143
22142
22142
22140
22136
22134
22132
22128
22127
22127
22127
22126
22124
22119
22117
22112
22109
22109
22107
22103
22101
22096
22094
22093
22093
22089
22088
22087
22086
22085
22084
22083
22082
22079
22078
22075
22074
22073
22071
22071
22067
22064
22063
22063
22063
22063
22062
22062
22055
22047
22046
22044
22042
22042
22040
22039
22034
22031
22030
22030
22028
22027
22024
22023
22022
22021
22020
22018
22012
22010
22010
22009
22009
22005
22002
22002
22000
21999
21996
21994
21992
21992
21990
21987
21987
21986
21969
21968
21967
21967
21965
21965
21964
21963
21963
21963
21960
21960
21952
21950
21950
21949
21948
21944
21940
21940
21939
21937
21936
21933
21931
21930
21928
21927
21927
21926
21924
21922
21922
21918
21918
21917
21914
21913
21912
21911
21910
21910
21908
21908
21904
21902
21901
21899
21898
21894
21890
21888
21887
21886
21884
21878
21876
21875
21874
21872
21871
21871
21870
21869
21868
21868
21868
21867
21860
21859
21858
21857
21852
21852
21851
21851
21851
21847
21843
21843
21839
21839
21839
21838
21836
21834
21834
21830
21825
21825
21823
21821
21821
21819
21818
21814
21814
21813
21811
21804
21803
21803
21801
21801
21798
21792
21785
21782
21782
21779
21778
21764
21760
21755
21752
21751
21749
21749
21747
21742
21741
21740
21738
21738
21732
21728
21727
21726
21725
21725
21724
21722
21720
21720
21718
21717
21716
21713
21712
21712
21707
21707
21707
21706
21703
21702
21701
21697
21697
21692
21688
21681
21681
21679
21679
21679
21678
21678
21677
21677
21673
21670
21667
21667
21666
21666
21660
21658
21655
21655
21655
21655
21654
21651
21648
21645
21644
21640
21640
21638
21634
21633
21631
21631
21629
21626
21625
21624
21622
21621
21617
21616
21616
21615
21612
21611
21611
21611
21609
21609
21606
21605
21603
21600
21598
21596
21595
21595
21588
21587
21585
21583
21581
21580
21579
21576
21572
21570
21569
21568
21565
21565
21564
21563
21563
21557
21557
21555
21552
21552
21550
21549
21547
21546
21545
21544
21537
21535
21532
21531
21529
21529
21524
21523
21518
21517
21516
21515
21513
21511
21510
21506
21505
21503
21503
21502
21498
21497
21495
21494
21493
21486
21484
21484
21479
21477
21477
21477
21477
21476
21473
21471
21471
21468
21467
21466
21464
21464
21462
21462
21458
21458
21457
21455
21454
21453
21449
21448
21446
21446
21446
21440
21439
21438
21438
21437
21434
21432
21430
21429
21428
21426
21426
21425
21422
21418
21416
21415
21415
21413
21410
21409
21409
21409
21402
21402
21400
21395
21395
21395
21392
21391
21391
21387
21386
21385
21375
21373
21373
21373
21371
21370
21366
21363
21362
21361
21361
21359
21354
21351
21346
21345
21344
21343
21343
21341
21340
21335
21334
21328
21328
21328
21327
21326
21323
21322
21322
21321
21320
21318
21316
21315
21313
21312
21311
21311
21310
21307
21307
21306
21304
21302
21299
21297
21297
21294
21293
21292
21292
21292
21289
21289
21289
21288
21287
21286
21285
21285
21281
21280
21279
21279
21278
21274
21274
21271
21269
21269
21268
21266
21266
21255
21255
21253
21253
21251
21251
21250
21246
21245
21244
21243
21241
21241
21239
21234
21232
21227
21224
21224
21219
21217
21217
21216
21215
21212
21209
21208
21207
21207
21206
21206
21205
21205
21201
21200
21197
21196
21195
21195
21194
21194
21193
21190
21189
21185
21184
21184
21183
21182
21182
21180
21171
21168
21168
21167
21167
21166
21163
21162
21162
21156
21156
21155
21150
21148
21147
21147
21147
21143
21142
21141
21138
21135
21133
21132
21130
21128
21128
21128
21126
21126
21126
21123
21120
21117
21114
21112
21111
21111
21107
21107
21107
21106
21105
21101
21096
21095
21093
21087
21086
21085
21082
21081
21081
21080
21078
21077
21076
21075
21074
21074
21073
21071
21069
21067
21066
21065
21061
21058
21056
21056
21055
21054
21053
21052
21052
21051
21048
21047
21043
21040
21040
21037
21037
21035
21030
21028
21028
21027
21023
21021
21020
21019
21017
21013
21012
21012
21006
21003
21003
21002
21000
20999
20999
20997
20993
20992
20990
20990
20986
20986
20985
20984
20983
20982
20982
20980
20979
20978
20976
20976
20975
20973
20972
20972
20970
20968
20967
20963
20963
20958
20956
20955
20954
20953
20953
20949
20946
20943
20942
20941
20941
20940
20939
20936
20936
20932
20931
20930
20929
20927
20926
20921
20920
20920
20916
20914
20913
20912
20910
20909
20907
20907
20906
20905
20902
20902
20902
20900
20899
20898
20896
20895
20894
20893
20893
20890
20889
20887
20884
20878
20876
20874
20871
20869
20867
20866
20862
20861
20861
20857
20857
20857
20856
20853
20853
20852
20851
20847
20845
20844
20844
20837
20836
20833
20831
20830
20828
20828
20827
20822
20817
20817
20816
20813
20812
20811
20809
20807
20806
20806
20806
20805
20801
20800
20800
20797
20795
20795
20794
20793
20793
20791
20791
20790
20789
20789
20788
20787
20781
20778
20774
20774
20773
20770
20767
20765
20760
20759
20759
20756
20754
20753
20752
20747
20747
20747
20747
20746
20745
20744
20742
20741
20735
20735
20730
20728
20721
20721
20718
20718
20716
20715
20714
20714
20706
20704
20702
20698
20698
20696
20696
20692
20692
20692
20691
20690
20688
20687
20685
20684
20679
20677
20676
20675
20672
20668
20667
20666
20662
20662
20662
20662
20660
20660
20659
20658
20658
20649
20648
20648
20647
20644
20642
20639
20638
20636
20632
20632
20628
20621
20621
20618
20613
20613
20610
20610
20609
20607
20604
20601
20601
20600
20599
20594
20593
20590
20588
20587
20586
20585
20584
20581
20581
20579
20576
20573
20564
20563
20560
20559
20556
20554
20552
20551
20549
20549
20542
20541
20540
20539
20539
20538
20537
20536
20534
20533
20533
20533
20531
20530
20529
20524
20524
20524
20522
20521
20519
20519
20518
20518
20516
20516
20511
20505
20505
20504
20501
20500
20498
20497
20497
20494
20492
20491
20489
20488
20487
20487
20483
20483
20481
20480
20478
20478
20473
20472
20470
20470
20470
20469
20469
20462
20455
20453
20452
20451
20450
20448
20447
20446
20446
20445
20445
20445
20441
20441
20441
20440
20438
20434
20434
20434
20434
20433
20433
20432
20431
20429
20428
20426
20422
20420
20418
20417
20416
20416
20416
20413
20411
20409
20408
20408
20407
20404
20400
20398
20390
20389
20388
20387
20384
20383
20382
20379
20377
20377
20376
20376
20373
20371
20369
20368
20365
20362
20352
20352
20350
20346
20346
20344
20342
20338
20335
20334
20331
20330
20328
20325
20324
20321
20320
20319
20316
20316
20312
20311
20311
20310
20309
20308
20308
20307
20305
20302
20301
20298
20297
20294
20293
20292
20290
20290
20289
20276
20276
20276
20276
20275
20275
20274
20273
20273
20269
20264
20263
20260
20260
20259
20258
20257
20256
20254
20252
20252
20248
20248
20245
20244
20243
20242
20241
20239
20236
20235
20235
20234
20230
20227
20227
20227
20227
20226
20225
20224
20222
20221
20219
20218
20216
20215
20214
20211
20208
20206
20204
20202
20200
20200
20197
20195
20193
20193
20191
20189
20187
20187
20184
20183
20181
20178
20177
20177
20176
20175
20172
20171
20170
20170
20169
20165
20164
20163
20160
20159
20158
20158
20155
20155
20154
20153
20149
20149
20148
20148
20148
20147
20146
20146
20145
20142
20139
20139
20138
20138
20136
20136
20135
20135
20133
20127
20124
20123
20120
20118
20118
20117
20113
20110
20110
20106
20105
20101
20098
20098
20096
20093
20092
20092
20091
20090
20089
20087
20085
20083
20083
20083
20081
20080
20080
20078
20075
20074
20074
20068
20065
20063
20063
20063
20062
20060
20059
20059
20056
20055
20055
20054
20054
20051
20049
20048
20045
20044
20041
20040
20038
20038
20037
20035
20033
20033
20030
20029
20028
20027
20027
20026
20024
20020
20019
20016
20016
20015
20012
20012
20007
20004
20002
20002
19996
19995
19995
19993
19989
19988
19985
19985
19985
19981
19981
19980
19977
19977
19976
19973
19972
19971
19968
19968
19966
19966
19964
19964
19963
19962
19955
19955
19955
19953
19953
19950
19950
19949
19949
19947
19946
19944
19944
19941
19941
19939
19937
19936
19934
19933
19933
19932
19931
19930
19929
19928
19927
19927
19925
19922
19921
19920
19918
19917
19916
19915
19914
19909
19908
19904
19904
19902
19898
19898
19893
19892
19892
19891
19891
19890
19889
19889
19888
19888
19886
19884
19883
19881
19880
19880
19877
19877
19877
19875
19873
19870
19869
19868
19868
19867
19865
19862
19862
19861
19860
19860
19858
19857
19857
19857
19854
19854
19854
19854
19854
19852
19852
19851
19849
19839
19839
19832
19831
19830
19830
19826
19825
19824
19824
19821
19821
19820
19818
19817
19816
19810
19810
19810
19810
19808
19807
19804
19804
19803
19801
19800
19796
19796
19794
19792
19790
19788
19788
19787
19786
19784
19780
19780
19779
19779
19778
19778
19778
19774
19771
19769
19769
19768
19768
19767
19766
19763
19763
19761
19759
19759
19758
19758
19756
19754
19753
19753
19752
19750
19748
19746
19745
19744
19743
19741
19737
19737
19734
19732
19731
19731
19728
19725
19724
19722
19716
19713
19711
19710
19710
19709
19709
19708
19708
19708
19704
19702
19702
19699
19696
19694
19694
19693
19689
19689
19687
19686
19686
19684
19684
19683
19682
19681
19679
19676
19676
19673
19670
19669
19666
19666
19665
19663
19659
19657
19653
19653
19652
19651
19648
19646
19643
19641
19637
19636
19633
19633
19633
19632
19630
19629
19626
19626
19626
19622
19617
19615
19612
19609
19606
19606
19604
19604
19602
19601
19601
19601
19600
19595
19594
19594
19591
19591
19588
19587
19586
19586
19583
19583
19583
19579
19577
19575
19573
19568
19564
19563
19563
19563
19558
19555
19555
19554
19553
19552
19550
19549
19549
19548
19548
19543
19543
19540
19538
19538
19537
19535
19535
19534
19532
19531
19528
19528
19527
19526
19526
19525
19525
19523
19522
19522
19521
19520
19519
19518
19516
19515
19509
19508
19508
19507
19506
19506
19504
19502
19498
19494
19493
19490
19489
19489
19488
19484
19482
19482
19480
19479
19478
19477
19476
19474
19473
19472
19465
19465
19460
19460
19458
19457
19453
19452
19450
19448
19446
19445
19444
19444
19439
19438
19437
19436
19434
19433
19432
19431
19430
19430
19427
19426
19426
19426
19421
19420
19420
19419
19419
19418
19417
19415
19414
19408
19408
19405
19405
19405
19404
19403
19403
19403
19400
19399
19399
19398
19397
19397
19395
19395
19394
19394
19392
19390
19388
19388
19388
19385
19383
19383
19381
19377
19377
19376
19374
19373
19373
19373
19371
19370
19366
19365
19362
19359
19359
19358
19356
19355
19353
19353
19351
19351
19348
19348
19348
19348
19340
19339
19337
19335
19331
19331
19330
19329
19329
19324
19321
19321
19321
19319
19317
19316
19313
19306
19306
19305
19303
19302
19300
19300
19300
19299
19299
19299
19299
19289
19288
19283
19283
19281
19277
19274
19273
19271
19270
19269
19269
19269
19264
19260
19258
19252
19251
19251
19251
19250
19248
19247
19239
19238
19237
19236
19236
19233
19232
19232
19228
19227
19226
19226
19224
19223
19222
19222
19221
19216
19215
19215
19213
19212
19212
19212
19209
19209
19209
19206
19206
19204
19203
19200
19200
19199
19197
19194
19193
19190
19190
19190
19187
19187
19185
19181
19181
19178
19176
19172
19171
19171
19170
19169
19166
19165
19164
19160
19158
19158
19150
19150
19148
19146
19143
19141
19138
19137
19136
19136
19134
19133
19133
19132
19132
19130
19128
19127
19126
19125
19123
19121
19120
19117
19117
19115
19115
19111
19110
19105
19104
19102
19101
19100
19092
19092
19090
19089
19088
19086
19086
19084
19081
19076
19076
19076
19074
19073
19072
19069
19068
19068
19067
19066
19062
19061
19061
19057
19054
19053
19051
19049
19049
19048
19048
19046
19045
19041
19039
19039
19037
19037
19036
19032
19029
19027
19027
19020
19015
19011
19009
19009
19008
19008
19005
19003
19001
18999
18999
18996
18996
18994
18994
18992
18992
18991
18991
18987
18986
18986
18985
18984
18978
18976
18975
18971
18971
18968
18967
18967
18966
18965
18965
18965
18961
18961
18959
18959
18958
18957
18953
18950
18950
18949
18949
18948
18948
18946
18944
18943
18943
18940
18939
18936
18935
18934
18930
18927
18925
18923
18922
18922
18921
18914
18914
18910
18908
18907
18905
18905
18902
18901
18899
18898
18897
18897
18897
18895
18893
18891
18891
18891
18889
18889
18888
18885
18883
18882
18874
18873
18871
18864
18864
18863
18861
18860
18858
18854
18850
18850
18845
18842
18840
18839
18838
18837
18836
18834
18833
18833
18833
18832
18827
18826
18826
18825
18825
18818
18817
18815
18815
18810
18809
18808
18807
18806
18804
18804
18803
18802
18802
18800
18799
18795
18791
18789
18789
18787
18786
18784
18784
18781
18781
18780
18777
18776
18775
18775
18773
18773
18768
18768
18768
18767
18766
18765
18764
18762
18761
18761
18761
18760
18757
18757
18756
18756
18753
18752
18750
18747
18744
18743
18743
18742
18738
18735
18733
18732
18729
18727
18726
18724
18724
18723
18723
18721
18718
18717
18716
18715
18712
18711
18709
18709
18708
18703
18703
18701
18700
18697
18696
18694
18693
18692
18692
18691
18691
18686
18685
18680
18679
18677
18675
18674
18672
18672
18670
18666
18666
18665
18664
18661
18660
18660
18660
18659
18658
18657
18655
18649
18646
18641
18639
18637
18637
18637
18635
18635
18634
18632
18632
18631
18627
18627
18622
18621
18620
18620
18617
18617
18616
18612
18611
18610
18608
18608
18606
18606
18606
18605
18605
18604
18603
18601
18601
18599
18594
18594
18594
18591
18591
18590
18589
18588
18588
18586
18586
18586
18585
18585
18584
18582
18582
18580
18580
18578
18566
18566
18564
18564
18564
18560
18558
18558
18556
18549
18549
18548
18548
18547
18547
18547
18547
18544
18543
18542
18542
18540
18537
18537
18534
18532
18529
18528
18527
18526
18525
18524
18524
18524
18518
18517
18515
18513
18509
18505
18504
18502
18498
18498
18496
18496
18494
18493
18492
18491
18490
18489
18483
18482
18480
18478
18478
18478
18474
18470
18469
18468
18467
18463
18461
18459
18459
18456
18455
18454
18453
18451
18448
18447
18447
18443
18443
18443
18441
18436
18432
18429
18429
18428
18428
18428
18426
18425
18425
18424
18424
18422
18421
18419
18414
18414
18413
18404
18402
18402
18402
18398
18397
18396
18395
18393
18391
18385
18379
18379
18378
18377
18374
18373
18371
18370
18370
18367
18361
18359
18359
18354
18353
18350
18350
18348
18348
18345
18344
18343
18341
18337
18337
18335
18334
18333
18331
18327
18327
18323
18321
18320
18320
18317
18314
18313
18312
18311
18310
18310
18309
18309
18305
18304
18302
18301
18301
18300
18300
18299
18298
18295
18293
18292
18291
18290
18290
18285
18285
18284
18284
18280
18280
18278
18277
18276
18275
18274
18271
18270
18269
18267
18267
18267
18264
18264
18264
18263
18263
18262
18261
18261
18260
18258
18257
18257
18256
18253
18252
18252
18251
18250
18249
18246
18246
18243
18237
18235
18235
18234
18230
18229
18228
18227
18225
18225
18225
18224
18224
18224
18223
18223
18222
18220
18219
18219
18218
18217
18215
18215
18215
18212
18211
18210
18210
18209
18208
18205
18202
18199
18198
18197
18197
18196
18196
18196
18196
18186
18185
18183
18180
18178
18177
18175
18175
18175
18173
18173
18171
18170
18170
18169
18169
18168
18168
18168
18167
18167
18165
18164
18164
18163
18161
18160
18159
18156
18155
18152
18152
18151
18150
18147
18146
18145
18145
18140
18135
18128
18128
18123
18120
18118
18117
18109
18108
18101
18099
18099
18095
18095
18089
18086
18084
18083
18082
18081
18081
18080
18076
18076
18076
18072
18071
18064
18062
18058
18058
18052
18048
18047
18046
18045
18044
18043
18042
18038
18037
18035
18032
18031
18027
18025
18023
18023
18021
18020
18018
18018
18017
18016
18014
18013
18010
18009
18004
18001
18001
17996
17992
17990
17988
17988
17987
17987
17984
17984
17983
17977
17977
17974
17973
17973
17973
17971
17969
17965
17960
17958
17953
17952
17952
17951
17949
17949
17948
17946
17945
17942
17941
17941
17935
17934
17934
17931
17931
17929
17927
17925
17924
17924
17921
17918
17916
17914
17909
17904
17904
17904
17902
17901
17899
17898
17898
17891
17889
17887
17887
17886
17885
17883
17881
17880
17879
17875
17875
17874
17873
17872
17871
17869
17869
17868
17867
17866
17864
17863
17859
17854
17853
17852
17850
17848
17848
17848
17846
17845
17843
17840
17839
17838
17831
17830
17830
17829
17827
17826
17826
17824
17823
17821
17820
17818
17818
17817
17811
17811
17806
17799
17798
17797
17793
17792
17790
17789
17788
17786
17785
17784
17783
17782
17777
17774
17773
17772
17771
17770
17769
17767
17758
17753
17753
17752
17752
17749
17749
17746
17744
17743
17740
17739
17738
17738
17734
17733
17732
17731
17731
17731
17730
17726
17724
17724
17720
17720
17718
17715
17715
17709
17709
17707
17705
17704
17702
17702
17699
17698
17694
17692
17692
17691
17686
17686
17682
17681
17680
17680
17680
17674
17673
17669
17669
17668
17667
17667
17665
17665
17665
17664
17664
17662
17662
17662
17661
17660
17660
17660
17656
17655
17654
17652
17643
17641
17640
17640
17639
17639
17638
17636
17632
17632
17631
17627
17617
17616
17615
17615
17615
17614
17611
17610
17609
17609
17608
17608
17607
17606
17605
17604
17603
17602
17597
17596
17595
17593
17593
17592
17590
17589
17588
17587
17585
17584
17583
17582
17580
17577
17574
17574
17573
17573
17571
17570
17567
17564
17564
17563
17559
17558
17558
17557
17556
17553
17552
17549
17546
17544
17542
17542
17542
17541
17540
17540
17539
17537
17536
17535
17535
17534
17534
17533
17532
17531
17528
17528
17523
17520
17519
17519
17518
17516
17515
17514
17512
17510
17509
17509
17506
17504
17503
17502
17501
17498
17496
17495
17494
17493
17492
17492
17490
17488
17488
17488
17486
17483
17483
17482
17482
17481
17480
17480
17478
17476
17473
17471
17468
17467
17466
17460
17460
17457
17456
17456
17455
17452
17452
17452
17451
17450
17448
17448
17447
17446
17445
17445
17442
17438
17437
17436
17435
17430
17429
17427
17426
17424
17423
17423
17417
17415
17411
17410
17409
17408
17407
17407
17403
17403
17402
17396
17395
17394
17392
17392
17391
17390
17387
17386
17386
17386
17384
17382
17382
17379
17377
17375
17374
17374
17373
17372
17371
17370
17368
17367
17367
17364
17363
17362
17360
17357
17357
17355
17353
17352
17350
17348
17345
17344
17343
17342
17342
17339
17338
17334
17326
17325
17324
17323
17322
17322
17320
17320
17320
17319
17319
17317
17316
17311
17310
17310
17310
17309
17305
17304
17303
17303
17302
17301
17299
17296
17296
17296
17296
17291
17284
17283
17282
17282
17279
17276
17275
17275
17275
17274
17274
17269
17269
17260
17259
17259
17252
17252
17251
17250
17248
17248
17247
17246
17235
17235
17235
17234
17232
17231
17227
17227
17227
17226
17226
17224
17223
17210
17209
17208
17205
17204
17202
17199
17199
17199
17198
17197
17196
17193
17192
17191
17190
17187
17186
17184
17183
17182
17179
17179
17176
17174
17173
17172
17169
17167
17167
17164
17162
17161
17160
17158
17158
17157
17152
17149
17149
17148
17141
17137
17135
17132
17132
17132
17131
17130
17129
17124
17119
17118
17117
17114
17114
17113
17113
17112
17111
17111
17108
17107
17106
17103
17100
17099
17097
17097
17096
17095
17095
17093
17088
17088
17085
17083
17080
17079
17078
17076
17075
17070
17070
17068
17067
17064
17061
17056
17053
17051
17051
17047
17046
17046
17044
17041
17035
17034
17032
17031
17031
17030
17029
17024
17024
17024
17020
17016
17015
17014
17008
17006
17004
17004
17003
17000
17000
16998
16997
16995
16995
16993
16992
16991
16991
16990
16990
16986
16986
16985
16984
16982
16981
16980
16980
16975
16974
16974
16973
16971
16970
16969
16969
16969
16968
16965
16963
16962
16962
16960
16958
16952
16948
16948
16948
16946
16944
16942
16936
16936
16935
16932
16931
16931
16930
16930
16928
16928
16927
16925
16925
16925
16924
16923
16922
16920
16920
16919
16919
16919
16918
16916
16911
16908
16907
16906
16902
16901
16897
16897
16896
16895
16894
16893
16892
16891
16889
16889
16887
16886
16885
16885
16885
16882
16881
16880
16880
16880
16879
16878
16878
16877
16873
16872
16872
16871
16870
16869
16869
16868
16867
16866
16864
16862
16861
16860
16860
16857
16852
16845
16844
16841
16837
16837
16836
16836
16828
16827
16827
16826
16826
16824
16823
16822
16818
16818
16818
16817
16817
16816
16815
16814
16813
16813
16808
16807
16805
16805
16804
16803
16802
16800
16794
16791
16789
16787
16785
16783
16782
16781
16781
16781
16781
16779
16778
16775
16774
16773
16770
16769
16769
16768
16768
16766
16766
16765
16765
16765
16764
16763
16763
16762
16760
16759
16759
16759
16758
16756
16754
16753
16752
16749
16746
16744
16744
16744
16742
16740
16740
16739
16739
16737
16737
16736
16736
16733
16732
16732
16732
16725
16724
16719
16717
16715
16710
16707
16707
16706
16706
16706
16704
16704
16701
16700
16699
16698
16697
16697
16694
16694
16692
16689
16688
16687
16687
16684
16684
16683
16682
16682
16675
16675
16674
16672
16667
16665
16665
16664
16663
16662
16661
16661
16661
16660
16659
16659
16657
16655
16651
16650
16648
16642
16636
16632
16631
16630
16629
16626
16625
16625
16621
16621
16620
16619
16619
16613
16609
16609
16606
16606
16602
16600
16597
16594
16593
16593
16592
16590
16587
16584
16584
16583
16583
16583
16583
16583
16583
16581
16580
16580
16575
16574
16574
16573
16572
16572
16569
16569
16568
16568
16568
16566
16562
16557
16555
16555
16553
16552
16552
16549
16549
16548
16541
16540
16538
16537
16535
16534
16533
16533
16532
16530
16530
16529
16528
16524
16524
16522
16514
16514
16512
16509
16508
16506
16504
16503
16500
16498
16498
16494
16493
16492
16491
16491
16489
16487
16484
16482
16480
16479
16470
16469
16467
16458
16458
16455
16454
16453
16449
16445
16445
16444
16444
16441
16439
16438
16437
16436
16435
16431
16430
16430
16430
16427
16426
16425
16424
16422
16422
16419
16418
16414
16414
16413
16411
16409
16408
16407
16406
16405
16405
16405
16404
16400
16400
16399
16398
16395
16395
16392
16390
16389
16386
16386
16385
16380
16379
16379
16374
16372
16369
16369
16368
16367
16363
16362
16361
16359
16358
16357
16354
16353
16349
16348
16348
16347
16347
16346
16345
16345
16344
16342
16342
16340
16338
16335
16334
16334
16328
16327
16326
16325
16320
16316
16315
16315
16314
16311
16306
16306
16306
16302
16300
16300
16300
16298
16296
16290
16290
16289
16289
16286
16284
16284
16284
16283
16282
16276
16273
16271
16270
16268
16267
16263
16262
16262
16261
16261
16261
16258
16258
16257
16256
16256
16256
16255
16255
16255
16254
16253
16252
16251
16251
16247
16243
16239
16239
16239
16238
16238
16228
16226
16225
16220
16219
16219
16218
16217
16213
16211
16207
16207
16205
16205
16205
16198
16197
16197
16192
16192
16189
16189
16188
16188
16186
16184
16184
16180
16180
16179
16174
16173
16172
16168
16167
16165
16160
16160
16159
16159
16157
16155
16151
16150
16146
16145
16145
16144
16142
16140
16140
16139
16139
16135
16135
16134
16132
16131
16130
16128
16126
16123
16123
16123
16122
16122
16122
16118
16118
16117
16116
16115
16114
16113
16112
16109
16106
16106
16104
16102
16101
16099
16099
16097
16096
16095
16094
16090
16089
16089
16087
16086
16082
16081
16080
16069
16069
16067
16062
16062
16061
16056
16055
16052
16052
16051
16051
16051
16050
16050
16048
16044
16043
16043
16039
16037
16033
16031
16030
16029
16029
16026
16025
16025
16023
16023
16022
16015
16013
16010
16010
16007
16004
16002
16001
16000
15999
15996
15995
15995
15992
15992
15988
15985
15984
15983
15983
15983
15978
15977
15975
15972
15972
15970
15967
15960
15959
15952
15947
15947
15946
15943
15942
15941
15933
15933
15931
15930
15928
15923
15923
15922
15922
15921
15921
15918
15918
15917
15917
15916
15915
15913
15912
15911
15909
15906
15905
15903
15903
15903
15902
15902
15901
15901
15901
15897
15897
15894
15893
15892
15892
15890
15886
15885
15881
15880
15878
15877
15875
15875
15874
15865
15863
15861
15860
15860
15859
15858
15857
15855
15855
15854
15853
15851
15851
15851
15850
15848
15846
15845
15843
15842
15841
15839
15839
15837
15837
15837
15836
15836
15834
15833
15833
15830
15828
15827
15826
15824
15823
15821
15819
15817
15815
15814
15808
15808
15804
15799
15797
15795
15794
15794
15787
15782
15779
15779
15779
15777
15773
15771
15769
15763
15762
15761
15759
15758
15757
15754
15751
15749
15748
15739
15733
15733
15732
15731
15730
15730
15725
15724
15721
15719
15718
15718
15717
15715
15703
15700
15700
15699
15699
15699
15697
15697
15696
15696
15694
15694
15693
15692
15691
15687
15686
15685
15685
15683
15681
15680
15679
15677
15676
15674
15671
15670
15669
15667
15666
15664
15663
15662
15661
15660
15659
15657
15657
15655
15653
15650
15648
15646
15643
15641
15639
15638
15638
15635
15633
15632
15630
15630
15628
15621
15619
15617
15615
15609
15607
15607
15595
15593
15593
15593
15592
15589
15589
15584
15583
15579
15578
15578
15577
15577
15577
15577
15576
15576
15571
15570
15569
15567
15567
15566
15565
15563
15556
15555
15553
15550
15549
15547
15546
15543
15539
15537
15536
15534
15534
15531
15527
15527
15522
15521
15521
15517
15517
15513
15510
15510
15508
15507
15507
15504
15502
15502
15502
15501
15501
15497
15497
15496
15495
15494
15494
15491
15490
15490
15489
15489
15485
15481
15481
15480
15479
15472
15470
15470
15470
15469
15468
15465
15463
15460
15459
15456
15456
15456
15455
15454
15454
15454
15454
15453
15453
15452
15450
15446
15444
15444
15438
15436
15435
15435
15434
15432
15432
15430
15430
15430
15427
15427
15426
15426
15425
15425
15425
15423
15422
15422
15421
15420
15420
15415
15412
15410
15409
15409
15408
15407
15403
15401
15401
15399
15399
15392
15386
15386
15386
15385
15385
15385
15384
15384
15383
15379
15379
15377
15376
15374
15372
15372
15371
15368
15365
15363
15362
15359
15359
15359
15358
15355
15355
15355
15353
15350
15349
15347
15342
15340
15339
15337
15336
15335
15335
15327
15326
15321
15319
15319
15319
15317
15314
15309
15307
15302
15301
15301
15298
15298
15298
15296
15293
15290
15289
15287
15286
15285
15284
15284
15280
15280
15275
15274
15271
15270
15268
15267
15267
15264
15261
15258
15255
15249
15247
15246
15246
15244
15244
15243
15242
15237
15234
15231
15230
15230
15224
15223
15222
15221
15219
15218
15216
15214
15213
15211
15209
15207
15206
15203
15202
15202
15202
15200
15200
15200
15199
15198
15196
15188
15188
15182
15180
15179
15178
15178
15177
15176
15172
15170
15170
15169
15167
15157
15155
15155
15154
15151
15151
15150
15149
15148
15142
15142
15140
15138
15135
15135
15133
15132
15128
15128
15126
15126
15125
15125
15124
15123
15121
15120
15118
15116
15114
15114
15111
15109
15105
15102
15102
15095
15095
15089
15089
15086
15086
15085
15082
15077
15077
15075
15075
15073
15073
15072
15070
15070
15069
15069
15069
15060
15060
15058
15057
15056
15055
15053
15051
15046
15046
15040
15040
15038
15033
15030
15029
15026
15024
15022
15019
15017
15016
15015
15014
15013
15013
15011
15011
15009
15008
15007
15007
15006
15005
15005
15002
15000
14994
14991
14991
14987
14983
14982
14979
14978
14976
14973
14973
14972
14968
14964
14964
14960
14957
14956
14955
14951
14950
14950
14950
14949
14949
14949
14948
14948
14948
14948
14947
14945
14945
14943
14943
14941
14940
14940
14938
14938
14937
14935
14935
14935
14933
14931
14930
14928
14928
14927
14926
14926
14923
14921
14918
14917
14915
14913
14910
14910
14910
14909
14906
14903
14903
14902
14902
14899
14899
14898
14896
14889
14888
14888
14886
14883
14881
14881
14878
14876
14873
14872
14872
14869
14869
14868
14867
14865
14863
14861
14861
14859
14855
14850
14847
14846
14845
14843
14842
14840
14837
14836
14836
14835
14834
14831
14829
14825
14821
14817
14816
14812
14812
14812
14809
14808
14807
14807
14804
14802
14801
14798
14796
14796
14796
14796
14792
14791
14791
14790
14790
14789
14789
14787
14786
14786
14786
14783
14782
14777
14776
14774
14770
14766
14766
14765
14764
14761
14760
14759
14757
14756
14753
14752
14750
14747
14745
14738
14737
14737
14736
14733
14733
14732
14728
14726
14723
14722
14719
14717
14714
14713
14711
14710
14710
14709
14709
14709
14706
14705
14704
14702
14702
14701
14701
14700
14697
14691
14689
14688
14684
14684
14683
14679
14678
14678
14676
14675
14674
14674
14674
14670
14670
14668
14668
14667
14667
14666
14666
14665
14663
14662
14661
14659
14658
14656
14653
14652
14652
14650
14648
14646
14645
14643
14641
14641
14640
14640
14637
14635
14634
14634
14634
14633
14632
14630
14627
14623
14623
14622
14622
14622
14621
14618
14618
14616
14611
14607
14605
14600
14599
14597
14595
14594
14592
14592
14590
14588
14586
14586
14583
14582
14582
14581
14579
14574
14569
14567
14567
14564
14561
14551
14551
14548
14548
14547
14547
14542
14541
14539
14535
14533
14530
14530
14528
14528
14528
14527
14526
14524
14521
14520
14518
14517
14517
14514
14513
14513
14510
14510
14509
14505
14501
14501
14499
14496
14495
14495
14494
14494
14492
14492
14491
14489
14488
14486
14483
14481
14480
14480
14478
14477
14476
14476
14475
14474
14474
14472
14468
14462
14461
14457
14456
14454
14454
14451
14451
14447
14445
14445
14442
14441
14440
14438
14438
14438
14436
14434
14428
14426
14423
14420
14419
14416
14413
14413
14411
14411
14410
14409
14408
14403
14403
14402
14400
14399
14399
14398
14398
14396
14393
14391
14388
14386
14385
14384
14379
14378
14377
14377
14376
14376
14375
14375
14374
14374
14373
14367
14365
14364
14363
14353
14350
14346
14345
14344
14342
14340
14338
14337
14336
14335
14333
14333
14332
14331
14325
14318
14304
14303
14302
14301
14300
14297
14296
14295
14293
14291
14289
14287
14287
14286
14281
14281
14280
14274
14272
14268
14268
14268
14268
14267
14266
14262
14259
14258
14256
14255
14254
14254
14246
14246
14246
14243
14242
14241
14240
14239
14237
14237
14233
14233
14232
14231
14228
14227
14226
14223
14222
14222
14222
14222
14221
14220
14219
14219
14216
14211
14208
14207
14206
14201
14194
14192
14191
14190
14187
14183
14182
14180
14173
14171
14171
14169
14167
14164
14161
14159
14159
14158
14157
14156
14154
14151
14148
14147
14136
14136
14131
14131
14129
14127
14127
14123
14123
14122
14122
14121
14119
14117
14117
14115
14114
14111
14107
14104
14104
14098
14097
14096
14095
14090
14090
14087
14086
14086
14084
14083
14083
14083
14082
14077
14076
14076
14076
14075
14075
14075
14074
14073
14071
14071
14069
14069
14064
14064
14063
14061
14060
14059
14058
14057
14049
14048
14048
14046
14046
14045
14040
14037
14037
14036
14035
14032
14031
14031
14031
14030
14029
14028
14028
14028
14025
14021
14016
14016
14015
14013
14011
14004
14003
14002
13996
13994
13991
13990
13989
13985
13984
13984
13980
13979
13976
13975
13974
13974
13974
13973
13973
13972
13972
13969
13968
13967
13967
13965
13965
13964
13963
13963
13956
13952
13948
13945
13939
13939
13938
13937
13937
13932
13931
13930
13930
13929
13927
13926
13926
13924
13919
13918
13916
13915
13915
13915
13914
13910
13907
13904
13903
13903
13900
13898
13894
13894
13891
13890
13890
13889
13887
13885
13876
13875
13875
13874
13873
13870
13868
13868
13867
13867
13867
13865
13864
13863
13861
13860
13858
13855
13854
13852
13848
13843
13842
13840
13839
13839
13837
13837
13835
13835
13835
13832
13829
13826
13825
13822
13822
13821
13820
13818
13817
13816
13816
13815
13814
13813
13812
13810
13807
13806
13805
13805
13803
13801
13800
13799
13794
13793
13790
13789
13788
13787
13787
13782
13781
13774
13770
13769
13766
13765
13764
13763
13762
13761
13760
13759
13758
13756
13753
13749
13744
13739
13735
13734
13734
13732
13729
13728
13724
13724
13724
13723
13723
13723
13723
13722
13718
13718
13717
13717
13717
13715
13715
13715
13713
13712
13705
13704
13699
13699
13695
13694
13693
13690
13690
13687
13687
13686
13685
13676
13675
13674
13672
13671
13662
13661
13660
13660
13658
13655
13653
13651
13647
13646
13642
13641
13641
13639
13636
13636
13635
13634
13633
13632
13628
13627
13626
13625
13624
13620
13620
13620
13619
13615
13608
13608
13607
13600
13600
13599
13599
13594
13592
13588
13585
13581
13580
13579
13578
13576
13573
13573
13572
13570
13569
13566
13563
13563
13562
13562
13561
13561
13559
13558
13557
13557
13555
13552
13549
13546
13544
13539
13538
13538
13536
13535
13533
13531
13531
13529
13526
13522
13522
13522
13521
13518
13516
13515
13515
13511
13507
13506
13506
13501
13497
13497
13494
13490
13490
13489
13487
13486
13484
13484
13481
13481
13474
13468
13464
13463
13461
13461
13459
13455
13451
13451
13446
13445
13440
13440
13439
13438
13438
13437
13436
13431
13431
13426
13425
13421
13421
13420
13418
13415
13414
13413
13412
13409
13408
13407
13403
13402
13402
13400
13398
13397
13397
13395
13392
13392
13391
13390
13379
13376
13375
13372
13371
13370
13366
13363
13361
13361
13361
13359
13359
13358
13357
13357
13356
13355
13350
13349
13347
13346
13344
13343
13340
13340
13340
13340
13338
13337
13334
13334
13331
13331
13329
13326
13324
13324
13321
13318
13318
13317
13317
13311
13305
13303
13303
13300
13298
13298
13292
13291
13287
13284
13283
13281
13280
13280
13277
13276
13275
13271
13268
13261
13260
13257
13255
13253
13250
13249
13247
13247
13246
13245
13245
13245
13240
13240
13238
13235
13232
13227
13226
13226
13225
13224
13224
13222
13222
13221
13217
13214
13213
13213
13211
13209
13208
13208
13204
13201
13200
13199
13197
13195
13194
13194
13193
13192
13192
13190
13189
13187
13186
13182
13181
13178
13177
13176
13175
13173
13170
13169
13169
13168
13166
13159
13156
13153
13152
13150
13150
13148
13148
13147
13143
13141
13139
13139
13133
13132
13132
13132
13130
13127
13121
13121
13120
13119
13117
13115
13114
13114
13112
13107
13106
13105
13104
13101
13098
13098
13095
13095
13094
13091
13090
13090
13089
13088
13087
13086
13081
13080
13080
13074
13072
13070
13068
13067
13066
13065
13064
13060
13058
13058
13056
13054
13052
13052
13050
13050
13047
13044
13042
13041
13040
13037
13037
13037
13035
13035
13035
13032
13031
13031
13030
13028
13027
13027
13021
13021
13020
13020
13017
13017
13016
13014
13013
13013
13012
13010
13009
13006
13002
13002
12999
12995
12994
12992
12990
12988
12984
12982
12981
12980
12980
12979
12979
12978
12976
12975
12974
12973
12971
12968
12965
12963
12963
12961
12961
12960
12960
12955
12954
12954
12953
12952
12949
12949
12948
12947
12944
12941
12941
12937
12937
12935
12935
12934
12934
12930
12930
12928
12928
12927
12927
12925
12923
12920
12918
12916
12915
12915
12913
12912
12909
12909
12908
12908
12905
12903
12903
12903
12899
12898
12896
12896
12895
12894
12891
12890
12889
12889
12887
12884
12884
12883
12880
12880
12879
12875
12875
12874
12872
12867
12865
12860
12860
12858
12858
12857
12856
12854
12853
12850
12848
12848
12845
12843
12841
12839
12838
12838
12834
12828
12828
12828
12827
12827
12822
12820
12818
12813
12811
12810
12810
12810
12810
12810
12808
12805
12804
12803
12802
12801
12800
12800
12792
12792
12791
12790
12790
12787
12784
12783
12781
12781
12780
12779
12776
12776
12775
12774
12773
12773
12770
12769
12768
12768
12764
12764
12762
12760
12758
12757
12755
12753
12751
12750
12750
12746
12745
12744
12742
12738
12737
12737
12737
12734
12733
12731
12731
12731
12731
12728
12727
12725
12724
12724
12723
12721
12719
12718
12717
12717
12716
12715
12714
12712
12710
12709
12709
12707
12707
12705
12704
12703
12703
12702
12702
12701
12699
12696
12695
12694
12694
12694
12687
12687
12686
12682
12681
12673
12673
12673
12672
12671
12668
12667
12663
12662
12658
12657
12655
12654
12654
12653
12652
12651
12650
12650
12648
12647
12646
12644
12639
12633
12633
12632
12630
12630
12630
12630
12628
12624
12624
12623
12621
12614
12614
12611
12608
12602
12601
12600
12598
12597
12596
12595
12594
12594
12591
12589
12588
12587
12582
12582
12582
12580
12578
12578
12578
12575
12575
12574
12574
12574
12572
12570
12570
12566
12564
12561
12560
12556
12556
12552
12552
12552
12550
12547
12547
12546
12542
12542
12541
12536
12536
12536
12535
12535
12534
12532
12530
12528
12528
12527
12527
12527
12526
12526
12524
12523
12522
12521
12521
12520
12519
12516
12514
12513
12512
12508
12504
12500
12489
12489
12487
12484
12482
12481
12480
12480
12479
12478
12476
12474
12473
12472
12472
12468
12468
12468
12466
12464
12463
12457
12457
12455
12455
12448
12447
12445
12444
12443
12439
12439
12435
12430
12430
12425
12425
12424
12423
12422
12420
12414
12412
12409
12408
12407
12407
12406
12405
12405
12402
12398
12396
12396
12390
12388
12388
12383
12379
12378
12373
12371
12371
12370
12369
12369
12365
12365
12364
12363
12362
12361
12357
12357
12355
12351
12350
12349
12344
12340
12339
12339
12337
12335
12335
12332
12331
12331
12329
12328
12325
12325
12320
12317
12317
12317
12317
12317
12316
12313
12312
12311
12310
12308
12307
12307
12305
12304
12302
12302
12302
12300
12299
12298
12295
12293
12292
12292
12292
12292
12289
12285
12282
12279
12278
12275
12275
12274
12273
12271
12271
12270
12270
12267
12264
12263
12260
12258
12258
12257
12256
12254
12254
12254
12253
12253
12253
12252
12250
12247
12245
12245
12240
12239
12232
12231
12229
12227
12227
12226
12221
12217
12216
12215
12213
12211
12211
12206
12206
12206
12204
12199
12195
12195
12193
12193
12193
12193
12191
12191
12190
12183
12181
12180
12179
12178
12176
12175
12169
12167
12165
12164
12164
12163
12162
12160
12160
12160
12158
12158
12157
12155
12153
12153
12153
12152
12152
12149
12146
12142
12142
12142
12137
12129
12129
12125
12124
12120
12119
12111
12110
12105
12103
12101
12101
12100
12100
12099
12097
12094
12088
12082
12080
12080
12078
12078
12078
12077
12077
12077
12076
12074
12072
12071
12070
12069
12067
12064
12064
12062
12062
12060
12060
12056
12055
12053
12051
12050
12047
12044
12044
12043
12042
12040
12039
12036
12034
12033
12033
12029
12028
12027
12024
12023
12023
12020
12020
12018
12017
12015
12015
12014
12013
12012
12012
12010
12007
12005
12003
12002
11999
11999
11999
11999
11998
11995
11993
11993
11989
11988
11988
11987
11987
11985
11984
11983
11979
11975
11973
11972
11971
11969
11969
11968
11965
11960
11957
11957
11954
11953
11953
11950
11950
11948
11946
11945
11942
11938
11938
11938
11935
11933
11932
11932
11931
11929
11928
11926
11926
11925
11923
11923
11919
11915
11913
11912
11911
11910
11906
11906
11904
11901
11901
11898
11898
11896
11895
11890
11886
11886
11885
11883
11883
11883
11882
11879
11879
11876
11874
11872
11872
11867
11866
11866
11864
11864
11863
11863
11861
11861
11861
11858
11857
11856
11856
11855
11854
11853
11852
11850
11849
11849
11848
11846
11846
11844
11843
11843
11843
11842
11837
11834
11831
11829
11828
11825
11825
11823
11821
11820
11814
11814
11812
11809
11807
11806
11805
11797
11792
11791
11791
11791
11790
11789
11787
11786
11784
11783
11783
11782
11778
11778
11778
11777
11776
11775
11773
11771
11771
11771
11770
11769
11767
11767
11766
11766
11763
11758
11758
11757
11751
11748
11748
11747
11746
11746
11745
11743
11741
11739
11737
11735
11734
11733
11732
11731
11730
11729
11728
11727
11724
11722
11719
11719
11719
11718
11718
11714
11713
11713
11712
11710
11710
11709
11709
11702
11702
11696
11694
11693
11692
11688
11685
11682
11679
11675
11674
11674
11666
11664
11661
11659
11659
11658
11657
11653
11653
11653
11652
11651
11650
11647
11645
11642
11641
11636
11635
11634
11633
11633
11631
11630
11630
11629
11629
11628
11628
11626
11625
11622
11621
11621
11614
11612
11611
11610
11609
11607
11607
11606
11603
11600
11598
11597
11593
11591
11590
11590
11589
11588
11588
11584
11582
11582
11581
11581
11580
11579
11577
11577
11576
11575
11575
11573
11573
11571
11568
11564
11561
11560
11559
11558
11554
11553
11552
11551
11549
11549
11549
11547
11542
11542
11542
11539
11538
11536
11536
11535
11535
11531
11529
11529
11529
11527
11527
11527
11526
11519
11519
11518
11518
11516
11515
11515
11514
11514
11512
11508
11508
11506
11505
11504
11503
11500
11499
11497
11497
11496
11495
11494
11493
11491
11490
11484
11480
11479
11479
11479
11478
11478
11477
11477
11475
11474
11473
11472
11470
11466
11466
11458
11455
11455
11454
11453
11452
11448
11446
11446
11443
11443
11442
11442
11439
11439
11437
11435
11434
11430
11429
11425
11422
11421
11418
11414
11410
11409
11406
11402
11400
11397
11393
11389
11389
11388
11388
11387
11383
11382
11381
11380
11380
11378
11378
11376
11376
11374
11373
11372
11372
11369
11367
11361
11361
11359
11358
11358
11356
11354
11353
11351
11349
11347
11346
11346
11345
11344
11343
11343
11342
11342
11336
11334
11331
11329
11329
11328
11327
11326
11326
11326
11324
11324
11324
11324
11323
11321
11321
11317
11315
11313
11310
11306
11306
11304
11304
11304
11302
11299
11297
11297
11295
11293
11291
11288
11284
11284
11281
11281
11278
11275
11274
11274
11272
11270
11269
11268
11267
11267
11264
11262
11261
11261
11256
11253
11253
11252
11251
11251
11249
11249
11246
11245
11243
11241
11238
11236
11236
11235
11233
11233
11230
11228
11225
11224
11224
11223
11223
11221
11221
11219
11217
11215
11211
11211
11209
11206
11206
11206
11197
11197
11196
11196
11196
11195
11194
11193
11193
11193
11186
11183
11183
11181
11180
11180
11179
11179
11178
11177
11174
11168
11168
11167
11166
11165
11163
11163
11162
11161
11161
11159
11157
11154
11150
11148
11147
11142
11141
11134
11131
11128
11122
11121
11118
11113
11110
11109
11109
11106
11104
11103
11102
11100
11095
11092
11090
11087
11087
11086
11086
11079
11078
11076
11074
11070
11070
11065
11063
11059
11056
11056
11054
11050
11048
11048
11048
11048
11046
11046
11045
11043
11043
11041
11035
11035
11034
11033
11030
11030
11029
11028
11028
11022
11019
11016
11014
11013
11012
11009
11007
11005
11005
11005
11004
11003
11002
11000
10998
10993
10989
10988
10987
10985
10984
10983
10983
10981
10978
10976
10975
10972
10972
10972
10969
10968
10968
10968
10967
10962
10962
10960
10959
10959
10958
10956
10955
10953
10953
10951
10951
10948
10947
10947
10946
10944
10943
10941
10938
10938
10937
10936
10935
10933
10930
10930
10929
10927
10922
10919
10917
10917
10916
10916
10913
10909
10903
10902
10901
10900
10898
10897
10897
10894
10894
10892
10888
10886
10885
10884
10882
10882
10874
10873
10872
10869
10869
10867
10864
10862
10861
10861
10859
10858
10857
10857
10857
10857
10857
10856
10855
10849
10849
10848
10846
10846
10846
10846
10843
10843
10840
10839
10839
10838
10836
10836
10832
10830
10828
10828
10826
10826
10825
10824
10823
10822
10816
10816
10816
10813
10811
10806
10800
10800
10800
10799
10799
10797
10795
10793
10791
10788
10785
10783
10779
10779
10772
10771
10770
10770
10765
10762
10761
10760
10759
10758
10758
10757
10757
10756
10754
10753
10752
10751
10750
10750
10748
10745
10744
10741
10739
10737
10737
10732
10728
10728
10725
10723
10721
10719
10715
10714
10710
10710
10703
10702
10702
10701
10701
10699
10695
10694
10692
10692
10692
10684
10683
10683
10682
10681
10681
10680
10678
10676
10675
10673
10673
10671
10670
10661
10657
10652
10650
10650
10646
10642
10641
10641
10640
10638
10638
10637
10636
10634
10634
10634
10631
10630
10628
10627
10626
10622
10620
10620
10618
10618
10616
10615
10612
10612
10609
10608
10603
10602
10602
10600
10599
10597
10594
10593
10591
10591
10589
10587
10584
10581
10580
10578
10577
10576
10569
10569
10565
10561
10561
10560
10560
10558
10557
10554
10554
10553
10551
10551
10550
10550
10546
10545
10540
10539
10537
10536
10534
10533
10528
10526
10525
10524
10523
10520
10519
10517
10516
10515
10514
10513
10512
10511
10508
10508
10503
10503
10496
10494
10492
10490
10485
10484
10483
10483
10482
10482
10482
10481
10477
10476
10473
10472
10471
10469
10468
10468
10467
10466
10463
10463
10461
10461
10461
10456
10453
10450
10449
10447
10447
10446
10445
10445
10442
10441
10439
10439
10435
10432
10432
10431
10431
10427
10426
10425
10424
10424
10423
10423
10423
10422
10421
10421
10417
10417
10416
10414
10411
10409
10408
10407
10404
10401
10398
10394
10394
10394
10393
10393
10391
10388
10386
10386
10385
10385
10385
10384
10381
10376
10376
10376
10373
10372
10372
10368
10368
10367
10366
10365
10363
10362
10361
10360
10358
10358
10353
10352
10351
10350
10348
10345
10345
10345
10344
10341
10340
10336
10336
10335
10331
10331
10329
10328
10326
10323
10321
10318
10316
10315
10307
10306
10305
10303
10302
10298
10297
10294
10291
10291
10290
10288
10284
10281
10280
10276
10276
10275
10275
10273
10270
10268
10268
10267
10266
10263
10262
10259
10258
10257
10257
10257
10257
10254
10253
10251
10251
10249
10247
10243
10241
10239
10238
10236
10236
10228
10225
10225
10223
10223
10221
10220
10220
10218
10217
10216
10215
10215
10215
10214
10214
10208
10205
10204
10203
10202
10199
10196
10193
10191
10191
10190
10190
10188
10188
10186
10184
10181
10181
10179
10178
10176
10175
10175
10172
10171
10170
10169
10168
10164
10163
10163
10162
10161
10160
10158
10155
10153
10151
10151
10150
10147
10146
10145
10142
10142
10141
10141
10139
10137
10135
10134
10134
10134
10134
10134
10133
10131
10130
10127
10126
10122
10122
10120
10119
10118
10117
10116
10112
10111
10111
10110
10109
10107
10106
10104
10102
10101
10100
10099
10099
10098
10095
10094
10093
10091
10089
10089
10088
10088
10086
10086
10085
10085
10084
10083
10081
10080
10079
10078
10077
10075
10073
10072
10071
10071
10071
10069
10066
10066
10062
10059
10057
10057
10054
10053
10051
10046
10046
10039
10036
10035
10034
10032
10025
10024
10023
10022
10021
10021
10021
10018
10018
10016
10015
10015
10013
10009
10002
10001
9999
9999
9997
9994
9994
9993
9993
9993
9992
9992
9991
9990
9990
9988
9985
9984
9977
9976
9975
9974
9972
9972
9971
9970
9970
9968
9968
9968
9966
9965
9964
9963
9961
9959
9958
9958
9958
9957
9957
9952
9951
9950
9950
9949
9948
9948
9946
9945
9944
9941
9935
9934
9931
9929
9924
9921
9920
9920
9918
9916
9916
9911
9909
9907
9904
9901
9900
9896
9896
9896
9894
9891
9891
9891
9889
9888
9887
9886
9882
9882
9879
9879
9878
9877
9875
9875
9874
9871
9870
9867
9866
9866
9865
9859
9858
9856
9855
9852
9850
9849
9846
9841
9839
9825
9825
9822
9822
9821
9819
9818
9816
9816
9816
9816
9813
9810
9807
9806
9806
9805
9805
9804
9803
9802
9801
9799
9799
9799
9798
9798
9797
9796
9793
9792
9791
9791
9790
9789
9786
9785
9783
9782
9781
9780
9777
9777
9774
9774
9774
9762
9762
9762
9757
9756
9755
9754
9754
9753
9752
9751
9750
9748
9747
9746
9746
9746
9745
9744
9743
9741
9741
9739
9737
9734
9728
9727
9727
9726
9722
9721
9720
9720
9718
9716
9714
9714
9713
9712
9711
9710
9709
9708
9708
9708
9707
9706
9706
9705
9701
9701
9701
9697
9696
9695
9691
9690
9690
9689
9689
9689
9689
9688
9686
9686
9686
9683
9683
9683
9683
9677
9677
9676
9675
9668
9667
9665
9662
9661
9661
9661
9660
9660
9659
9654
9653
9651
9648
9645
9642
9641
9639
9636
9632
9631
9628
9628
9627
9627
9625
9623
9622
9622
9621
9620
9617
9614
9611
9610
9608
9607
9605
9602
9600
9599
9598
9595
9594
9593
9592
9587
9584
9583
9582
9580
9577
9577
9576
9576
9575
9575
9574
9574
9571
9567
9567
9566
9565
9565
9564
9563
9562
9561
9560
9559
9557
9555
9555
9554
9554
9553
9552
9552
9550
9548
9548
9547
9547
9547
9547
9547
9545
9545
9545
9543
9539
9538
9535
9534
9530
9530
9525
9522
9521
9517
9517
9517
9517
9516
9514
9514
9514
9510
9510
9510
9508
9507
9507
9506
9500
9499
9497
9497
9496
9496
9495
9495
9494
9494
9494
9493
9492
9491
9491
9491
9487
9487
9485
9484
9482
9479
9476
9475
9472
9470
9464
9462
9461
9459
9458
9456
9453
9452
9451
9448
9440
9437
9435
9434
9434
9433
9429
9429
9427
9427
9422
9420
9419
9419
9417
9415
9414
9412
9412
9412
9411
9408
9408
9402
9401
9400
9399
9398
9398
9396
9395
9394
9393
9391
9391
9390
9389
9388
9385
9384
9382
9381
9377
9377
9371
9370
9369
9368
9367
9361
9358
9358
9356
9356
9355
9352
9347
9346
9346
9345
9344
9342
9340
9340
9339
9339
9338
9337
9336
9332
9330
9324
9324
9323
9322
9321
9319
9319
9317
9314
9312
9312
9312
9311
9311
9310
9310
9309
9306
9305
9304
9303
9301
9300
9298
9296
9296
9294
9293
9292
9288
9288
9287
9286
9284
9283
9282
9280
9280
9277
9277
9275
9273
9272
9271
9267
9260
9259
9256
9255
9253
9249
9244
9244
9243
9239
9237
9237
9235
9233
9228
9228
9224
9222
9222
9215
9215
9212
9210
9209
9208
9208
9207
9206
9205
9202
9201
9201
9196
9195
9195
9194
9187
9186
9182
9175
9171
9170
9170
9169
9168
9167
9167
9165
9164
9161
9161
9160
9160
9156
9156
9156
9153
9152
9150
9150
9150
9148
9148
9145
9143
9141
9141
9141
9141
9140
9139
9137
9135
9130
9128
9127
9126
9124
9124
9123
9123
9123
9122
9122
9122
9122
9117
9117
9115
9115
9114
9114
9112
9111
9110
9104
9102
9101
9100
9097
9096
9096
9092
9091
9090
9090
9090
9089
9087
9086
9084
9083
9083
9081
9081
9080
9072
9068
9066
9066
9065
9064
9060
9058
9056
9054
9052
9049
9049
9047
9045
9044
9042
9038
9036
9034
9032
9032
9031
9029
9029
9028
9026
9025
9025
9017
9015
9014
9012
9006
9006
9005
9000
8999
8998
8998
8996
8995
8995
8990
8988
8983
8981
8979
8978
8976
8975
8974
8972
8972
8970
8970
8969
8969
8966
8964
8962
8958
8957
8954
8954
8953
8953
8948
8948
8941
8938
8937
8937
8937
8936
8935
8935
8933
8932
8932
8929
8929
8929
8928
8927
8924
8924
8923
8919
8919
8916
8914
8910
8910
8906
8905
8905
8904
8902
8900
8900
8899
8896
8894
8891
8891
8889
8889
8887
8885
8885
8884
8883
8882
8881
8881
8880
8875
8872
8870
8869
8869
8865
8863
8863
8862
8862
8861
8858
8857
8852
8852
8848
8847
8847
8846
8845
8843
8839
8839
8839
8837
8836
8834
8831
8829
8828
8828
8825
8824
8821
8820
8819
8818
8817
8817
8816
8814
8813
8810
8808
8806
8805
8804
8803
8802
8801
8794
8792
8792
8788
8785
8784
8780
8779
8776
8775
8775
8773
8772
8772
8769
8767
8767
8766
8764
8764
8763
8759
8759
8752
8747
8746
8744
8741
8738
8738
8735
8730
8729
8728
8728
8726
8724
8722
8722
8721
8719
8718
8714
8714
8713
8712
8711
8705
8703
8700
8696
8695
8689
8688
8685
8684
8684
8680
8679
8675
8675
8675
8674
8673
8672
8671
8671
8670
8670
8670
8670
8669
8667
8667
8667
8667
8665
8663
8660
8658
8657
8657
8655
8652
8652
8645
8643
8641
8639
8638
8637
8637
8637
8635
8633
8633
8632
8629
8629
8628
8628
8626
8624
8624
8623
8622
8621
8621
8620
8619
8613
8610
8609
8607
8606
8604
8602
8601
8599
8597
8597
8595
8594
8593
8589
8588
8584
8582
8581
8578
8576
8576
8574
8570
8568
8565
8565
8564
8564
8562
8560
8555
8554
8554
8547
8546
8534
8534
8534
8533
8532
8532
8531
8527
8523
8520
8519
8517
8517
8516
8511
8510
8510
8509
8509
8508
8507
8507
8506
8504
8502
8502
8499
8499
8498
8494
8493
8492
8492
8491
8490
8487
8485
8482
8479
8479
8478
8478
8477
8477
8476
8476
8473
8471
8470
8467
8465
8464
8463
8463
8462
8461
8460
8458
8456
8455
8453
8450
8448
8448
8446
8446
8445
8444
8443
8442
8442
8438
8435
8434
8434
8432
8432
8430
8429
8426
8420
8420
8420
8419
8417
8413
8411
8407
8406
8406
8405
8405
8403
8403
8402
8401
8400
8396
8394
8390
8389
8388
8388
8388
8375
8371
8370
8369
8366
8366
8360
8360
8359
8359
8358
8353
8347
8346
8344
8343
8341
8340
8337
8336
8336
8334
8334
8332
8327
8325
8324
8317
8315
8306
8301
8301
8295
8295
8293
8283
8282
8281
8281
8280
8277
8276
8275
8270
8269
8265
8265
8262
8262
8261
8260
8260
8259
8258
8255
8253
8253
8250
8250
8250
8247
8244
8243
8242
8241
8239
8239
8237
8235
8234
8233
8232
8231
8229
8224
8221
8221
8221
8219
8215
8214
8210
8210
8210
8208
8206
8202
8200
8197
8197
8193
8193
8191
8189
8188
8187
8182
8180
8180
8180
8170
8168
8166
8164
8163
8162
8160
8159
8157
8157
8157
8154
8150
8147
8147
8144
8144
8144
8144
8142
8142
8142
8141
8138
8137
8137
8137
8136
8131
8130
8128
8127
8127
8126
8125
8123
8123
8121
8119
8119
8113
8111
8111
8108
8104
8098
8098
8098
8096
8096
8096
8095
8095
8093
8091
8090
8089
8077
8076
8074
8073
8071
8068
8061
8061
8059
8058
8057
8047
8047
8046
8046
8045
8044
8044
8044
8041
8039
8036
8035
8034
8031
8031
8029
8028
8024
8020
8020
8018
8016
8016
8016
8014
8009
8008
8006
8005
8003
8002
8001
8001
7999
7999
7997
7995
7995
7992
7991
7990
7989
7982
7981
7976
7974
7974
7971
7970
7968
7967
7966
7964
7963
7963
7962
7960
7959
7958
7958
7956
7954
7953
7951
7949
7949
7946
7939
7937
7937
7937
7930
7928
7928
7924
7919
7917
7916
7915
7914
7912
7908
7906
7904
7900
7900
7899
7897
7895
7894
7894
7888
7888
7886
7886
7885
7885
7884
7881
7881
7880
7879
7877
7875
7870
7870
7868
7867
7865
7860
7859
7852
7852
7852
7845
7845
7842
7842
7841
7841
7840
7838
7838
7838
7831
7829
7827
7826
7824
7823
7822
7821
7820
7818
7815
7815
7812
7812
7811
7807
7805
7803
7803
7802
7801
7801
7799
7799
7798
7798
7797
7797
7796
7795
7792
7792
7787
7785
7785
7785
7785
7782
7779
7776
7775
7774
7770
7770
7770
7770
7768
7767
7766
7766
7764
7764
7764
7760
7760
7758
7753
7753
7753
7750
7750
7744
7744
7742
7740
7738
7736
7735
7733
7729
7727
7722
7721
7715
7714
7712
7710
7706
7703
7703
7703
7703
7702
7701
7699
7697
7695
7694
7694
7690
7686
7684
7684
7682
7682
7681
7680
7677
7675
7673
7672
7671
7671
7670
7667
7665
7660
7659
7659
7650
7649
7648
7647
7646
7645
7638
7634
7633
7629
7629
7628
7628
7626
7625
7623
7620
7616
7616
7614
7609
7609
7608
7603
7602
7601
7600
7599
7597
7596
7596
7595
7595
7593
7593
7590
7587
7579
7579
7577
7576
7574
7571
7570
7569
7569
7567
7567
7567
7564
7563
7563
7563
7562
7561
7560
7557
7557
7557
7557
7552
7551
7548
7547
7543
7541
7541
7537
7536
7534
7530
7528
7528
7526
7522
7521
7519
7519
7518
7518
7517
7514
7513
7511
7510
7509
7504
7501
7501
7497
7497
7496
7494
7494
7490
7490
7489
7489
7488
7487
7487
7487
7485
7481
7479
7478
7477
7477
7472
7472
7470
7469
7469
7468
7467
7465
7462
7461
7460
7460
7460
7458
7456
7451
7449
7445
7444
7443
7437
7435
7432
7430
7430
7430
7427
7426
7424
7422
7421
7419
7417
7413
7407
7407
7402
7402
7399
7399
7398
7398
7396
7394
7393
7393
7392
7390
7390
7387
7387
7385
7384
7383
7382
7379
7378
7378
7376
7375
7373
7372
7372
7369
7367
7366
7366
7364
7363
7361
7361
7361
7359
7356
7356
7351
7350
7349
7348
7348
7343
7342
7339
7339
7338
7338
7335
7335
7332
7331
7329
7329
7328
7328
7324
7316
7315
7315
7315
7314
7310
7306
7304
7304
7303
7303
7302
7301
7298
7298
7293
7293
7292
7292
7292
7290
7287
7287
7285
7284
7283
7282
7282
7281
7279
7279
7279
7279
7277
7275
7272
7272
7268
7265
7264
7262
7258
7256
7253
7249
7247
7246
7246
7245
7243
7241
7240
7239
7237
7230
7229
7228
7222
7221
7220
7215
7215
7213
7213
7212
7212
7208
7208
7207
7207
7205
7204
7203
7201
7198
7198
7198
7195
7192
7191
7189
7189
7189
7188
7187
7183
7182
7178
7176
7176
7171
7167
7160
7160
7158
7156
7155
7154
7153
7153
7152
7150
7150
7150
7149
7148
7146
7142
7141
7141
7141
7140
7137
7136
7135
7133
7132
7131
7130
7130
7129
7129
7128
7124
7120
7120
7118
7118
7117
7114
7110
7106
7104
7104
7100
7100
7099
7097
7092
7088
7087
7086
7086
7084
7084
7082
7080
7071
7067
7062
7062
7060
7059
7058
7053
7052
7050
7047
7047
7045
7045
7044
7044
7044
7041
7040
7031
7031
7030
7030
7029
7028
7027
7027
7026
7025
7023
7022
7021
7018
7016
7016
7014
7013
7008
7006
7005
7004
7002
7002
7002
7001
7001
7000
7000
7000
6993
6992
6990
6988
6988
6987
6987
6985
6984
6980
6979
6975
6971
6969
6968
6967
6967
6966
6961
6960
6958
6957
6956
6955
6955
6950
6948
6945
6944
6944
6943
6940
6939
6939
6938
6938
6937
6935
6933
6928
6926
6923
6920
6914
6913
6912
6912
6911
6911
6908
6907
6902
6900
6900
6900
6894
6894
6893
6890
6888
6888
6888
6883
6875
6874
6871
6868
6866
6861
6861
6860
6857
6857
6856
6854
6849
6846
6846
6842
6841
6835
6834
6831
6831
6831
6825
6821
6818
6818
6815
6815
6812
6810
6810
6809
6809
6808
6807
6807
6807
6807
6807
6806
6805
6804
6802
6802
6801
6801
6800
6799
6795
6795
6795
6794
6793
6792
6792
6791
6791
6790
6789
6788
6788
6786
6786
6786
6784
6784
6781
6780
6779
6772
6771
6771
6771
6769
6769
6767
6766
6766
6762
6756
6755
6752
6752
6749
6749
6749
6748
6746
6745
6742
6739
6733
6733
6731
6731
6730
6727
6727
6723
6720
6718
6717
6717
6716
6713
6713
6709
6707
6702
6700
6696
6694
6693
6692
6690
6688
6687
6687
6686
6685
6685
6683
6683
6681
6681
6679
6673
6672
6672
6671
6667
6665
6665
6665
6663
6657
6657
6656
6655
6655
6653
6650
6650
6648
6646
6646
6643
6641
6640
6638
6637
6634
6632
6631
6630
6627
6626
6620
6619
6619
6615
6613
6612
6612
6609
6598
6594
6592
6589
6586
6586
6582
6579
6578
6578
6577
6576
6575
6575
6573
6572
6571
6570
6569
6567
6560
6558
6556
6555
6554
6547
6544
6543
6542
6541
6540
6540
6538
6537
6537
6534
6533
6533
6533
6530
6529
6526
6524
6523
6522
6521
6518
6518
6518
6518
6515
6515
6513
6512
6512
6511
6508
6507
6505
6503
6503
6502
6502
6498
6496
6496
6496
6496
6496
6494
6494
6494
6493
6493
6492
6489
6483
6481
6480
6477
6473
6469
6467
6465
6463
6463
6461
6460
6460
6458
6458
6457
6455
6455
6453
6452
6450
6446
6442
6442
6441
6439
6438
6435
6426
6423
6423
6423
6422
6420
6415
6415
6415
6411
6409
6408
6407
6406
6404
6403
6401
6397
6396
6395
6390
6389
6388
6388
6388
6386
6385
6384
6384
6383
6381
6380
6374
6374
6369
6368
6367
6366
6365
6364
6364
6363
6363
6360
6359
6356
6355
6355
6355
6353
6353
6352
6352
6350
6349
6347
6346
6345
6344
6342
6341
6337
6335
6333
6332
6331
6331
6328
6327
6327
6324
6324
6321
6320
6320
6318
6315
6315
6314
6313
6312
6304
6304
6301
6296
6295
6294
6289
6289
6288
6285
6279
6278
6278
6277
6275
6273
6272
6272
6268
6267
6267
6266
6266
6265
6256
6255
6253
6251
6250
6247
6247
6243
6237
6237
6236
6235
6230
6230
6230
6230
6230
6230
6230
6227
6224
6220
6214
6213
6212
6210
6205
6201
6201
6200
6200
6198
6198
6196
6195
6195
6188
6187
6183
6179
6175
6168
6167
6164
6163
6160
6160
6160
6156
6154
6153
6152
6151
6148
6145
6144
6142
6142
6140
6140
6138
6137
6135
6131
6131
6129
6128
6123
6122
6119
6118
6116
6113
6112
6112
6112
6110
6105
6103
6101
6100
6100
6092
6092
6092
6090
6089
6088
6086
6084
6084
6083
6081
6081
6078
6077
6075
6074
6074
6071
6066
6066
6065
6063
6062
6061
6059
6056
6055
6053
6053
6052
6047
6046
6045
6039
6037
6037
6037
6035
6033
6031
6030
6030
6028
6026
6025
6025
6025
6025
6023
6021
6021
6020
6014
6014
6013
6011
6010
6010
6007
6001
5999
5994
5989
5988
5988
5987
5983
5982
5980
5978
5976
5967
5965
5965
5963
5963
5961
5960
5958
5955
5952
5949
5949
5947
5947
5944
5944
5942
5938
5938
5935
5928
5927
5927
5923
5922
5920
5919
5919
5914
5912
5912
5911
5910
5909
5908
5908
5906
5905
5904
5898
5898
5897
5896
5896
5891
5890
5889
5888
5887
5883
5883
5881
5879
5878
5878
5877
5876
5876
5874
5873
5873
5872
5868
5867
5861
5860
5858
5856
5855
5855
5854
5854
5853
5852
5852
5851
5851
5850
5847
5842
5841
5839
5836
5835
5834
5834
5833
5833
5832
5831
5830
5830
5829
5827
5827
5826
5826
5825
5822
5821
5817
5813
5813
5808
5808
5807
5806
5800
5798
5794
5792
5792
5792
5790
5789
5788
5786
5785
5782
5780
5776
5774
5774
5773
5773
5771
5769
5768
5766
5766
5762
5759
5756
5755
5752
5747
5744
5743
5740
5738
5737
5735
5735
5733
5733
5731
5731
5729
5728
5723
5721
5721
5721
5718
5718
5717
5715
5715
5712
5711
5708
5707
5707
5706
5706
5699
5698
5692
5692
5692
5692
5691
5690
5688
5686
5684
5684
5679
5676
5675
5673
5671
5671
5668
5665
5665
5665
5664
5661
5661
5658
5658
5656
5654
5650
5649
5648
5640
5639
5637
5636
5635
5633
5633
5633
5632
5629
5628
5626
5625
5623
5621
5620
5620
5618
5618
5618
5617
5617
5616
5615
5612
5610
5610
5610
5607
5606
5599
5597
5596
5595
5594
5593
5591
5591
5590
5589
5587
5586
5585
5582
5581
5581
5581
5580
5579
5578
5577
5577
5572
5572
5571
5570
5566
5560
5559
5557
5556
5553
5551
5549
5547
5543
5543
5542
5541
5538
5538
5537
5536
5535
5534
5534
5534
5534
5532
5532
5532
5532
5532
5531
5531
5531
5523
5521
5519
5513
5511
5511
5509
5505
5504
5503
5499
5498
5496
5494
5491
5488
5486
5481
5480
5479
5477
5474
5473
5473
5472
5471
5470
5470
5469
5469
5466
5459
5457
5452
5451
5449
5447
5447
5447
5443
5439
5436
5434
5431
5430
5426
5425
5424
5421
5421
5416
5416
5414
5414
5413
5411
5411
5411
5405
5404
5398
5398
5398
5397
5397
5394
5393
5391
5391
5389
5389
5388
5384
5382
5376
5374
5372
5371
5370
5370
5369
5368
5366
5365
5363
5363
5361
5356
5353
5352
5352
5351
5348
5347
5345
5345
5344
5344
5342
5338
5336
5335
5333
5333
5331
5330
5329
5328
5327
5326
5318
5316
5315
5315
5314
5308
5307
5304
5302
5298
5297
5294
5294
5288
5286
5285
5285
5284
5283
5281
5280
5278
5272
5266
5263
5261
5260
5258
5251
5250
5247
5243
5243
5242
5242
5242
5239
5238
5238
5238
5237
5232
5231
5230
5230
5229
5229
5229
5228
5227
5227
5224
5220
5220
5220
5219
5218
5214
5214
5213
5212
5210
5208
5203
5202
5198
5195
5192
5192
5190
5187
5185
5184
5179
5179
5177
5176
5176
5175
5175
5174
5174
5168
5167
5167
5161
5159
5157
5155
5155
5154
5154
5149
5148
5148
5147
5144
5143
5143
5143
5140
5140
5140
5139
5136
5131
5131
5129
5129
5128
5128
5128
5126
5122
5118
5117
5114
5108
5105
5105
5104
5096
5095
5094
5094
5094
5093
5092
5091
5091
5090
5089
5088
5083
5083
5082
5082
5080
5079
5077
5075
5075
5075
5074
5073
5070
5070
5069
5068
5068
5068
5063
5059
5058
5056
5054
5053
5051
5050
5049
5047
5046
5045
5045
5045
5044
5043
5043
5040
5039
5038
5029
5029
5028
5028
5025
5023
5022
5019
5013
5013
5011
5011
5007
5007
5005
5002
5000
4999
4999
4998
4997
4996
4996
4993
4990
4990
4989
4989
4987
4986
4985
4984
4983
4983
4982
4981
4980
4980
4979
4973
4971
4970
4970
4969
4969
4967
4966
4964
4962
4961
4952
4952
4951
4946
4945
4944
4944
4940
4939
4939
4935
4934
4933
4929
4929
4926
4925
4925
4921
4917
4916
4914
4913
4912
4910
4900
4899
4898
4896
4895
4894
4894
4892
4890
4887
4886
4880
4879
4879
4877
4874
4870
4869
4867
4863
4862
4860
4859
4859
4856
4856
4856
4854
4854
4853
4853
4851
4847
4846
4844
4839
4837
4837
4836
4834
4833
4830
4820
4819
4816
4816
4815
4814
4813
4813
4812
4811
4811
4809
4807
4805
4802
4801
4800
4799
4798
4797
4794
4793
4791
4788
4788
4784
4784
4784
4783
4783
4783
4778
4778
4777
4776
4770
4768
4766
4766
4764
4760
4759
4758
4755
4754
4753
4750
4750
4749
4749
4749
4747
4745
4745
4742
4741
4740
4740
4737
4737
4734
4732
4731
4729
4729
4728
4728
4727
4726
4726
4724
4719
4718
4717
4715
4714
4714
4713
4712
4712
4710
4706
4706
4705
4701
4700
4697
4694
4690
4687
4687
4685
4685
4684
4684
4680
4679
4675
4674
4673
4670
4670
4667
4667
4665
4664
4663
4663
4662
4660
4659
4659
4657
4655
4655
4654
4653
4651
4648
4647
4647
4647
4646
4638
4637
4637
4636
4632
4631
4627
4624
4621
4621
4619
4619
4618
4614
4612
4612
4611
4608
4606
4606
4603
4599
4599
4599
4598
4597
4594
4591
4589
4587
4586
4585
4582
4581
4581
4580
4577
4577
4576
4574
4572
4564
4564
4562
4560
4557
4555
4551
4548
4547
4546
4546
4544
4543
4543
4540
4539
4538
4532
4527
4526
4525
4524
4522
4520
4519
4517
4516
4513
4512
4511
4508
4507
4506
4505
4501
4500
4496
4495
4494
4494
4492
4490
4489
4484
4484
4483
4482
4481
4479
4477
4477
4476
4474
4474
4473
4473
4473
4472
4468
4465
4459
4458
4457
4453
4449
4449
4449
4446
4446
4446
4445
4444
4443
4442
4441
4440
4439
4439
4439
4435
4433
4432
4430
4430
4427
4426
4424
4416
4415
4415
4415
4414
4413
4413
4411
4410
4408
4406
4405
4405
4405
4404
4404
4402
4402
4400
4400
4400
4399
4397
4397
4394
4393
4389
4389
4387
4387
4387
4387
4384
4383
4382
4380
4378
4376
4372
4371
4369
4368
4368
4362
4361
4356
4355
4355
4353
4352
4352
4348
4347
4346
4346
4346
4345
4345
4343
4342
4339
4338
4333
4333
4332
4330
4329
4328
4327
4325
4324
4321
4320
4319
4319
4318
4311
4310
4309
4309
4308
4307
4306
4304
4303
4302
4301
4297
4295
4292
4292
4291
4290
4286
4283
4283
4282
4282
4281
4279
4278
4277
4276
4276
4272
4270
4269
4267
4267
4267
4264
4261
4259
4255
4255
4249
4247
4247
4246
4241
4240
4239
4238
4237
4237
4236
4232
4232
4228
4228
4222
4222
4219
4218
4216
4215
4213
4212
4211
4211
4205
4200
4197
4194
4194
4193
4193
4192
4190
4189
4187
4186
4182
4181
4180
4179
4177
4176
4176
4176
4171
4169
4167
4166
4166
4163
4159
4157
4156
4156
4154
4153
4153
4152
4152
4151
4151
4150
4147
4145
4143
4143
4142
4141
4139
4139
4136
4135
4135
4132
4129
4129
4129
4128
4127
4125
4123
4122
4121
4120
4119
4119
4119
4118
4112
4112
4112
4111
4110
4108
4107
4107
4106
4105
4101
4101
4098
4097
4096
4096
4091
4090
4089
4088
4087
4084
4084
4083
4083
4081
4081
4081
4079
4079
4078
4075
4075
4074
4070
4070
4069
4066
4065
4065
4064
4058
4049
4046
4042
4041
4038
4038
4035
4035
4034
4034
4034
4033
4032
4031
4029
4029
4025
4023
4023
4022
4022
4022
4021
4020
4019
4017
4016
4013
4012
4010
4008
4005
4005
4005
4004
4004
4001
4000
3999
3996
3995
3994
3991
3991
3989
3987
3987
3982
3980
3977
3975
3973
3961
3960
3958
3956
3956
3953
3953
3953
3952
3952
3949
3946
3946
3944
3942
3942
3940
3940
3939
3938
3936
3936
3934
3930
3928
3926
3925
3925
3924
3924
3922
3920
3916
3915
3915
3913
3913
3912
3911
3911
3911
3909
3907
3902
3901
3900
3900
3895
3892
3886
3882
3880
3879
3878
3877
3876
3875
3875
3873
3871
3870
3870
3865
3864
3863
3863
3861
3860
3858
3858
3855
3854
3852
3849
3848
3844
3843
3843
3837
3835
3833
3833
3831
3829
3828
3828
3825
3825
3822
3822
3821
3818
3817
3814
3812
3812
3810
3810
3809
3807
3802
3799
3799
3798
3797
3797
3794
3790
3788
3784
3781
3780
3780
3778
3777
3775
3775
3773
3772
3770
3770
3769
3769
3769
3767
3767
3766
3763
3763
3761
3759
3757
3754
3753
3753
3752
3751
3751
3749
3748
3748
3747
3747
3747
3741
3741
3738
3737
3736
3736
3733
3731
3730
3729
3726
3724
3722
3722
3718
3717
3715
3715
3714
3713
3711
3710
3706
3705
3703
3702
3699
3698
3698
3698
3695
3695
3688
3685
3682
3680
3678
3678
3674
3673
3673
3671
3670
3670
3669
3665
3663
3661
3660
3659
3658
3658
3658
3657
3656
3653
3651
3650
3649
3648
3648
3647
3647
3647
3646
3646
3646
3646
3643
3642
3641
3638
3634
3633
3633
3633
3630
3630
3629
3628
3624
3623
3622
3622
3621
3618
3617
3617
3616
3615
3612
3609
3608
3607
3604
3602
3599
3593
3593
3592
3585
3584
3582
3574
3574
3574
3568
3567
3565
3565
3564
3562
3561
3561
3560
3559
3557
3557
3555
3551
3548
3548
3546
3546
3546
3544
3544
3543
3542
3542
3540
3538
3536
3530
3529
3529
3520
3516
3515
3514
3514
3514
3512
3510
3509
3509
3508
3507
3507
3506
3505
3505
3504
3502
3501
3498
3498
3498
3489
3489
3489
3484
3482
3481
3479
3479
3479
3479
3478
3474
3469
3468
3468
3463
3461
3461
3458
3458
3453
3452
3444
3442
3441
3440
3435
3433
3432
3429
3427
3427
3425
3423
3422
3421
3421
3420
3420
3420
3419
3418
3417
3416
3416
3416
3416
3415
3414
3414
3408
3406
3406
3402
3399
3395
3393
3393
3392
3390
3389
3387
3387
3386
3384
3380
3379
3378
3377
3373
3372
3371
3370
3368
3364
3364
3363
3360
3359
3358
3357
3357
3357
3356
3353
3349
3349
3348
3348
3347
3346
3346
3344
3343
3340
3339
3336
3335
3334
3333
3332
3330
3329
3328
3326
3323
3321
3321
3319
3318
3315
3312
3311
3306
3304
3303
3301
3300
3298
3298
3296
3296
3294
3293
3292
3291
3291
3289
3288
3286
3284
3284
3280
3280
3275
3274
3273
3273
3271
3271
3270
3269
3269
3262
3260
3256
3256
3255
3255
3254
3253
3252
3249
3249
3249
3246
3245
3242
3241
3240
3239
3236
3234
3233
3230
3229
3227
3226
3225
3224
3223
3222
3222
3220
3219
3216
3215
3214
3213
3213
3206
3204
3203
3202
3202
3200
3196
3193
3192
3191
3190
3189
3188
3187
3183
3179
3176
3175
3174
3171
3169
3168
3166
3162
3162
3161
3160
3156
3155
3153
3151
3150
3149
3148
3147
3146
3146
3146
3146
3141
3138
3138
3131
3129
3126
3126
3122
3119
3117
3115
3114
3112
3111
3111
3107
3106
3105
3105
3104
3104
3104
3102
3100
3099
3099
3099
3097
3096
3096
3094
3092
3091
3089
3088
3087
3086
3083
3083
3081
3081
3079
3077
3075
3075
3074
3074
3069
3069
3068
3066
3065
3065
3065
3058
3057
3055
3053
3051
3050
3048
3048
3043
3040
3039
3038
3038
3036
3033
3033
3030
3029
3029
3028
3026
3023
3021
3017
3017
3015
3014
3013
3011
3010
3010
3009
3003
3001
3001
3000
2999
2999
2998
2995
2995
2994
2993
2992
2992
2990
2989
2988
2980
2980
2978
2977
2970
2969
2968
2967
2961
2958
2958
2957
2956
2956
2953
2952
2951
2951
2951
2950
2948
2947
2946
2944
2944
2941
2938
2937
2937
2936
2933
2933
2931
2931
2930
2930
2930
2929
2928
2922
2920
2916
2912
2910
2909
2908
2907
2905
2904
2904
2904
2902
2900
2898
2896
2895
2894
2891
2886
2885
2885
2884
2882
2880
2877
2874
2873
2871
2870
2870
2869
2868
2868
2866
2865
2864
2862
2861
2860
2857
2849
2848
2847
2846
2843
2841
2841
2837
2836
2833
2831
2831
2830
2829
2827
2827
2827
2826
2823
2822
2821
2820
2819
2819
2819
2810
2809
2809
2809
2807
2807
2807
2805
2803
2803
2803
2801
2801
2794
2793
2793
2790
2790
2789
2786
2786
2780
2779
2779
2779
2779
2775
2774
2772
2772
2768
2766
2764
2763
2762
2759
2757
2757
2755
2755
2754
2751
2748
2745
2744
2744
2743
2741
2741
2740
2738
2736
2736
2734
2734
2734
2733
2732
2727
2727
2725
2725
2719
2719
2717
2713
2713
2713
2712
2710
2709
2708
2708
2701
2698
2696
2690
2690
2688
2687
2685
2684
2684
2681
2681
2679
2678
2678
2672
2671
2669
2668
2667
2665
2664
2663
2663
2663
2663
2662
2658
2658
2658
2656
2652
2650
2645
2643
2641
2637
2634
2633
2629
2626
2623
2623
2622
2621
2621
2619
2618
2615
2615
2613
2612
2611
2609
2600
2598
2596
2594
2591
2589
2588
2586
2585
2581
2578
2575
2574
2572
2572
2569
2565
2560
2560
2556
2555
2548
2548
2547
2544
2543
2540
2539
2536
2535
2533
2532
2531
2529
2528
2526
2525
2515
2514
2513
2512
2511
2510
2509
2509
2509
2505
2504
2503
2502
2500
2496
2496
2494
2494
2492
2491
2491
2489
2486
2486
2481
2480
2479
2478
2475
2475
2472
2469
2464
2459
2458
2456
2455
2455
2455
2454
2453
2453
2452
2451
2449
2448
2447
2446
2446
2442
2441
2435
2433
2431
2431
2431
2430
2429
2429
2427
2421
2418
2418
2417
2417
2416
2414
2414
2410
2410
2409
2409
2408
2400
2400
2396
2395
2394
2389
2387
2385
2385
2384
2384
2380
2378
2377
2374
2369
2365
2363
2361
2360
2360
2359
2357
2354
2352
2351
2349
2349
2348
2347
2347
2346
2346
2346
2345
2341
2339
2339
2336
2336
2335
2333
2333
2331
2330
2330
2330
2329
2328
2326
2325
2324
2324
2321
2321
2316
2315
2314
2314
2308
2306
2306
2305
2305
2305
2303
2303
2297
2296
2294
2293
2292
2291
2289
2288
2286
2285
2284
2283
2277
2274
2269
2266
2265
2264
2262
2261
2258
2256
2255
2251
2251
2250
2249
2249
2249
2247
2247
2246
2245
2245
2242
2241
2241
2240
2239
2234
2233
2232
2231
2229
2229
2229
2229
2228
2227
2226
2222
2222
2221
2220
2219
2219
2219
2217
2217
2212
2211
2211
2206
2201
2200
2197
2196
2190
2190
2188
2185
2183
2179
2177
2173
2173
2170
2169
2168
2166
2165
2165
2164
2164
2163
2162
2161
2160
2156
2156
2155
2153
2153
2153
2150
2148
2147
2146
2145
2143
2143
2141
2138
2138
2137
2135
2134
2133
2127
2125
2123
2122
2122
2122
2120
2119
2118
2117
2117
2114
2114
2114
2112
2112
2111
2111
2111
2110
2108
2107
2107
2105
2105
2104
2101
2101
2100
2095
2094
2093
2091
2089
2088
2085
2081
2077
2076
2072
2071
2071
2070
2063
2062
2060
2057
2053
2053
2052
2052
2052
2051
2050
2049
2048
2047
2046
2045
2044
2044
2040
2040
2039
2039
2039
2038
2036
2030
2030
2027
2027
2026
2025
2025
2024
2024
2023
2023
2020
2020
2017
2015
2015
2012
2011
2011
2006
2006
2006
2004
2004
2003
1995
1994
1993
1993
1991
1988
1988
1981
1979
1977
1975
1973
1972
1970
1969
1965
1965
1963
1962
1960
1959
1958
1957
1955
1953
1953
1952
1951
1950
1946
1946
1945
1944
1941
1937
1937
1936
1933
1932
1928
1927
1926
1925
1925
1920
1914
1912
1910
1910
1910
1909
1905
1903
1902
1901
1898
1898
1897
1894
1892
1889
1889
1888
1886
1886
1885
1884
1884
1883
1882
1879
1878
1877
1876
1876
1875
1873
1873
1872
1870
1859
1859
1859
1858
1858
1855
1852
1851
1851
1850
1846
1842
1841
1837
1835
1832
1830
1827
1826
1826
1823
1822
1820
1820
1818
1818
1816
1815
1814
1811
1809
1809
1806
1803
1803
1792
1792
1789
1784
1784
1783
1782
1782
1779
1778
1777
1776
1775
1772
1771
1770
1769
1769
1769
1768
1768
1767
1764
1763
1762
1758
1757
1755
1754
1752
1751
1750
1750
1746
1745
1744
1743
1739
1738
1737
1735
1734
1734
1733
1733
1731
1726
1715
1714
1714
1712
1712
1712
1711
1707
1705
1704
1701
1699
1698
1694
1693
1687
1687
1685
1682
1682
1682
1674
1673
1671
1668
1668
1666
1664
1659
1659
1655
1654
1653
1652
1650
1650
1650
1650
1649
1649
1648
1648
1648
1643
1642
1642
1641
1638
1636
1636
1634
1634
1633
1630
1628
1623
1622
1620
1616
1615
1614
1612
1608
1608
1607
1607
1607
1602
1602
1601
1599
1598
1597
1596
1595
1592
1591
1590
1587
1584
1583
1583
1579
1571
1569
1569
1569
1568
1567
1566
1562
1561
1561
1559
1558
1557
1555
1554
1554
1551
1549
1546
1543
1542
1540
1537
1535
1535
1535
1535
1534
1529
1528
1526
1526
1525
1524
1523
1522
1521
1521
1514
1514
1513
1513
1512
1504
1504
1503
1502
1501
1499
1499
1499
1497
1496
1495
1492
1491
1485
1480
1480
1479
1477
1476
1471
1471
1470
1468
1467
1467
1466
1464
1464
1463
1457
1455
1455
1453
1452
1452
1451
1450
1449
1449
1448
1447
1446
1444
1443
1442
1441
1440
1438
1436
1435
1431
1427
1424
1424
1422
1422
1422
1422
1420
1419
1418
1414
1413
1413
1411
1410
1409
1408
1406
1405
1404
1403
1402
1402
1401
1396
1396
1395
1394
1389
1388
1388
1387
1386
1385
1384
1383
1382
1382
1381
1380
1378
1376
1376
1375
1374
1374
1374
1374
1367
1366
1365
1363
1360
1358
1355
1354
1352
1352
1347
1346
1345
1345
1345
1344
1338
1337
1336
1335
1329
1329
1328
1327
1327
1325
1325
1322
1322
1321
1319
1315
1314
1312
1312
1310
1309
1306
1305
1303
1303
1302
1299
1299
1299
1297
1296
1295
1294
1290
1288
1287
1282
1280
1280
1279
1276
1276
1272
1271
1271
1270
1267
1267
1264
1263
1262
1262
1260
1259
1258
1257
1255
1254
1252
1252
1249
1247
1247
1242
1239
1239
1238
1233
1232
1231
1231
1227
1227
1224
1223
1221
1219
1219
1218
1217
1215
1213
1212
1212
1211
1210
1209
1207
1205
1199
1197
1196
1195
1195
1193
1190
1189
1189
1183
1183
1183
1176
1176
1171
1169
1169
1167
1166
1166
1165
1164
1163
1159
1155
1148
1147
1145
1143
1137
1136
1134
1133
1124
1123
1119
1117
1115
1115
1115
1113
1113
1112
1112
1112
1110
1110
1108
1108
1108
1106
1106
1102
1101
1097
1097
1097
1097
1093
1088
1085
1084
1083
1081
1079
1077
1076
1076
1071
1069
1067
1065
1064
1062
1061
1060
1058
1057
1056
1055
1055
1054
1054
1054
1053
1046
1045
1044
1042
1041
1040
1036
1035
1035
1032
1029
1023
1023
1022
1019
1018
1016
1015
1015
1015
1015
1015
1013
1013
1013
1012
1009
1008
1007
1006
1003
1002
1000
999
999
998
997
996
994
993
993
991
990
989
988
987
985
984
980
980
980
977
973
972
972
972
972
968
968
967
967
967
963
963
963
962
960
959
959
958
955
953
950
949
948
948
944
942
940
937
936
935
935
929
928
928
926
926
923
920
919
918
917
916
914
914
911
908
905
904
904
902
902
900
898
897
895
894
892
892
888
888
887
886
886
886
885
881
881
880
880
879
878
870
870
868
867
866
865
862
862
861
861
859
858
855
855
854
853
848
847
846
846
845
844
843
839
836
836
835
835
832
830
829
826
825
821
820
820
820
819
817
816
813
811
804
804
804
803
801
801
800
800
798
797
792
791
791
791
790
790
789
786
785
785
784
771
767
751
751
750
742
740
739
736
734
730
727
726
726
725
719
717
716
716
712
711
710
707
707
702
697
697
689
687
686
680
676
676
664
661
660
660
658
655
655
654
653
652
652
650
650
650
647
647
644
643
641
639
638
636
636
634
633
629
626
622
620
620
618
616
612
611
610
610
608
605
603
603
602
601
600
598
598
597
597
593
592
589
586
585
585
583
581
577
576
575
572
570
569
565
564
562
559
555
551
550
549
547
546
542
541
541
539
538
536
534
534
533
533
533
531
528
522
522
521
520
518
517
514
512
511
510
509
508
507
505
503
502
501
497
496
496
495
494
491
491
485
483
478
476
476
474
471
469
468
467
465
465
462
460
459
457
457
457
456
452
449
448
448
447
446
444
443
442
438
438
437
437
436
429
427
425
424
423
421
421
419
417
416
415
412
412
408
408
407
404
402
401
400
399
398
396
394
393
392
390
389
385
385
380
378
376
371
371
369
368
367
364
363
361
360
359
356
353
353
353
352
351
349
347
347
347
345
343
342
341
340
339
338
337
337
336
336
335
333
330
330
328
328
327
326
325
325
322
319
317
316
315
314
311
307
307
307
305
304
299
294
293
292
292
291
291
291
290
285
284
284
284
282
280
279
278
278
277
273
273
272
269
268
267
265
264
264
263
263
260
259
248
247
246
245
241
240
240
240
237
237
237
234
230
230
230
228
227
227
220
217
214
211
211
211
210
207
206
206
206
205
204
204
202
199
196
195
193
190
190
186
185
183
183
180
180
179
178
177
174
173
170
170
169
167
167
167
166
164
162
158
158
156
154
153
153
152
152
152
151
147
146
144
139
139
137
136
136
135
131
128
126
126
121
121
119
118
118
114
110
110
106
106
105
105
104
104
104
101
100
98
97
95
94
94
87
86
85
84
83
80
78
77
75
74
73
72
72
70
68
68
67
66
62
60
59
59
58
58
57
54
50
49
47
44
42
38
35
34
31
30
26
24
23
22
18
16
16
14
11
9
8
6
5
2
1
0
0
