32766
32766
32766
32766
32764
32764
32764
32762
32761
32760
32760
32760
32759
32759
32759
32757
32755
32754
32753
32752
32752
32752
32752
32751
32749
32747
32746
32745
32744
32743
32742
32741
32741
32740
32738
32738
32738
32738
32737
32737
32736
32735
32735
32734
32734
32734
32734
32734
32733
32732
32732
32732
32731
32731
32730
32729
32728
32728
32727
32726
32726
32726
32726
32725
32725
32725
32723
32723
32723
32723
32722
32721
32721
32720
32719
32719
32719
32718
32717
32716
32716
32716
32714
32714
32713
32713
32710
32709
32709
32709
32707
32707
32707
32707
32706
32706
32705
32704
32704
32704
32704
32703
32703
32702
32702
32702
32702
32701
32700
32700
32699
32697
32697
32697
32697
32696
32695
32695
32694
32694
32692
32692
32691
32690
32687
32686
32685
32683
32683
32682
32681
32681
32679
32679
32673
32672
32671
32670
32670
32669
32668
32668
32668
32667
32667
32666
32665
32665
32663
32663
32662
32662
32661
32660
32659
32659
32659
32658
32657
32656
32655
32655
32654
32654
32653
32652
32652
32651
32650
32650
32650
32650
32649
32648
32647
32647
32647
32646
32646
32646
32645
32645
32642
32642
32641
32640
32640
32637
32636
32636
32635
32634
32634
32634
32633
32633
32633
32632
32631
32631
32631
32630
32629
32628
32628
32628
32627
32627
32626
32626
32626
32626
32624
32623
32623
32622
32621
32620
32620
32620
32620
32619
32618
32617
32616
32616
32614
32613
32613
32613
32610
32610
32608
32606
32605
32604
32604
32603
32602
32602
32602
32601
32599
32599
32598
32597
32596
32596
32595
32595
32594
32594
32594
32593
32593
32592
32592
32590
32590
32590
32589
32588
32588
32588
32588
32588
32587
32586
32584
32584
32584
32584
32582
32580
32579
32579
32577
32576
32576
32572
32570
32570
32569
32569
32569
32569
32568
32567
32566
32566
32565
32565
32564
32564
32564
32564
32562
32562
32562
32561
32561
32560
32560
32558
32557
32557
32556
32555
32555
32555
32553
32552
32551
32550
32550
32549
32549
32549
32548
32548
32548
32547
32547
32546
32545
32544
32544
32544
32542
32540
32540
32540
32540
32539
32538
32537
32537
32536
32536
32536
32535
32535
32535
32534
32534
32533
32532
32532
32531
32531
32531
32530
32530
32530
32529
32528
32526
32525
32525
32525
32524
32524
32524
32522
32521
32520
32520
32519
32518
32517
32517
32515
32515
32514
32514
32513
32513
32512
32512
32511
32510
32510
32510
32509
32508
32508
32507
32507
32506
32506
32506
32506
32506
32505
32505
32504
32504
32502
32502
32502
32502
32502
32499
32497
32496
32496
32494
32494
32493
32492
32492
32491
32491
32490
32490
32490
32489
32488
32487
32486
32486
32486
32485
32484
32484
32484
32484
32482
32481
32481
32481
32481
32480
32479
32477
32477
32477
32476
32476
32474
32473
32471
32471
32469
32468
32467
32466
32466
32466
32464
32463
32463
32463
32463
32463
32461
32459
32459
32459
32458
32458
32457
32456
32456
32456
32456
32455
32453
32452
32452
32452
32452
32451
32450
32450
32449
32449
32448
32447
32447
32447
32446
32445
32445
32445
32444
32444
32443
32442
32441
32440
32440
32439
32439
32438
32438
32437
32437
32436
32436
32436
32435
32434
32433
32433
32432
32430
32429
32428
32428
32427
32427
32426
32426
32425
32424
32423
32423
32423
32422
32418
32418
32417
32416
32416
32416
32415
32414
32414
32413
32413
32413
32412
32412
32412
32412
32411
32410
32410
32409
32409
32406
32406
32406
32406
32405
32405
32405
32404
32404
32403
32402
32402
32401
32401
32399
32399
32399
32398
32398
32398
32398
32398
32398
32396
32396
32395
32392
32391
32391
32391
32390
32390
32390
32390
32389
32388
32388
32387
32387
32387
32385
32384
32383
32382
32382
32381
32380
32379
32378
32378
32377
32377
32377
32376
32375
32374
32373
32372
32371
32371
32370
32369
32369
32368
32368
32368
32366
32365
32365
32365
32365
32364
32364
32363
32362
32362
32362
32362
32361
32361
32361
32360
32360
32359
32359
32359
32359
32358
32357
32356
32354
32354
32354
32352
32351
32348
32347
32347
32347
32346
32346
32344
32343
32343
32342
32342
32342
32341
32340
32338
32337
32336
32336
32335
32335
32334
32334
32334
32333
32333
32331
32331
32330
32330
32330
32330
32330
32328
32328
32326
32326
32325
32324
32324
32323
32323
32322
32322
32322
32322
32322
32321
32321
32320
32320
32320
32319
32318
32317
32317
32317
32316
32315
32313
32312
32310
32310
32310
32308
32308
32308
32307
32306
32305
32305
32305
32304
32304
32303
32303
32302
32302
32302
32300
32300
32300
32298
32298
32298
32296
32294
32294
32294
32292
32292
32292
32291
32291
32291
32290
32290
32290
32288
32288
32287
32286
32286
32286
32286
32286
32285
32285
32284
32284
32283
32283
32283
32282
32282
32282
32281
32281
32281
32280
32278
32278
32277
32277
32277
32276
32276
32275
32275
32274
32273
32273
32270
32270
32270
32266
32265
32264
32263
32260
32259
32259
32258
32258
32258
32257
32256
32256
32256
32254
32252
32252
32251
32251
32250
32250
32249
32249
32249
32247
32246
32246
32246
32245
32245
32244
32244
32244
32243
32243
32243
32243
32242
32241
32241
32240
32239
32236
32236
32236
32236
32235
32233
32233
32232
32232
32232
32229
32229
32228
32228
32228
32227
32226
32226
32226
32225
32225
32224
32224
32222
32222
32220
32220
32218
32218
32217
32217
32214
32214
32212
32212
32212
32212
32211
32210
32210
32209
32208
32208
32208
32207
32206
32205
32204
32204
32203
32203
32202
32201
32201
32201
32201
32200
32200
32197
32196
32195
32195
32194
32194
32193
32193
32192
32191
32190
32190
32190
32190
32190
32189
32189
32189
32188
32188
32188
32188
32188
32187
32186
32186
32186
32186
32186
32184
32184
32184
32183
32181
32180
32180
32180
32179
32179
32178
32178
32177
32177
32177
32175
32175
32175
32173
32173
32173
32172
32172
32172
32171
32170
32169
32169
32169
32167
32167
32166
32166
32166
32165
32163
32162
32159
32159
32158
32157
32156
32156
32156
32155
32155
32154
32153
32152
32152
32152
32148
32148
32148
32148
32146
32145
32144
32143
32143
32143
32143
32142
32141
32141
32140
32140
32140
32140
32140
32138
32137
32137
32137
32136
32135
32135
32135
32134
32132
32132
32131
32131
32130
32130
32130
32130
32129
32129
32128
32128
32126
32126
32125
32125
32124
32123
32122
32122
32122
32122
32122
32121
32119
32119
32118
32118
32118
32116
32116
32115
32115
32113
32113
32113
32112
32111
32110
32108
32108
32107
32105
32105
32105
32104
32104
32104
32103
32102
32102
32102
32101
32100
32099
32097
32097
32097
32096
32095
32095
32095
32094
32094
32093
32093
32092
32091
32091
32091
32090
32090
32090
32089
32089
32088
32087
32086
32086
32085
32085
32085
32085
32085
32085
32085
32083
32083
32082
32082
32081
32081
32081
32081
32080
32079
32079
32077
32077
32077
32075
32074
32074
32073
32073
32073
32073
32072
32070
32069
32069
32069
32068
32068
32068
32068
32066
32066
32066
32065
32064
32064
32064
32063
32062
32062
32061
32061
32060
32057
32057
32057
32056
32056
32054
32054
32053
32053
32053
32052
32051
32051
32051
32051
32051
32050
32049
32048
32048
32047
32047
32044
32044
32044
32043
32043
32042
32041
32041
32041
32037
32037
32036
32032
32032
32032
32031
32029
32028
32025
32025
32024
32024
32023
32023
32023
32022
32022
32021
32021
32021
32021
32020
32019
32018
32018
32018
32017
32017
32016
32015
32015
32014
32014
32013
32012
32012
32011
32011
32010
32010
32010
32009
32008
32008
32008
32006
32005
32004
32003
32003
32003
32002
32000
31999
31999
31998
31997
31997
31996
31995
31993
31992
31991
31991
31991
31991
31988
31988
31987
31986
31985
31985
31985
31985
31985
31985
31984
31984
31984
31983
31982
31982
31981
31980
31980
31980
31980
31978
31978
31978
31976
31975
31975
31975
31974
31973
31972
31972
31971
31971
31969
31969
31969
31968
31967
31967
31967
31965
31965
31965
31965
31964
31963
31962
31962
31961
31961
31961
31960
31959
31959
31959
31959
31958
31957
31957
31957
31956
31956
31956
31955
31954
31953
31953
31953
31952
31952
31951
31951
31951
31951
31950
31950
31950
31950
31948
31948
31947
31947
31947
31947
31946
31945
31945
31944
31943
31942
31941
31941
31941
31940
31940
31940
31937
31937
31936
31934
31933
31933
31933
31931
31931
31930
31929
31928
31928
31925
31924
31924
31922
31920
31918
31918
31918
31917
31916
31916
31916
31916
31915
31915
31915
31914
31914
31913
31911
31911
31909
31908
31907
31906
31906
31906
31904
31904
31903
31903
31902
31901
31901
31900
31900
31900
31899
31899
31899
31898
31898
31897
31897
31896
31894
31893
31893
31892
31892
31891
31891
31891
31890
31890
31890
31889
31888
31886
31886
31886
31885
31885
31883
31882
31882
31882
31881
31879
31879
31877
31877
31877
31876
31875
31875
31875
31874
31873
31873
31873
31872
31872
31872
31870
31870
31869
31868
31868
31867
31867
31867
31866
31866
31866
31865
31865
31865
31865
31863
31863
31862
31861
31859
31859
31859
31857
31855
31855
31853
31853
31853
31852
31852
31851
31851
31850
31849
31848
31848
31847
31847
31846
31845
31845
31844
31844
31844
31844
31843
31842
31841
31841
31840
31840
31840
31839
31839
31839
31838
31838
31837
31836
31836
31836
31834
31833
31831
31831
31831
31831
31830
31829
31829
31829
31829
31829
31828
31826
31825
31824
31824
31823
31822
31821
31820
31820
31816
31816
31815
31814
31812
31812
31811
31810
31809
31809
31808
31806
31804
31804
31804
31803
31803
31802
31802
31802
31801
31800
31800
31800
31798
31797
31796
31795
31795
31795
31795
31794
31794
31794
31792
31791
31790
31790
31788
31787
31787
31786
31786
31785
31785
31784
31784
31783
31782
31782
31781
31781
31780
31780
31780
31778
31776
31776
31776
31775
31775
31774
31774
31774
31774
31773
31773
31771
31769
31768
31767
31766
31766
31765
31765
31765
31764
31763
31763
31762
31761
31760
31760
31759
31758
31758
31758
31758
31757
31757
31757
31756
31756
31756
31753
31753
31753
31751
31751
31751
31751
31750
31749
31749
31748
31745
31743
31742
31741
31741
31739
31739
31739
31738
31738
31737
31737
31736
31735
31733
31732
31731
31730
31730
31729
31729
31729
31729
31728
31728
31727
31726
31726
31724
31723
31722
31721
31720
31720
31719
31717
31716
31716
31716
31714
31714
31713
31713
31712
31712
31711
31709
31708
31708
31707
31707
31706
31706
31706
31706
31705
31705
31704
31703
31702
31702
31702
31700
31700
31699
31699
31699
31698
31695
31694
31694
31694
31694
31693
31692
31691
31690
31690
31690
31689
31688
31687
31687
31686
31684
31684
31683
31683
31682
31682
31682
31682
31681
31680
31679
31679
31678
31677
31677
31676
31676
31676
31675
31675
31675
31674
31674
31673
31670
31669
31665
31664
31664
31663
31663
31662
31662
31661
31661
31659
31658
31658
31657
31657
31656
31656
31655
31655
31655
31654
31654
31653
31653
31652
31651
31650
31649
31648
31647
31647
31646
31645
31645
31645
31645
31645
31644
31643
31642
31642
31642
31642
31640
31639
31639
31638
31637
31637
31637
31637
31637
31635
31635
31634
31633
31632
31632
31632
31632
31630
31630
31630
31630
31629
31629
31628
31628
31628
31627
31627
31627
31626
31626
31626
31625
31623
31623
31622
31622
31621
31619
31619
31619
31619
31618
31618
31617
31617
31617
31616
31616
31616
31615
31611
31611
31610
31610
31609
31609
31609
31608
31607
31607
31607
31606
31606
31605
31605
31605
31604
31603
31601
31601
31601
31600
31600
31599
31599
31599
31599
31597
31596
31595
31595
31595
31594
31593
31592
31591
31591
31589
31589
31588
31587
31586
31585
31584
31584
31583
31582
31582
31580
31580
31580
31580
31579
31578
31577
31576
31575
31574
31573
31573
31572
31571
31570
31569
31569
31568
31567
31567
31567
31566
31566
31565
31565
31565
31564
31564
31563
31563
31563
31562
31562
31561
31560
31560
31559
31558
31558
31558
31556
31556
31555
31555
31554
31553
31553
31553
31551
31551
31550
31549
31549
31549
31548
31548
31548
31546
31546
31545
31545
31544
31543
31543
31543
31543
31542
31542
31542
31542
31541
31541
31540
31540
31539
31539
31538
31538
31537
31535
31534
31534
31534
31532
31531
31530
31529
31528
31527
31525
31525
31524
31523
31521
31520
31520
31520
31520
31520
31519
31518
31517
31517
31516
31516
31515
31514
31514
31514
31514
31514
31514
31513
31512
31511
31511
31510
31507
31507
31505
31503
31503
31503
31503
31503
31502
31502
31501
31500
31500
31498
31498
31498
31497
31496
31496
31496
31495
31495
31494
31494
31494
31494
31494
31493
31492
31492
31491
31490
31490
31488
31488
31487
31487
31487
31486
31484
31484
31484
31484
31483
31483
31479
31478
31478
31477
31477
31476
31475
31475
31474
31473
31473
31472
31472
31471
31469
31469
31468
31468
31467
31466
31466
31465
31464
31464
31461
31461
31461
31460
31460
31460
31459
31459
31457
31456
31456
31455
31455
31455
31455
31453
31452
31451
31451
31450
31449
31448
31448
31448
31446
31446
31445
31444
31444
31442
31442
31442
31442
31441
31441
31441
31441
31441
31440
31439
31439
31438
31438
31437
31436
31436
31436
31435
31435
31432
31432
31432
31431
31430
31430
31430
31429
31428
31428
31426
31426
31426
31426
31426
31424
31422
31422
31422
31421
31420
31420
31419
31418
31418
31417
31416
31416
31416
31416
31416
31415
31415
31415
31413
31413
31412
31411
31410
31410
31409
31408
31408
31408
31408
31407
31406
31406
31406
31404
31403
31403
31403
31401
31400
31400
31400
31399
31398
31396
31394
31393
31392
31391
31390
31390
31390
31390
31388
31388
31387
31387
31387
31386
31385
31385
31385
31385
31384
31383
31383
31383
31381
31379
31378
31378
31378
31378
31377
31376
31375
31375
31375
31374
31374
31373
31373
31372
31372
31370
31368
31366
31365
31365
31364
31364
31363
31363
31360
31360
31360
31359
31357
31357
31354
31351
31351
31348
31347
31347
31346
31346
31346
31345
31345
31343
31343
31342
31341
31341
31338
31337
31337
31337
31337
31335
31335
31334
31334
31334
31334
31334
31332
31332
31332
31332
31332
31332
31331
31331
31331
31330
31330
31329
31329
31329
31329
31328
31328
31328
31328
31327
31326
31325
31323
31321
31321
31321
31320
31319
31319
31318
31317
31315
31314
31312
31312
31312
31310
31310
31309
31308
31307
31306
31306
31305
31305
31305
31305
31304
31304
31303
31303
31302
31302
31300
31299
31297
31297
31295
31295
31295
31294
31293
31291
31291
31290
31289
31289
31289
31289
31288
31288
31288
31288
31287
31285
31285
31284
31284
31284
31284
31283
31283
31282
31281
31280
31279
31278
31275
31275
31275
31275
31275
31275
31274
31274
31274
31272
31272
31272
31271
31270
31269
31269
31266
31266
31266
31264
31264
31264
31264
31264
31264
31262
31262
31260
31260
31260
31259
31258
31258
31258
31257
31256
31256
31256
31256
31254
31254
31253
31253
31252
31252
31252
31252
31251
31250
31248
31248
31246
31246
31245
31245
31243
31243
31242
31242
31242
31241
31241
31241
31241
31240
31239
31239
31237
31237
31236
31236
31236
31236
31235
31234
31234
31233
31233
31232
31232
31232
31229
31229
31228
31227
31227
31227
31226
31224
31224
31223
31223
31223
31222
31221
31220
31220
31219
31219
31218
31217
31217
31216
31214
31213
31212
31212
31211
31211
31208
31206
31206
31205
31204
31201
31195
31195
31193
31193
31192
31190
31190
31190
31188
31187
31186
31186
31186
31186
31183
31183
31183
31183
31183
31181
31180
31179
31178
31178
31175
31173
31172
31172
31172
31172
31171
31171
31171
31170
31170
31170
31169
31169
31166
31166
31166
31166
31165
31164
31164
31162
31162
31161
31160
31160
31160
31159
31158
31158
31157
31154
31153
31152
31151
31146
31146
31146
31145
31145
31143
31142
31142
31142
31141
31141
31140
31140
31139
31138
31133
31133
31133
31132
31132
31130
31130
31129
31127
31126
31125
31124
31123
31123
31121
31121
31121
31120
31119
31119
31119
31119
31117
31117
31117
31116
31116
31115
31115
31115
31114
31113
31112
31112
31112
31112
31112
31112
31111
31111
31111
31111
31110
31107
31106
31106
31104
31104
31102
31102
31102
31101
31101
31099
31098
31098
31097
31097
31096
31096
31096
31095
31093
31093
31093
31092
31090
31088
31088
31088
31087
31087
31087
31086
31085
31083
31083
31081
31081
31080
31080
31079
31079
31078
31077
31077
31076
31074
31073
31072
31071
31070
31070
31070
31067
31067
31066
31062
31062
31061
31061
31059
31059
31057
31057
31056
31055
31055
31055
31055
31054
31052
31052
31047
31046
31046
31046
31045
31045
31044
31043
31043
31042
31042
31042
31042
31041
31040
31038
31038
31038
31038
31037
31037
31036
31035
31035
31034
31033
31033
31033
31032
31032
31032
31032
31032
31031
31031
31031
31030
31030
31030
31030
31030
31028
31028
31027
31026
31026
31026
31026
31025
31025
31025
31025
31024
31024
31024
31024
31023
31021
31021
31020
31019
31017
31016
31016
31016
31015
31015
31013
31013
31013
31012
31011
31010
31009
31009
31008
31007
31007
31007
31007
31006
31005
31003
31000
30999
30999
30998
30998
30997
30997
30997
30996
30996
30995
30994
30994
30994
30993
30991
30990
30990
30990
30990
30989
30989
30989
30989
30989
30988
30988
30987
30987
30986
30985
30985
30985
30985
30983
30980
30978
30977
30975
30975
30975
30971
30971
30970
30968
30967
30967
30967
30967
30966
30966
30966
30965
30965
30965
30965
30964
30964
30963
30963
30962
30962
30962
30961
30959
30959
30957
30957
30957
30955
30954
30954
30954
30952
30951
30951
30950
30948
30948
30947
30947
30947
30945
30945
30944
30944
30944
30943
30943
30943
30943
30943
30942
30942
30942
30941
30941
30941
30941
30941
30940
30940
30940
30939
30939
30938
30938
30937
30937
30936
30936
30936
30935
30935
30935
30934
30934
30931
30931
30929
30929
30929
30928
30928
30927
30927
30926
30926
30924
30924
30923
30922
30922
30921
30921
30921
30920
30920
30920
30919
30919
30919
30919
30918
30917
30917
30917
30917
30916
30916
30916
30915
30915
30915
30915
30915
30914
30913
30912
30912
30912
30910
30910
30909
30907
30907
30906
30905
30903
30903
30902
30902
30902
30902
30902
30901
30901
30901
30899
30899
30897
30897
30897
30896
30896
30896
30895
30895
30895
30895
30894
30893
30893
30891
30891
30890
30890
30889
30889
30888
30887
30887
30885
30885
30885
30885
30885
30884
30883
30883
30883
30883
30881
30881
30881
30881
30881
30880
30880
30880
30879
30879
30879
30878
30877
30877
30876
30873
30873
30873
30873
30873
30872
30871
30871
30871
30870
30869
30868
30867
30867
30866
30865
30865
30865
30865
30863
30860
30860
30860
30859
30859
30858
30857
30856
30856
30854
30851
30849
30847
30847
30847
30846
30846
30845
30844
30841
30841
30840
30839
30839
30836
30835
30835
30834
30833
30832
30832
30831
30830
30828
30827
30826
30826
30825
30825
30824
30823
30821
30821
30820
30820
30819
30819
30818
30818
30818
30818
30817
30817
30817
30816
30816
30816
30815
30815
30814
30813
30812
30811
30810
30810
30809
30808
30805
30805
30805
30804
30802
30802
30802
30801
30801
30800
30800
30799
30798
30798
30798
30797
30796
30795
30794
30793
30792
30792
30792
30791
30791
30791
30790
30790
30789
30789
30787
30786
30786
30786
30785
30784
30783
30783
30782
30781
30780
30780
30778
30778
30778
30778
30777
30777
30777
30776
30775
30775
30774
30774
30772
30771
30770
30769
30769
30768
30768
30767
30766
30765
30764
30764
30763
30760
30760
30759
30757
30756
30756
30755
30754
30754
30754
30753
30753
30753
30751
30751
30750
30748
30748
30746
30746
30744
30744
30744
30743
30742
30741
30740
30740
30740
30739
30738
30738
30737
30736
30735
30735
30734
30733
30732
30729
30729
30728
30726
30726
30726
30725
30725
30724
30724
30723
30723
30722
30721
30721
30719
30718
30717
30716
30716
30715
30715
30715
30712
30712
30712
30711
30710
30710
30709
30709
30708
30708
30707
30707
30706
30706
30705
30704
30704
30704
30703
30703
30702
30702
30701
30700
30700
30700
30699
30699
30699
30698
30697
30697
30697
30696
30695
30695
30694
30694
30694
30693
30692
30692
30691
30691
30690
30690
30689
30689
30688
30687
30686
30685
30683
30683
30683
30683
30682
30682
30682
30680
30679
30677
30677
30677
30676
30676
30675
30675
30674
30672
30672
30670
30670
30669
30668
30667
30667
30665
30664
30664
30664
30664
30663
30662
30662
30662
30661
30661
30660
30660
30659
30658
30658
30658
30657
30657
30657
30656
30656
30654
30654
30652
30652
30651
30650
30649
30648
30647
30647
30647
30647
30647
30646
30646
30646
30645
30644
30644
30642
30642
30642
30642
30641
30641
30640
30640
30639
30639
30639
30637
30636
30635
30635
30635
30635
30634
30634
30634
30633
30632
30632
30632
30631
30631
30631
30629
30628
30627
30626
30624
30624
30624
30624
30624
30622
30622
30621
30620
30619
30618
30617
30617
30616
30616
30615
30615
30614
30613
30612
30612
30612
30611
30611
30610
30608
30608
30607
30606
30605
30605
30605
30604
30604
30604
30603
30603
30602
30601
30600
30600
30600
30597
30597
30597
30595
30594
30593
30593
30593
30593
30592
30592
30591
30589
30589
30588
30588
30587
30587
30586
30585
30585
30585
30585
30583
30582
30582
30582
30581
30581
30581
30580
30580
30579
30578
30577
30577
30577
30577
30576
30576
30575
30574
30573
30572
30572
30572
30572
30572
30571
30571
30571
30570
30569
30569
30569
30569
30568
30568
30568
30567
30564
30564
30564
30562
30562
30562
30561
30559
30559
30558
30558
30557
30557
30556
30555
30554
30554
30552
30552
30552
30551
30551
30550
30550
30549
30548
30548
30548
30546
30545
30545
30545
30545
30544
30541
30541
30540
30537
30537
30536
30536
30535
30534
30533
30533
30532
30531
30530
30530
30530
30529
30528
30528
30527
30526
30525
30525
30524
30524
30523
30523
30522
30521
30521
30519
30519
30518
30518
30516
30514
30514
30513
30513
30513
30513
30512
30512
30512
30511
30510
30510
30510
30510
30509
30509
30509
30508
30508
30508
30508
30507
30507
30507
30505
30505
30504
30503
30502
30502
30501
30501
30500
30499
30499
30498
30498
30498
30496
30495
30495
30495
30494
30493
30493
30492
30492
30492
30489
30489
30488
30488
30488
30487
30485
30485
30485
30484
30483
30483
30483
30483
30482
30482
30482
30481
30479
30479
30478
30478
30478
30477
30475
30474
30473
30473
30473
30473
30473
30472
30472
30470
30470
30470
30469
30468
30466
30466
30465
30465
30464
30463
30463
30462
30461
30461
30461
30460
30460
30459
30458
30457
30456
30455
30455
30455
30455
30453
30453
30452
30452
30452
30451
30451
30451
30451
30450
30449
30448
30448
30447
30447
30446
30446
30446
30446
30445
30444
30441
30441
30440
30439
30437
30435
30435
30435
30433
30433
30432
30431
30430
30428
30427
30427
30426
30426
30426
30425
30424
30422
30421
30420
30420
30420
30420
30419
30417
30416
30415
30415
30415
30415
30414
30414
30414
30414
30413
30413
30413
30412
30412
30411
30411
30411
30411
30410
30410
30410
30408
30408
30408
30408
30407
30407
30406
30405
30405
30404
30403
30402
30402
30401
30400
30399
30399
30398
30398
30398
30396
30395
30394
30394
30394
30392
30392
30391
30391
30390
30389
30388
30387
30387
30386
30386
30385
30385
30384
30383
30382
30381
30380
30378
30378
30377
30377
30377
30377
30377
30373
30373
30372
30371
30371
30369
30369
30369
30369
30368
30366
30365
30364
30363
30362
30361
30361
30361
30360
30358
30358
30357
30357
30357
30357
30357
30355
30355
30354
30354
30353
30353
30349
30349
30348
30348
30346
30345
30345
30345
30344
30344
30341
30341
30340
30340
30339
30339
30338
30337
30337
30337
30336
30336
30335
30334
30334
30333
30333
30332
30331
30330
30330
30328
30327
30327
30326
30325
30324
30324
30324
30323
30323
30322
30321
30321
30320
30320
30320
30318
30317
30317
30314
30314
30313
30313
30312
30311
30311
30310
30310
30310
30309
30308
30308
30307
30307
30306
30305
30305
30304
30304
30303
30302
30301
30300
30300
30300
30299
30299
30299
30299
30299
30298
30298
30298
30297
30297
30296
30295
30295
30295
30294
30294
30293
30293
30292
30292
30291
30290
30290
30288
30288
30287
30286
30285
30285
30283
30283
30283
30283
30283
30283
30282
30282
30281
30281
30280
30279
30279
30279
30279
30278
30277
30276
30276
30276
30274
30274
30274
30273
30271
30270
30270
30269
30269
30268
30267
30264
30264
30264
30262
30261
30260
30258
30257
30257
30257
30256
30255
30254
30254
30253
30252
30250
30250
30249
30247
30246
30246
30245
30243
30243
30242
30242
30241
30240
30239
30237
30237
30236
30236
30236
30236
30235
30233
30233
30233
30232
30232
30232
30226
30225
30224
30224
30223
30223
30222
30222
30221
30221
30221
30219
30219
30219
30218
30218
30218
30218
30218
30215
30214
30214
30212
30212
30211
30211
30210
30210
30209
30208
30207
30206
30206
30206
30205
30205
30205
30204
30203
30203
30203
30201
30201
30201
30200
30198
30198
30198
30197
30197
30195
30195
30190
30190
30190
30190
30189
30189
30188
30188
30188
30188
30187
30187
30186
30186
30185
30185
30184
30182
30182
30181
30176
30175
30174
30173
30173
30171
30171
30171
30170
30168
30166
30164
30164
30164
30161
30160
30160
30159
30159
30159
30159
30158
30158
30156
30154
30153
30153
30152
30152
30152
30151
30151
30150
30150
30149
30148
30148
30148
30147
30146
30146
30146
30143
30142
30142
30142
30141
30141
30140
30138
30138
30138
30138
30138
30138
30138
30138
30137
30136
30136
30135
30135
30134
30133
30133
30133
30133
30132
30131
30131
30131
30130
30129
30129
30129
30128
30128
30127
30126
30126
30126
30125
30125
30124
30124
30124
30123
30123
30121
30120
30119
30119
30119
30116
30116
30116
30115
30115
30115
30115
30114
30113
30113
30112
30112
30112
30112
30111
30111
30111
30111
30110
30110
30109
30109
30106
30105
30105
30103
30102
30101
30101
30100
30100
30100
30099
30098
30097
30096
30095
30095
30094
30093
30093
30093
30093
30091
30091
30091
30091
30090
30088
30088
30087
30087
30086
30085
30084
30084
30083
30082
30082
30082
30082
30080
30080
30079
30077
30077
30077
30076
30075
30075
30075
30074
30073
30073
30073
30072
30070
30070
30069
30067
30067
30067
30067
30066
30066
30066
30065
30064
30063
30063
30063
30062
30061
30061
30061
30060
30059
30058
30057
30056
30056
30056
30055
30055
30053
30053
30052
30051
30051
30051
30051
30050
30050
30050
30050
30050
30049
30048
30047
30046
30046
30046
30046
30046
30045
30044
30044
30043
30043
30043
30041
30040
30040
30039
30038
30037
30036
30036
30034
30034
30034
30033
30033
30033
30032
30032
30032
30030
30030
30028
30028
30028
30028
30027
30025
30025
30025
30025
30024
30024
30024
30024
30023
30022
30022
30022
30021
30021
30021
30020
30020
30015
30015
30014
30014
30013
30013
30012
30011
30011
30010
30009
30009
30008
30008
30008
30007
30006
30006
30005
30005
30005
30004
30004
30003
30003
30002
30001
30001
30000
30000
29999
29999
29997
29995
29994
29992
29991
29991
29991
29991
29989
29988
29988
29988
29987
29987
29987
29985
29984
29981
29981
29979
29979
29978
29978
29977
29975
29974
29974
29974
29974
29974
29974
29973
29973
29972
29971
29971
29971
29970
29969
29968
29968
29967
29967
29967
29966
29966
29966
29964
29964
29963
29963
29963
29963
29962
29960
29960
29959
29956
29956
29956
29955
29954
29954
29954
29953
29953
29953
29952
29951
29950
29949
29948
29947
29947
29947
29946
29946
29946
29945
29944
29944
29943
29943
29941
29937
29937
29936
29936
29934
29933
29933
29932
29932
29931
29930
29929
29928
29928
29928
29926
29925
29924
29924
29923
29923
29922
29922
29922
29921
29921
29920
29920
29918
29918
29918
29917
29917
29917
29916
29914
29912
29911
29910
29908
29908
29908
29908
29908
29908
29908
29907
29907
29907
29907
29906
29906
29905
29905
29903
29901
29900
29900
29900
29900
29898
29897
29897
29896
29896
29895
29895
29894
29894
29894
29894
29891
29890
29889
29889
29889
29889
29887
29887
29886
29885
29885
29884
29883
29883
29883
29881
29881
29881
29879
29879
29878
29878
29878
29878
29877
29876
29875
29875
29875
29874
29874
29874
29874
29873
29873
29873
29873
29872
29872
29872
29871
29870
29870
29870
29869
29869
29869
29869
29869
29869
29867
29866
29866
29866
29866
29866
29865
29864
29863
29863
29862
29861
29861
29860
29860
29860
29858
29858
29857
29857
29856
29856
29854
29853
29852
29852
29852
29852
29849
29849
29848
29848
29848
29848
29846
29846
29844
29844
29843
29842
29842
29842
29841
29841
29840
29840
29839
29837
29836
29835
29835
29834
29834
29833
29830
29830
29830
29829
29829
29829
29828
29827
29827
29826
29826
29826
29825
29824
29823
29823
29822
29822
29822
29822
29822
29820
29819
29819
29818
29818
29818
29817
29816
29815
29814
29813
29813
29813
29812
29811
29811
29811
29810
29810
29810
29810
29809
29809
29809
29808
29808
29807
29807
29806
29806
29806
29804
29804
29803
29803
29802
29802
29802
29802
29801
29800
29800
29799
29798
29797
29796
29796
29796
29796
29795
29794
29794
29793
29793
29793
29792
29790
29790
29789
29789
29787
29786
29786
29785
29784
29783
29782
29782
29780
29778
29777
29777
29776
29775
29774
29773
29773
29773
29773
29773
29773
29771
29771
29771
29770
29769
29769
29766
29765
29764
29764
29764
29764
29763
29763
29761
29761
29761
29760
29760
29760
29760
29759
29758
29758
29758
29756
29756
29755
29753
29752
29751
29751
29751
29751
29751
29750
29748
29748
29747
29746
29746
29746
29746
29745
29745
29745
29743
29742
29742
29742
29741
29741
29740
29740
29740
29739
29738
29738
29736
29735
29735
29734
29732
29732
29730
29729
29729
29728
29727
29726
29725
29725
29725
29724
29723
29723
29723
29722
29722
29720
29719
29719
29719
29718
29717
29717
29717
29717
29716
29715
29714
29714
29713
29712
29711
29711
29710
29709
29708
29708
29708
29708
29707
29706
29706
29706
29704
29702
29701
29701
29701
29701
29700
29700
29699
29699
29698
29698
29698
29698
29697
29697
29696
29696
29694
29693
29692
29692
29691
29691
29690
29688
29687
29685
29685
29685
29684
29684
29684
29684
29683
29682
29680
29680
29679
29677
29677
29677
29676
29675
29675
29674
29672
29672
29672
29671
29671
29669
29668
29668
29668
29666
29666
29664
29664
29663
29663
29662
29662
29662
29662
29661
29661
29661
29660
29659
29659
29659
29659
29658
29658
29658
29657
29657
29656
29656
29655
29655
29654
29654
29654
29653
29653
29651
29651
29650
29649
29648
29647
29647
29647
29646
29646
29644
29644
29644
29643
29643
29641
29641
29640
29639
29639
29639
29639
29639
29638
29638
29638
29637
29635
29634
29633
29633
29632
29632
29632
29631
29629
29628
29628
29626
29626
29626
29625
29625
29625
29625
29625
29624
29624
29624
29624
29623
29622
29622
29622
29620
29619
29617
29616
29616
29614
29613
29613
29612
29612
29611
29611
29610
29610
29610
29608
29607
29607
29607
29606
29605
29605
29604
29603
29603
29603
29603
29601
29601
29601
29601
29601
29600
29599
29599
29599
29598
29598
29597
29597
29596
29596
29594
29594
29594
29593
29592
29592
29592
29591
29591
29591
29590
29590
29589
29588
29588
29587
29587
29586
29586
29584
29583
29583
29582
29582
29582
29582
29582
29582
29582
29581
29580
29580
29580
29580
29579
29579
29579
29579
29579
29577
29576
29575
29575
29575
29574
29574
29573
29573
29573
29572
29571
29571
29570
29570
29570
29569
29569
29569
29569
29568
29567
29567
29565
29562
29562
29562
29561
29560
29560
29559
29559
29558
29558
29558
29557
29556
29556
29556
29554
29554
29554
29554
29553
29553
29553
29553
29552
29551
29550
29549
29548
29547
29546
29546
29546
29545
29545
29544
29544
29543
29543
29543
29542
29541
29541
29540
29540
29539
29539
29536
29536
29534
29533
29533
29532
29532
29532
29530
29529
29529
29527
29527
29523
29523
29522
29521
29521
29521
29521
29521
29520
29520
29519
29518
29518
29517
29515
29515
29515
29515
29514
29511
29511
29511
29510
29510
29509
29508
29508
29508
29508
29507
29507
29504
29504
29503
29503
29502
29501
29500
29500
29499
29497
29497
29496
29496
29495
29495
29494
29492
29491
29489
29489
29488
29487
29486
29486
29485
29485
29485
29485
29485
29484
29484
29484
29483
29481
29481
29481
29481
29480
29480
29480
29479
29479
29479
29478
29478
29478
29477
29477
29476
29476
29475
29475
29475
29474
29473
29473
29473
29471
29470
29470
29469
29468
29468
29467
29467
29466
29466
29465
29465
29459
29459
29459
29458
29458
29457
29457
29456
29456
29456
29453
29453
29453
29453
29452
29452
29451
29451
29449
29448
29448
29447
29447
29446
29446
29445
29445
29443
29443
29441
29441
29440
29440
29437
29437
29436
29435
29435
29433
29432
29432
29431
29429
29428
29427
29427
29427
29426
29426
29426
29426
29425
29424
29424
29422
29421
29421
29420
29420
29420
29419
29419
29416
29416
29415
29415
29414
29414
29412
29412
29412
29412
29411
29409
29408
29406
29405
29405
29405
29404
29404
29403
29402
29402
29402
29401
29401
29400
29399
29398
29398
29398
29397
29397
29397
29397
29394
29394
29394
29393
29393
29393
29393
29392
29392
29392
29390
29389
29389
29389
29388
29388
29388
29388
29387
29387
29386
29385
29385
29385
29385
29385
29384
29384
29382
29381
29381
29380
29380
29379
29378
29377
29375
29374
29374
29374
29373
29373
29373
29372
29372
29372
29372
29371
29370
29370
29369
29369
29369
29368
29367
29367
29367
29366
29365
29365
29365
29365
29364
29364
29364
29363
29362
29361
29361
29359
29357
29357
29356
29355
29352
29352
29349
29349
29348
29347
29346
29346
29345
29345
29345
29344
29343
29343
29342
29341
29341
29341
29340
29340
29340
29339
29339
29338
29338
29338
29337
29335
29334
29334
29334
29333
29332
29332
29331
29330
29330
29329
29328
29327
29326
29326
29326
29325
29323
29322
29322
29321
29321
29320
29319
29319
29319
29318
29318
29318
29317
29314
29314
29312
29312
29312
29311
29311
29309
29309
29309
29308
29308
29306
29305
29305
29305
29304
29303
29303
29301
29299
29298
29296
29296
29295
29295
29294
29294
29293
29293
29292
29292
29291
29291
29285
29285
29285
29284
29284
29283
29281
29281
29280
29279
29278
29278
29277
29277
29277
29275
29274
29273
29273
29272
29271
29271
29271
29271
29271
29270
29269
29268
29267
29266
29265
29264
29264
29262
29262
29261
29257
29257
29256
29255
29255
29254
29253
29252
29252
29251
29251
29250
29249
29248
29248
29247
29246
29246
29244
29242
29242
29240
29240
29240
29240
29239
29239
29238
29237
29237
29236
29236
29236
29235
29234
29234
29233
29233
29233
29232
29231
29231
29230
29230
29229
29228
29228
29228
29228
29228
29228
29227
29227
29227
29226
29226
29225
29224
29223
29223
29222
29221
29221
29221
29218
29218
29217
29217
29216
29214
29214
29214
29212
29212
29211
29211
29211
29210
29207
29206
29206
29205
29204
29203
29203
29201
29201
29201
29198
29198
29197
29197
29197
29195
29195
29195
29195
29194
29194
29193
29192
29191
29191
29190
29190
29190
29188
29187
29186
29186
29185
29184
29184
29183
29180
29180
29180
29180
29179
29179
29178
29177
29177
29177
29176
29176
29175
29175
29175
29174
29171
29171
29171
29169
29169
29168
29167
29165
29165
29164
29163
29163
29160
29160
29160
29160
29159
29159
29158
29158
29157
29157
29155
29155
29152
29152
29151
29151
29150
29150
29150
29149
29148
29148
29148
29146
29146
29145
29145
29143
29142
29141
29140
29140
29139
29138
29137
29137
29136
29136
29135
29135
29135
29135
29134
29134
29134
29134
29133
29132
29131
29130
29129
29127
29126
29124
29123
29123
29122
29122
29122
29120
29120
29120
29119
29118
29117
29117
29115
29115
29114
29113
29113
29113
29112
29111
29111
29110
29109
29108
29108
29108
29107
29107
29107
29106
29106
29105
29105
29105
29103
29103
29103
29102
29101
29101
29101
29101
29100
29098
29097
29096
29096
29095
29094
29090
29090
29089
29089
29089
29089
29086
29085
29085
29085
29084
29084
29083
29083
29082
29082
29082
29082
29081
29081
29080
29080
29078
29078
29078
29078
29078
29078
29076
29076
29076
29075
29074
29074
29073
29072
29070
29069
29069
29069
29068
29067
29067
29066
29066
29065
29065
29065
29064
29064
29064
29064
29061
29061
29061
29060
29060
29058
29058
29058
29057
29055
29055
29055
29055
29055
29054
29054
29053
29053
29052
29050
29049
29049
29049
29047
29047
29047
29046
29045
29044
29044
29043
29043
29043
29039
29039
29035
29034
29033
29032
29031
29031
29030
29030
29028
29028
29026
29025
29024
29024
29023
29021
29019
29018
29018
29017
29017
29015
29014
29013
29013
29013
29010
29009
29009
29008
29008
29008
29008
29007
29007
29006
29005
29003
29003
29002
29001
29001
29000
29000
28999
28999
28999
28997
28996
28996
28995
28995
28995
28995
28994
28994
28992
28989
28989
28988
28987
28987
28987
28986
28986
28985
28984
28984
28984
28984
28983
28983
28983
28983
28981
28981
28981
28981
28980
28980
28980
28979
28979
28979
28978
28978
28978
28977
28976
28976
28974
28973
28972
28969
28969
28969
28968
28966
28964
28963
28962
28962
28961
28961
28960
28957
28957
28956
28955
28955
28955
28955
28954
28953
28953
28952
28951
28951
28950
28950
28947
28946
28945
28945
28944
28943
28943
28943
28943
28943
28942
28942
28942
28941
28940
28940
28940
28940
28940
28939
28939
28939
28938
28938
28936
28936
28935
28935
28935
28935
28933
28933
28933
28933
28932
28932
28930
28929
28929
28929
28929
28926
28926
28926
28926
28925
28924
28923
28922
28922
28921
28921
28921
28921
28920
28920
28919
28918
28916
28916
28915
28913
28913
28913
28913
28913
28912
28910
28910
28905
28905
28905
28903
28903
28901
28900
28899
28899
28897
28894
28894
28893
28893
28893
28892
28892
28892
28891
28891
28890
28890
28889
28888
28888
28888
28887
28884
28884
28883
28883
28881
28881
28880
28880
28880
28880
28880
28879
28878
28878
28877
28877
28876
28876
28875
28875
28875
28874
28874
28874
28873
28873
28872
28872
28871
28871
28871
28871
28870
28870
28869
28868
28867
28867
28865
28865
28865
28862
28862
28861
28860
28860
28859
28859
28858
28857
28857
28857
28857
28856
28856
28855
28855
28853
28853
28851
28849
28849
28849
28849
28847
28847
28845
28845
28845
28844
28842
28842
28842
28841
28840
28840
28839
28839
28839
28838
28838
28838
28837
28837
28836
28836
28836
28835
28835
28835
28835
28834
28834
28833
28831
28831
28830
28829
28829
28828
28827
28827
28827
28826
28826
28825
28824
28824
28824
28823
28823
28823
28822
28820
28819
28819
28819
28817
28817
28816
28816
28816
28815
28815
28814
28814
28814
28812
28811
28810
28810
28810
28809
28809
28807
28806
28806
28806
28806
28803
28803
28803
28803
28802
28801
28799
28799
28798
28798
28797
28796
28795
28795
28795
28795
28794
28792
28792
28791
28790
28790
28790
28789
28789
28787
28787
28786
28786
28785
28784
28783
28782
28782
28781
28781
28781
28780
28780
28780
28779
28777
28774
28774
28774
28774
28773
28772
28770
28770
28769
28769
28769
28769
28768
28768
28767
28767
28767
28767
28767
28767
28766
28766
28765
28765
28765
28765
28763
28762
28762
28762
28762
28762
28760
28759
28757
28756
28755
28753
28753
28752
28752
28752
28752
28752
28752
28751
28751
28750
28750
28749
28747
28747
28746
28746
28746
28744
28744
28743
28742
28742
28742
28742
28741
28740
28740
28740
28739
28738
28738
28738
28738
28737
28737
28736
28735
28735
28733
28733
28733
28733
28732
28732
28732
28731
28731
28731
28731
28730
28729
28727
28727
28727
28726
28726
28726
28725
28725
28725
28723
28722
28722
28721
28719
28718
28716
28716
28715
28714
28714
28713
28713
28712
28711
28710
28710
28710
28709
28709
28709
28708
28708
28707
28706
28706
28705
28704
28704
28702
28701
28701
28701
28700
28700
28699
28699
28698
28697
28696
28695
28693
28693
28693
28693
28693
28692
28692
28690
28690
28690
28689
28689
28688
28688
28687
28687
28686
28686
28685
28684
28683
28683
28683
28682
28682
28681
28680
28679
28678
28677
28677
28675
28675
28674
28672
28671
28671
28670
28670
28669
28669
28668
28665
28664
28664
28664
28663
28661
28661
28660
28660
28659
28657
28657
28656
28656
28656
28656
28654
28653
28653
28652
28651
28650
28650
28648
28646
28646
28644
28644
28642
28641
28641
28641
28640
28639
28638
28638
28637
28637
28637
28637
28636
28634
28633
28632
28632
28631
28631
28630
28628
28628
28626
28626
28625
28625
28624
28622
28622
28622
28621
28621
28620
28620
28620
28620
28620
28618
28617
28616
28615
28614
28614
28613
28612
28612
28612
28611
28611
28610
28610
28610
28610
28609
28608
28605
28604
28604
28602
28601
28600
28600
28599
28599
28599
28598
28598
28596
28595
28594
28594
28593
28591
28591
28590
28589
28589
28588
28588
28587
28587
28586
28585
28585
28584
28584
28584
28583
28582
28582
28582
28580
28579
28579
28579
28578
28577
28576
28575
28575
28575
28574
28574
28574
28574
28573
28570
28570
28570
28569
28568
28567
28567
28566
28566
28566
28566
28566
28565
28564
28562
28561
28559
28559
28558
28558
28557
28557
28557
28556
28556
28555
28554
28551
28551
28551
28550
28550
28549
28547
28546
28546
28545
28544
28544
28542
28542
28541
28541
28540
28540
28539
28539
28538
28538
28537
28537
28536
28534
28534
28532
28532
28531
28528
28526
28525
28524
28524
28524
28524
28523
28522
28521
28519
28519
28518
28517
28516
28516
28515
28514
28511
28510
28510
28510
28509
28509
28507
28506
28505
28503
28502
28501
28500
28500
28500
28499
28499
28498
28498
28498
28498
28497
28497
28496
28496
28496
28495
28495
28494
28493
28493
28492
28491
28490
28489
28488
28488
28488
28487
28487
28487
28487
28487
28486
28485
28485
28485
28483
28483
28483
28481
28481
28478
28478
28478
28478
28476
28476
28476
28475
28474
28473
28469
28469
28467
28466
28466
28465
28465
28463
28463
28463
28462
28462
28460
28460
28460
28459
28458
28457
28456
28455
28454
28452
28451
28450
28448
28448
28447
28447
28446
28446
28444
28444
28444
28443
28443
28443
28442
28442
28442
28441
28440
28439
28439
28439
28439
28439
28438
28437
28436
28435
28435
28433
28432
28431
28430
28429
28428
28426
28426
28425
28424
28423
28420
28419
28418
28418
28418
28417
28416
28416
28414
28414
28414
28413
28410
28410
28409
28409
28409
28408
28407
28407
28407
28406
28405
28404
28404
28404
28404
28404
28403
28403
28403
28401
28401
28400
28399
28398
28398
28397
28396
28396
28396
28395
28394
28394
28393
28391
28390
28389
28389
28389
28389
28389
28388
28387
28386
28386
28384
28384
28384
28383
28383
28380
28380
28380
28380
28380
28377
28377
28376
28375
28373
28373
28373
28372
28370
28369
28369
28368
28368
28367
28367
28366
28366
28366
28364
28364
28363
28363
28363
28363
28362
28361
28361
28359
28359
28359
28358
28358
28358
28357
28355
28354
28353
28351
28351
28351
28349
28349
28348
28347
28345
28344
28343
28343
28341
28340
28340
28339
28338
28336
28336
28335
28335
28335
28334
28332
28332
28332
28330
28329
28327
28325
28325
28322
28322
28322
28321
28320
28319
28319
28317
28317
28316
28316
28316
28316
28315
28314
28313
28313
28312
28312
28311
28311
28308
28308
28307
28307
28306
28306
28306
28304
28301
28301
28301
28300
28300
28300
28299
28299
28298
28298
28298
28297
28297
28295
28295
28295
28295
28294
28294
28293
28292
28292
28290
28289
28289
28289
28287
28285
28285
28284
28283
28283
28283
28283
28283
28283
28282
28282
28282
28281
28281
28281
28281
28279
28279
28279
28278
28278
28277
28277
28274
28274
28274
28273
28273
28273
28272
28271
28271
28270
28270
28269
28268
28267
28267
28265
28262
28261
28261
28259
28259
28259
28258
28257
28255
28255
28255
28254
28254
28251
28251
28251
28250
28249
28249
28248
28248
28247
28246
28246
28246
28246
28245
28245
28244
28244
28244
28243
28243
28242
28241
28241
28240
28238
28238
28238
28237
28237
28236
28236
28235
28234
28234
28233
28233
28232
28232
28232
28231
28230
28230
28230
28229
28227
28225
28225
28225
28225
28225
28225
28224
28224
28224
28224
28224
28223
28222
28220
28220
28220
28219
28218
28217
28216
28216
28215
28215
28214
28213
28213
28212
28212
28211
28211
28211
28211
28210
28209
28208
28206
28206
28205
28203
28202
28202
28202
28202
28201
28201
28200
28200
28200
28199
28196
28196
28196
28195
28195
28194
28194
28194
28193
28192
28191
28190
28189
28189
28188
28186
28186
28185
28184
28184
28184
28183
28183
28183
28182
28181
28181
28179
28179
28178
28178
28177
28176
28175
28174
28173
28173
28172
28171
28171
28171
28171
28170
28170
28169
28169
28167
28166
28166
28166
28164
28164
28164
28161
28160
28160
28159
28159
28159
28159
28159
28158
28158
28157
28157
28156
28152
28150
28150
28149
28148
28148
28148
28147
28147
28146
28146
28145
28145
28145
28143
28143
28142
28141
28141
28141
28139
28139
28138
28137
28136
28136
28134
28133
28131
28131
28131
28129
28128
28126
28125
28125
28125
28125
28124
28124
28123
28123
28123
28121
28120
28120
28119
28118
28117
28117
28116
28116
28115
28114
28113
28110
28107
28107
28106
28106
28106
28105
28105
28105
28101
28100
28099
28099
28098
28097
28097
28097
28097
28097
28096
28095
28094
28092
28091
28091
28090
28090
28089
28088
28088
28087
28087
28085
28085
28084
28082
28082
28081
28081
28081
28081
28080
28079
28079
28078
28076
28076
28074
28074
28074
28074
28072
28072
28070
28069
28069
28067
28067
28067
28066
28066
28065
28065
28064
28062
28062
28061
28060
28060
28060
28060
28060
28059
28059
28059
28059
28058
28057
28057
28055
28055
28054
28054
28053
28053
28052
28052
28047
28047
28047
28045
28044
28044
28044
28043
28043
28043
28043
28042
28042
28041
28040
28038
28037
28037
28037
28037
28036
28036
28035
28034
28033
28032
28031
28025
28025
28024
28023
28023
28021
28019
28018
28018
28017
28016
28016
28015
28015
28014
28013
28013
28012
28012
28011
28011
28011
28011
28010
28010
28010
28009
28008
28008
28007
28006
28006
28005
28005
28004
28003
28000
27999
27998
27997
27995
27994
27993
27991
27991
27991
27990
27990
27990
27988
27988
27988
27987
27987
27983
27982
27982
27981
27981
27980
27980
27979
27979
27979
27979
27978
27976
27976
27976
27975
27975
27972
27972
27972
27971
27969
27969
27967
27967
27967
27967
27967
27966
27966
27966
27965
27963
27963
27962
27961
27959
27959
27959
27958
27957
27956
27956
27955
27955
27954
27954
27954
27953
27953
27951
27951
27950
27949
27948
27948
27948
27948
27947
27947
27946
27945
27944
27943
27943
27942
27942
27942
27942
27941
27941
27940
27940
27940
27940
27939
27938
27937
27937
27937
27936
27936
27935
27935
27935
27934
27934
27933
27932
27931
27931
27931
27929
27929
27929
27928
27927
27926
27926
27925
27923
27922
27922
27921
27921
27919
27919
27916
27916
27914
27914
27911
27911
27910
27910
27908
27908
27908
27908
27907
27907
27906
27905
27902
27902
27902
27901
27900
27900
27898
27898
27897
27897
27896
27896
27895
27895
27895
27895
27895
27894
27893
27892
27892
27890
27888
27886
27885
27884
27884
27883
27883
27882
27882
27882
27881
27881
27878
27878
27877
27876
27876
27875
27874
27874
27872
27872
27870
27870
27869
27869
27868
27867
27867
27864
27864
27864
27862
27862
27861
27860
27859
27857
27856
27856
27856
27855
27854
27854
27854
27853
27852
27852
27851
27851
27848
27848
27848
27847
27847
27847
27846
27846
27845
27845
27844
27843
27843
27842
27842
27842
27842
27842
27842
27841
27841
27840
27839
27838
27837
27836
27836
27836
27835
27835
27834
27834
27833
27833
27833
27833
27832
27832
27831
27831
27830
27829
27829
27828
27826
27825
27825
27825
27824
27823
27822
27822
27822
27820
27819
27818
27815
27814
27813
27813
27813
27811
27811
27809
27808
27808
27807
27807
27806
27805
27805
27805
27804
27804
27804
27804
27803
27803
27802
27801
27800
27800
27800
27798
27796
27795
27794
27793
27793
27792
27790
27789
27789
27789
27788
27787
27786
27786
27784
27784
27783
27783
27783
27783
27781
27780
27779
27778
27777
27775
27775
27775
27774
27774
27773
27770
27770
27770
27769
27769
27768
27768
27767
27767
27766
27765
27765
27765
27765
27765
27764
27764
27763
27763
27762
27762
27762
27761
27759
27759
27759
27757
27757
27755
27754
27754
27753
27753
27752
27750
27750
27749
27748
27748
27748
27748
27747
27747
27745
27744
27743
27743
27743
27743
27743
27742
27742
27741
27740
27739
27739
27737
27736
27736
27734
27734
27734
27733
27733
27732
27728
27727
27727
27727
27727
27726
27726
27724
27723
27723
27723
27722
27722
27721
27721
27721
27720
27720
27719
27718
27718
27718
27718
27718
27716
27716
27715
27714
27714
27713
27713
27712
27711
27711
27711
27711
27710
27709
27709
27708
27707
27707
27707
27706
27703
27703
27702
27702
27702
27701
27701
27700
27699
27699
27698
27698
27698
27696
27696
27696
27695
27695
27694
27694
27693
27693
27692
27692
27691
27691
27691
27691
27690
27689
27689
27688
27687
27687
27687
27687
27685
27685
27685
27685
27685
27684
27684
27684
27684
27682
27681
27681
27681
27681
27681
27679
27679
27679
27678
27676
27676
27675
27675
27674
27674
27671
27671
27671
27671
27670
27669
27669
27668
27668
27668
27665
27665
27664
27664
27664
27663
27662
27662
27661
27661
27660
27660
27657
27657
27656
27655
27655
27655
27652
27651
27651
27651
27650
27648
27647
27647
27646
27645
27645
27642
27641
27640
27639
27638
27637
27637
27636
27634
27632
27632
27631
27631
27630
27629
27629
27628
27628
27628
27628
27627
27626
27626
27626
27625
27625
27624
27623
27623
27623
27622
27616
27615
27615
27615
27614
27614
27612
27612
27610
27610
27609
27609
27609
27608
27608
27607
27607
27605
27605
27603
27603
27603
27602
27602
27600
27600
27600
27598
27598
27597
27597
27596
27595
27595
27595
27593
27592
27592
27592
27591
27589
27588
27587
27587
27587
27585
27585
27585
27585
27584
27583
27583
27582
27581
27581
27581
27580
27578
27577
27577
27576
27575
27575
27575
27575
27574
27574
27574
27573
27573
27572
27571
27571
27570
27569
27569
27567
27567
27566
27566
27565
27564
27564
27564
27564
27563
27563
27563
27562
27562
27561
27560
27558
27558
27558
27558
27557
27557
27556
27555
27555
27555
27555
27554
27554
27553
27552
27551
27550
27549
27549
27546
27546
27545
27545
27543
27542
27541
27540
27540
27540
27540
27539
27539
27538
27538
27538
27538
27537
27537
27537
27537
27536
27536
27536
27535
27534
27534
27533
27530
27529
27528
27528
27525
27524
27524
27522
27522
27522
27521
27521
27521
27521
27521
27519
27517
27517
27516
27516
27516
27515
27515
27514
27514
27513
27512
27512
27510
27509
27509
27508
27507
27507
27507
27507
27506
27505
27502
27502
27502
27502
27501
27501
27499
27499
27499
27498
27498
27496
27495
27495
27494
27492
27491
27490
27489
27489
27488
27488
27487
27487
27487
27486
27486
27485
27484
27484
27484
27484
27483
27483
27483
27481
27480
27480
27479
27478
27477
27477
27477
27477
27477
27476
27476
27475
27474
27473
27472
27472
27471
27471
27469
27468
27467
27467
27467
27465
27465
27464
27464
27464
27463
27462
27462
27461
27461
27461
27460
27460
27459
27459
27459
27459
27458
27457
27457
27456
27456
27453
27452
27450
27450
27448
27448
27447
27446
27446
27445
27445
27444
27444
27443
27443
27443
27442
27442
27441
27441
27441
27440
27439
27438
27438
27437
27437
27434
27433
27433
27431
27430
27430
27430
27430
27429
27428
27428
27428
27426
27424
27423
27423
27423
27421
27420
27420
27419
27418
27418
27417
27417
27416
27416
27415
27415
27415
27414
27414
27413
27412
27412
27412
27411
27411
27410
27410
27410
27410
27408
27408
27407
27407
27407
27407
27406
27406
27403
27402
27401
27399
27398
27396
27395
27395
27395
27394
27394
27393
27393
27392
27392
27390
27390
27390
27389
27389
27389
27388
27387
27386
27384
27384
27383
27382
27380
27380
27380
27379
27379
27378
27377
27377
27377
27376
27376
27375
27374
27374
27373
27373
27372
27372
27371
27370
27369
27369
27369
27367
27365
27365
27363
27363
27363
27363
27362
27362
27361
27360
27360
27360
27359
27359
27357
27356
27354
27354
27353
27351
27349
27349
27349
27349
27349
27348
27345
27345
27345
27344
27344
27343
27343
27342
27341
27340
27340
27339
27338
27338
27337
27335
27334
27334
27334
27334
27333
27333
27332
27332
27331
27331
27328
27328
27327
27326
27325
27325
27323
27322
27322
27321
27321
27321
27321
27320
27320
27319
27319
27318
27318
27318
27317
27317
27317
27317
27317
27317
27316
27315
27315
27315
27313
27313
27313
27313
27313
27312
27310
27310
27308
27307
27306
27305
27305
27303
27303
27303
27303
27302
27301
27301
27300
27300
27299
27299
27298
27298
27297
27296
27296
27295
27292
27291
27290
27290
27290
27289
27289
27288
27288
27288
27287
27286
27286
27286
27286
27286
27285
27284
27283
27282
27282
27282
27282
27281
27281
27279
27279
27278
27278
27277
27277
27276
27276
27275
27275
27274
27272
27270
27270
27270
27268
27268
27268
27268
27267
27267
27266
27266
27266
27263
27263
27262
27261
27260
27260
27260
27260
27260
27259
27259
27259
27258
27257
27257
27257
27255
27254
27254
27254
27254
27254
27252
27251
27251
27251
27250
27250
27250
27250
27249
27249
27249
27248
27248
27247
27247
27247
27246
27246
27245
27244
27244
27243
27243
27243
27242
27241
27241
27240
27240
27240
27238
27238
27235
27234
27233
27231
27231
27230
27230
27228
27227
27226
27225
27225
27225
27224
27224
27224
27223
27223
27222
27221
27221
27221
27219
27218
27217
27216
27216
27216
27215
27215
27214
27213
27213
27212
27212
27211
27210
27209
27209
27208
27208
27207
27205
27205
27204
27204
27204
27204
27204
27203
27203
27202
27202
27202
27202
27202
27199
27198
27198
27197
27196
27196
27195
27194
27193
27190
27190
27190
27189
27189
27189
27188
27187
27187
27186
27185
27182
27182
27182
27181
27181
27180
27179
27179
27177
27176
27175
27174
27174
27174
27173
27173
27172
27171
27170
27170
27169
27169
27168
27168
27168
27167
27167
27166
27165
27164
27164
27163
27162
27162
27161
27161
27161
27161
27160
27160
27159
27158
27158
27157
27157
27156
27155
27154
27152
27151
27151
27150
27150
27150
27149
27149
27149
27147
27146
27145
27144
27144
27143
27142
27142
27142
27139
27139
27137
27137
27136
27134
27134
27134
27134
27133
27133
27132
27132
27130
27130
27130
27129
27129
27129
27128
27127
27127
27126
27123
27122
27119
27119
27118
27117
27117
27117
27116
27116
27116
27116
27115
27115
27114
27113
27113
27113
27111
27110
27106
27106
27106
27105
27105
27104
27103
27103
27103
27103
27103
27102
27102
27101
27100
27099
27099
27098
27098
27098
27098
27098
27098
27098
27098
27097
27097
27097
27095
27095
27094
27094
27094
27093
27092
27092
27091
27091
27091
27088
27087
27085
27084
27081
27081
27081
27081
27080
27079
27079
27079
27078
27077
27076
27075
27075
27075
27074
27072
27071
27071
27070
27070
27070
27069
27069
27069
27068
27068
27066
27066
27066
27066
27065
27065
27064
27062
27061
27061
27061
27061
27060
27060
27060
27060
27059
27059
27059
27059
27059
27059
27058
27058
27057
27057
27057
27056
27056
27055
27055
27054
27054
27053
27052
27050
27049
27048
27048
27047
27047
27045
27045
27044
27044
27044
27043
27043
27043
27042
27042
27041
27041
27041
27040
27039
27039
27038
27037
27036
27036
27035
27035
27033
27032
27032
27031
27027
27024
27024
27023
27022
27022
27022
27021
27021
27021
27020
27020
27019
27018
27011
27011
27010
27010
27010
27008
27007
27006
27005
27004
27004
27004
27003
27003
27001
26999
26998
26998
26997
26997
26997
26997
26997
26997
26996
26996
26996
26995
26994
26994
26993
26993
26992
26992
26990
26990
26989
26989
26988
26988
26988
26987
26987
26986
26986
26985
26984
26984
26983
26983
26983
26982
26982
26982
26981
26980
26980
26979
26979
26979
26978
26978
26978
26977
26977
26976
26976
26975
26975
26975
26974
26972
26972
26972
26972
26971
26971
26970
26969
26969
26969
26969
26968
26968
26966
26966
26965
26963
26962
26960
26960
26960
26960
26959
26959
26959
26958
26957
26957
26956
26956
26955
26955
26955
26954
26954
26953
26952
26952
26951
26951
26950
26950
26948
26948
26948
26947
26947
26946
26946
26945
26943
26942
26942
26941
26940
26939
26939
26937
26936
26936
26936
26934
26934
26933
26933
26932
26931
26931
26931
26930
26930
26930
26928
26927
26925
26924
26924
26923
26923
26922
26922
26921
26921
26920
26920
26920
26919
26918
26917
26917
26915
26913
26912
26911
26909
26909
26909
26907
26906
26905
26905
26905
26904
26904
26904
26903
26903
26902
26902
26901
26900
26899
26898
26897
26897
26897
26897
26897
26897
26896
26896
26896
26896
26895
26895
26895
26895
26892
26892
26891
26891
26890
26890
26889
26889
26888
26888
26888
26887
26887
26887
26886
26885
26885
26884
26882
26880
26879
26878
26878
26877
26876
26876
26876
26875
26874
26874
26874
26873
26873
26872
26871
26871
26870
26870
26870
26870
26869
26868
26867
26867
26865
26864
26864
26864
26863
26863
26863
26862
26862
26862
26862
26862
26861
26861
26860
26860
26859
26859
26859
26858
26858
26857
26856
26855
26855
26855
26854
26853
26852
26851
26850
26849
26848
26848
26847
26846
26845
26845
26845
26845
26845
26845
26844
26844
26844
26843
26843
26843
26842
26841
26839
26839
26838
26837
26837
26837
26837
26837
26837
26836
26835
26835
26835
26833
26831
26831
26827
26827
26826
26825
26824
26824
26824
26823
26823
26823
26823
26823
26823
26822
26822
26821
26821
26820
26820
26818
26817
26814
26813
26812
26811
26810
26810
26809
26809
26808
26807
26806
26806
26805
26805
26802
26802
26802
26801
26801
26800
26799
26799
26798
26798
26798
26797
26797
26797
26797
26797
26796
26794
26791
26790
26790
26788
26787
26787
26786
26785
26784
26783
26783
26783
26782
26781
26781
26780
26779
26779
26779
26778
26778
26778
26776
26776
26774
26773
26773
26770
26770
26770
26769
26769
26767
26767
26766
26766
26765
26764
26764
26763
26763
26762
26762
26762
26762
26761
26760
26760
26760
26758
26757
26757
26757
26756
26756
26755
26755
26754
26753
26753
26752
26751
26751
26751
26750
26749
26749
26749
26749
26749
26748
26748
26748
26747
26747
26746
26746
26746
26744
26744
26743
26743
26742
26742
26742
26740
26739
26738
26738
26738
26738
26736
26736
26736
26736
26735
26735
26732
26730
26729
26729
26728
26728
26725
26725
26724
26724
26723
26722
26720
26720
26719
26718
26717
26716
26716
26712
26712
26711
26711
26711
26709
26709
26709
26709
26708
26708
26708
26708
26708
26707
26707
26707
26706
26706
26705
26704
26704
26703
26701
26701
26701
26699
26698
26697
26697
26697
26697
26694
26693
26692
26692
26692
26692
26692
26691
26691
26690
26690
26688
26686
26686
26685
26683
26683
26682
26682
26682
26682
26682
26681
26681
26680
26679
26679
26678
26678
26678
26678
26675
26675
26673
26671
26671
26669
26669
26669
26669
26668
26668
26667
26667
26666
26666
26666
26665
26665
26665
26664
26664
26664
26663
26662
26661
26661
26660
26660
26658
26658
26656
26656
26654
26654
26653
26653
26652
26652
26651
26651
26651
26651
26650
26649
26649
26648
26648
26646
26645
26645
26645
26644
26643
26643
26641
26641
26640
26640
26639
26639
26639
26638
26637
26635
26634
26633
26633
26633
26632
26632
26632
26632
26631
26630
26630
26630
26629
26629
26628
26628
26627
26627
26626
26626
26623
26623
26623
26623
26622
26621
26620
26620
26619
26619
26618
26617
26617
26617
26616
26615
26615
26614
26613
26613
26613
26613
26611
26611
26611
26611
26610
26610
26610
26610
26609
26609
26609
26609
26608
26606
26606
26606
26605
26604
26604
26603
26603
26602
26602
26601
26598
26597
26596
26595
26595
26594
26594
26594
26593
26589
26589
26588
26587
26587
26585
26585
26585
26585
26584
26584
26584
26583
26581
26580
26579
26577
26576
26576
26574
26573
26572
26571
26570
26570
26570
26568
26568
26568
26567
26566
26566
26565
26565
26564
26564
26564
26564
26560
26560
26559
26559
26558
26557
26557
26554
26554
26554
26554
26553
26553
26553
26552
26551
26549
26549
26548
26547
26547
26546
26545
26545
26544
26544
26544
26543
26543
26543
26542
26541
26541
26541
26540
26540
26539
26539
26538
26538
26537
26537
26537
26536
26535
26535
26535
26532
26532
26532
26531
26531
26531
26529
26528
26528
26527
26527
26526
26524
26524
26523
26522
26521
26519
26518
26517
26517
26516
26516
26515
26513
26513
26513
26512
26512
26512
26512
26511
26511
26511
26510
26509
26509
26509
26507
26506
26506
26504
26501
26500
26499
26499
26499
26499
26497
26496
26496
26495
26494
26493
26492
26491
26490
26489
26488
26488
26487
26485
26483
26481
26479
26478
26476
26476
26476
26476
26475
26474
26474
26474
26474
26473
26473
26473
26473
26472
26472
26472
26471
26469
26468
26467
26467
26467
26467
26466
26465
26465
26465
26464
26464
26462
26461
26461
26461
26460
26460
26459
26459
26455
26454
26454
26453
26453
26453
26451
26450
26448
26446
26446
26444
26444
26444
26443
26443
26443
26441
26440
26439
26439
26439
26439
26438
26437
26435
26435
26435
26433
26433
26433
26432
26431
26430
26430
26430
26429
26429
26428
26427
26427
26427
26426
26426
26426
26425
26423
26423
26422
26420
26419
26418
26418
26417
26417
26416
26415
26415
26414
26414
26413
26412
26410
26410
26409
26408
26408
26407
26407
26405
26404
26404
26403
26402
26399
26399
26398
26398
26398
26398
26397
26397
26397
26396
26396
26396
26395
26395
26394
26393
26391
26391
26390
26390
26390
26389
26388
26387
26387
26387
26386
26386
26386
26386
26385
26384
26384
26383
26383
26382
26381
26381
26381
26379
26379
26379
26379
26378
26377
26376
26375
26374
26374
26373
26373
26372
26372
26370
26370
26368
26368
26368
26368
26368
26368
26365
26364
26364
26363
26362
26362
26362
26361
26360
26360
26359
26359
26358
26358
26358
26358
26357
26357
26357
26357
26355
26355
26355
26354
26354
26353
26352
26351
26351
26351
26351
26350
26349
26349
26348
26348
26348
26347
26347
26346
26345
26345
26344
26344
26344
26344
26343
26341
26336
26336
26336
26335
26335
26335
26334
26334
26334
26333
26332
26332
26332
26331
26331
26330
26330
26328
26325
26325
26324
26322
26322
26321
26319
26319
26317
26317
26316
26316
26314
26312
26311
26309
26309
26309
26308
26308
26308
26307
26306
26306
26305
26305
26301
26301
26300
26300
26300
26300
26299
26298
26296
26294
26294
26294
26293
26293
26293
26293
26293
26293
26292
26291
26291
26291
26290
26290
26290
26288
26288
26288
26288
26287
26286
26286
26286
26286
26285
26284
26284
26284
26283
26283
26283
26283
26282
26282
26282
26281
26280
26280
26278
26278
26275
26274
26273
26272
26270
26270
26269
26269
26269
26267
26266
26265
26265
26264
26264
26264
26263
26263
26260
26260
26259
26259
26257
26256
26256
26256
26254
26254
26254
26253
26252
26250
26250
26249
26249
26248
26248
26247
26246
26246
26245
26245
26245
26244
26243
26241
26241
26240
26238
26238
26238
26238
26237
26235
26235
26235
26234
26234
26233
26232
26232
26232
26231
26230
26227
26226
26225
26225
26223
26222
26221
26221
26220
26219
26217
26217
26217
26216
26216
26216
26215
26215
26214
26214
26212
26212
26212
26209
26209
26208
26208
26207
26207
26206
26206
26206
26205
26204
26204
26204
26203
26203
26202
26201
26201
26201
26201
26199
26198
26198
26197
26196
26196
26196
26196
26195
26194
26194
26194
26193
26193
26193
26193
26193
26192
26192
26190
26189
26189
26189
26187
26187
26186
26186
26185
26185
26184
26183
26182
26182
26180
26179
26177
26177
26175
26175
26175
26174
26174
26171
26171
26169
26168
26167
26167
26167
26166
26166
26166
26166
26165
26165
26165
26165
26164
26164
26163
26163
26163
26163
26162
26161
26160
26159
26159
26159
26157
26156
26155
26155
26154
26154
26153
26153
26149
26149
26149
26149
26148
26148
26148
26147
26147
26147
26146
26145
26145
26144
26144
26144
26143
26143
26142
26142
26142
26141
26141
26141
26140
26139
26138
26137
26137
26136
26136
26136
26135
26134
26133
26133
26132
26132
26132
26131
26131
26130
26130
26129
26129
26128
26127
26126
26126
26125
26125
26124
26124
26124
26122
26122
26121
26121
26121
26119
26119
26118
26118
26117
26116
26113
26113
26111
26109
26109
26108
26107
26106
26104
26103
26102
26101
26100
26100
26100
26099
26097
26097
26096
26096
26094
26094
26094
26094
26094
26093
26093
26093
26092
26092
26091
26090
26088
26088
26085
26085
26084
26084
26084
26083
26083
26082
26081
26080
26079
26079
26078
26078
26077
26076
26076
26075
26074
26074
26074
26074
26073
26073
26071
26070
26069
26069
26069
26069
26069
26067
26067
26067
26066
26065
26065
26064
26062
26061
26061
26061
26060
26060
26060
26060
26058
26057
26056
26056
26056
26054
26054
26054
26053
26052
26052
26052
26052
26051
26050
26049
26049
26049
26048
26048
26047
26047
26047
26047
26044
26044
26044
26043
26043
26042
26041
26041
26040
26039
26039
26039
26037
26037
26036
26036
26035
26035
26035
26034
26034
26033
26033
26032
26032
26031
26030
26030
26026
26026
26026
26025
26023
26023
26023
26023
26021
26020
26019
26018
26017
26017
26017
26017
26016
26014
26014
26013
26013
26012
26011
26010
26009
26008
26008
26007
26006
26006
26005
26005
26005
26005
26004
26004
26004
26003
26003
26003
26002
26002
26001
26001
26001
26001
26000
26000
26000
26000
25999
25999
25998
25998
25998
25996
25996
25995
25994
25993
25993
25992
25991
25991
25991
25990
25986
25986
25985
25985
25984
25984
25984
25982
25982
25981
25980
25980
25980
25979
25978
25978
25977
25976
25975
25975
25974
25973
25971
25971
25967
25967
25964
25963
25963
25962
25962
25961
25961
25961
25960
25960
25958
25957
25956
25955
25954
25952
25952
25948
25947
25947
25947
25947
25946
25946
25946
25945
25944
25942
25940
25940
25938
25938
25937
25937
25937
25937
25936
25936
25934
25934
25934
25933
25933
25932
25931
25931
25930
25929
25929
25929
25927
25925
25925
25924
25922
25921
25921
25920
25918
25918
25917
25917
25915
25915
25915
25914
25913
25913
25913
25912
25911
25911
25910
25910
25910
25910
25909
25909
25909
25908
25907
25907
25907
25906
25905
25903
25903
25902
25902
25901
25901
25901
25900
25899
25898
25897
25896
25896
25895
25895
25895
25894
25894
25893
25893
25893
25892
25891
25891
25890
25890
25890
25890
25889
25888
25887
25887
25887
25887
25886
25885
25884
25882
25881
25879
25877
25877
25874
25873
25873
25872
25872
25871
25869
25869
25868
25867
25867
25867
25866
25866
25865
25865
25865
25863
25862
25862
25861
25861
25861
25861
25860
25859
25859
25858
25856
25856
25855
25854
25854
25853
25853
25849
25848
25848
25846
25846
25846
25846
25846
25845
25845
25844
25842
25842
25841
25840
25836
25836
25836
25834
25834
25833
25833
25831
25830
25830
25829
25828
25828
25828
25827
25827
25826
25825
25824
25824
25824
25823
25823
25822
25821
25820
25819
25819
25819
25818
25818
25817
25816
25816
25816
25815
25815
25815
25814
25814
25811
25810
25810
25810
25809
25808
25807
25806
25806
25806
25805
25805
25805
25803
25803
25803
25802
25801
25799
25798
25798
25798
25797
25796
25795
25795
25795
25795
25793
25792
25792
25791
25791
25791
25789
25788
25788
25788
25787
25787
25787
25786
25786
25781
25781
25780
25780
25780
25778
25778
25778
25778
25777
25777
25777
25776
25776
25775
25775
25774
25774
25774
25772
25772
25772
25771
25771
25770
25769
25767
25765
25765
25762
25761
25760
25760
25759
25757
25757
25757
25756
25756
25755
25755
25755
25754
25753
25752
25751
25751
25751
25750
25750
25749
25749
25748
25747
25747
25747
25747
25746
25746
25746
25745
25744
25743
25743
25742
25742
25741
25741
25741
25739
25739
25735
25735
25733
25733
25731
25730
25730
25727
25727
25727
25727
25725
25725
25724
25724
25724
25722
25721
25721
25721
25720
25719
25719
25718
25717
25716
25716
25716
25715
25714
25713
25713
25712
25711
25710
25710
25709
25709
25709
25709
25708
25707
25707
25706
25706
25706
25706
25705
25704
25704
25703
25703
25702
25702
25701
25700
25700
25700
25699
25698
25697
25697
25697
25696
25696
25694
25693
25693
25692
25690
25690
25689
25688
25687
25687
25686
25686
25686
25685
25684
25683
25682
25682
25682
25682
25680
25679
25679
25678
25678
25677
25677
25676
25675
25674
25674
25672
25672
25671
25671
25670
25670
25669
25669
25669
25669
25669
25668
25667
25667
25665
25665
25663
25663
25662
25662
25662
25661
25660
25660
25659
25659
25658
25657
25657
25657
25656
25656
25656
25656
25655
25653
25652
25652
25647
25646
25645
25644
25644
25642
25642
25641
25640
25640
25639
25639
25639
25638
25638
25637
25637
25636
25636
25636
25635
25633
25632
25631
25631
25631
25631
25630
25629
25629
25629
25628
25628
25627
25625
25625
25625
25623
25623
25622
25621
25620
25620
25620
25619
25618
25618
25618
25617
25615
25615
25614
25614
25613
25612
25611
25611
25610
25610
25610
25610
25609
25609
25609
25608
25605
25605
25605
25603
25603
25603
25601
25601
25599
25599
25599
25598
25598
25598
25598
25597
25596
25595
25595
25594
25593
25593
25592
25592
25592
25591
25591
25591
25590
25588
25587
25586
25586
25584
25584
25583
25582
25581
25581
25581
25580
25580
25580
25579
25578
25578
25577
25577
25577
25576
25576
25574
25574
25573
25573
25572
25570
25569
25569
25569
25567
25567
25566
25565
25565
25565
25562
25562
25561
25561
25561
25559
25559
25559
25559
25556
25555
25555
25554
25554
25554
25552
25552
25551
25551
25549
25549
25548
25548
25547
25546
25546
25546
25546
25543
25542
25541
25541
25541
25540
25539
25539
25539
25539
25538
25536
25536
25535
25535
25533
25532
25530
25528
25528
25528
25527
25527
25527
25527
25527
25526
25526
25526
25525
25525
25523
25521
25519
25518
25517
25517
25517
25517
25517
25516
25516
25515
25515
25514
25514
25513
25511
25511
25511
25510
25509
25509
25509
25509
25509
25508
25508
25507
25506
25506
25506
25505
25505
25505
25505
25504
25501
25501
25500
25499
25495
25494
25494
25494
25492
25492
25491
25490
25489
25489
25489
25488
25487
25487
25486
25484
25483
25483
25482
25480
25479
25478
25478
25478
25478
25477
25476
25476
25475
25475
25475
25473
25472
25472
25472
25472
25471
25471
25470
25470
25470
25468
25468
25467
25466
25464
25464
25462
25462
25462
25461
25461
25461
25460
25457
25456
25456
25456
25455
25455
25455
25455
25454
25453
25453
25453
25452
25451
25451
25450
25448
25448
25447
25447
25445
25445
25445
25445
25444
25444
25444
25444
25443
25443
25442
25442
25442
25440
25439
25438
25437
25436
25435
25435
25434
25434
25433
25432
25432
25432
25432
25432
25430
25430
25430
25430
25429
25429
25428
25428
25427
25427
25427
25426
25425
25424
25423
25422
25420
25420
25419
25418
25418
25417
25416
25416
25414
25413
25412
25409
25409
25409
25409
25409
25408
25408
25406
25406
25405
25404
25403
25402
25401
25401
25400
25400
25400
25399
25398
25397
25397
25395
25394
25393
25392
25392
25392
25391
25390
25390
25390
25389
25389
25388
25388
25388
25388
25385
25383
25383
25383
25382
25381
25380
25380
25379
25379
25379
25378
25377
25377
25377
25376
25376
25374
25373
25373
25372
25371
25371
25369
25368
25368
25368
25368
25367
25365
25365
25363
25362
25361
25361
25360
25359
25359
25358
25358
25358
25357
25357
25356
25355
25354
25353
25352
25352
25351
25351
25350
25350
25349
25349
25348
25348
25348
25346
25345
25345
25345
25345
25344
25344
25344
25344
25343
25343
25341
25341
25340
25339
25338
25338
25338
25338
25337
25336
25335
25335
25334
25334
25333
25333
25333
25332
25332
25332
25331
25331
25331
25331
25329
25329
25328
25327
25327
25327
25325
25324
25324
25323
25323
25322
25322
25320
25319
25319
25318
25318
25317
25316
25316
25316
25315
25314
25314
25313
25312
25312
25311
25311
25310
25310
25310
25310
25308
25307
25306
25306
25306
25305
25305
25305
25304
25303
25303
25302
25301
25298
25297
25297
25295
25294
25293
25292
25291
25290
25290
25289
25289
25289
25288
25287
25286
25286
25286
25285
25285
25282
25282
25282
25282
25282
25281
25281
25281
25281
25281
25280
25280
25280
25278
25278
25277
25277
25276
25276
25274
25273
25273
25272
25272
25272
25271
25271
25271
25271
25271
25270
25269
25268
25267
25267
25266
25265
25264
25263
25263
25262
25261
25261
25259
25259
25256
25256
25255
25255
25255
25255
25255
25254
25254
25253
25253
25252
25251
25251
25250
25250
25250
25248
25245
25242
25241
25241
25240
25239
25238
25237
25237
25237
25237
25236
25236
25233
25233
25233
25232
25232
25231
25231
25230
25230
25230
25230
25228
25228
25227
25227
25226
25225
25225
25224
25224
25224
25223
25222
25222
25222
25221
25220
25219
25219
25218
25217
25217
25217
25217
25217
25217
25216
25216
25215
25213
25212
25210
25210
25209
25208
25207
25207
25206
25206
25206
25205
25203
25203
25202
25201
25200
25199
25198
25198
25197
25197
25197
25196
25196
25196
25195
25195
25194
25194
25192
25191
25190
25190
25189
25188
25188
25188
25187
25187
25186
25185
25184
25183
25180
25180
25179
25178
25178
25178
25178
25176
25176
25176
25174
25173
25172
25171
25171
25171
25170
25170
25170
25169
25168
25166
25166
25165
25165
25163
25163
25162
25161
25160
25160
25160
25160
25159
25158
25158
25156
25156
25156
25156
25155
25155
25154
25152
25151
25151
25151
25151
25150
25150
25149
25146
25146
25146
25145
25144
25144
25143
25143
25143
25142
25142
25142
25141
25139
25138
25137
25137
25137
25137
25135
25135
25134
25133
25133
25132
25132
25131
25131
25131
25131
25129
25129
25129
25129
25129
25129
25128
25128
25126
25124
25123
25122
25122
25122
25121
25121
25120
25118
25117
25117
25117
25116
25115
25115
25115
25115
25113
25112
25112
25112
25111
25107
25107
25107
25107
25106
25106
25106
25105
25105
25104
25104
25103
25103
25102
25101
25101
25101
25101
25099
25099
25098
25098
25098
25095
25095
25094
25094
25094
25094
25092
25092
25090
25090
25090
25090
25089
25089
25089
25089
25088
25087
25087
25086
25086
25086
25085
25085
25085
25084
25084
25079
25078
25078
25078
25077
25076
25072
25072
25072
25071
25071
25071
25070
25070
25070
25069
25069
25068
25068
25068
25067
25067
25067
25066
25066
25066
25065
25064
25062
25062
25062
25061
25060
25060
25060
25059
25058
25058
25056
25056
25055
25055
25055
25054
25053
25052
25052
25051
25050
25050
25049
25049
25049
25049
25048
25047
25046
25046
25046
25045
25045
25045
25044
25043
25043
25042
25042
25040
25035
25035
25033
25031
25031
25031
25030
25030
25029
25029
25028
25026
25026
25025
25025
25024
25024
25024
25020
25020
25020
25018
25018
25017
25017
25016
25016
25016
25015
25015
25015
25015
25014
25014
25014
25013
25011
25011
25011
25011
25010
25009
25009
25009
25008
25008
25008
25005
25003
25002
25001
25000
24999
24998
24998
24998
24997
24996
24996
24995
24994
24994
24994
24992
24991
24991
24991
24990
24989
24987
24986
24985
24985
24984
24984
24984
24982
24982
24982
24982
24981
24981
24980
24980
24978
24978
24978
24977
24977
24977
24976
24976
24976
24976
24975
24975
24974
24974
24974
24973
24973
24973
24972
24972
24971
24971
24971
24970
24970
24969
24969
24968
24968
24968
24967
24966
24965
24964
24961
24960
24960
24959
24959
24959
24959
24958
24958
24958
24957
24957
24957
24956
24956
24956
24956
24955
24955
24953
24951
24951
24950
24949
24948
24948
24946
24946
24946
24945
24945
24944
24943
24943
24942
24941
24941
24941
24941
24940
24939
24939
24939
24938
24938
24937
24937
24935
24935
24935
24935
24934
24934
24934
24934
24933
24933
24932
24932
24931
24928
24928
24928
24925
24924
24923
24923
24923
24923
24922
24922
24921
24921
24921
24921
24921
24920
24919
24919
24918
24918
24917
24916
24916
24916
24915
24915
24915
24913
24912
24910
24910
24909
24908
24907
24907
24906
24906
24905
24905
24905
24905
24905
24904
24903
24902
24902
24902
24901
24900
24900
24899
24898
24897
24897
24896
24896
24896
24895
24895
24895
24892
24891
24891
24891
24891
24891
24891
24889
24889
24888
24888
24888
24888
24887
24887
24887
24886
24886
24886
24885
24885
24885
24884
24882
24881
24881
24881
24881
24880
24878
24878
24877
24877
24876
24875
24874
24873
24871
24871
24870
24870
24870
24869
24869
24869
24869
24867
24867
24867
24866
24865
24865
24865
24864
24864
24864
24864
24862
24861
24861
24861
24861
24860
24857
24855
24855
24855
24855
24854
24854
24853
24852
24852
24851
24850
24850
24850
24848
24848
24847
24846
24846
24846
24846
24844
24844
24843
24842
24842
24842
24842
24842
24841
24840
24839
24838
24837
24837
24836
24835
24835
24834
24834
24834
24834
24833
24832
24831
24831
24831
24831
24829
24827
24826
24826
24826
24825
24823
24823
24823
24821
24820
24819
24819
24819
24818
24818
24817
24815
24815
24814
24813
24813
24812
24810
24809
24809
24809
24809
24807
24807
24807
24807
24806
24805
24805
24804
24804
24803
24803
24801
24801
24800
24800
24799
24799
24799
24798
24798
24798
24797
24797
24796
24796
24796
24796
24795
24795
24794
24794
24794
24794
24793
24793
24793
24792
24792
24792
24791
24791
24790
24789
24789
24788
24787
24785
24784
24784
24782
24782
24782
24781
24781
24779
24779
24778
24777
24776
24776
24775
24775
24775
24774
24774
24774
24774
24772
24770
24769
24769
24768
24766
24766
24765
24764
24764
24764
24764
24763
24761
24761
24761
24761
24761
24760
24760
24760
24760
24758
24758
24757
24757
24756
24756
24756
24756
24755
24754
24752
24752
24749
24749
24747
24746
24745
24745
24742
24742
24741
24741
24741
24739
24738
24738
24738
24737
24737
24736
24736
24736
24735
24734
24733
24733
24733
24731
24731
24731
24730
24730
24730
24729
24728
24727
24727
24727
24727
24726
24724
24724
24723
24722
24721
24721
24721
24719
24717
24717
24717
24716
24714
24714
24713
24713
24713
24711
24711
24711
24710
24708
24707
24706
24705
24705
24705
24704
24703
24702
24701
24700
24700
24699
24698
24697
24696
24695
24695
24694
24692
24689
24689
24687
24687
24683
24683
24683
24682
24682
24682
24681
24681
24681
24681
24681
24680
24678
24678
24678
24677
24677
24677
24676
24674
24671
24671
24670
24669
24668
24667
24666
24665
24665
24663
24663
24662
24662
24662
24661
24661
24661
24660
24659
24658
24658
24657
24656
24655
24654
24653
24653
24651
24649
24649
24648
24648
24647
24647
24647
24645
24644
24644
24643
24643
24643
24642
24642
24642
24641
24641
24638
24638
24636
24636
24635
24635
24635
24634
24634
24633
24632
24632
24631
24631
24631
24628
24628
24627
24626
24626
24626
24626
24625
24624
24623
24623
24622
24622
24621
24620
24618
24618
24617
24615
24615
24615
24615
24613
24613
24613
24612
24611
24611
24611
24610
24610
24609
24608
24608
24608
24607
24605
24605
24604
24604
24603
24603
24602
24601
24600
24600
24600
24600
24599
24598
24598
24595
24595
24594
24594
24593
24593
24593
24593
24593
24592
24592
24590
24588
24587
24587
24586
24586
24586
24585
24585
24583
24583
24583
24583
24583
24582
24579
24577
24577
24576
24576
24575
24575
24575
24575
24574
24574
24573
24572
24572
24572
24571
24569
24569
24568
24567
24565
24564
24564
24564
24564
24564
24564
24564
24563
24563
24563
24561
24560
24560
24559
24559
24559
24558
24556
24555
24555
24555
24555
24554
24554
24554
24552
24552
24551
24550
24550
24549
24548
24548
24544
24544
24543
24542
24542
24542
24541
24541
24541
24540
24540
24538
24537
24537
24536
24534
24533
24533
24531
24531
24530
24530
24530
24530
24529
24528
24528
24528
24527
24527
24526
24525
24525
24525
24524
24522
24522
24521
24521
24521
24520
24519
24519
24518
24518
24516
24516
24516
24516
24515
24514
24513
24513
24513
24513
24512
24512
24512
24510
24510
24509
24508
24508
24507
24506
24506
24506
24506
24505
24505
24503
24503
24502
24502
24501
24500
24500
24499
24498
24498
24498
24497
24497
24497
24496
24495
24494
24494
24493
24493
24493
24493
24493
24492
24492
24491
24490
24489
24487
24485
24485
24484
24484
24484
24483
24483
24482
24481
24481
24481
24480
24480
24479
24479
24478
24477
24476
24476
24475
24474
24473
24473
24473
24472
24472
24472
24471
24471
24470
24469
24468
24467
24466
24466
24466
24465
24464
24464
24464
24464
24463
24463
24463
24461
24460
24458
24457
24457
24457
24456
24454
24453
24453
24452
24451
24451
24449
24448
24447
24447
24447
24446
24446
24446
24445
24445
24443
24443
24442
24442
24440
24440
24439
24438
24437
24436
24436
24435
24434
24434
24433
24432
24432
24432
24432
24431
24430
24429
24429
24429
24428
24428
24428
24426
24426
24425
24424
24424
24422
24421
24421
24420
24419
24419
24416
24416
24416
24415
24414
24414
24413
24411
24409
24408
24407
24407
24404
24403
24403
24403
24403
24402
24402
24401
24399
24398
24397
24397
24396
24396
24395
24395
24394
24393
24391
24391
24389
24387
24387
24387
24387
24386
24385
24385
24384
24384
24383
24383
24383
24382
24382
24382
24381
24381
24380
24379
24379
24378
24378
24377
24377
24376
24376
24376
24375
24374
24373
24373
24373
24372
24371
24369
24368
24368
24367
24366
24366
24365
24365
24364
24362
24361
24361
24361
24361
24360
24359
24359
24359
24358
24358
24358
24357
24357
24356
24355
24353
24353
24352
24352
24351
24351
24351
24350
24350
24349
24348
24348
24348
24345
24344
24344
24343
24343
24343
24343
24342
24341
24341
24340
24339
24339
24339
24337
24336
24336
24336
24335
24335
24334
24334
24334
24333
24333
24333
24333
24333
24333
24332
24332
24330
24330
24329
24329
24329
24328
24327
24326
24325
24325
24323
24321
24320
24320
24320
24320
24319
24319
24316
24316
24316
24314
24314
24313
24312
24312
24311
24311
24311
24311
24309
24307
24307
24307
24306
24306
24306
24305
24304
24303
24303
24302
24302
24300
24298
24298
24296
24295
24295
24295
24295
24294
24294
24293
24292
24291
24290
24290
24289
24289
24288
24288
24288
24287
24287
24286
24285
24285
24284
24283
24282
24281
24281
24280
24278
24278
24278
24276
24275
24275
24275
24274
24273
24272
24272
24272
24271
24270
24269
24269
24269
24269
24268
24267
24267
24266
24263
24261
24259
24259
24258
24258
24257
24257
24255
24255
24254
24254
24251
24250
24249
24249
24248
24247
24247
24246
24246
24246
24244
24244
24243
24243
24243
24243
24241
24238
24238
24237
24236
24236
24235
24234
24234
24234
24234
24233
24232
24230
24230
24229
24229
24229
24228
24228
24227
24226
24225
24225
24224
24223
24222
24222
24222
24221
24221
24221
24220
24219
24218
24218
24217
24217
24216
24215
24215
24215
24214
24214
24213
24213
24213
24212
24212
24212
24212
24210
24210
24209
24209
24208
24207
24206
24205
24205
24205
24204
24203
24203
24202
24201
24201
24199
24199
24198
24198
24198
24196
24196
24195
24195
24193
24190
24189
24188
24187
24186
24186
24185
24185
24181
24181
24181
24180
24180
24179
24179
24178
24177
24176
24176
24176
24175
24175
24173
24173
24173
24172
24172
24172
24171
24170
24169
24169
24169
24168
24168
24167
24167
24167
24166
24166
24165
24164
24163
24163
24163
24162
24161
24160
24160
24159
24158
24157
24156
24155
24155
24155
24154
24154
24153
24153
24153
24152
24151
24148
24148
24148
24146
24146
24144
24144
24144
24144
24144
24143
24143
24142
24142
24141
24141
24140
24140
24140
24140
24139
24137
24136
24136
24136
24135
24134
24133
24132
24132
24132
24131
24131
24130
24128
24128
24127
24127
24125
24125
24124
24124
24123
24121
24118
24118
24118
24118
24117
24117
24116
24115
24115
24115
24114
24114
24114
24114
24113
24113
24113
24112
24110
24109
24109
24108
24107
24107
24105
24104
24102
24101
24101
24100
24099
24097
24097
24097
24096
24096
24096
24095
24095
24093
24092
24092
24092
24091
24091
24090
24090
24089
24089
24089
24089
24088
24088
24088
24087
24087
24085
24084
24083
24083
24082
24082
24082
24081
24081
24080
24080
24080
24079
24079
24078
24078
24078
24077
24077
24075
24075
24074
24072
24072
24071
24071
24071
24069
24069
24069
24068
24068
24068
24067
24065
24064
24064
24062
24062
24061
24061
24059
24059
24058
24057
24056
24056
24056
24056
24055
24054
24054
24054
24053
24052
24052
24051
24051
24051
24051
24049
24048
24046
24046
24046
24046
24045
24045
24044
24043
24043
24043
24042
24041
24041
24040
24040
24039
24039
24039
24038
24038
24037
24035
24034
24033
24032
24030
24029
24029
24029
24028
24027
24027
24026
24025
24025
24024
24024
24022
24021
24020
24020
24019
24019
24019
24017
24017
24017
24016
24016
24015
24015
24013
24013
24013
24013
24012
24012
24010
24009
24008
24008
24008
24006
24006
24006
24005
24005
24001
24001
24001
24001
24001
24000
23998
23998
23997
23996
23995
23995
23995
23994
23994
23993
23993
23992
23992
23991
23990
23990
23990
23989
23989
23987
23986
23986
23986
23984
23983
23981
23980
23980
23979
23979
23979
23978
23978
23978
23976
23975
23974
23973
23973
23973
23973
23972
23971
23971
23968
23968
23968
23967
23966
23965
23964
23963
23963
23962
23962
23962
23961
23961
23961
23961
23959
23959
23959
23959
23958
23957
23957
23956
23954
23953
23953
23953
23952
23951
23951
23950
23950
23949
23949
23949
23948
23947
23947
23946
23946
23945
23945
23944
23944
23943
23943
23941
23941
23941
23941
23939
23938
23938
23937
23937
23937
23936
23935
23934
23933
23933
23930
23928
23928
23927
23926
23925
23925
23924
23922
23921
23921
23920
23920
23919
23918
23917
23917
23916
23916
23915
23914
23914
23914
23914
23913
23912
23912
23911
23910
23910
23908
23908
23907
23907
23907
23906
23906
23906
23905
23903
23903
23901
23901
23901
23900
23900
23900
23899
23896
23896
23895
23895
23895
23894
23894
23894
23893
23893
23893
23891
23891
23890
23890
23889
23889
23889
23888
23887
23886
23886
23885
23884
23884
23883
23883
23882
23882
23882
23882
23881
23881
23880
23878
23878
23878
23877
23876
23876
23876
23875
23875
23875
23874
23872
23871
23870
23870
23869
23869
23869
23868
23867
23866
23865
23865
23865
23865
23864
23864
23863
23863
23862
23862
23862
23862
23862
23861
23861
23860
23859
23856
23856
23855
23855
23854
23854
23853
23853
23852
23852
23851
23851
23850
23850
23849
23849
23849
23847
23847
23846
23845
23845
23844
23844
23844
23843
23843
23843
23842
23842
23841
23841
23839
23839
23838
23837
23837
23836
23836
23836
23836
23834
23833
23831
23831
23830
23830
23830
23829
23828
23828
23828
23828
23827
23827
23826
23826
23825
23825
23824
23822
23821
23821
23820
23820
23820
23820
23820
23820
23819
23819
23818
23818
23818
23817
23817
23816
23816
23815
23815
23812
23811
23809
23808
23808
23808
23808
23807
23807
23807
23806
23805
23805
23804
23804
23803
23802
23801
23800
23800
23798
23798
23797
23797
23796
23796
23794
23794
23793
23793
23791
23791
23790
23789
23788
23788
23787
23786
23786
23786
23785
23785
23785
23784
23784
23784
23784
23783
23781
23780
23780
23779
23778
23777
23777
23777
23776
23776
23776
23775
23775
23774
23773
23773
23773
23772
23772
23771
23770
23770
23770
23768
23768
23767
23767
23766
23766
23765
23765
23763
23763
23763
23762
23762
23761
23759
23759
23759
23758
23758
23758
23758
23755
23755
23755
23754
23754
23754
23754
23753
23752
23752
23752
23752
23751
23750
23748
23748
23747
23747
23747
23746
23746
23746
23745
23745
23745
23744
23744
23743
23743
23743
23742
23742
23741
23741
23741
23740
23739
23739
23738
23735
23734
23734
23734
23733
23733
23732
23731
23730
23730
23730
23729
23728
23728
23728
23727
23727
23726
23724
23723
23723
23723
23722
23722
23721
23719
23719
23718
23717
23717
23716
23714
23714
23713
23712
23712
23711
23711
23711
23710
23709
23708
23707
23706
23706
23704
23704
23703
23703
23701
23700
23700
23700
23700
23699
23699
23698
23698
23698
23697
23697
23697
23696
23696
23695
23694
23693
23693
23692
23692
23692
23692
23691
23689
23689
23688
23688
23687
23686
23685
23685
23685
23684
23684
23684
23684
23683
23681
23681
23681
23681
23681
23681
23680
23679
23679
23678
23678
23676
23676
23675
23675
23674
23674
23674
23673
23672
23670
23669
23668
23668
23666
23666
23666
23666
23665
23664
23663
23661
23661
23661
23661
23661
23660
23659
23659
23658
23658
23658
23657
23657
23655
23655
23654
23653
23653
23652
23649
23648
23647
23647
23647
23645
23645
23644
23643
23642
23642
23640
23640
23639
23639
23639
23638
23637
23636
23636
23636
23636
23635
23633
23632
23632
23632
23632
23631
23631
23630
23628
23628
23628
23628
23627
23627
23625
23625
23624
23624
23622
23619
23618
23617
23617
23616
23615
23615
23614
23612
23612
23612
23611
23611
23611
23609
23609
23608
23608
23607
23607
23605
23604
23603
23602
23600
23599
23599
23599
23599
23599
23597
23596
23596
23596
23595
23595
23595
23594
23593
23593
23591
23590
23590
23589
23589
23588
23588
23586
23586
23584
23584
23582
23582
23582
23581
23581
23580
23579
23579
23578
23577
23573
23572
23572
23572
23571
23571
23570
23570
23569
23569
23568
23567
23567
23567
23566
23566
23566
23566
23565
23565
23564
23564
23563
23563
23562
23562
23561
23561
23561
23558
23557
23556
23556
23556
23556
23556
23555
23553
23551
23551
23550
23548
23546
23546
23545
23545
23543
23542
23541
23541
23541
23540
23538
23538
23537
23537
23537
23537
23536
23535
23534
23534
23533
23532
23531
23531
23531
23527
23525
23524
23524
23523
23521
23520
23518
23518
23518
23517
23516
23513
23512
23512
23512
23510
23510
23509
23509
23508
23507
23507
23504
23504
23504
23502
23502
23502
23502
23501
23499
23499
23499
23497
23496
23496
23496
23495
23495
23495
23494
23494
23493
23493
23491
23491
23490
23490
23489
23488
23488
23488
23487
23487
23487
23486
23486
23485
23483
23483
23483
23483
23483
23482
23481
23480
23479
23479
23478
23478
23477
23475
23474
23473
23473
23472
23472
23472
23471
23471
23470
23470
23469
23469
23468
23468
23467
23466
23466
23466
23465
23464
23461
23461
23459
23459
23458
23458
23458
23457
23457
23457
23456
23456
23456
23454
23453
23453
23452
23450
23450
23450
23449
23449
23449
23448
23447
23446
23446
23446
23445
23444
23443
23442
23441
23441
23441
23441
23439
23438
23438
23438
23438
23437
23437
23436
23434
23433
23433
23432
23431
23431
23430
23428
23428
23427
23427
23426
23426
23425
23425
23424
23423
23423
23423
23421
23420
23419
23419
23418
23416
23416
23415
23414
23413
23413
23413
23412
23411
23411
23410
23409
23409
23408
23408
23408
23407
23407
23407
23406
23405
23405
23403
23403
23403
23401
23401
23401
23400
23399
23398
23397
23397
23396
23396
23396
23395
23395
23394
23394
23393
23393
23393
23392
23392
23392
23392
23391
23391
23390
23389
23389
23388
23388
23387
23387
23386
23384
23384
23384
23383
23383
23382
23382
23382
23380
23380
23380
23380
23379
23379
23379
23378
23378
23377
23377
23377
23376
23376
23376
23376
23376
23375
23375
23375
23375
23374
23374
23372
23372
23371
23371
23370
23368
23368
23367
23366
23365
23363
23363
23362
23362
23362
23360
23360
23358
23358
23357
23357
23356
23355
23355
23353
23353
23352
23351
23351
23350
23350
23349
23349
23348
23348
23348
23347
23347
23346
23345
23345
23342
23342
23342
23341
23340
23340
23339
23337
23336
23336
23336
23336
23335
23335
23335
23333
23333
23332
23332
23332
23332
23331
23330
23330
23330
23328
23328
23327
23327
23326
23326
23325
23325
23325
23324
23323
23323
23322
23322
23322
23322
23322
23322
23321
23319
23319
23319
23318
23317
23317
23316
23316
23313
23313
23313
23312
23312
23312
23311
23311
23311
23311
23310
23309
23308
23307
23304
23304
23303
23302
23302
23302
23301
23301
23301
23300
23300
23299
23298
23298
23298
23297
23297
23297
23296
23296
23295
23294
23294
23292
23291
23291
23290
23290
23289
23289
23289
23289
23287
23286
23286
23286
23286
23285
23285
23285
23284
23284
23284
23283
23282
23281
23281
23280
23280
23280
23279
23278
23278
23278
23278
23277
23275
23273
23273
23272
23272
23270
23269
23267
23266
23264
23264
23263
23263
23262
23261
23260
23259
23259
23258
23258
23258
23258
23258
23257
23256
23256
23255
23255
23254
23254
23253
23253
23253
23252
23252
23252
23251
23251
23250
23249
23249
23249
23248
23248
23248
23247
23247
23246
23245
23244
23243
23243
23243
23243
23241
23241
23241
23239
23238
23238
23238
23238
23237
23235
23235
23234
23234
23234
23234
23233
23232
23230
23229
23229
23229
23228
23228
23228
23228
23227
23226
23226
23225
23225
23224
23222
23221
23221
23221
23221
23221
23220
23220
23219
23219
23219
23219
23218
23218
23217
23215
23214
23214
23212
23212
23211
23211
23211
23209
23209
23207
23206
23206
23205
23204
23203
23202
23202
23202
23202
23201
23200
23199
23199
23199
23198
23198
23196
23196
23196
23195
23194
23194
23194
23193
23193
23193
23193
23193
23192
23192
23191
23189
23188
23188
23186
23186
23184
23184
23183
23183
23182
23182
23182
23181
23181
23180
23180
23179
23179
23178
23176
23176
23174
23172
23172
23171
23171
23170
23169
23169
23168
23168
23168
23166
23166
23165
23164
23164
23164
23163
23163
23163
23162
23162
23160
23160
23160
23159
23156
23156
23156
23155
23155
23154
23153
23153
23152
23152
23152
23152
23152
23151
23151
23151
23151
23150
23148
23148
23148
23147
23147
23144
23141
23141
23141
23138
23137
23136
23135
23135
23134
23133
23133
23133
23132
23130
23130
23130
23130
23129
23128
23128
23127
23127
23127
23126
23126
23125
23124
23123
23122
23122
23121
23120
23120
23119
23118
23118
23118
23118
23118
23116
23116
23115
23115
23115
23114
23114
23113
23113
23112
23112
23111
23110
23109
23108
23108
23107
23107
23106
23106
23106
23106
23105
23104
23104
23104
23104
23103
23102
23102
23102
23100
23099
23099
23098
23097
23096
23096
23096
23095
23094
23094
23094
23091
23090
23090
23090
23090
23089
23089
23088
23088
23088
23088
23088
23087
23087
23086
23085
23085
23085
23085
23085
23082
23082
23082
23081
23080
23078
23078
23077
23077
23076
23076
23076
23074
23074
23074
23074
23073
23072
23071
23070
23067
23067
23067
23066
23066
23066
23065
23064
23060
23060
23059
23058
23057
23057
23056
23056
23055
23055
23055
23055
23054
23054
23054
23054
23050
23048
23047
23046
23046
23045
23044
23044
23043
23043
23043
23043
23042
23042
23041
23040
23039
23037
23036
23036
23035
23035
23035
23034
23033
23033
23032
23031
23031
23031
23029
23028
23027
23027
23027
23026
23026
23025
23025
23024
23023
23021
23021
23020
23020
23019
23019
23019
23019
23018
23017
23017
23016
23015
23015
23014
23013
23012
23012
23012
23012
23012
23010
23009
23008
23008
23006
23006
23006
23005
23005
23004
23004
23004
23003
23002
23001
23001
23000
22999
22998
22998
22997
22997
22997
22996
22996
22995
22995
22995
22995
22994
22994
22993
22993
22992
22991
22990
22990
22990
22989
22989
22985
22985
22985
22985
22985
22984
22984
22984
22984
22984
22984
22983
22982
22982
22981
22981
22981
22981
22980
22978
22978
22978
22977
22977
22976
22976
22976
22975
22974
22974
22973
22971
22971
22971
22970
22970
22969
22969
22967
22967
22967
22966
22965
22965
22964
22964
22964
22962
22961
22959
22958
22958
22956
22956
22955
22953
22951
22950
22950
22950
22949
22948
22946
22945
22945
22945
22944
22943
22941
22938
22936
22935
22935
22935
22934
22934
22933
22933
22930
22929
22929
22928
22927
22926
22924
22924
22923
22922
22922
22922
22921
22920
22918
22918
22918
22918
22918
22917
22917
22917
22916
22916
22916
22916
22914
22914
22914
22913
22911
22911
22911
22910
22910
22910
22909
22909
22908
22908
22907
22906
22906
22905
22905
22904
22904
22904
22902
22901
22898
22897
22897
22895
22895
22894
22892
22892
22892
22890
22890
22890
22890
22888
22887
22887
22886
22886
22886
22884
22884
22884
22884
22884
22884
22883
22883
22882
22882
22882
22882
22881
22881
22880
22879
22878
22878
22878
22877
22876
22875
22874
22874
22873
22873
22872
22872
22872
22872
22870
22870
22870
22869
22867
22867
22867
22866
22866
22861
22861
22861
22859
22859
22858
22857
22857
22857
22857
22855
22855
22854
22853
22853
22853
22853
22852
22852
22852
22852
22851
22851
22849
22849
22849
22847
22847
22847
22846
22846
22845
22844
22843
22843
22843
22841
22840
22839
22839
22839
22838
22837
22837
22834
22834
22832
22831
22831
22830
22830
22830
22829
22829
22829
22828
22827
22827
22826
22826
22825
22823
22823
22822
22821
22821
22821
22820
22819
22819
22819
22817
22817
22817
22816
22814
22814
22813
22813
22812
22812
22812
22810
22810
22809
22809
22809
22807
22807
22807
22807
22806
22805
22805
22802
22802
22801
22801
22800
22800
22800
22799
22799
22798
22798
22798
22797
22797
22796
22796
22796
22796
22795
22794
22793
22793
22793
22791
22791
22791
22789
22789
22787
22787
22786
22784
22784
22783
22781
22780
22780
22779
22779
22779
22777
22777
22777
22776
22776
22776
22776
22775
22775
22775
22774
22774
22774
22773
22772
22772
22772
22772
22771
22767
22767
22767
22766
22765
22765
22764
22764
22764
22763
22761
22760
22760
22760
22759
22758
22757
22756
22755
22754
22754
22752
22752
22751
22748
22748
22748
22748
22748
22747
22747
22744
22743
22743
22742
22741
22740
22739
22739
22738
22736
22735
22733
22733
22733
22732
22731
22731
22729
22729
22728
22728
22725
22725
22724
22724
22724
22723
22723
22722
22721
22720
22720
22720
22720
22720
22719
22719
22719
22719
22718
22717
22717
22715
22715
22714
22714
22713
22709
22709
22709
22709
22708
22708
22708
22707
22706
22706
22705
22705
22703
22702
22702
22702
22700
22700
22698
22698
22698
22698
22697
22697
22697
22696
22696
22696
22695
22695
22695
22695
22693
22692
22689
22688
22688
22687
22687
22687
22686
22685
22684
22681
22680
22679
22679
22679
22678
22678
22678
22677
22677
22676
22675
22674
22674
22674
22674
22673
22673
22673
22672
22672
22671
22671
22670
22670
22670
22670
22668
22667
22667
22666
22665
22664
22664
22664
22663
22662
22662
22661
22661
22661
22661
22661
22660
22660
22660
22658
22658
22657
22657
22655
22655
22655
22655
22654
22651
22651
22651
22651
22651
22651
22651
22650
22648
22648
22648
22646
22643
22643
22642
22642
22641
22640
22639
22638
22638
22637
22637
22637
22635
22635
22633
22633
22633
22633
22631
22631
22631
22630
22630
22630
22629
22629
22628
22628
22627
22627
22626
22626
22625
22625
22625
22625
22624
22623
22623
22623
22622
22622
22621
22621
22621
22616
22615
22615
22614
22614
22612
22612
22611
22611
22611
22611
22610
22609
22609
22608
22607
22606
22605
22605
22605
22604
22602
22601
22600
22600
22598
22597
22596
22592
22592
22591
22591
22591
22590
22590
22589
22588
22588
22588
22587
22586
22585
22584
22584
22584
22582
22581
22579
22578
22576
22575
22575
22574
22574
22574
22573
22573
22572
22572
22572
22571
22569
22568
22568
22568
22567
22567
22567
22567
22567
22566
22565
22565
22565
22564
22564
22564
22563
22563
22563
22563
22561
22560
22560
22560
22560
22559
22559
22558
22557
22557
22556
22556
22555
22554
22554
22554
22553
22553
22552
22550
22550
22549
22548
22548
22548
22547
22546
22545
22545
22544
22543
22543
22542
22542
22541
22541
22540
22540
22539
22537
22537
22534
22534
22533
22533
22533
22532
22532
22531
22531
22531
22531
22529
22529
22528
22528
22527
22526
22526
22526
22525
22525
22525
22523
22523
22522
22521
22520
22519
22519
22518
22518
22518
22517
22516
22516
22516
22516
22514
22514
22513
22513
22513
22513
22511
22510
22510
22510
22509
22509
22509
22508
22507
22506
22506
22504
22504
22503
22502
22500
22499
22499
22497
22497
22497
22497
22496
22496
22496
22495
22495
22495
22494
22494
22494
22493
22492
22492
22490
22490
22490
22489
22489
22489
22488
22488
22488
22488
22487
22487
22487
22486
22486
22486
22486
22484
22484
22484
22484
22482
22481
22481
22479
22478
22478
22476
22475
22475
22475
22475
22475
22475
22474
22474
22473
22473
22473
22471
22470
22470
22467
22467
22467
22465
22465
22465
22465
22464
22464
22462
22462
22460
22459
22458
22457
22457
22457
22457
22456
22455
22455
22455
22454
22453
22453
22453
22452
22452
22451
22451
22450
22450
22449
22449
22449
22449
22448
22447
22447
22447
22446
22445
22443
22442
22442
22441
22440
22440
22439
22438
22438
22438
22437
22437
22436
22436
22435
22434
22434
22434
22434
22432
22432
22431
22430
22429
22429
22429
22429
22428
22428
22428
22427
22424
22423
22422
22422
22421
22421
22419
22419
22418
22417
22417
22417
22416
22416
22415
22415
22414
22413
22413
22412
22412
22411
22410
22410
22409
22409
22409
22408
22408
22408
22408
22406
22405
22403
22401
22401
22400
22399
22398
22398
22398
22397
22393
22393
22392
22392
22392
22392
22391
22391
22390
22390
22389
22388
22387
22387
22386
22385
22385
22385
22384
22383
22383
22382
22382
22382
22381
22380
22380
22379
22378
22377
22377
22376
22375
22375
22375
22375
22374
22374
22374
22373
22373
22372
22371
22371
22368
22368
22368
22368
22367
22367
22365
22365
22365
22364
22364
22364
22364
22364
22363
22363
22363
22359
22358
22358
22358
22357
22355
22354
22354
22353
22352
22352
22351
22350
22349
22349
22348
22348
22348
22348
22347
22347
22346
22346
22345
22345
22345
22344
22344
22344
22343
22342
22341
22341
22339
22339
22337
22336
22336
22336
22335
22335
22334
22334
22330
22330
22329
22329
22329
22328
22323
22323
22323
22322
22320
22320
22319
22319
22318
22317
22317
22316
22316
22316
22315
22315
22315
22312
22311
22309
22308
22307
22307
22306
22305
22304
22301
22300
22299
22298
22298
22296
22295
22294
22294
22294
22293
22293
22292
22292
22291
22291
22290
22288
22288
22288
22288
22287
22287
22287
22287
22286
22286
22285
22284
22284
22284
22282
22282
22281
22280
22278
22277
22277
22277
22276
22276
22275
22274
22274
22273
22273
22271
22271
22270
22270
22268
22267
22267
22266
22266
22266
22264
22263
22263
22262
22262
22261
22260
22259
22257
22257
22257
22256
22256
22255
22254
22254
22254
22253
22252
22252
22251
22249
22247
22246
22245
22244
22244
22243
22242
22241
22241
22241
22240
22240
22240
22238
22238
22238
22236
22236
22236
22235
22235
22235
22235
22234
22234
22234
22233
22232
22232
22231
22231
22231
22230
22229
22227
22227
22227
22227
22224
22224
22224
22223
22223
22223
22221
22221
22220
22219
22218
22218
22218
22215
22214
22211
22211
22210
22210
22209
22209
22209
22207
22207
22206
22205
22205
22205
22204
22203
22203
22202
22201
22201
22201
22199
22198
22197
22196
22195
22195
22194
22194
22193
22193
22193
22190
22190
22189
22189
22187
22186
22185
22184
22184
22184
22182
22182
22180
22179
22178
22178
22178
22178
22176
22176
22175
22175
22174
22174
22174
22174
22172
22172
22171
22171
22170
22169
22168
22168
22168
22168
22168
22168
22167
22167
22167
22167
22164
22164
22164
22163
22163
22163
22162
22162
22162
22161
22161
22160
22160
22160
22160
22160
22160
22160
22159
22156
22155
22154
22154
22154
22153
22153
22150
22149
22149
22149
22148
22148
22148
22148
22148
22148
22147
22146
22146
22146
22145
22145
22144
22144
22143
22143
22142
22142
22142
22142
22140
22140
22140
22140
22139
22137
22136
22135
22134
22132
22132
22131
22130
22129
22128
22127
22127
22127
22127
22126
22126
22126
22124
22124
22124
22123
22122
22122
22121
22119
22119
22117
22116
22116
22115
22114
22114
22113
22113
22112
22112
22111
22111
22109
22109
22109
22107
22105
22105
22104
22104
22103
22103
22102
22102
22101
22101
22101
22100
22098
22098
22097
22096
22096
22095
22094
22094
22093
22093
22092
22091
22090
22090
22090
22089
22088
22088
22088
22088
22087
22086
22086
22085
22084
22084
22083
22082
22082
22082
22081
22081
22081
22080
22080
22080
22079
22079
22079
22078
22078
22077
22077
22075
22075
22075
22074
22074
22073
22072
22072
22072
22071
22071
22071
22067
22067
22065
22065
22065
22064
22064
22063
22063
22063
22063
22062
22062
22062
22062
22062
22061
22061
22060
22060
22058
22058
22055
22054
22054
22054
22052
22052
22051
22049
22049
22048
22047
22046
22046
22044
22043
22042
22042
22040
22039
22036
22036
22035
22035
22034
22034
22032
22031
22030
22030
22030
22028
22027
22026
22026
22025
22024
22024
22023
22023
22022
22021
22020
22018
22018
22014
22014
22012
22012
22010
22010
22010
22010
22010
22009
22009
22008
22007
22007
22006
22005
22005
22003
22003
22002
22002
22002
22000
22000
21999
21999
21998
21996
21994
21993
21993
21992
21992
21990
21990
21989
21989
21987
21987
21987
21986
21985
21983
21983
21981
21981
21981
21980
21976
21976
21976
21975
21975
21974
21972
21972
21971
21970
21970
21970
21969
21968
21967
21967
21967
21967
21966
21966
21965
21965
21965
21964
21963
21963
21963
21963
21962
21961
21961
21960
21960
21960
21960
21960
21960
21958
21957
21956
21953
21952
21951
21950
21950
21950
21949
21948
21948
21946
21946
21945
21945
21944
21944
21944
21943
21942
21941
21940
21940
21939
21939
21939
21938
21938
21938
21937
21937
21937
21936
21936
21935
21935
21934
21933
21933
21932
21931
21931
21930
21928
21927
21927
21926
21926
21925
21924
21924
21924
21922
21922
21921
21920
21919
21918
21918
21918
21917
21917
21916
21916
21914
21913
21913
21912
21911
21910
21910
21910
21908
21908
21908
21908
21908
21906
21904
21904
21902
21902
21901
21901
21901
21899
21899
21899
21898
21898
21898
21897
21896
21895
21895
21894
21894
21890
21888
21887
21886
21886
21884
21884
21884
21883
21883
21882
21879
21879
21879
21878
21877
21876
21875
21874
21874
21872
21872
21871
21871
21870
21870
21869
21868
21868
21868
21868
21867
21867
21864
21863
21863
21863
21862
21862
21862
21861
21861
21860
21860
21859
21859
21858
21858
21858
21857
21856
21856
21856
21854
21852
21852
21851
21851
21851
21851
21850
21849
21849
21847
21847
21847
21846
21845
21844
21844
21843
21843
21842
21841
21841
21840
21839
21839
21839
21839
21838
21836
21836
21836
21834
21834
21834
21833
21832
21832
21832
21830
21828
21828
21827
21826
21825
21825
21825
21825
21823
21821
21821
21820
21819
21819
21819
21818
21817
21816
21815
21815
21814
21814
21814
21813
21813
21812
21811
21810
21806
21806
21806
21804
21803
21803
21801
21801
21800
21798
21798
21798
21798
21797
21795
21794
21794
21794
21793
21793
21792
21792
21789
21786
21785
21782
21782
21781
21779
21779
21778
21778
21778
21776
21775
21774
21772
21772
21772
21772
21771
21770
21769
21768
21765
21764
21764
21764
21764
21761
21760
21759
21757
21757
21756
21755
21755
21754
21754
21754
21753
21752
21752
21751
21751
21749
21749
21749
21747
21746
21746
21746
21742
21742
21741
21741
21740
21739
21739
21738
21738
21738
21738
21732
21731
21731
21730
21730
21728
21728
21727
21727
21726
21726
21726
21725
21725
21725
21724
21724
21723
21722
21722
21722
21721
21720
21720
21719
21718
21717
21716
21715
21713
21713
21712
21712
21712
21711
21710
21710
21710
21709
21709
21707
21707
21707
21706
21706
21706
21704
21704
21703
21703
21702
21702
21701
21700
21700
21698
21697
21697
21697
21696
21695
21694
21692
21692
21690
21690
21689
21688
21685
21684
21684
21683
21683
21683
21683
21682
21681
21681
21680
21679
21679
21679
21678
21678
21678
21678
21677
21677
21677
21675
21673
21673
21670
21668
21667
21667
21666
21666
21666
21665
21665
21664
21664
21663
21662
21662
21660
21658
21658
21655
21655
21655
21655
21655
21654
21653
21651
21648
21647
21647
21645
21645
21645
21644
21643
21642
21641
21641
21640
21640
21640
21640
21639
21638
21638
21635
21634
21634
21634
21633
21631
21631
21631
21631
21630
21630
21629
21629
21629
21626
21625
21624
21623
21622
21622
21621
21620
21619
21619
21618
21617
21616
21616
21615
21615
21614
21613
21612
21612
21612
21611
21611
21611
21611
21611
21611
21610
21610
21609
21609
21609
21609
21608
21608
21607
21606
21605
21605
21604
21603
21603
21601
21600
21600
21599
21599
21598
21596
21595
21595
21595
21595
21594
21593
21593
21589
21589
21588
21587
21586
21586
21585
21584
21583
21582
21581
21580
21579
21579
21578
21577
21576
21576
21575
21574
21574
21572
21572
21572
21571
21571
21570
21570
21569
21569
21568
21568
21568
21567
21567
21567
21566
21566
21565
21565
21564
21563
21563
21563
21561
21561
21557
21557
21557
21556
21556
21555
21554
21553
21553
21552
21552
21551
21550
21549
21549
21549
21548
21547
21547
21546
21545
21544
21543
21541
21540
21539
21537
21537
21537
21535
21535
21534
21534
21534
21532
21532
21532
21531
21531
21531
21530
21530
21529
21529
21528
21528
21528
21526
21526
21524
21524
21523
21523
21523
21522
21521
21521
21520
21519
21519
21518
21518
21517
21516
21516
21516
21515
21515
21513
21512
21511
21511
21511
21510
21510
21509
21509
21509
21508
21506
21506
21505
21505
21505
21504
21504
21503
21503
21503
21502
21500
21498
21497
21497
21497
21497
21495
21495
21494
21494
21494
21494
21493
21493
21492
21491
21490
21490
21489
21489
21489
21488
21488
21488
21488
21487
21486
21486
21484
21484
21483
21481
21481
21480
21480
21479
21479
21477
21477
21477
21477
21477
21476
21474
21473
21473
21473
21471
21471
21471
21470
21470
21470
21469
21468
21468
21467
21467
21466
21466
21465
21464
21464
21464
21464
21463
21462
21462
21462
21461
21461
21459
21458
21458
21458
21458
21457
21456
21456
21455
21454
21454
21454
21453
21453
21452
21452
21452
21449
21448
21448
21446
21446
21446
21446
21442
21442
21442
21442
21441
21441
21441
21440
21440
21439
21439
21438
21438
21437
21437
21434
21434
21433
21432
21432
21431
21430
21429
21429
21428
21426
21426
21425
21423
21422
21421
21421
21421
21419
21418
21417
21416
21415
21415
21415
21414
21414
21413
21413
21412
21410
21409
21409
21409
21408
21407
21407
21407
21405
21405
21404
21404
21403
21402
21402
21402
21402
21401
21400
21400
21400
21400
21400
21398
21396
21395
21395
21395
21395
21394
21394
21393
21393
21393
21392
21392
21392
21391
21391
21391
21390
21388
21387
21387
21386
21386
21385
21382
21379
21377
21375
21374
21373
21373
21373
21373
21373
21373
21372
21371
21371
21370
21370
21369
21369
21367
21367
21366
21366
21366
21365
21364
21363
21362
21362
21362
21361
21361
21361
21359
21358
21357
21357
21356
21356
21355
21355
21355
21354
21353
21352
21351
21350
21349
21348
21348
21347
21346
21345
21345
21345
21345
21344
21343
21343
21343
21343
21342
21341
21340
21340
21338
21335
21335
21334
21333
21330
21330
21330
21328
21328
21328
21328
21328
21328
21327
21327
21326
21323
21322
21322
21322
21321
21321
21321
21320
21320
21318
21318
21317
21316
21316
21315
21315
21315
21314
21314
21313
21313
21313
21312
21312
21312
21312
21312
21311
21311
21310
21310
21310
21308
21308
21307
21307
21306
21306
21306
21304
21304
21302
21302
21300
21299
21299
21299
21299
21297
21297
21297
21297
21296
21295
21294
21294
21293
21293
21292
21292
21292
21291
21291
21290
21290
21290
21289
21289
21289
21289
21288
21288
21288
21287
21287
21286
21285
21285
21285
21285
21284
21283
21281
21281
21281
21280
21279
21279
21278
21278
21277
21275
21274
21274
21274
21274
21273
21272
21271
21269
21269
21269
21268
21267
21266
21266
21266
21266
21264
21263
21263
21263
21263
21261
21260
21259
21257
21257
21255
21255
21255
21254
21254
21253
21253
21253
21253
21252
21252
21252
21251
21251
21251
21250
21250
21250
21249
21246
21245
21244
21244
21243
21242
21241
21241
21241
21241
21241
21240
21239
21238
21238
21236
21235
21235
21234
21232
21232
21231
21230
21227
21225
21224
21224
21223
21221
21221
21220
21219
21219
21217
21217
21217
21216
21215
21215
21214
21213
21212
21212
21210
21210
21210
21210
21209
21209
21208
21208
21208
21207
21207
21206
21206
21206
21205
21205
21204
21204
21204
21203
21203
21201
21201
21200
21199
21199
21197
21196
21196
21196
21196
21195
21195
21195
21194
21194
21194
21193
21190
21190
21189
21188
21187
21186
21186
21186
21185
21184
21184
21183
21183
21182
21182
21182
21180
21180
21180
21179
21178
21178
21175
21175
21175
21174
21174
21174
21173
21173
21172
21171
21169
21169
21168
21168
21168
21167
21167
21166
21165
21165
21164
21163
21162
21162
21161
21161
21160
21160
21159
21159
21157
21156
21156
21155
21151
21151
21151
21150
21149
21148
21148
21147
21147
21147
21146
21146
21145
21145
21144
21143
21143
21142
21142
21142
21141
21139
21138
21136
21136
21135
21134
21134
21133
21133
21133
21132
21132
21131
21130
21130
21130
21128
21128
21128
21127
21127
21126
21126
21126
21126
21125
21125
21124
21124
21124
21123
21122
21121
21120
21120
21120
21119
21119
21119
21118
21117
21117
21114
21114
21112
21111
21111
21111
21111
21111
21110
21109
21109
21108
21107
21107
21107
21107
21106
21105
21103
21103
21102
21102
21101
21101
21100
21100
21099
21098
21097
21096
21095
21093
21091
21091
21090
21089
21089
21089
21088
21087
21086
21085
21085
21082
21082
21082
21081
21081
21080
21080
21079
21079
21079
21078
21077
21076
21075
21075
21074
21074
21074
21073
21073
21073
21072
21071
21069
21068
21067
21067
21066
21066
21065
21063
21062
21061
21061
21061
21061
21058
21056
21056
21056
21056
21056
21055
21055
21054
21053
21053
21052
21052
21052
21052
21052
21051
21051
21049
21048
21048
21047
21047
21045
21044
21043
21042
21041
21041
21040
21040
21040
21039
21038
21038
21038
21037
21037
21035
21035
21034
21033
21033
21031
21031
21030
21029
21028
21028
21027
21027
21026
21026
21026
21023
21022
21021
21021
21020
21020
21020
21019
21019
21019
21018
21017
21017
21017
21015
21015
21014
21014
21013
21013
21012
21012
21011
21006
21004
21004
21003
21003
21003
21002
21002
21002
21002
21002
21001
21000
21000
21000
20999
20999
20999
20998
20998
20998
20998
20997
20996
20995
20993
20993
20992
20991
20991
20990
20990
20990
20990
20986
20986
20986
20985
20985
20984
20983
20982
20982
20982
20982
20981
20980
20979
20979
20978
20978
20976
20976
20976
20975
20973
20973
20972
20972
20972
20970
20970
20969
20968
20968
20967
20963
20963
20961
20961
20960
20960
20960
20959
20959
20958
20958
20957
20956
20956
20955
20954
20954
20953
20953
20951
20951
20949
20947
20946
20945
20944
20944
20943
20943
20943
20942
20942
20942
20941
20941
20940
20939
20939
20937
20937
20937
20936
20936
20935
20935
20935
20934
20934
20932
20932
20931
20931
20930
20930
20930
20930
20929
20929
20929
20928
20928
20928
20927
20927
20927
20926
20925
20925
20924
20924
20922
20921
20920
20920
20920
20920
20920
20920
20919
20919
20919
20918
20917
20916
20914
20914
20913
20913
20912
20910
20910
20910
20909
20909
20909
20908
20907
20907
20907
20907
20906
20905
20905
20905
20904
20902
20902
20902
20902
20900
20900
20900
20899
20898
20898
20898
20898
20898
20898
20897
20897
20897
20896
20896
20896
20895
20894
20894
20893
20893
20893
20892
20891
20891
20890
20890
20889
20889
20889
20888
20888
20887
20887
20887
20887
20884
20884
20884
20882
20882
20881
20880
20878
20878
20878
20877
20876
20876
20874
20874
20873
20873
20872
20872
20872
20871
20871
20871
20871
20870
20869
20869
20867
20866
20866
20865
20865
20864
20864
20864
20864
20863
20862
20862
20861
20861
20861
20860
20859
20858
20857
20857
20857
20856
20856
20854
20853
20853
20852
20851
20851
20851
20851
20851
20849
20849
20848
20847
20847
20846
20845
20845
20845
20844
20844
20843
20842
20842
20841
20841
20840
20837
20837
20836
20836
20836
20835
20835
20834
20833
20832
20831
20830
20830
20829
20828
20828
20827
20826
20826
20825
20824
20824
20823
20822
20822
20822
20821
20819
20819
20818
20818
20817
20817
20816
20816
20814
20814
20813
20812
20811
20810
20809
20809
20807
20806
20806
20806
20806
20806
20805
20803
20803
20802
20801
20801
20800
20800
20800
20799
20797
20796
20795
20795
20794
20794
20793
20793
20792
20791
20791
20791
20790
20790
20790
20789
20789
20788
20788
20787
20787
20787
20786
20786
20786
20783
20783
20781
20780
20779
20778
20778
20777
20776
20774
20774
20774
20774
20773
20773
20771
20771
20771
20771
20770
20769
20768
20768
20767
20766
20766
20765
20765
20765
20763
20763
20763
20762
20761
20761
20760
20760
20760
20760
20759
20759
20757
20756
20756
20755
20754
20754
20754
20753
20753
20753
20752
20751
20750
20749
20748
20748
20748
20748
20747
20747
20747
20747
20746
20745
20744
20744
20743
20742
20741
20740
20740
20739
20739
20738
20738
20737
20737
20735
20735
20735
20734
20732
20731
20730
20729
20728
20728
20727
20727
20727
20726
20725
20725
20725
20723
20721
20721
20720
20720
20720
20719
20718
20718
20718
20717
20716
20716
20715
20714
20714
20714
20714
20713
20712
20709
20709
20706
20706
20705
20704
20703
20702
20702
20701
20700
20700
20699
20699
20698
20698
20698
20698
20697
20697
20697
20696
20696
20696
20694
20693
20693
20693
20692
20692
20692
20691
20691
20691
20691
20690
20690
20688
20688
20688
20688
20687
20687
20686
20685
20685
20684
20684
20683
20682
20680
20680
20679
20678
20677
20676
20675
20673
20672
20672
20672
20671
20668
20668
20668
20667
20666
20662
20662
20662
20662
20660
20660
20659
20659
20658
20658
20657
20657
20656
20655
20654
20650
20649
20648
20648
20647
20647
20646
20644
20644
20642
20642
20641
20641
20641
20641
20641
20640
20639
20639
20639
20639
20638
20638
20637
20636
20634
20634
20634
20634
20632
20632
20632
20629
20628
20628
20627
20627
20626
20621
20621
20621
20620
20619
20618
20618
20617
20614
20613
20613
20613
20611
20610
20610
20610
20610
20610
20609
20609
20609
20608
20607
20604
20604
20601
20601
20600
20599
20599
20598
20597
20594
20593
20593
20592
20590
20590
20590
20588
20588
20588
20587
20586
20586
20586
20585
20584
20584
20584
20584
20583
20583
20582
20581
20581
20579
20579
20578
20577
20577
20576
20576
20576
20573
20573
20573
20572
20572
20571
20570
20570
20570
20569
20568
20567
20567
20567
20566
20565
20564
20564
20563
20563
20563
20560
20560
20560
20559
20559
20558
20558
20558
20556
20556
20555
20554
20554
20554
20553
20552
20552
20551
20550
20549
20549
20549
20546
20546
20546
20546
20546
20545
20544
20543
20543
20542
20542
20541
20541
20541
20541
20540
20540
20539
20539
20538
20538
20538
20537
20537
20537
20536
20535
20534
20533
20533
20533
20533
20532
20531
20530
20529
20528
20527
20525
20524
20524
20524
20524
20522
20521
20521
20520
20520
20519
20519
20519
20519
20518
20518
20518
20516
20516
20515
20514
20514
20514
20512
20511
20511
20510
20509
20507
20506
20505
20505
20505
20504
20504
20504
20503
20502
20501
20500
20500
20499
20499
20499
20499
20498
20497
20497
20497
20496
20494
20493
20493
20492
20491
20491
20490
20490
20490
20489
20488
20488
20488
20487
20487
20487
20487
20484
20483
20483
20482
20481
20480
20480
20479
20478
20478
20478
20474
20473
20472
20471
20471
20470
20470
20470
20470
20470
20469
20469
20466
20466
20464
20462
20462
20460
20458
20455
20454
20453
20453
20452
20452
20451
20451
20450
20450
20450
20450
20449
20448
20448
20448
20447
20446
20446
20445
20445
20445
20444
20444
20444
20443
20443
20443
20441
20441
20441
20440
20440
20439
20438
20438
20436
20436
20436
20435
20435
20434
20434
20434
20434
20434
20433
20433
20433
20432
20431
20431
20430
20429
20429
20428
20427
20426
20426
20424
20424
20423
20422
20422
20421
20420
20418
20417
20417
20416
20416
20416
20416
20415
20414
20413
20413
20413
20412
20412
20411
20410
20409
20408
20408
20408
20407
20407
20407
20405
20404
20403
20402
20401
20401
20401
20401
20400
20400
20400
20399
20398
20398
20397
20397
20397
20396
20395
20393
20392
20391
20391
20390
20390
20390
20390
20389
20389
20389
20388
20388
20387
20387
20387
20386
20386
20384
20384
20384
20384
20384
20383
20382
20381
20381
20380
20379
20377
20377
20376
20376
20373
20373
20372
20371
20371
20371
20371
20370
20369
20369
20369
20369
20369
20368
20368
20368
20368
20368
20367
20366
20366
20365
20365
20364
20364
20362
20362
20361
20358
20355
20354
20354
20352
20352
20352
20351
20351
20350
20347
20347
20347
20346
20346
20346
20345
20344
20344
20344
20343
20342
20342
20340
20339
20338
20336
20335
20335
20334
20333
20331
20330
20330
20330
20328
20328
20328
20326
20326
20325
20324
20322
20321
20321
20320
20320
20319
20319
20318
20317
20316
20316
20316
20312
20311
20311
20311
20310
20309
20309
20309
20309
20308
20308
20307
20307
20306
20306
20305
20305
20304
20304
20302
20301
20301
20298
20298
20298
20297
20297
20297
20296
20296
20295
20294
20294
20294
20293
20293
20292
20290
20290
20290
20289
20288
20287
20284
20283
20283
20283
20282
20280
20280
20279
20278
20278
20277
20276
20276
20276
20276
20276
20276
20275
20275
20275
20274
20274
20274
20273
20273
20273
20269
20269
20269
20267
20267
20265
20265
20265
20264
20264
20263
20263
20262
20262
20262
20261
20261
20260
20260
20260
20259
20259
20258
20258
20258
20258
20257
20257
20257
20256
20255
20255
20254
20254
20254
20253
20252
20252
20252
20250
20249
20249
20249
20248
20248
20245
20245
20245
20244
20244
20243
20243
20243
20242
20241
20240
20239
20237
20236
20236
20235
20235
20235
20235
20234
20233
20232
20231
20231
20230
20230
20230
20229
20228
20227
20227
20227
20227
20227
20227
20226
20226
20225
20225
20225
20224
20224
20224
20223
20222
20221
20221
20220
20219
20219
20218
20218
20217
20217
20216
20216
20216
20215
20215
20215
20214
20214
20212
20212
20211
20210
20210
20208
20208
20207
20206
20206
20205
20205
20204
20204
20204
20204
20203
20202
20202
20202
20202
20200
20200
20200
20199
20199
20198
20197
20197
20196
20195
20193
20193
20193
20193
20191
20191
20189
20188
20188
20187
20187
20187
20187
20186
20185
20184
20183
20183
20183
20183
20182
20182
20181
20181
20180
20180
20179
20178
20178
20177
20177
20176
20176
20175
20175
20175
20175
20175
20173
20173
20172
20172
20171
20171
20171
20170
20170
20170
20170
20169
20169
20168
20165
20165
20165
20164
20164
20164
20164
20163
20163
20162
20162
20161
20161
20160
20160
20160
20159
20159
20159
20159
20158
20158
20158
20157
20156
20155
20155
20154
20153
20153
20152
20152
20149
20149
20148
20148
20148
20147
20146
20146
20145
20144
20143
20142
20141
20140
20139
20139
20138
20138
20138
20138
20138
20136
20136
20136
20135
20135
20135
20135
20133
20133
20133
20132
20132
20130
20129
20127
20127
20125
20125
20125
20124
20124
20123
20123
20122
20122
20122
20120
20118
20118
20117
20117
20114
20113
20111
20111
20110
20110
20110
20109
20109
20107
20107
20106
20106
20105
20104
20104
20104
20104
20103
20101
20101
20101
20098
20098
20097
20096
20096
20096
20095
20095
20095
20094
20094
20093
20092
20092
20091
20090
20090
20089
20087
20087
20087
20086
20085
20085
20085
20084
20083
20083
20083
20083
20082
20081
20080
20080
20080
20078
20078
20078
20078
20076
20075
20075
20074
20074
20073
20073
20072
20070
20070
20069
20069
20069
20068
20068
20067
20066
20066
20066
20065
20065
20064
20064
20063
20063
20063
20062
20062
20062
20060
20059
20059
20058
20058
20057
20057
20056
20056
20056
20056
20055
20055
20055
20054
20054
20054
20054
20053
20052
20052
20051
20051
20049
20049
20049
20048
20047
20046
20045
20044
20043
20043
20041
20040
20038
20038
20038
20038
20037
20037
20037
20036
20035
20035
20034
20033
20033
20031
20031
20030
20030
20030
20030
20029
20029
20029
20028
20028
20027
20027
20027
20027
20026
20024
20022
20022
20021
20021
20021
20020
20020
20019
20018
20017
20017
20016
20016
20015
20015
20014
20012
20012
20012
20011
20009
20009
20009
20008
20007
20005
20005
20004
20003
20002
20002
20001
20001
19999
19997
19996
19995
19995
19995
19995
19994
19994
19993
19993
19991
19991
19991
19990
19989
19988
19988
19987
19986
19986
19985
19985
19985
19985
19983
19983
19982
19982
19982
19981
19981
19981
19980
19980
19980
19980
19980
19979
19979
19979
19977
19977
19977
19977
19976
19976
19975
19975
19975
19974
19973
19973
19972
19972
19971
19971
19970
19970
19970
19968
19968
19968
19967
19966
19966
19965
19964
19964
19964
19963
19963
19963
19962
19962
19962
19961
19961
19960
19959
19959
19958
19957
19955
19955
19955
19955
19954
19953
19953
19951
19951
19950
19950
19949
19949
19949
19948
19947
19947
19947
19946
19944
19944
19944
19941
19941
19941
19941
19941
19940
19939
19938
19938
19937
19937
19936
19935
19935
19934
19933
19933
19933
19933
19932
19932
19932
19931
19930
19930
19930
19929
19929
19928
19927
19927
19925
19924
19923
19922
19922
19922
19921
19921
19921
19920
19918
19917
19916
19916
19915
19914
19914
19912
19912
19912
19911
19911
19909
19909
19908
19906
19905
19905
19904
19904
19903
19902
19900
19899
19898
19898
19898
19897
19897
19893
19893
19892
19892
19892
19891
19891
19891
19890
19890
19890
19889
19889
19889
19888
19888
19887
19887
19886
19885
19884
19884
19883
19882
19882
19881
19881
19881
19880
19880
19879
19877
19877
19877
19877
19877
19875
19875
19875
19875
19875
19874
19873
19873
19872
19871
19871
19870
19869
19868
19868
19867
19866
19866
19866
19865
19863
19863
19862
19862
19862
19862
19861
19861
19860
19860
19858
19857
19857
19857
19856
19854
19854
19854
19854
19854
19854
19853
19852
19852
19851
19850
19850
19850
19849
19849
19849
19848
19847
19846
19846
19845
19845
19845
19844
19843
19842
19841
19841
19840
19840
19839
19839
19839
19837
19834
19832
19832
19832
19831
19830
19830
19830
19829
19827
19827
19826
19825
19825
19824
19824
19824
19822
19822
19821
19821
19820
19819
19818
19817
19817
19817
19816
19812
19810
19810
19810
19810
19808
19808
19807
19806
19806
19804
19804
19803
19802
19801
19800
19798
19796
19796
19796
19795
19795
19795
19794
19793
19792
19792
19790
19789
19788
19788
19788
19787
19786
19786
19785
19784
19784
19784
19783
19783
19780
19780
19779
19779
19779
19778
19778
19778
19777
19777
19776
19776
19775
19775
19774
19773
19772
19772
19772
19771
19771
19770
19769
19769
19769
19769
19768
19768
19767
19767
19767
19766
19764
19764
19763
19763
19761
19761
19760
19759
19759
19759
19758
19758
19758
19757
19756
19755
19755
19754
19754
19754
19753
19753
19753
19752
19750
19749
19748
19748
19747
19747
19747
19746
19745
19745
19745
19745
19744
19744
19744
19743
19743
19743
19743
19743
19743
19743
19741
19739
19737
19737
19737
19737
19736
19734
19734
19733
19733
19732
19732
19732
19732
19732
19732
19731
19731
19731
19728
19728
19727
19727
19727
19725
19725
19724
19722
19720
19719
19717
19717
19717
19716
19716
19715
19713
19711
19711
19710
19710
19710
19709
19709
19709
19708
19708
19708
19706
19705
19704
19702
19702
19702
19699
19698
19698
19697
19696
19696
19696
19695
19695
19694
19694
19694
19693
19692
19692
19691
19691
19691
19690
19689
19689
19688
19687
19687
19687
19687
19687
19686
19686
19686
19684
19684
19683
19683
19682
19682
19681
19681
19680
19680
19679
19678
19676
19676
19674
19674
19673
19670
19670
19669
19669
19667
19666
19666
19666
19666
19666
19665
19665
19663
19663
19663
19663
19662
19662
19662
19662
19661
19661
19661
19659
19659
19657
19657
19656
19655
19653
19653
19652
19651
19651
19650
19650
19650
19649
19648
19648
19646
19643
19643
19642
19641
19641
19638
19637
19636
19633
19633
19633
19633
19633
19633
19632
19632
19631
19630
19629
19629
19627
19626
19626
19626
19625
19622
19621
19620
19618
19617
19617
19616
19615
19614
19614
19614
19613
19612
19610
19609
19609
19609
19608
19608
19606
19606
19605
19604
19604
19603
19603
19602
19602
19601
19601
19601
19600
19600
19599
19599
19598
19598
19596
19596
19595
19594
19594
19594
19593
19591
19591
19590
19590
19590
19589
19589
19588
19588
19587
19587
19586
19586
19586
19585
19583
19583
19583
19582
19581
19579
19579
19577
19576
19576
19575
19574
19574
19574
19573
19572
19571
19571
19570
19568
19568
19566
19564
19564
19563
19563
19563
19562
19558
19558
19558
19556
19555
19555
19554
19554
19554
19553
19553
19552
19551
19550
19549
19549
19549
19549
19548
19548
19548
19548
19548
19547
19545
19544
19543
19543
19542
19540
19540
19540
19539
19538
19538
19537
19535
19535
19535
19535
19535
19534
19533
19533
19532
19532
19532
19532
19531
19529
19528
19528
19528
19527
19527
19526
19526
19526
19525
19525
19523
19523
19523
19522
19522
19521
19520
19520
19519
19518
19518
19516
19516
19515
19515
19515
19514
19513
19512
19511
19510
19510
19509
19509
19508
19508
19507
19507
19506
19506
19506
19505
19505
19504
19504
19504
19503
19502
19502
19502
19500
19500
19500
19499
19498
19498
19496
19494
19493
19493
19493
19493
19490
19490
19489
19489
19488
19487
19484
19482
19482
19482
19480
19479
19479
19478
19478
19477
19476
19476
19476
19474
19474
19473
19472
19469
19469
19468
19468
19465
19465
19465
19464
19463
19461
19460
19460
19460
19459
19458
19458
19458
19458
19457
19455
19454
19454
19453
19453
19452
19452
19451
19450
19450
19450
19449
19449
19448
19448
19448
19446
19446
19445
19444
19444
19444
19442
19442
19441
19440
19440
19439
19438
19438
19437
19437
19437
19437
19436
19436
19436
19435
19434
19433
19433
19433
19432
19431
19430
19430
19430
19427
19427
19427
19426
19426
19426
19426
19424
19423
19422
19422
19421
19420
19420
19419
19419
19419
19418
19417
19417
19416
19415
19415
19415
19414
19414
19413
19412
19411
19410
19408
19408
19407
19406
19405
19405
19405
19405
19404
19404
19403
19403
19403
19402
19401
19401
19400
19399
19399
19399
19399
19399
19398
19398
19397
19397
19396
19396
19396
19395
19395
19395
19394
19394
19394
19394
19393
19393
19393
19393
19393
19393
19392
19392
19392
19391
19390
19390
19388
19388
19388
19388
19387
19385
19384
19383
19383
19383
19383
19381
19380
19380
19380
19379
19378
19378
19378
19377
19377
19376
19376
19375
19374
19373
19373
19373
19371
19370
19369
19368
19366
19366
19366
19365
19364
19362
19361
19359
19359
19358
19358
19357
19356
19356
19355
19354
19354
19354
19354
19353
19353
19353
19351
19351
19351
19349
19349
19348
19348
19348
19348
19348
19342
19340
19340
19339
19339
19339
19339
19337
19335
19335
19333
19332
19331
19331
19330
19329
19329
19329
19328
19327
19325
19325
19324
19324
19324
19324
19323
19321
19321
19321
19320
19319
19318
19317
19317
19316
19315
19315
19314
19313
19313
19313
19312
19312
19311
19311
19311
19310
19310
19310
19309
19308
19308
19308
19307
19307
19306
19306
19305
19305
19304
19303
19303
19302
19301
19300
19300
19300
19299
19299
19299
19299
19298
19297
19295
19294
19291
19291
19290
19289
19288
19285
19283
19283
19283
19281
19281
19281
19280
19279
19279
19279
19278
19278
19277
19276
19276
19275
19274
19273
19272
19271
19271
19271
19270
19270
19269
19269
19269
19269
19268
19267
19265
19264
19262
19262
19262
19262
19260
19259
19259
19259
19258
19258
19257
19257
19253
19252
19251
19251
19251
19251
19250
19250
19249
19248
19248
19247
19247
19246
19245
19244
19243
19243
19240
19239
19238
19238
19238
19237
19237
19236
19236
19235
19234
19233
19233
19232
19232
19232
19230
19230
19228
19227
19227
19227
19226
19226
19224
19224
19223
19222
19222
19221
19221
19216
19216
19215
19215
19215
19214
19214
19214
19214
19213
19213
19212
19212
19212
19212
19211
19211
19211
19210
19209
19209
19209
19209
19209
19206
19206
19205
19205
19204
19204
19204
19204
19203
19202
19200
19200
19200
19199
19197
19195
19195
19195
19194
19194
19193
19190
19190
19190
19189
19189
19189
19189
19188
19187
19187
19186
19185
19183
19181
19181
19181
19180
19178
19176
19176
19173
19172
19172
19171
19171
19171
19170
19170
19170
19169
19169
19168
19166
19166
19165
19165
19164
19163
19161
19160
19159
19159
19158
19158
19158
19158
19153
19153
19152
19150
19150
19150
19149
19148
19148
19147
19146
19146
19145
19144
19144
19143
19143
19143
19143
19141
19138
19137
19136
19136
19136
19136
19135
19135
19134
19133
19133
19132
19132
19132
19132
19130
19129
19128
19128
19127
19126
19125
19125
19123
19121
19120
19120
19119
19117
19117
19117
19116
19115
19115
19115
19114
19113
19113
19112
19111
19111
19110
19110
19110
19110
19109
19109
19108
19107
19107
19107
19106
19105
19105
19104
19104
19104
19104
19103
19103
19103
19102
19101
19100
19100
19100
19100
19100
19099
19098
19098
19097
19096
19093
19093
19092
19092
19092
19091
19090
19090
19090
19089
19089
19089
19088
19086
19086
19086
19086
19084
19084
19084
19084
19083
19082
19081
19081
19080
19078
19077
19076
19076
19076
19075
19074
19074
19074
19073
19072
19071
19071
19070
19069
19069
19068
19068
19068
19068
19067
19067
19066
19063
19063
19062
19062
19062
19061
19061
19061
19060
19060
19058
19058
19058
19057
19056
19054
19054
19054
19053
19051
19051
19049
19049
19049
19048
19048
19048
19048
19047
19046
19046
19045
19045
19045
19043
19043
19043
19042
19041
19041
19040
19039
19039
19039
19037
19037
19037
19036
19036
19036
19035
19034
19034
19032
19032
19030
19029
19028
19027
19027
19027
19026
19022
19021
19021
19020
19020
19019
19018
19018
19016
19015
19015
19013
19012
19012
19011
19009
19009
19008
19008
19007
19005
19005
19004
19004
19003
19003
19003
19001
19001
19000
18999
18999
18999
18998
18998
18997
18996
18996
18994
18994
18994
18994
18994
18993
18993
18992
18992
18991
18991
18991
18991
18990
18988
18987
18986
18986
18985
18984
18983
18980
18978
18977
18977
18977
18976
18976
18975
18973
18972
18972
18971
18971
18968
18967
18967
18967
18966
18966
18965
18965
18965
18964
18963
18962
18962
18962
18961
18961
18961
18960
18959
18959
18959
18959
18958
18957
18957
18957
18955
18953
18952
18952
18950
18950
18950
18949
18949
18949
18948
18948
18948
18947
18946
18944
18943
18943
18943
18941
18940
18940
18940
18939
18938
18936
18935
18935
18934
18933
18933
18930
18930
18927
18927
18925
18925
18925
18923
18923
18922
18922
18922
18921
18921
18919
18918
18917
18917
18914
18914
18914
18913
18913
18913
18912
18910
18910
18908
18908
18907
18905
18905
18903
18902
18901
18900
18900
18900
18899
18899
18898
18897
18897
18897
18897
18896
18896
18895
18895
18895
18895
18893
18893
18891
18891
18891
18889
18889
18889
18888
18888
18888
18887
18886
18886
18885
18885
18885
18885
18884
18884
18883
18882
18881
18881
18880
18879
18879
18874
18874
18873
18872
18872
18872
18871
18871
18871
18871
18871
18868
18867
18867
18867
18867
18866
18866
18864
18864
18864
18863
18862
18861
18860
18860
18859
18858
18858
18858
18858
18858
18854
18854
18854
18853
18851
18850
18850
18849
18848
18848
18847
18847
18846
18845
18845
18843
18843
18842
18840
18840
18839
18839
18838
18838
18837
18837
18836
18836
18835
18835
18834
18834
18834
18833
18833
18833
18833
18833
18833
18833
18832
18831
18830
18830
18830
18829
18828
18827
18827
18826
18826
18826
18825
18825
18825
18825
18822
18820
18819
18819
18819
18818
18818
18818
18818
18818
18818
18817
18817
18817
18817
18815
18815
18815
18815
18814
18813
18813
18811
18811
18810
18810
18809
18809
18808
18807
18806
18804
18804
18803
18803
18802
18802
18800
18799
18799
18797
18795
18795
18794
18794
18793
18793
18791
18791
18789
18789
18789
18788
18788
18787
18787
18787
18787
18786
18785
18785
18785
18785
18785
18784
18784
18783
18782
18782
18781
18781
18780
18780
18780
18779
18778
18777
18776
18776
18776
18775
18775
18773
18773
18771
18771
18769
18769
18768
18768
18768
18768
18767
18766
18765
18764
18763
18762
18762
18762
18761
18761
18761
18761
18760
18758
18758
18757
18757
18756
18756
18756
18756
18756
18755
18754
18754
18753
18752
18752
18750
18748
18748
18748
18747
18747
18746
18746
18745
18745
18745
18744
18743
18743
18743
18742
18742
18742
18741
18740
18739
18738
18738
18737
18735
18735
18735
18734
18733
18732
18729
18728
18728
18728
18728
18728
18727
18727
18726
18726
18725
18724
18724
18723
18723
18723
18723
18723
18722
18721
18721
18720
18718
18718
18717
18717
18716
18716
18715
18713
18712
18712
18712
18711
18710
18710
18709
18709
18709
18709
18708
18708
18707
18707
18707
18706
18704
18704
18703
18703
18702
18702
18701
18700
18700
18700
18697
18696
18695
18694
18694
18693
18693
18692
18692
18692
18692
18691
18691
18688
18688
18686
18685
18685
18682
18682
18680
18680
18679
18679
18677
18675
18675
18675
18674
18674
18674
18672
18672
18671
18670
18670
18670
18667
18667
18666
18666
18666
18665
18665
18664
18664
18664
18661
18661
18660
18660
18660
18660
18659
18659
18658
18658
18658
18657
18656
18656
18655
18655
18653
18652
18652
18650
18650
18649
18649
18649
18648
18648
18647
18647
18646
18646
18643
18643
18642
18641
18641
18640
18639
18637
18637
18637
18636
18636
18635
18635
18635
18635
18634
18634
18634
18633
18632
18632
18632
18631
18631
18627
18627
18622
18622
18622
18621
18620
18620
18619
18619
18618
18618
18617
18617
18617
18616
18616
18615
18613
18612
18611
18611
18610
18608
18608
18606
18606
18606
18606
18605
18605
18605
18604
18604
18604
18604
18603
18601
18601
18600
18600
18599
18597
18596
18594
18594
18594
18594
18594
18593
18593
18593
18593
18591
18591
18591
18591
18590
18589
18589
18588
18588
18588
18588
18586
18586
18586
18585
18585
18584
18584
18583
18582
18582
18581
18581
18581
18580
18580
18580
18579
18579
18578
18576
18576
18574
18573
18572
18572
18571
18571
18570
18570
18568
18568
18568
18568
18567
18567
18566
18566
18564
18564
18564
18564
18564
18564
18563
18561
18561
18561
18560
18558
18558
18558
18558
18558
18558
18557
18557
18557
18556
18556
18556
18556
18555
18554
18554
18553
18552
18552
18549
18549
18548
18548
18548
18547
18547
18547
18547
18547
18546
18545
18545
18544
18544
18543
18543
18542
18542
18542
18541
18541
18540
18538
18537
18537
18537
18536
18534
18534
18534
18534
18534
18533
18532
18531
18530
18530
18529
18528
18528
18527
18526
18526
18526
18525
18525
18524
18524
18524
18524
18524
18523
18522
18521
18521
18521
18518
18517
18516
18516
18515
18515
18513
18512
18511
18511
18510
18509
18509
18509
18509
18509
18509
18508
18506
18505
18504
18503
18502
18502
18502
18501
18500
18500
18499
18499
18498
18498
18496
18496
18496
18495
18494
18494
18493
18493
18492
18491
18490
18490
18489
18489
18488
18488
18488
18488
18488
18485
18484
18483
18483
18483
18483
18482
18482
18482
18481
18480
18478
18478
18478
18478
18475
18475
18474
18474
18474
18473
18473
18472
18472
18472
18471
18470
18469
18469
18469
18468
18468
18467
18467
18467
18467
18465
18465
18463
18462
18461
18461
18459
18459
18459
18456
18456
18455
18455
18454
18453
18453
18451
18451
18449
18449
18448
18448
18448
18447
18447
18447
18447
18446
18446
18446
18444
18443
18443
18443
18442
18441
18441
18441
18437
18437
18436
18434
18434
18433
18433
18432
18432
18431
18431
18431
18430
18429
18429
18428
18428
18428
18428
18428
18426
18426
18425
18425
18424
18424
18424
18424
18424
18422
18422
18422
18421
18421
18420
18419
18418
18416
18416
18415
18414
18414
18414
18413
18410
18409
18408
18408
18408
18407
18405
18404
18404
18403
18402
18402
18402
18402
18401
18401
18401
18401
18400
18399
18399
18398
18397
18397
18397
18396
18396
18395
18395
18393
18392
18392
18391
18390
18389
18388
18387
18386
18386
18386
18385
18384
18383
18382
18382
18381
18381
18379
18379
18378
18377
18377
18376
18375
18374
18373
18373
18371
18371
18370
18370
18367
18367
18366
18365
18361
18361
18361
18360
18359
18359
18359
18359
18354
18353
18353
18350
18350
18350
18350
18350
18349
18348
18348
18348
18347
18347
18346
18345
18345
18344
18344
18343
18343
18341
18341
18337
18337
18337
18336
18335
18335
18335
18334
18333
18331
18331
18331
18330
18330
18329
18328
18327
18327
18325
18324
18323
18322
18321
18321
18320
18320
18319
18317
18317
18315
18314
18314
18314
18314
18314
18313
18313
18312
18312
18311
18311
18310
18310
18309
18309
18307
18305
18305
18305
18304
18304
18304
18302
18302
18301
18301
18300
18300
18300
18299
18299
18298
18297
18297
18297
18297
18297
18296
18296
18296
18295
18295
18295
18293
18292
18292
18291
18290
18290
18290
18290
18288
18287
18286
18285
18285
18284
18284
18284
18284
18283
18283
18283
18282
18281
18280
18280
18280
18279
18279
18279
18278
18278
18277
18276
18276
18275
18274
18274
18271
18270
18269
18269
18268
18267
18267
18267
18265
18265
18264
18264
18264
18264
18263
18263
18262
18261
18261
18261
18260
18259
18259
18258
18257
18257
18257
18257
18256
18256
18256
18255
18255
18253
18252
18252
18251
18250
18250
18249
18249
18249
18246
18246
18246
18245
18243
18243
18242
18240
18238
18237
18237
18236
18235
18235
18234
18234
18233
18233
18231
18231
18230
18230
18230
18229
18229
18228
18227
18225
18225
18225
18225
18225
18224
18224
18224
18223
18223
18223
18222
18222
18221
18221
18220
18220
18219
18219
18219
18219
18218
18217
18217
18216
18215
18215
18215
18215
18213
18213
18212
18212
18211
18210
18210
18209
18208
18206
18205
18204
18204
18203
18202
18201
18200
18199
18198
18198
18197
18197
18197
18197
18196
18196
18196
18196
18195
18195
18194
18194
18194
18194
18193
18192
18190
18187
18186
18185
18184
18183
18183
18182
18182
18182
18181
18181
18180
18179
18178
18178
18178
18177
18177
18177
18176
18175
18175
18175
18174
18174
18173
18173
18172
18172
18171
18171
18171
18171
18170
18170
18169
18169
18168
18168
18168
18168
18168
18167
18167
18167
18165
18164
18164
18164
18163
18162
18161
18161
18160
18159
18156
18156
18155
18154
18153
18152
18152
18152
18151
18151
18151
18150
18150
18148
18147
18147
18147
18146
18146
18145
18145
18145
18143
18142
18141
18141
18140
18138
18138
18137
18135
18133
18133
18133
18130
18129
18128
18128
18128
18128
18127
18124
18123
18121
18120
18120
18120
18120
18119
18118
18117
18117
18117
18116
18116
18114
18113
18112
18112
18112
18111
18111
18109
18109
18109
18108
18106
18105
18103
18103
18102
18101
18100
18099
18099
18099
18097
18095
18095
18093
18093
18092
18091
18091
18091
18091
18091
18089
18089
18088
18086
18086
18084
18083
18083
18083
18082
18082
18081
18081
18080
18079
18077
18076
18076
18076
18076
18076
18075
18075
18074
18072
18071
18071
18069
18069
18069
18067
18066
18065
18064
18064
18064
18063
18062
18059
18058
18058
18058
18058
18054
18054
18054
18053
18052
18051
18050
18048
18047
18046
18046
18045
18045
18044
18043
18043
18042
18042
18042
18041
18039
18038
18037
18037
18037
18035
18035
18034
18033
18033
18032
18031
18031
18030
18029
18027
18026
18026
18025
18025
18024
18023
18023
18021
18021
18021
18020
18019
18019
18018
18018
18018
18018
18017
18016
18015
18015
18015
18015
18014
18013
18011
18010
18010
18009
18008
18008
18006
18004
18004
18004
18004
18003
18003
18003
18002
18002
18001
18001
18001
18001
17997
17996
17993
17992
17992
17992
17992
17990
17990
17989
17988
17988
17988
17987
17987
17985
17985
17984
17984
17984
17983
17982
17980
17977
17977
17976
17975
17974
17974
17974
17973
17973
17973
17971
17969
17965
17964
17964
17962
17962
17961
17961
17960
17958
17957
17956
17955
17953
17953
17952
17952
17951
17951
17950
17949
17949
17948
17948
17948
17947
17946
17945
17944
17944
17944
17944
17942
17942
17942
17941
17941
17941
17941
17941
17939
17938
17937
17936
17935
17935
17934
17934
17933
17931
17931
17931
17930
17929
17929
17929
17928
17927
17927
17927
17926
17926
17926
17926
17925
17924
17924
17923
17923
17922
17921
17920
17919
17918
17918
17916
17916
17915
17915
17914
17911
17911
17911
17911
17909
17909
17908
17907
17907
17904
17904
17904
17904
17904
17904
17902
17901
17899
17899
17899
17898
17898
17898
17895
17895
17893
17893
17892
17891
17891
17889
17889
17889
17887
17887
17886
17886
17886
17885
17885
17884
17883
17883
17881
17881
17881
17880
17879
17879
17878
17878
17878
17876
17875
17875
17875
17874
17873
17872
17872
17871
17870
17869
17869
17868
17868
17867
17866
17866
17866
17866
17865
17865
17865
17864
17864
17863
17863
17862
17861
17861
17861
17859
17855
17854
17853
17852
17850
17850
17849
17848
17848
17848
17848
17846
17845
17845
17845
17844
17843
17843
17842
17842
17841
17840
17840
17840
17839
17838
17836
17835
17833
17833
17832
17831
17830
17830
17829
17829
17827
17827
17826
17826
17826
17826
17825
17824
17823
17823
17823
17822
17821
17821
17820
17820
17820
17820
17818
17818
17817
17817
17813
17811
17811
17810
17809
17809
17809
17809
17809
17808
17808
17808
17807
17806
17806
17806
17805
17804
17804
17804
17803
17803
17802
17802
17801
17799
17799
17799
17798
17798
17797
17797
17796
17796
17796
17795
17793
17793
17793
17793
17793
17792
17790
17790
17790
17789
17789
17788
17788
17787
17787
17786
17786
17785
17785
17785
17784
17784
17783
17782
17782
17780
17780
17779
17779
17777
17777
17776
17774
17773
17773
17772
17772
17772
17771
17771
17771
17770
17770
17769
17769
17768
17767
17767
17766
17766
17766
17765
17765
17765
17763
17763
17761
17759
17758
17758
17757
17757
17757
17756
17754
17754
17753
17753
17753
17752
17752
17752
17751
17751
17750
17750
17749
17749
17749
17749
17748
17747
17747
17746
17746
17745
17744
17744
17743
17740
17740
17739
17739
17738
17738
17738
17737
17736
17734
17734
17733
17732
17732
17731
17731
17731
17731
17731
17730
17730
17730
17730
17729
17728
17728
17726
17724
17724
17722
17720
17720
17720
17718
17718
17718
17717
17717
17716
17715
17715
17715
17713
17710
17709
17709
17708
17708
17708
17708
17707
17707
17706
17705
17705
17704
17702
17702
17702
17701
17701
17700
17699
17699
17698
17698
17696
17694
17694
17692
17692
17692
17691
17690
17686
17686
17685
17685
17685
17685
17684
17682
17682
17682
17681
17681
17680
17680
17680
17679
17676
17674
17673
17672
17671
17670
17669
17669
17668
17668
17668
17667
17667
17667
17666
17666
17665
17665
17665
17665
17664
17664
17664
17663
17662
17662
17662
17662
17661
17661
17661
17660
17660
17660
17660
17660
17659
17658
17658
17657
17656
17656
17655
17655
17655
17654
17652
17652
17652
17651
17648
17648
17648
17646
17645
17643
17641
17641
17640
17640
17640
17640
17639
17639
17639
17638
17636
17635
17634
17634
17634
17633
17633
17633
17632
17632
17632
17631
17631
17631
17631
17627
17627
17625
17624
17623
17623
17622
17621
17620
17620
17619
17618
17617
17617
17617
17617
17616
17616
17615
17615
17615
17615
17615
17614
17614
17613
17612
17611
17611
17610
17610
17609
17609
17609
17608
17608
17608
17607
17606
17606
17606
17605
17604
17604
17604
17603
17603
17602
17601
17600
17600
17600
17599
17598
17598
17597
17597
17596
17595
17595
17593
17593
17593
17592
17590
17589
17589
17588
17588
17588
17587
17586
17586
17585
17585
17585
17584
17584
17584
17583
17583
17582
17582
17581
17580
17577
17577
17577
17575
17575
17574
17574
17573
17573
17572
17572
17571
17571
17570
17570
17570
17570
17569
17567
17566
17565
17564
17564
17564
17563
17563
17562
17562
17562
17560
17559
17559
17558
17558
17558
17558
17558
17557
17557
17556
17556
17556
17556
17553
17552
17549
17549
17549
17549
17546
17546
17546
17546
17545
17544
17544
17543
17542
17542
17542
17542
17541
17541
17541
17541
17540
17540
17540
17539
17539
17539
17538
17537
17537
17536
17535
17535
17535
17534
17534
17533
17533
17533
17532
17532
17532
17531
17531
17531
17530
17529
17529
17528
17528
17527
17527
17527
17527
17526
17526
17525
17525
17524
17524
17523
17523
17523
17522
17521
17521
17521
17520
17519
17519
17518
17518
17517
17516
17516
17516
17516
17515
17514
17514
17513
17513
17513
17513
17512
17512
17510
17509
17509
17508
17507
17506
17504
17503
17503
17503
17503
17502
17501
17501
17500
17499
17498
17498
17497
17497
17496
17496
17496
17496
17495
17494
17494
17494
17493
17493
17492
17492
17492
17490
17489
17489
17488
17488
17488
17486
17485
17484
17483
17483
17482
17482
17481
17481
17480
17480
17480
17480
17478
17478
17476
17476
17476
17475
17475
17475
17474
17474
17473
17473
17473
17472
17471
17470
17469
17469
17468
17468
17467
17467
17466
17466
17465
17465
17464
17464
17461
17461
17461
17461
17460
17460
17458
17457
17457
17457
17456
17456
17455
17453
17452
17452
17452
17452
17452
17451
17451
17451
17450
17450
17448
17448
17448
17447
17447
17447
17447
17446
17446
17446
17446
17445
17445
17443
17442
17440
17439
17438
17438
17438
17437
17437
17437
17436
17436
17435
17435
17434
17432
17432
17432
17431
17430
17429
17428
17427
17426
17425
17424
17424
17424
17424
17423
17423
17422
17420
17418
17418
17418
17417
17417
17417
17416
17416
17415
17415
17415
17415
17414
17414
17412
17411
17411
17410
17410
17409
17409
17409
17408
17408
17408
17407
17407
17404
17404
17403
17403
17403
17402
17402
17400
17400
17398
17398
17397
17396
17396
17396
17395
17395
17394
17393
17392
17392
17392
17391
17391
17391
17391
17390
17390
17388
17387
17387
17387
17386
17386
17386
17386
17385
17385
17384
17384
17383
17383
17382
17382
17381
17380
17379
17379
17377
17377
17376
17376
17376
17375
17375
17375
17375
17375
17374
17374
17374
17374
17374
17373
17372
17371
17371
17371
17371
17371
17370
17368
17368
17368
17367
17367
17364
17363
17363
17363
17362
17362
17361
17361
17361
17360
17360
17359
17358
17357
17357
17356
17355
17355
17355
17355
17354
17353
17352
17352
17351
17350
17350
17349
17348
17347
17347
17345
17344
17344
17343
17342
17342
17341
17341
17341
17340
17339
17339
17338
17338
17336
17335
17335
17335
17334
17334
17333
17331
17330
17327
17326
17326
17326
17325
17324
17324
17323
17323
17322
17322
17320
17320
17320
17320
17319
17319
17319
17319
17318
17317
17317
17316
17315
17312
17311
17310
17310
17310
17309
17309
17309
17309
17308
17307
17306
17306
17306
17305
17305
17304
17304
17304
17303
17303
17302
17302
17301
17300
17299
17298
17297
17296
17296
17296
17296
17296
17295
17294
17291
17290
17290
17290
17289
17289
17288
17288
17286
17286
17286
17285
17284
17283
17282
17282
17281
17280
17280
17279
17279
17277
17276
17275
17275
17275
17274
17274
17274
17273
17271
17271
17270
17270
17269
17269
17269
17267
17267
17264
17263
17263
17262
17262
17261
17261
17260
17260
17260
17259
17259
17259
17259
17257
17257
17256
17255
17254
17254
17253
17252
17252
17252
17251
17250
17250
17249
17248
17248
17248
17248
17247
17247
17246
17245
17243
17241
17241
17240
17239
17235
17235
17235
17235
17234
17234
17232
17232
17232
17231
17231
17231
17231
17229
17227
17227
17227
17227
17227
17226
17226
17226
17224
17224
17223
17223
17221
17216
17215
17214
17214
17213
17213
17212
17211
17211
17210
17209
17209
17208
17205
17205
17204
17204
17203
17202
17202
17200
17200
17199
17199
17199
17199
17198
17198
17198
17197
17197
17196
17195
17194
17193
17192
17192
17192
17192
17191
17190
17190
17189
17189
17188
17188
17187
17186
17186
17186
17185
17184
17184
17184
17183
17183
17183
17182
17180
17180
17179
17179
17179
17176
17176
17174
17174
17173
17173
17172
17172
17172
17170
17169
17168
17167
17167
17165
17164
17164
17163
17162
17162
17161
17161
17160
17160
17159
17159
17159
17158
17158
17158
17157
17157
17155
17154
17154
17153
17152
17151
17150
17149
17149
17149
17149
17149
17148
17147
17145
17145
17144
17143
17143
17142
17141
17141
17139
17137
17137
17135
17135
17132
17132
17132
17132
17132
17131
17131
17130
17130
17130
17129
17125
17124
17123
17122
17121
17119
17118
17117
17116
17116
17115
17114
17114
17113
17113
17113
17112
17111
17111
17109
17108
17108
17107
17107
17106
17103
17103
17102
17100
17100
17100
17099
17098
17097
17097
17097
17097
17097
17097
17096
17095
17095
17094
17093
17093
17091
17090
17088
17088
17088
17086
17085
17085
17083
17083
17082
17080
17080
17079
17078
17078
17077
17076
17075
17075
17075
17075
17074
17074
17073
17071
17070
17070
17069
17068
17067
17067
17067
17066
17065
17064
17063
17063
17063
17063
17062
17061
17061
17059
17058
17057
17056
17056
17055
17055
17055
17055
17054
17053
17053
17051
17051
17051
17050
17047
17047
17046
17046
17046
17046
17045
17044
17044
17044
17041
17041
17038
17038
17038
17038
17038
17036
17036
17035
17035
17034
17032
17032
17032
17031
17031
17031
17030
17030
17029
17029
17027
17024
17024
17024
17022
17022
17021
17020
17020
17019
17018
17018
17018
17017
17017
17016
17016
17015
17015
17015
17014
17012
17011
17009
17009
17008
17006
17005
17005
17004
17004
17004
17004
17004
17003
17003
17001
17000
17000
17000
16999
16999
16998
16998
16997
16996
16995
16995
16994
16993
16993
16993
16993
16992
16992
16991
16991
16990
16990
16990
16990
16989
16987
16986
16986
16986
16986
16985
16985
16984
16984
16983
16982
16982
16982
16982
16982
16981
16981
16981
16980
16980
16980
16979
16978
16975
16974
16974
16973
16973
16971
16971
16971
16971
16971
16970
16969
16969
16969
16969
16969
16968
16968
16967
16967
16966
16966
16965
16963
16963
16962
16962
16960
16960
16959
16959
16958
16958
16957
16957
16957
16955
16953
16952
16951
16950
16949
16948
16948
16948
16948
16947
16947
16946
16944
16943
16943
16942
16942
16941
16938
16937
16937
16936
16936
16935
16935
16934
16934
16932
16932
16931
16931
16930
16930
16930
16929
16928
16928
16928
16927
16927
16926
16925
16925
16925
16924
16924
16924
16924
16923
16923
16922
16921
16921
16920
16920
16920
16919
16919
16919
16919
16919
16918
16918
16918
16916
16915
16914
16914
16913
16913
16911
16911
16909
16908
16908
16907
16907
16906
16906
16905
16903
16902
16901
16900
16900
16899
16899
16898
16897
16897
16897
16896
16896
16895
16895
16894
16894
16894
16893
16892
16892
16892
16891
16891
16890
16890
16889
16889
16889
16887
16887
16886
16886
16885
16885
16885
16883
16883
16882
16882
16881
16880
16880
16880
16880
16879
16879
16879
16878
16878
16878
16878
16877
16877
16877
16876
16876
16875
16873
16873
16873
16873
16873
16873
16872
16872
16871
16871
16870
16869
16869
16869
16869
16869
16868
16868
16868
16867
16867
16867
16867
16867
16866
16865
16865
16864
16862
16861
16861
16861
16860
16860
16857
16857
16856
16855
16855
16853
16853
16852
16851
16850
16850
16849
16849
16847
16847
16845
16845
16844
16844
16843
16842
16841
16841
16840
16839
16839
16838
16838
16838
16837
16837
16837
16836
16836
16836
16835
16834
16832
16832
16830
16829
16828
16828
16828
16827
16827
16827
16826
16826
16826
16825
16824
16824
16824
16823
16823
16822
16822
16822
16822
16821
16820
16818
16818
16818
16817
16817
16817
16816
16816
16816
16815
16814
16813
16813
16813
16813
16811
16810
16808
16807
16807
16807
16807
16806
16805
16805
16804
16803
16803
16803
16802
16802
16801
16801
16800
16799
16799
16798
16797
16796
16796
16796
16795
16795
16794
16793
16791
16790
16789
16789
16787
16787
16785
16784
16783
16783
16782
16782
16781
16781
16781
16781
16781
16780
16779
16779
16779
16778
16777
16777
16777
16776
16775
16775
16774
16773
16772
16771
16771
16770
16769
16769
16768
16768
16766
16766
16766
16765
16765
16765
16765
16764
16764
16763
16763
16762
16762
16760
16760
16760
16760
16759
16759
16759
16759
16759
16759
16758
16758
16757
16756
16755
16755
16754
16754
16753
16752
16751
16751
16750
16749
16748
16746
16746
16745
16745
16744
16744
16744
16744
16743
16742
16741
16740
16740
16740
16740
16740
16739
16739
16739
16739
16738
16737
16737
16737
16737
16736
16736
16733
16732
16732
16732
16732
16731
16730
16729
16727
16727
16725
16725
16725
16725
16724
16724
16723
16723
16722
16721
16721
16721
16719
16718
16717
16717
16716
16716
16715
16715
16714
16713
16713
16712
16711
16711
16711
16710
16710
16710
16709
16708
16707
16707
16706
16706
16706
16706
16705
16705
16704
16704
16703
16702
16702
16701
16701
16700
16700
16699
16699
16698
16698
16697
16697
16696
16696
16694
16694
16693
16692
16690
16690
16689
16689
16688
16687
16687
16686
16685
16684
16684
16683
16683
16683
16682
16682
16682
16680
16680
16680
16679
16679
16679
16679
16678
16678
16676
16675
16675
16674
16674
16672
16672
16670
16670
16668
16668
16667
16667
16667
16665
16665
16665
16665
16664
16663
16663
16663
16662
16661
16661
16661
16661
16660
16660
16659
16659
16658
16657
16655
16655
16654
16654
16653
16652
16652
16651
16650
16650
16649
16648
16648
16648
16648
16648
16648
16646
16645
16643
16643
16642
16641
16638
16638
16636
16634
16634
16634
16633
16633
16632
16632
16632
16631
16630
16629
16629
16629
16629
16629
16626
16625
16625
16625
16624
16624
16623
16621
16621
16621
16620
16620
16619
16619
16619
16618
16617
16615
16614
16614
16613
16613
16613
16611
16611
16611
16610
16609
16609
16609
16608
16607
16607
16606
16606
16606
16605
16604
16603
16602
16602
16602
16600
16600
16598
16597
16597
16596
16594
16593
16593
16592
16590
16589
16587
16586
16584
16584
16583
16583
16583
16583
16583
16583
16581
16581
16580
16580
16580
16580
16579
16578
16578
16578
16575
16575
16574
16574
16574
16573
16573
16572
16572
16572
16571
16571
16570
16570
16570
16569
16569
16568
16568
16568
16568
16567
16567
16566
16566
16566
16565
16563
16563
16562
16561
16561
16560
16559
16557
16557
16557
16557
16556
16556
16555
16555
16555
16555
16554
16554
16553
16552
16552
16552
16551
16550
16550
16549
16549
16549
16548
16547
16547
16546
16545
16545
16545
16545
16542
16542
16541
16540
16540
16540
16540
16538
16537
16537
16537
16537
16537
16536
16536
16535
16534
16534
16533
16533
16532
16532
16530
16530
16530
16529
16528
16528
16527
16526
16526
16524
16524
16524
16524
16523
16523
16522
16522
16522
16521
16521
16521
16521
16520
16518
16518
16517
16517
16517
16517
16517
16517
16515
16514
16514
16514
16514
16514
16513
16513
16512
16512
16512
16509
16509
16509
16508
16507
16506
16506
16506
16506
16505
16504
16504
16504
16503
16503
16503
16502
16500
16500
16499
16499
16498
16498
16498
16498
16497
16495
16495
16495
16494
16494
16493
16492
16492
16491
16491
16491
16490
16490
16489
16489
16489
16489
16488
16487
16486
16484
16484
16484
16483
16482
16482
16481
16480
16479
16479
16478
16477
16476
16470
16469
16469
16469
16467
16467
16467
16467
16466
16465
16465
16465
16464
16462
16460
16458
16458
16458
16457
16457
16455
16455
16454
16454
16453
16453
16453
16450
16449
16449
16449
16448
16447
16447
16446
16445
16445
16445
16445
16444
16444
16441
16441
16440
16440
16440
16439
16438
16437
16437
16436
16436
16435
16434
16431
16431
16430
16430
16430
16430
16428
16427
16427
16426
16425
16424
16423
16423
16422
16422
16421
16419
16419
16418
16417
16417
16415
16414
16414
16414
16413
16412
16412
16411
16411
16410
16410
16409
16408
16408
16408
16407
16407
16406
16406
16405
16405
16405
16405
16404
16403
16403
16402
16400
16400
16400
16399
16399
16398
16397
16396
16395
16395
16394
16393
16392
16391
16390
16390
16389
16388
16387
16386
16386
16385
16384
16383
16381
16380
16379
16379
16376
16375
16374
16374
16373
16372
16371
16371
16370
16370
16369
16369
16369
16369
16368
16367
16366
16366
16365
16364
16363
16363
16362
16362
16362
16361
16361
16361
16361
16360
16360
16360
16359
16359
16358
16357
16354
16354
16353
16353
16353
16352
16352
16351
16349
16349
16349
16348
16348
16348
16347
16347
16346
16345
16345
16344
16343
16343
16343
16342
16342
16342
16341
16340
16338
16338
16338
16337
16335
16334
16334
16334
16333
16333
16332
16332
16329
16328
16327
16327
16326
16326
16326
16325
16325
16323
16323
16323
16323
16322
16321
16320
16320
16316
16316
16315
16315
16315
16315
16315
16314
16313
16313
16312
16312
16311
16311
16307
16306
16306
16306
16305
16304
16304
16303
16302
16302
16301
16301
16300
16300
16300
16300
16300
16300
16299
16298
16297
16296
16295
16295
16292
16290
16290
16289
16289
16289
16289
16286
16284
16284
16284
16284
16283
16283
16282
16281
16280
16279
16276
16276
16276
16274
16274
16274
16274
16273
16271
16271
16270
16269
16269
16269
16268
16268
16267
16267
16266
16265
16265
16263
16263
16262
16262
16261
16261
16261
16260
16258
16258
16258
16257
16256
16256
16256
16256
16255
16255
16255
16255
16254
16254
16253
16253
16252
16251
16251
16250
16250
16248
16248
16247
16247
16247
16245
16244
16244
16244
16244
16243
16243
16243
16242
16242
16242
16240
16240
16240
16239
16239
16239
16238
16238
16238
16238
16238
16236
16236
16235
16235
16234
16234
16233
16232
16231
16230
16229
16228
16227
16226
16226
16226
16225
16225
16225
16223
16222
16222
16221
16221
16220
16220
16220
16219
16219
16219
16218
16218
16217
16216
16213
16213
16213
16211
16211
16208
16207
16207
16206
16205
16205
16205
16204
16204
16199
16198
16198
16197
16197
16197
16196
16196
16192
16192
16192
16192
16192
16190
16189
16189
16189
16189
16188
16188
16188
16187
16186
16185
16185
16185
16184
16184
16181
16180
16180
16180
16179
16179
16178
16176
16175
16174
16173
16173
16172
16172
16172
16172
16170
16169
16168
16167
16167
16166
16166
16166
16165
16165
16161
16160
16160
16160
16160
16159
16159
16159
16157
16156
16155
16153
16152
16152
16151
16151
16150
16150
16150
16148
16147
16146
16146
16146
16145
16145
16145
16144
16142
16142
16142
16140
16140
16140
16139
16139
16139
16139
16138
16137
16137
16137
16137
16136
16135
16135
16135
16135
16134
16132
16132
16131
16130
16129
16128
16127
16127
16127
16127
16126
16126
16126
16125
16125
16123
16123
16123
16123
16122
16122
16122
16122
16122
16121
16121
16118
16118
16118
16117
16117
16116
16116
16115
16115
16114
16114
16113
16113
16113
16112
16111
16111
16110
16110
16109
16109
16106
16106
16105
16104
16104
16103
16102
16102
16101
16101
16100
16100
16099
16099
16097
16097
16096
16096
16095
16095
16095
16094
16093
16093
16090
16090
16090
16089
16089
16087
16087
16087
16087
16086
16086
16084
16082
16082
16082
16081
16080
16079
16072
16070
16069
16069
16069
16067
16064
16064
16064
16062
16062
16061
16060
16057
16056
16056
16056
16055
16055
16053
16052
16052
16052
16051
16051
16051
16051
16051
16051
16050
16050
16050
16049
16048
16048
16048
16048
16048
16046
16046
16044
16044
16044
16043
16043
16043
16043
16042
16041
16039
16039
16038
16038
16037
16037
16035
16034
16034
16033
16033
16032
16031
16030
16029
16029
16029
16027
16026
16026
16026
16025
16025
16025
16023
16023
16023
16022
16022
16022
16018
16018
16017
16016
16015
16015
16013
16012
16012
16011
16011
16010
16010
16010
16010
16008
16007
16007
16007
16005
16004
16004
16004
16003
16002
16002
16001
16000
15999
15999
15996
15996
15996
15995
15995
15995
15992
15992
15991
15990
15989
15989
15989
15988
15988
15987
15986
15985
15984
15984
15983
15983
15983
15983
15980
15979
15978
15977
15977
15977
15977
15976
15976
15975
15975
15972
15972
15972
15972
15972
15970
15970
15969
15969
15969
15967
15967
15966
15965
15965
15964
15964
15963
15962
15961
15960
15959
15959
15959
15959
15958
15956
15955
15955
15955
15954
15953
15953
15952
15951
15950
15950
15947
15947
15946
15946
15946
15943
15942
15942
15942
15941
15940
15940
15938
15938
15938
15937
15936
15935
15935
15935
15935
15933
15933
15931
15931
15931
15930
15929
15928
15926
15925
15923
15923
15923
15923
15923
15922
15922
15921
15921
15920
15919
15919
15918
15918
15918
15917
15917
15917
15916
15916
15915
15915
15915
15914
15913
15913
15912
15912
15911
15911
15910
15909
15909
15909
15907
15907
15907
15906
15905
15905
15904
15903
15903
15903
15903
15903
15902
15902
15902
15901
15901
15901
15901
15901
15900
15898
15897
15897
15897
15895
15895
15894
15893
15892
15892
15892
15891
15890
15888
15887
15886
15885
15885
15885
15884
15883
15881
15880
15879
15878
15877
15877
15877
15875
15875
15875
15874
15874
15874
15872
15872
15871
15869
15868
15867
15866
15866
15866
15865
15865
15864
15863
15862
15862
15861
15861
15860
15860
15860
15860
15859
15859
15858
15857
15855
15855
15855
15854
15854
15853
15853
15851
15851
15851
15851
15850
15850
15850
15850
15849
15848
15848
15848
15848
15847
15847
15847
15846
15846
15845
15844
15843
15842
15841
15839
15839
15839
15839
15837
15837
15837
15836
15836
15836
15834
15834
15833
15833
15832
15832
15831
15830
15829
15829
15829
15828
15827
15827
15827
15826
15825
15824
15824
15823
15823
15823
15822
15822
15821
15821
15819
15819
15818
15817
15817
15816
15816
15815
15814
15814
15811
15810
15809
15808
15808
15807
15805
15804
15802
15802
15801
15801
15800
15800
15799
15799
15797
15797
15797
15796
15795
15794
15794
15794
15793
15792
15787
15787
15785
15782
15781
15780
15780
15779
15779
15779
15779
15778
15778
15777
15777
15773
15771
15771
15770
15769
15769
15769
15769
15767
15767
15764
15763
15762
15762
15761
15761
15759
15759
15758
15757
15757
15757
15756
15755
15754
15754
15752
15751
15751
15750
15749
15749
15748
15746
15744
15744
15744
15744
15743
15742
15741
15740
15739
15739
15738
15737
15737
15736
15736
15736
15736
15735
15733
15733
15732
15731
15730
15730
15729
15728
15727
15725
15724
15724
15724
15724
15722
15722
15721
15721
15721
15721
15719
15719
15718
15718
15718
15717
15716
15715
15713
15712
15709
15708
15706
15706
15705
15705
15705
15703
15700
15700
15699
15699
15699
15697
15697
15697
15696
15696
15694
15694
15694
15693
15693
15693
15692
15692
15691
15691
15691
15691
15689
15689
15688
15688
15687
15687
15687
15686
15686
15685
15685
15685
15685
15684
15684
15684
15683
15683
15683
15682
15682
15682
15681
15680
15680
15680
15680
15679
15679
15677
15677
15676
15674
15672
15671
15671
15671
15670
15669
15669
15667
15666
15665
15665
15665
15665
15664
15664
15664
15664
15663
15663
15663
15662
15661
15661
15661
15660
15660
15659
15659
15658
15658
15657
15657
15657
15656
15655
15655
15653
15652
15650
15649
15648
15648
15648
15646
15646
15644
15643
15641
15641
15641
15640
15639
15638
15638
15638
15637
15637
15636
15635
15635
15634
15633
15632
15631
15631
15630
15630
15630
15630
15628
15628
15627
15627
15625
15624
15624
15624
15623
15621
15621
15621
15621
15619
15618
15618
15618
15618
15617
15617
15615
15614
15613
15612
15610
15609
15609
15607
15607
15607
15605
15605
15603
15603
15600
15600
15599
15598
15597
15597
15596
15595
15593
15593
15593
15593
15592
15589
15589
15589
15588
15587
15587
15586
15586
15584
15584
15584
15583
15582
15581
15581
15580
15579
15579
15578
15578
15577
15577
15577
15577
15576
15576
15576
15576
15576
15575
15574
15572
15571
15570
15570
15569
15569
15569
15568
15567
15567
15567
15566
15565
15565
15564
15563
15563
15563
15562
15561
15560
15559
15558
15557
15556
15555
15555
15554
15553
15553
15551
15550
15550
15550
15549
15549
15549
15547
15546
15545
15545
15545
15543
15543
15543
15543
15540
15540
15539
15538
15537
15536
15535
15535
15534
15534
15533
15533
15532
15531
15531
15531
15528
15528
15527
15527
15527
15527
15526
15526
15525
15525
15524
15524
15522
15522
15521
15521
15520
15519
15519
15517
15517
15517
15516
15515
15514
15513
15512
15511
15511
15510
15510
15509
15508
15508
15508
15508
15508
15507
15507
15506
15504
15503
15502
15502
15502
15501
15501
15501
15498
15497
15497
15497
15497
15497
15497
15496
15496
15495
15495
15495
15495
15494
15494
15494
15493
15491
15490
15490
15490
15489
15489
15488
15486
15485
15485
15483
15483
15482
15482
15481
15481
15481
15480
15479
15479
15479
15478
15477
15477
15476
15476
15475
15474
15473
15473
15473
15472
15470
15470
15470
15470
15469
15468
15468
15466
15465
15464
15464
15464
15463
15460
15460
15459
15459
15458
15458
15457
15457
15456
15456
15456
15456
15455
15455
15454
15454
15454
15454
15454
15453
15453
15453
15453
15453
15453
15452
15452
15452
15452
15451
15450
15448
15448
15447
15446
15446
15446
15445
15444
15444
15444
15444
15443
15440
15440
15440
15440
15439
15438
15438
15438
15437
15437
15436
15435
15435
15434
15434
15433
15432
15432
15432
15431
15430
15430
15430
15430
15430
15427
15427
15427
15426
15426
15425
15425
15425
15425
15423
15422
15422
15422
15421
15421
15420
15420
15419
15418
15417
15416
15416
15415
15414
15414
15412
15411
15411
15411
15410
15409
15409
15409
15408
15407
15406
15406
15405
15404
15403
15403
15403
15403
15401
15401
15401
15400
15399
15399
15399
15399
15396
15392
15392
15392
15392
15391
15390
15389
15388
15386
15386
15386
15385
15385
15385
15385
15384
15384
15383
15382
15381
15379
15379
15379
15379
15377
15377
15376
15376
15376
15374
15374
15373
15372
15372
15372
15371
15371
15371
15369
15369
15368
15368
15368
15368
15367
15365
15365
15364
15364
15363
15363
15362
15362
15361
15361
15359
15359
15359
15359
15358
15358
15355
15355
15355
15353
15352
15351
15351
15350
15350
15349
15349
15348
15348
15348
15347
15347
15347
15346
15346
15345
15345
15344
15342
15341
15340
15340
15339
15338
15338
15338
15338
15337
15337
15337
15336
15336
15335
15335
15335
15334
15333
15332
15331
15327
15327
15326
15324
15321
15321
15320
15320
15320
15320
15319
15319
15319
15317
15316
15315
15314
15314
15313
15312
15310
15310
15309
15309
15309
15309
15308
15307
15307
15306
15305
15304
15304
15302
15301
15301
15298
15298
15298
15298
15298
15297
15297
15296
15295
15295
15295
15293
15293
15292
15291
15291
15290
15289
15289
15289
15288
15288
15287
15286
15285
15285
15285
15285
15284
15284
15284
15283
15281
15281
15280
15280
15280
15280
15280
15279
15277
15277
15275
15275
15274
15274
15271
15270
15269
15268
15267
15267
15267
15264
15264
15264
15263
15263
15263
15261
15260
15258
15258
15257
15256
15256
15256
15255
15255
15255
15253
15253
15252
15251
15250
15250
15250
15250
15249
15248
15248
15248
15247
15246
15246
15246
15245
15245
15244
15244
15244
15243
15242
15241
15241
15240
15240
15240
15239
15237
15236
15235
15234
15232
15231
15231
15230
15230
15229
15229
15227
15225
15225
15225
15225
15224
15223
15223
15223
15222
15222
15222
15221
15220
15220
15219
15218
15216
15216
15214
15214
15213
15213
15211
15211
15211
15210
15209
15209
15208
15207
15206
15206
15206
15203
15203
15203
15202
15202
15202
15202
15201
15201
15200
15200
15200
15200
15200
15200
15199
15199
15199
15198
15197
15197
15196
15196
15195
15194
15192
15190
15188
15188
15186
15186
15185
15184
15182
15182
15181
15181
15180
15180
15179
15178
15178
15178
15178
15177
15177
15176
15175
15174
15174
15172
15171
15170
15170
15170
15169
15167
15167
15166
15165
15165
15165
15165
15163
15162
15160
15159
15158
15157
15157
15155
15155
15154
15154
15153
15151
15151
15151
15150
15150
15150
15149
15148
15148
15146
15142
15142
15142
15141
15140
15139
15138
15138
15137
15137
15137
15136
15136
15135
15135
15135
15135
15134
15133
15133
15132
15132
15132
15131
15131
15131
15130
15128
15128
15128
15126
15126
15125
15125
15125
15124
15123
15123
15121
15120
15120
15119
15118
15118
15118
15118
15118
15117
15117
15117
15117
15116
15114
15114
15114
15114
15112
15111
15110
15109
15109
15108
15105
15105
15104
15103
15102
15102
15100
15099
15099
15098
15095
15095
15093
15092
15090
15089
15089
15088
15086
15086
15085
15084
15083
15083
15082
15082
15082
15081
15080
15080
15077
15077
15075
15075
15074
15074
15073
15073
15073
15072
15071
15071
15070
15070
15069
15069
15069
15067
15066
15066
15064
15064
15064
15063
15062
15061
15060
15060
15059
15059
15058
15058
15058
15057
15056
15056
15055
15053
15051
15050
15048
15048
15048
15048
15047
15046
15046
15045
15044
15043
15043
15041
15041
15041
15040
15040
15040
15039
15038
15038
15036
15035
15034
15033
15031
15031
15030
15029
15029
15028
15026
15026
15025
15024
15024
15024
15024
15022
15021
15019
15019
15019
15018
15018
15017
15016
15015
15014
15014
15013
15013
15013
15011
15011
15010
15010
15009
15008
15008
15008
15007
15007
15007
15006
15006
15005
15005
15005
15005
15002
15001
15000
15000
14998
14997
14996
14996
14995
14995
14995
14994
14994
14994
14994
14993
14992
14992
14991
14991
14991
14991
14988
14987
14986
14986
14984
14983
14982
14982
14980
14979
14979
14979
14979
14978
14978
14978
14977
14976
14976
14976
14975
14974
14973
14973
14972
14971
14971
14970
14969
14968
14968
14967
14967
14966
14965
14964
14964
14964
14963
14960
14960
14958
14957
14956
14955
14955
14955
14954
14954
14954
14951
14950
14950
14950
14950
14950
14949
14949
14949
14949
14949
14948
14948
14948
14948
14948
14947
14947
14945
14945
14945
14945
14945
14944
14943
14943
14943
14942
14941
14941
14940
14940
14939
14939
14938
14938
14938
14937
14937
14936
14936
14935
14935
14935
14935
14934
14934
14933
14933
14931
14931
14930
14930
14930
14930
14929
14928
14928
14927
14927
14926
14926
14926
14923
14923
14923
14922
14921
14921
14919
14919
14919
14918
14917
14917
14916
14916
14915
14914
14913
14913
14911
14911
14910
14910
14910
14909
14908
14908
14906
14906
14906
14904
14904
14904
14903
14903
14902
14902
14902
14902
14902
14901
14901
14900
14899
14899
14899
14899
14898
14898
14898
14896
14896
14896
14895
14894
14893
14893
14893
14892
14890
14890
14889
14888
14888
14888
14888
14887
14886
14886
14885
14884
14883
14883
14882
14881
14881
14880
14879
14879
14878
14876
14876
14874
14873
14873
14872
14872
14872
14871
14870
14869
14869
14868
14868
14867
14867
14866
14865
14863
14863
14862
14861
14861
14861
14860
14860
14859
14859
14859
14859
14859
14858
14856
14855
14855
14855
14854
14850
14850
14850
14848
14847
14846
14845
14843
14842
14842
14840
14837
14837
14836
14836
14835
14835
14834
14833
14833
14832
14831
14830
14829
14829
14828
14827
14826
14825
14825
14824
14823
14821
14821
14819
14817
14816
14816
14815
14815
14814
14814
14812
14812
14812
14812
14812
14810
14810
14809
14809
14808
14807
14807
14807
14805
14804
14804
14804
14803
14803
14802
14802
14802
14801
14801
14800
14800
14800
14800
14799
14798
14797
14796
14796
14796
14796
14796
14796
14796
14796
14795
14792
14792
14791
14791
14790
14790
14790
14789
14789
14789
14789
14787
14787
14786
14786
14786
14786
14785
14784
14783
14783
14782
14777
14777
14776
14776
14775
14775
14774
14774
14774
14772
14772
14771
14770
14768
14767
14767
14766
14766
14766
14765
14764
14764
14764
14762
14761
14761
14761
14760
14760
14759
14757
14756
14756
14755
14753
14753
14752
14752
14750
14750
14749
14747
14746
14746
14746
14745
14745
14744
14744
14744
14743
14741
14739
14738
14738
14738
14737
14737
14737
14736
14735
14735
14735
14734
14733
14733
14732
14732
14730
14729
14729
14728
14726
14726
14724
14723
14722
14722
14721
14721
14720
14719
14719
14717
14717
14715
14714
14713
14712
14711
14711
14710
14710
14710
14709
14709
14709
14707
14707
14706
14706
14706
14705
14704
14703
14703
14702
14702
14702
14701
14701
14701
14700
14700
14700
14699
14697
14697
14696
14693
14692
14691
14691
14690
14689
14689
14688
14688
14686
14686
14684
14684
14684
14683
14683
14683
14681
14681
14680
14680
14679
14679
14678
14678
14677
14676
14675
14674
14674
14674
14674
14673
14673
14672
14671
14670
14670
14669
14669
14669
14668
14668
14667
14667
14666
14666
14666
14666
14665
14665
14665
14665
14664
14663
14662
14662
14661
14660
14660
14659
14658
14658
14656
14656
14655
14654
14654
14653
14652
14652
14652
14652
14652
14650
14648
14648
14647
14646
14646
14645
14645
14645
14645
14643
14642
14642
14641
14641
14641
14640
14640
14640
14640
14639
14638
14637
14637
14637
14636
14635
14634
14634
14634
14634
14633
14632
14632
14631
14630
14629
14627
14626
14626
14625
14624
14624
14623
14623
14623
14623
14623
14622
14622
14622
14621
14621
14621
14620
14620
14618
14618
14616
14616
14613
14611
14609
14607
14607
14606
14606
14605
14605
14605
14604
14602
14601
14601
14600
14600
14600
14599
14599
14599
14598
14597
14596
14595
14595
14595
14595
14594
14594
14592
14592
14591
14591
14591
14590
14590
14590
14588
14588
14588
14588
14587
14586
14586
14586
14585
14584
14583
14583
14583
14582
14582
14581
14581
14580
14579
14579
14579
14577
14576
14575
14574
14573
14572
14571
14570
14570
14569
14569
14567
14567
14564
14564
14563
14561
14560
14559
14557
14557
14556
14552
14551
14551
14548
14548
14547
14547
14547
14545
14545
14545
14544
14542
14541
14541
14539
14537
14536
14535
14533
14533
14533
14533
14533
14532
14532
14532
14530
14530
14530
14530
14530
14529
14529
14528
14528
14528
14528
14528
14527
14526
14526
14526
14526
14525
14525
14524
14524
14523
14523
14521
14521
14520
14519
14518
14518
14517
14517
14517
14516
14516
14514
14513
14513
14510
14510
14509
14508
14507
14505
14501
14501
14501
14499
14499
14499
14497
14496
14496
14495
14495
14494
14494
14493
14492
14492
14491
14489
14488
14487
14486
14484
14483
14483
14481
14481
14481
14480
14480
14478
14477
14477
14476
14476
14476
14475
14474
14474
14474
14473
14472
14468
14468
14467
14463
14462
14462
14462
14461
14460
14458
14458
14458
14458
14457
14457
14457
14456
14456
14456
14455
14454
14454
14453
14451
14451
14451
14451
14450
14449
14449
14449
14448
14448
14447
14447
14445
14445
14445
14443
14442
14441
14441
14440
14440
14439
14438
14438
14438
14438
14438
14437
14436
14435
14434
14432
14430
14430
14429
14428
14427
14427
14426
14425
14424
14424
14423
14423
14422
14422
14420
14419
14418
14417
14416
14416
14414
14413
14413
14411
14411
14410
14410
14410
14409
14409
14408
14405
14404
14404
14403
14403
14403
14403
14402
14402
14402
14401
14401
14400
14400
14399
14399
14399
14399
14398
14398
14398
14398
14397
14396
14396
14395
14394
14394
14393
14391
14390
14390
14388
14386
14386
14386
14385
14384
14384
14382
14382
14381
14381
14381
14379
14378
14377
14377
14376
14376
14376
14376
14375
14375
14375
14374
14374
14373
14370
14368
14368
14367
14367
14366
14365
14364
14363
14363
14362
14361
14360
14360
14357
14357
14356
14356
14355
14355
14354
14353
14353
14353
14350
14349
14349
14347
14346
14346
14346
14345
14345
14344
14344
14343
14343
14342
14342
14340
14340
14339
14338
14338
14337
14337
14336
14336
14335
14333
14333
14332
14331
14330
14330
14330
14328
14327
14327
14325
14324
14323
14323
14318
14316
14315
14314
14313
14313
14311
14311
14310
14309
14306
14306
14304
14304
14304
14304
14304
14303
14303
14302
14301
14301
14300
14300
14300
14299
14299
14298
14297
14297
14296
14296
14296
14295
14295
14294
14293
14293
14292
14291
14291
14291
14290
14289
14287
14287
14287
14286
14286
14285
14285
14283
14281
14281
14281
14281
14280
14280
14279
14276
14274
14274
14273
14273
14273
14272
14269
14268
14268
14268
14268
14268
14268
14267
14267
14266
14266
14262
14262
14260
14259
14258
14258
14258
14257
14256
14256
14255
14254
14254
14254
14249
14249
14248
14247
14246
14246
14246
14246
14246
14245
14244
14244
14243
14242
14241
14241
14240
14240
14240
14239
14239
14238
14237
14237
14237
14234
14233
14233
14232
14231
14229
14228
14228
14227
14227
14227
14226
14225
14225
14224
14224
14224
14223
14222
14222
14222
14222
14222
14222
14221
14221
14221
14220
14220
14220
14220
14219
14219
14218
14216
14216
14216
14216
14215
14215
14214
14213
14212
14212
14211
14209
14208
14207
14206
14205
14203
14202
14201
14200
14199
14199
14199
14195
14194
14194
14193
14192
14192
14191
14191
14191
14190
14189
14189
14189
14188
14187
14187
14187
14186
14185
14185
14184
14183
14182
14182
14181
14180
14180
14180
14180
14180
14179
14175
14175
14174
14173
14173
14173
14172
14172
14171
14171
14171
14170
14169
14167
14167
14167
14167
14165
14164
14161
14161
14160
14159
14159
14158
14157
14157
14157
14157
14156
14156
14154
14153
14152
14151
14151
14150
14150
14150
14149
14148
14147
14146
14146
14146
14142
14141
14141
14141
14138
14138
14136
14136
14136
14136
14134
14132
14132
14131
14131
14129
14129
14129
14129
14128
14128
14128
14127
14127
14126
14125
14124
14124
14124
14123
14123
14123
14123
14122
14122
14121
14121
14121
14121
14120
14119
14117
14117
14117
14116
14116
14115
14115
14115
14115
14114
14114
14114
14111
14107
14107
14106
14106
14105
14105
14105
14104
14104
14104
14103
14103
14102
14098
14097
14097
14097
14096
14096
14095
14095
14095
14094
14092
14091
14090
14090
14087
14087
14087
14087
14086
14086
14084
14083
14083
14083
14083
14082
14082
14081
14081
14080
14078
14078
14077
14077
14077
14076
14076
14076
14076
14075
14075
14075
14075
14074
14074
14074
14073
14072
14072
14071
14071
14071
14071
14070
14069
14069
14069
14069
14067
14066
14066
14065
14064
14064
14063
14063
14063
14062
14061
14060
14059
14059
14058
14057
14057
14056
14055
14054
14053
14052
14052
14051
14050
14049
14048
14048
14048
14048
14047
14046
14046
14045
14045
14045
14044
14044
14044
14041
14040
14040
14040
14039
14037
14037
14037
14036
14036
14036
14035
14035
14035
14033
14032
14032
14032
14031
14031
14031
14031
14031
14030
14030
14030
14029
14028
14028
14028
14027
14026
14025
14025
14025
14023
14022
14022
14022
14021
14021
14021
14016
14016
14015
14015
14014
14013
14013
14012
14011
14008
14006
14005
14005
14004
14003
14002
14002
14001
14000
14000
13998
13998
13998
13996
13996
13995
13994
13992
13992
13991
13991
13990
13990
13990
13989
13989
13989
13988
13988
13985
13984
13984
13983
13980
13979
13978
13977
13977
13977
13977
13976
13975
13974
13974
13974
13973
13973
13973
13972
13972
13972
13970
13970
13969
13968
13968
13967
13967
13965
13965
13964
13964
13963
13963
13963
13961
13960
13959
13959
13958
13956
13955
13953
13952
13950
13948
13945
13945
13945
13944
13942
13942
13941
13939
13939
13939
13938
13937
13937
13936
13934
13934
13933
13933
13932
13931
13931
13931
13931
13930
13930
13929
13929
13928
13927
13927
13926
13926
13926
13926
13924
13923
13921
13919
13918
13918
13917
13916
13916
13915
13915
13915
13915
13914
13914
13914
13913
13913
13911
13910
13907
13905
13904
13904
13904
13903
13903
13903
13902
13901
13900
13898
13896
13896
13895
13894
13894
13894
13893
13892
13892
13892
13891
13890
13890
13890
13889
13889
13889
13888
13888
13888
13887
13885
13884
13883
13882
13882
13881
13880
13879
13878
13878
13877
13876
13876
13875
13875
13875
13875
13874
13873
13873
13872
13872
13870
13869
13868
13868
13867
13867
13867
13867
13866
13865
13865
13865
13864
13864
13863
13863
13862
13861
13861
13860
13859
13858
13858
13857
13856
13856
13855
13855
13854
13854
13852
13852
13850
13848
13847
13846
13846
13845
13844
13843
13842
13840
13840
13839
13839
13838
13837
13837
13836
13835
13835
13835
13834
13834
13833
13832
13832
13831
13831
13829
13829
13829
13826
13826
13825
13823
13823
13822
13822
13822
13821
13820
13820
13820
13818
13817
13817
13817
13817
13816
13816
13816
13815
13815
13815
13814
13813
13813
13812
13812
13812
13811
13810
13810
13809
13808
13808
13807
13807
13806
13805
13805
13805
13803
13801
13801
13800
13800
13800
13799
13799
13798
13795
13794
13794
13794
13793
13793
13791
13790
13790
13789
13789
13789
13788
13788
13787
13787
13787
13787
13787
13786
13785
13784
13782
13782
13781
13781
13781
13779
13776
13776
13774
13774
13774
13770
13770
13770
13769
13768
13766
13765
13764
13763
13763
13762
13762
13762
13761
13761
13761
13760
13760
13759
13759
13758
13757
13756
13755
13755
13755
13754
13753
13752
13749
13748
13746
13744
13744
13743
13743
13742
13741
13739
13739
13738
13737
13737
13735
13735
13735
13734
13734
13734
13734
13733
13732
13732
13732
13732
13730
13729
13728
13728
13727
13726
13726
13725
13725
13724
13724
13724
13723
13723
13723
13723
13722
13721
13719
13718
13718
13717
13717
13717
13717
13715
13715
13715
13715
13714
13714
13713
13713
13712
13712
13711
13710
13708
13707
13707
13705
13705
13704
13704
13700
13699
13699
13699
13698
13696
13696
13696
13695
13694
13693
13690
13690
13690
13689
13689
13689
13688
13687
13687
13687
13687
13686
13685
13683
13682
13682
13681
13679
13679
13679
13678
13676
13675
13674
13674
13672
13672
13671
13669
13668
13668
13667
13664
13664
13664
13663
13662
13662
13661
13661
13661
13660
13660
13660
13658
13658
13657
13655
13655
13655
13655
13655
13653
13653
13652
13651
13651
13651
13651
13650
13650
13649
13649
13649
13648
13647
13647
13647
13646
13645
13645
13642
13642
13642
13641
13641
13641
13641
13640
13640
13639
13639
13638
13638
13637
13637
13637
13637
13636
13636
13636
13635
13635
13634
13634
13634
13633
13632
13628
13627
13627
13627
13626
13625
13624
13621
13620
13620
13620
13620
13619
13618
13618
13617
13616
13615
13614
13612
13612
13610
13609
13609
13608
13608
13608
13608
13607
13605
13605
13604
13604
13603
13601
13600
13600
13599
13599
13595
13595
13594
13594
13594
13592
13592
13590
13590
13588
13586
13585
13585
13585
13583
13581
13580
13580
13579
13578
13578
13577
13576
13575
13574
13573
13573
13572
13570
13570
13569
13569
13568
13567
13567
13566
13566
13565
13565
13564
13563
13563
13563
13562
13562
13561
13561
13559
13559
13558
13558
13558
13557
13557
13556
13555
13555
13554
13554
13554
13553
13552
13552
13552
13551
13551
13550
13549
13546
13546
13545
13544
13544
13543
13542
13541
13539
13539
13538
13538
13538
13536
13535
13533
13533
13533
13532
13532
13532
13532
13531
13531
13531
13531
13531
13529
13529
13529
13528
13528
13528
13527
13527
13526
13526
13526
13523
13523
13522
13522
13522
13522
13521
13520
13518
13518
13516
13515
13515
13515
13515
13515
13514
13513
13512
13512
13512
13511
13511
13511
13510
13508
13507
13507
13507
13507
13506
13506
13506
13505
13505
13505
13503
13502
13501
13501
13500
13498
13498
13498
13497
13497
13496
13495
13494
13493
13493
13492
13491
13490
13490
13489
13488
13487
13487
13487
13487
13486
13484
13484
13484
13484
13483
13482
13481
13481
13481
13479
13477
13477
13474
13474
13470
13469
13468
13466
13466
13464
13463
13463
13463
13461
13461
13461
13461
13460
13460
13460
13459
13459
13459
13458
13456
13455
13453
13451
13451
13449
13448
13447
13446
13445
13444
13442
13441
13440
13440
13440
13439
13439
13438
13438
13437
13436
13436
13435
13435
13435
13434
13434
13433
13431
13431
13431
13430
13429
13428
13426
13425
13424
13423
13422
13421
13421
13420
13420
13420
13419
13418
13418
13417
13417
13415
13414
13413
13413
13413
13412
13412
13411
13410
13410
13410
13409
13409
13409
13409
13409
13408
13408
13407
13406
13406
13406
13404
13403
13403
13403
13402
13402
13401
13401
13400
13398
13397
13397
13397
13396
13396
13396
13395
13395
13394
13394
13392
13392
13391
13390
13390
13390
13390
13385
13384
13382
13381
13380
13379
13377
13377
13376
13376
13376
13376
13376
13375
13372
13372
13372
13371
13371
13371
13370
13370
13370
13370
13370
13369
13369
13368
13368
13368
13367
13366
13366
13365
13364
13363
13363
13363
13361
13361
13361
13361
13360
13360
13359
13359
13359
13358
13357
13357
13357
13356
13355
13355
13355
13354
13353
13351
13351
13350
13350
13349
13348
13348
13347
13347
13346
13346
13346
13346
13344
13343
13342
13340
13340
13340
13340
13339
13338
13338
13337
13336
13336
13336
13336
13335
13335
13334
13334
13334
13333
13333
13333
13331
13331
13331
13330
13330
13329
13329
13326
13324
13324
13321
13320
13319
13318
13318
13317
13317
13317
13317
13316
13313
13312
13311
13310
13309
13307
13306
13305
13305
13304
13303
13303
13302
13300
13300
13299
13299
13298
13298
13298
13298
13298
13298
13296
13294
13294
13292
13292
13292
13291
13291
13288
13287
13287
13287
13286
13284
13283
13283
13283
13281
13280
13280
13280
13280
13278
13277
13276
13276
13276
13276
13276
13276
13276
13275
13275
13275
13275
13275
13273
13273
13272
13271
13271
13271
13270
13268
13267
13266
13265
13265
13264
13261
13260
13257
13257
13257
13255
13255
13255
13255
13254
13254
13254
13253
13253
13252
13250
13250
13249
13249
13248
13248
13247
13247
13247
13246
13245
13245
13245
13245
13245
13244
13244
13244
13243
13243
13242
13242
13240
13240
13239
13238
13237
13235
13235
13234
13232
13232
13231
13231
13230
13229
13228
13227
13226
13226
13226
13225
13225
13224
13224
13224
13224
13223
13222
13222
13221
13221
13219
13219
13218
13217
13217
13216
13215
13214
13213
13213
13213
13213
13211
13211
13210
13210
13209
13208
13208
13208
13208
13208
13206
13206
13206
13205
13204
13203
13202
13202
13201
13201
13200
13199
13198
13197
13196
13195
13194
13194
13193
13192
13192
13192
13191
13190
13190
13190
13190
13189
13188
13187
13186
13185
13184
13184
13183
13182
13182
13181
13181
13180
13180
13178
13178
13177
13177
13176
13175
13175
13173
13173
13171
13170
13170
13169
13169
13169
13168
13166
13165
13164
13163
13160
13159
13157
13156
13155
13154
13153
13153
13153
13153
13152
13152
13150
13150
13149
13148
13148
13147
13145
13145
13143
13142
13141
13139
13139
13139
13137
13137
13135
13135
13134
13133
13133
13132
13132
13132
13131
13130
13130
13129
13127
13127
13127
13126
13125
13124
13123
13121
13121
13121
13120
13120
13120
13119
13118
13118
13117
13117
13117
13115
13115
13114
13114
13112
13112
13112
13110
13110
13110
13108
13108
13107
13106
13106
13105
13104
13104
13103
13103
13101
13101
13100
13099
13098
13098
13098
13098
13098
13098
13097
13095
13095
13095
13094
13093
13093
13092
13092
13092
13092
13091
13090
13090
13089
13089
13088
13087
13087
13087
13086
13086
13085
13085
13085
13084
13082
13082
13082
13081
13081
13081
13080
13080
13080
13080
13079
13079
13075
13074
13073
13073
13072
13070
13068
13068
13067
13066
13065
13065
13064
13064
13063
13062
13061
13061
13060
13059
13059
13058
13058
13058
13058
13057
13057
13057
13056
13056
13055
13055
13054
13053
13052
13052
13052
13050
13050
13047
13047
13046
13045
13044
13043
13042
13042
13042
13042
13042
13042
13041
13040
13040
13037
13037
13037
13037
13037
13035
13035
13035
13035
13034
13034
13033
13032
13032
13031
13031
13031
13031
13030
13030
13029
13029
13029
13029
13028
13027
13027
13027
13026
13025
13024
13024
13023
13021
13021
13021
13020
13020
13019
13018
13018
13017
13017
13016
13015
13014
13014
13013
13013
13013
13013
13012
13012
13011
13010
13010
13009
13009
13009
13008
13007
13007
13007
13006
13006
13006
13005
13004
13003
13002
13002
13002
13000
12999
12999
12999
12998
12997
12995
12994
12993
12993
12992
12992
12991
12990
12990
12989
12988
12986
12985
12984
12984
12983
12983
12982
12982
12982
12981
12981
12980
12980
12980
12979
12979
12979
12978
12978
12976
12975
12975
12975
12974
12973
12973
12971
12971
12971
12971
12970
12969
12968
12968
12967
12967
12967
12966
12966
12966
12965
12965
12965
12965
12965
12963
12963
12962
12961
12961
12960
12960
12960
12958
12955
12955
12955
12954
12954
12953
12952
12951
12951
12951
12951
12950
12950
12949
12949
12948
12948
12947
12947
12946
12944
12943
12943
12943
12942
12941
12941
12941
12940
12940
12939
12938
12938
12937
12937
12937
12937
12936
12935
12935
12934
12934
12933
12932
12930
12930
12929
12928
12928
12927
12927
12925
12925
12923
12923
12922
12922
12920
12918
12916
12915
12915
12914
12913
12912
12911
12910
12909
12909
12909
12909
12908
12908
12908
12907
12907
12906
12906
12905
12904
12903
12903
12903
12901
12899
12898
12898
12898
12896
12896
12896
12895
12895
12894
12894
12893
12893
12891
12891
12890
12889
12889
12889
12887
12885
12884
12884
12883
12883
12880
12880
12879
12879
12878
12878
12876
12875
12875
12875
12874
12874
12873
12872
12871
12871
12870
12870
12869
12867
12867
12867
12866
12865
12861
12860
12860
12860
12860
12860
12858
12858
12857
12856
12855
12854
12854
12853
12852
12851
12850
12848
12848
12846
12846
12845
12843
12843
12843
12842
12842
12841
12840
12839
12839
12838
12838
12838
12837
12837
12836
12836
12834
12834
12834
12833
12833
12830
12830
12830
12829
12828
12828
12828
12827
12827
12826
12826
12826
12824
12824
12823
12822
12822
12821
12821
12820
12819
12819
12818
12818
12818
12818
12813
12813
12813
12811
12810
12810
12810
12810
12810
12810
12808
12807
12805
12804
12803
12802
12801
12801
12801
12801
12800
12800
12800
12800
12800
12800
12799
12798
12797
12797
12796
12796
12795
12793
12793
12792
12792
12792
12792
12791
12791
12790
12790
12790
12790
12788
12788
12787
12787
12787
12785
12785
12784
12784
12783
12783
12782
12781
12781
12780
12779
12778
12777
12776
12776
12775
12774
12774
12773
12773
12772
12772
12772
12771
12771
12770
12769
12769
12768
12768
12767
12767
12766
12765
12764
12764
12764
12764
12763
12762
12761
12761
12760
12760
12759
12758
12757
12756
12755
12753
12753
12753
12751
12751
12750
12750
12750
12748
12748
12746
12745
12745
12744
12743
12743
12743
12742
12741
12740
12740
12738
12738
12737
12737
12737
12736
12735
12735
12734
12734
12733
12731
12731
12731
12731
12730
12730
12730
12730
12728
12728
12728
12728
12727
12727
12725
12725
12724
12724
12724
12724
12724
12723
12721
12721
12721
12720
12719
12719
12718
12718
12717
12717
12717
12716
12715
12715
12714
12714
12714
12713
12712
12711
12710
12710
12709
12709
12709
12708
12707
12707
12707
12706
12706
12705
12704
12704
12704
12704
12703
12703
12702
12702
12701
12699
12698
12698
12697
12697
12696
12696
12695
12695
12695
12694
12694
12694
12694
12694
12693
12691
12691
12687
12687
12687
12686
12686
12686
12684
12683
12683
12682
12681
12681
12680
12678
12678
12678
12673
12673
12673
12672
12672
12671
12669
12669
12668
12667
12666
12665
12664
12664
12663
12663
12662
12660
12658
12657
12657
12657
12656
12656
12655
12655
12655
12654
12654
12653
12653
12653
12652
12652
12652
12652
12651
12651
12650
12650
12648
12648
12647
12646
12644
12643
12642
12642
12639
12638
12637
12637
12634
12634
12633
12633
12633
12632
12632
12631
12631
12630
12630
12630
12630
12630
12629
12629
12629
12628
12627
12627
12625
12625
12625
12624
12624
12624
12623
12621
12621
12621
12620
12616
12615
12614
12614
12613
12611
12611
12611
12609
12608
12608
12607
12606
12605
12605
12603
12602
12602
12601
12601
12601
12600
12600
12599
12598
12597
12597
12597
12597
12596
12596
12595
12594
12594
12593
12592
12592
12591
12591
12591
12590
12590
12590
12589
12588
12588
12587
12587
12587
12584
12582
12582
12582
12580
12580
12578
12578
12578
12577
12577
12575
12575
12575
12574
12574
12574
12574
12572
12572
12572
12570
12570
12570
12569
12568
12568
12566
12566
12566
12565
12564
12564
12562
12562
12562
12561
12560
12559
12558
12556
12556
12555
12554
12554
12553
12552
12552
12552
12551
12550
12549
12547
12547
12546
12546
12545
12545
12545
12544
12543
12542
12542
12542
12541
12540
12540
12539
12538
12538
12538
12536
12536
12536
12536
12535
12535
12535
12534
12532
12531
12530
12530
12530
12528
12528
12528
12527
12527
12527
12527
12526
12526
12524
12524
12523
12523
12522
12522
12522
12522
12521
12521
12521
12520
12520
12519
12518
12517
12516
12515
12514
12514
12513
12513
12512
12511
12510
12510
12509
12509
12508
12508
12508
12504
12504
12503
12502
12501
12501
12500
12500
12500
12500
12498
12498
12497
12496
12496
12492
12492
12491
12491
12491
12490
12489
12489
12489
12488
12487
12487
12485
12484
12484
12482
12482
12481
12480
12480
12480
12479
12479
12478
12478
12478
12477
12476
12476
12476
12475
12475
12474
12474
12474
12474
12474
12473
12472
12472
12471
12471
12470
12469
12468
12468
12468
12468
12467
12466
12464
12463
12463
12462
12462
12459
12459
12458
12458
12457
12457
12456
12455
12455
12451
12450
12450
12450
12450
12449
12448
12447
12445
12444
12444
12443
12443
12442
12439
12439
12438
12437
12436
12435
12435
12434
12433
12431
12430
12430
12430
12429
12428
12428
12427
12427
12426
12426
12426
12425
12425
12425
12424
12424
12423
12423
12423
12422
12422
12422
12422
12422
12421
12421
12421
12420
12414
12414
12412
12412
12412
12409
12409
12408
12408
12408
12407
12407
12406
12406
12406
12406
12406
12405
12405
12405
12403
12403
12403
12402
12402
12401
12398
12398
12397
12396
12396
12395
12394
12393
12393
12393
12392
12391
12391
12391
12390
12390
12390
12389
12388
12388
12387
12387
12385
12385
12384
12383
12383
12383
12382
12380
12380
12379
12379
12379
12378
12378
12375
12375
12374
12373
12372
12372
12371
12371
12370
12369
12369
12369
12367
12365
12365
12364
12364
12363
12363
12363
12362
12361
12360
12360
12358
12357
12357
12355
12355
12355
12351
12350
12349
12348
12345
12345
12345
12344
12344
12343
12342
12340
12340
12340
12339
12339
12339
12338
12337
12337
12336
12335
12335
12332
12332
12332
12331
12331
12331
12329
12328
12327
12326
12326
12325
12325
12321
12321
12320
12318
12318
12318
12317
12317
12317
12317
12317
12317
12317
12316
12313
12313
12313
12313
12312
12312
12311
12310
12310
12308
12308
12307
12307
12306
12306
12305
12304
12304
12303
12302
12302
12302
12301
12300
12300
12299
12298
12298
12297
12295
12295
12293
12292
12292
12292
12292
12290
12289
12288
12287
12287
12287
12286
12285
12285
12285
12285
12283
12282
12282
12282
12282
12282
12281
12279
12278
12277
12276
12276
12275
12275
12275
12274
12274
12273
12273
12271
12271
12271
12270
12270
12270
12270
12270
12269
12268
12268
12267
12267
12265
12265
12265
12264
12263
12263
12262
12262
12261
12260
12260
12260
12258
12258
12257
12256
12256
12256
12256
12255
12254
12254
12254
12253
12253
12253
12253
12252
12252
12250
12250
12250
12249
12247
12246
12246
12245
12245
12245
12243
12242
12242
12241
12240
12239
12239
12237
12236
12235
12235
12234
12232
12232
12232
12231
12231
12229
12229
12229
12228
12227
12227
12226
12226
12225
12225
12223
12221
12221
12219
12217
12217
12216
12216
12215
12215
12215
12215
12213
12212
12211
12211
12211
12211
12208
12206
12206
12206
12204
12201
12199
12199
12198
12197
12196
12195
12195
12194
12194
12194
12194
12193
12193
12193
12193
12191
12191
12191
12190
12190
12189
12189
12186
12184
12184
12184
12183
12183
12182
12182
12181
12181
12180
12179
12178
12177
12177
12176
12175
12175
12174
12173
12172
12172
12171
12171
12171
12170
12169
12169
12169
12168
12167
12166
12165
12165
12164
12164
12164
12163
12163
12163
12162
12161
12161
12160
12160
12160
12160
12159
12159
12158
12158
12158
12158
12157
12156
12156
12155
12154
12153
12153
12153
12153
12152
12152
12152
12151
12149
12149
12146
12146
12146
12143
12143
12142
12142
12142
12142
12142
12142
12141
12140
12139
12137
12137
12136
12136
12134
12134
12133
12133
12132
12132
12131
12131
12129
12129
12129
12128
12128
12128
12127
12126
12126
12125
12125
12125
12124
12123
12121
12121
12120
12120
12120
12119
12119
12118
12116
12114
12112
12112
12112
12111
12110
12109
12109
12108
12105
12103
12103
12101
12101
12100
12100
12100
12099
12099
12099
12098
12098
12097
12097
12096
12096
12094
12094
12094
12094
12092
12091
12091
12090
12090
12088
12088
12087
12084
12083
12082
12081
12080
12080
12080
12079
12078
12078
12078
12078
12077
12077
12077
12076
12074
12074
12072
12071
12071
12071
12071
12070
12070
12069
12069
12068
12067
12064
12064
12064
12064
12064
12064
12062
12062
12060
12060
12060
12060
12059
12058
12056
12055
12055
12055
12054
12053
12053
12053
12052
12052
12051
12051
12050
12049
12047
12046
12045
12044
12044
12044
12044
12043
12042
12042
12042
12041
12040
12039
12039
12039
12037
12036
12036
12036
12035
12035
12034
12033
12033
12033
12033
12032
12031
12030
12030
12029
12028
12027
12027
12027
12027
12024
12024
12023
12023
12023
12022
12022
12021
12020
12020
12020
12019
12018
12018
12017
12017
12015
12015
12015
12014
12014
12013
12013
12013
12012
12012
12012
12011
12010
12009
12009
12007
12006
12006
12005
12004
12004
12004
12004
12004
12003
12003
12003
12002
12002
12001
12001
12000
11999
11999
11999
11999
11998
11998
11997
11996
11996
11995
11994
11993
11993
11993
11993
11991
11990
11989
11988
11988
11988
11987
11987
11986
11985
11985
11984
11983
11982
11982
11982
11982
11981
11981
11979
11979
11978
11977
11977
11977
11975
11975
11974
11974
11973
11972
11972
11971
11969
11969
11969
11969
11969
11968
11968
11968
11966
11965
11965
11965
11963
11963
11963
11961
11960
11960
11960
11959
11958
11958
11958
11958
11957
11957
11954
11954
11954
11953
11953
11953
11953
11953
11952
11950
11950
11949
11949
11948
11947
11946
11945
11945
11944
11944
11943
11942
11941
11941
11938
11938
11938
11937
11936
11936
11936
11936
11935
11935
11933
11933
11932
11932
11931
11931
11929
11928
11928
11928
11926
11926
11926
11926
11925
11924
11923
11923
11923
11922
11921
11919
11919
11918
11918
11918
11917
11917
11916
11915
11915
11915
11915
11914
11914
11913
11913
11912
11912
11911
11910
11909
11908
11906
11906
11906
11906
11906
11904
11903
11903
11901
11901
11900
11900
11900
11899
11899
11899
11898
11898
11897
11897
11896
11895
11893
11893
11893
11892
11891
11890
11890
11888
11886
11886
11886
11885
11885
11883
11883
11883
11882
11879
11879
11878
11878
11876
11875
11875
11874
11873
11873
11872
11872
11872
11871
11871
11869
11869
11868
11867
11866
11866
11865
11864
11864
11863
11863
11862
11861
11861
11861
11861
11860
11859
11858
11858
11857
11857
11856
11856
11855
11854
11853
11852
11851
11850
11849
11849
11849
11848
11848
11848
11847
11846
11846
11846
11844
11843
11843
11843
11842
11842
11841
11841
11841
11841
11841
11840
11838
11837
11836
11834
11831
11831
11829
11829
11829
11828
11827
11826
11826
11826
11825
11825
11825
11824
11823
11823
11822
11821
11821
11821
11821
11820
11820
11819
11819
11818
11818
11817
11816
11814
11814
11813
11813
11812
11812
11811
11810
11809
11807
11806
11806
11805
11805
11804
11801
11798
11798
11797
11796
11795
11792
11792
11792
11792
11791
11791
11791
11791
11791
11790
11789
11789
11787
11786
11786
11786
11786
11785
11784
11784
11783
11783
11783
11783
11782
11782
11781
11780
11780
11778
11778
11778
11778
11777
11777
11776
11776
11776
11776
11775
11775
11775
11774
11774
11773
11773
11773
11771
11771
11771
11770
11770
11769
11769
11768
11768
11767
11767
11767
11767
11766
11766
11766
11765
11763
11758
11758
11758
11758
11757
11757
11755
11752
11751
11751
11750
11749
11749
11749
11748
11748
11748
11747
11747
11747
11746
11746
11745
11745
11743
11743
11743
11742
11742
11741
11741
11741
11741
11740
11739
11738
11737
11737
11737
11736
11735
11735
11734
11733
11733
11732
11732
11732
11732
11731
11730
11730
11729
11729
11729
11729
11729
11728
11728
11727
11726
11726
11724
11724
11722
11722
11720
11719
11719
11719
11718
11718
11717
11717
11716
11715
11715
11715
11714
11714
11713
11713
11713
11712
11711
11710
11710
11710
11710
11709
11709
11709
11707
11706
11704
11704
11702
11702
11702
11701
11698
11697
11696
11695
11694
11693
11693
11692
11692
11691
11691
11688
11688
11686
11685
11685
11684
11683
11682
11679
11679
11679
11676
11676
11676
11675
11674
11674
11670
11669
11669
11667
11666
11665
11664
11662
11661
11660
11660
11659
11659
11658
11658
11658
11657
11657
11657
11655
11653
11653
11653
11652
11652
11651
11651
11651
11650
11648
11647
11647
11646
11645
11643
11643
11642
11641
11641
11640
11638
11638
11638
11636
11636
11636
11635
11635
11634
11634
11634
11633
11633
11632
11632
11631
11631
11630
11630
11629
11629
11628
11628
11626
11625
11625
11625
11624
11623
11622
11622
11622
11621
11621
11621
11619
11614
11614
11613
11613
11612
11612
11611
11611
11610
11609
11609
11607
11607
11607
11606
11606
11604
11604
11604
11603
11601
11600
11598
11598
11597
11596
11595
11595
11594
11593
11591
11590
11590
11590
11589
11589
11589
11588
11588
11588
11588
11588
11584
11582
11582
11582
11582
11581
11581
11581
11580
11580
11579
11577
11577
11577
11577
11577
11576
11575
11575
11575
11573
11573
11573
11573
11571
11570
11570
11569
11568
11567
11567
11566
11564
11563
11561
11561
11560
11560
11560
11559
11558
11558
11558
11558
11557
11556
11554
11553
11553
11553
11553
11552
11551
11550
11549
11549
11549
11547
11547
11545
11545
11545
11545
11544
11543
11543
11542
11542
11542
11542
11540
11540
11539
11539
11538
11538
11536
11536
11535
11535
11533
11532
11532
11531
11531
11530
11529
11529
11529
11529
11529
11527
11527
11527
11527
11527
11526
11526
11526
11526
11524
11523
11523
11522
11519
11519
11519
11519
11518
11518
11518
11518
11516
11515
11515
11515
11514
11514
11514
11514
11512
11511
11509
11509
11508
11508
11508
11506
11505
11505
11505
11504
11504
11504
11503
11503
11503
11503
11502
11502
11501
11500
11500
11499
11498
11498
11497
11497
11496
11496
11495
11495
11494
11494
11494
11493
11492
11491
11491
11490
11489
11488
11488
11488
11486
11484
11483
11483
11480
11480
11479
11479
11479
11478
11478
11477
11477
11475
11474
11474
11473
11472
11471
11471
11471
11471
11470
11466
11466
11463
11462
11461
11461
11458
11458
11455
11455
11455
11455
11454
11454
11453
11453
11452
11452
11452
11452
11451
11451
11451
11449
11448
11448
11447
11446
11446
11446
11444
11443
11443
11443
11442
11442
11442
11442
11440
11440
11439
11439
11438
11437
11437
11435
11434
11434
11432
11432
11431
11431
11430
11430
11429
11429
11429
11429
11428
11425
11422
11421
11421
11419
11418
11416
11414
11411
11410
11410
11409
11409
11409
11408
11407
11406
11405
11405
11403
11402
11402
11401
11401
11400
11400
11400
11398
11397
11397
11397
11394
11393
11393
11389
11389
11389
11388
11388
11388
11388
11388
11388
11387
11387
11386
11385
11385
11385
11385
11384
11383
11383
11382
11381
11380
11380
11380
11379
11379
11378
11378
11378
11377
11377
11377
11376
11376
11376
11375
11375
11374
11374
11374
11373
11372
11372
11372
11369
11367
11367
11366
11366
11365
11365
11365
11364
11361
11361
11361
11359
11359
11359
11359
11359
11358
11358
11358
11357
11357
11356
11354
11354
11354
11353
11353
11352
11352
11352
11352
11351
11351
11350
11349
11349
11349
11348
11347
11346
11346
11346
11345
11345
11344
11344
11343
11343
11343
11342
11342
11337
11336
11336
11335
11334
11334
11334
11334
11333
11333
11332
11332
11331
11331
11330
11330
11329
11329
11329
11329
11328
11327
11327
11327
11327
11326
11326
11326
11326
11325
11324
11324
11324
11324
11324
11324
11323
11323
11323
11323
11322
11321
11321
11318
11317
11317
11317
11317
11316
11315
11315
11315
11314
11314
11313
11313
11313
11312
11312
11311
11310
11310
11309
11306
11306
11306
11305
11304
11304
11304
11303
11302
11302
11302
11302
11301
11301
11300
11299
11299
11299
11297
11297
11297
11295
11295
11295
11293
11292
11291
11291
11288
11287
11287
11286
11285
11285
11284
11284
11283
11283
11282
11282
11281
11281
11281
11280
11280
11278
11278
11277
11276
11276
11275
11275
11274
11274
11273
11273
11272
11272
11271
11271
11271
11270
11270
11269
11269
11268
11268
11268
11267
11267
11265
11264
11263
11263
11262
11262
11262
11262
11261
11261
11259
11256
11255
11255
11254
11253
11253
11253
11253
11253
11252
11251
11251
11251
11250
11250
11249
11249
11249
11249
11247
11246
11246
11246
11246
11245
11243
11243
11243
11242
11242
11241
11241
11239
11238
11238
11237
11237
11236
11236
11236
11236
11236
11236
11235
11235
11234
11233
11233
11233
11232
11230
11230
11229
11228
11226
11225
11224
11224
11223
11223
11223
11222
11222
11221
11221
11221
11219
11217
11216
11215
11215
11215
11214
11213
11211
11211
11211
11209
11209
11208
11208
11208
11207
11207
11207
11206
11206
11206
11205
11204
11203
11202
11201
11200
11199
11199
11197
11197
11197
11196
11196
11196
11195
11194
11193
11193
11193
11192
11191
11191
11189
11188
11186
11186
11185
11185
11184
11184
11183
11183
11183
11183
11182
11181
11180
11180
11179
11179
11179
11178
11178
11177
11177
11177
11177
11176
11176
11174
11174
11173
11171
11170
11170
11169
11168
11168
11168
11168
11167
11167
11166
11165
11165
11165
11165
11164
11163
11163
11163
11163
11163
11162
11161
11161
11160
11160
11160
11159
11158
11158
11157
11157
11157
11154
11154
11152
11152
11152
11151
11151
11151
11151
11150
11149
11149
11148
11147
11147
11147
11146
11145
11144
11144
11144
11144
11142
11142
11141
11141
11139
11137
11136
11135
11134
11134
11133
11133
11133
11133
11132
11131
11130
11130
11129
11129
11129
11128
11127
11126
11124
11122
11122
11122
11121
11121
11120
11119
11119
11118
11115
11114
11113
11112
11110
11110
11109
11109
11109
11108
11107
11107
11106
11106
11105
11104
11104
11103
11103
11103
11102
11102
11101
11100
11098
11098
11098
11097
11095
11095
11095
11094
11092
11092
11092
11092
11091
11090
11089
11089
11087
11087
11087
11087
11086
11086
11084
11083
11083
11082
11082
11081
11081
11081
11079
11078
11077
11076
11076
11075
11074
11072
11071
11070
11070
11070
11069
11068
11068
11067
11067
11065
11064
11063
11063
11063
11059
11059
11059
11058
11057
11056
11056
11054
11053
11052
11052
11051
11051
11051
11050
11050
11049
11049
11048
11048
11048
11048
11046
11046
11046
11045
11045
11045
11044
11044
11043
11043
11043
11043
11043
11042
11041
11041
11041
11036
11035
11035
11034
11034
11033
11033
11032
11030
11030
11029
11028
11028
11028
11027
11023
11022
11021
11021
11020
11019
11019
11018
11016
11016
11015
11014
11014
11013
11012
11012
11010
11010
11009
11009
11008
11008
11007
11007
11006
11005
11005
11005
11004
11004
11004
11003
11003
11002
11002
11001
11000
10999
10999
10998
10998
10998
10996
10996
10996
10993
10993
10992
10992
10991
10991
10990
10990
10990
10989
10989
10988
10988
10988
10988
10988
10987
10987
10987
10985
10984
10984
10984
10984
10983
10983
10983
10982
10981
10981
10981
10979
10979
10978
10977
10976
10975
10975
10975
10975
10975
10974
10974
10973
10972
10972
10972
10972
10972
10970
10969
10969
10968
10968
10968
10967
10967
10967
10967
10967
10965
10964
10962
10962
10961
10960
10959
10959
10959
10958
10956
10955
10954
10954
10953
10953
10953
10951
10951
10951
10948
10947
10947
10946
10945
10944
10943
10943
10942
10941
10939
10938
10938
10937
10936
10935
10935
10934
10934
10933
10933
10933
10932
10932
10931
10930
10930
10929
10929
10927
10927
10926
10926
10925
10925
10924
10922
10922
10921
10920
10920
10920
10919
10918
10918
10917
10917
10917
10917
10916
10916
10913
10913
10913
10913
10913
10913
10910
10910
10909
10909
10907
10906
10906
10905
10905
10903
10903
10902
10902
10902
10901
10901
10900
10900
10900
10898
10898
10897
10897
10896
10894
10894
10894
10892
10892
10890
10890
10889
10888
10888
10886
10886
10886
10886
10885
10884
10884
10884
10883
10883
10882
10882
10882
10882
10880
10880
10874
10874
10873
10872
10871
10869
10869
10868
10867
10865
10864
10864
10862
10861
10861
10861
10860
10859
10859
10858
10858
10857
10857
10857
10857
10857
10857
10856
10856
10855
10853
10853
10853
10851
10851
10849
10849
10849
10848
10847
10846
10846
10846
10846
10844
10844
10843
10843
10843
10840
10839
10839
10839
10838
10836
10836
10835
10835
10834
10832
10831
10831
10830
10829
10829
10828
10828
10826
10826
10825
10825
10824
10823
10823
10822
10822
10821
10820
10820
10820
10819
10817
10817
10817
10816
10816
10816
10816
10815
10814
10813
10813
10811
10810
10810
10809
10807
10806
10806
10804
10803
10803
10803
10802
10800
10800
10800
10800
10799
10799
10798
10797
10797
10796
10795
10794
10794
10793
10791
10790
10789
10789
10788
10787
10786
10785
10783
10783
10782
10782
10781
10781
10780
10779
10779
10779
10777
10776
10776
10774
10774
10773
10772
10771
10771
10770
10770
10770
10768
10767
10765
10765
10764
10762
10762
10762
10762
10761
10760
10760
10760
10760
10759
10758
10758
10757
10757
10757
10756
10755
10755
10754
10753
10753
10753
10753
10752
10752
10751
10750
10750
10750
10749
10748
10748
10748
10748
10748
10746
10745
10745
10744
10744
10744
10744
10742
10741
10741
10740
10739
10738
10737
10737
10737
10737
10737
10736
10736
10736
10734
10733
10733
10732
10732
10731
10731
10730
10729
10728
10728
10728
10726
10726
10725
10724
10724
10724
10723
10723
10723
10722
10721
10721
10719
10718
10717
10716
10715
10714
10714
10714
10713
10712
10712
10711
10711
10711
10710
10710
10709
10709
10709
10709
10707
10706
10705
10703
10703
10702
10702
10701
10701
10700
10699
10696
10695
10694
10694
10693
10692
10692
10692
10692
10691
10689
10688
10688
10688
10687
10687
10687
10687
10686
10686
10686
10685
10684
10684
10683
10683
10683
10682
10682
10681
10681
10681
10681
10680
10680
10678
10678
10676
10675
10675
10675
10673
10673
10673
10672
10671
10671
10670
10670
10670
10669
10668
10667
10666
10665
10665
10663
10662
10661
10661
10661
10660
10660
10657
10657
10656
10652
10652
10651
10650
10650
10650
10649
10648
10646
10646
10646
10645
10645
10644
10644
10643
10643
10643
10642
10642
10641
10641
10641
10640
10640
10640
10638
10638
10637
10637
10636
10636
10635
10634
10634
10634
10634
10634
10633
10632
10631
10630
10629
10628
10628
10627
10626
10623
10622
10622
10621
10621
10621
10620
10620
10620
10620
10619
10619
10619
10619
10618
10618
10618
10616
10616
10615
10615
10614
10614
10613
10612
10612
10610
10609
10609
10609
10609
10609
10608
10607
10606
10605
10605
10605
10603
10602
10602
10602
10600
10599
10599
10597
10596
10596
10594
10594
10593
10591
10591
10591
10589
10589
10587
10586
10584
10584
10583
10583
10582
10581
10581
10581
10580
10580
10579
10579
10578
10578
10578
10578
10577
10577
10576
10576
10575
10575
10573
10572
10572
10571
10571
10571
10570
10569
10569
10568
10567
10567
10567
10567
10567
10566
10566
10565
10564
10563
10562
10561
10561
10561
10560
10560
10559
10559
10558
10558
10557
10557
10556
10554
10554
10553
10553
10553
10551
10551
10550
10550
10549
10548
10548
10546
10546
10545
10544
10544
10544
10542
10541
10540
10539
10537
10537
10536
10536
10534
10533
10532
10531
10531
10530
10529
10528
10527
10526
10525
10525
10524
10524
10524
10524
10523
10522
10522
10522
10521
10520
10520
10519
10519
10519
10519
10517
10517
10516
10515
10515
10514
10514
10513
10512
10512
10512
10512
10511
10511
10511
10511
10511
10509
10509
10508
10508
10507
10505
10504
10504
10503
10503
10503
10503
10501
10501
10500
10500
10496
10494
10493
10492
10490
10490
10488
10487
10487
10486
10485
10485
10485
10485
10484
10483
10483
10483
10482
10482
10482
10482
10482
10481
10481
10479
10477
10477
10476
10476
10475
10474
10474
10473
10473
10472
10471
10471
10470
10469
10468
10468
10467
10467
10466
10464
10464
10463
10463
10463
10461
10461
10461
10459
10458
10458
10457
10456
10455
10455
10454
10453
10452
10450
10450
10449
10449
10449
10447
10447
10446
10445
10445
10442
10442
10441
10441
10441
10439
10439
10437
10436
10436
10435
10435
10434
10433
10432
10432
10431
10431
10431
10430
10428
10427
10427
10427
10426
10425
10425
10424
10424
10423
10423
10423
10423
10423
10422
10422
10421
10421
10420
10420
10420
10419
10419
10418
10418
10417
10417
10417
10417
10416
10416
10416
10416
10414
10413
10411
10411
10410
10409
10408
10407
10407
10407
10407
10407
10404
10404
10402
10401
10401
10400
10399
10399
10398
10397
10394
10394
10394
10394
10394
10393
10393
10391
10388
10388
10388
10386
10386
10385
10385
10385
10385
10384
10383
10381
10381
10379
10379
10377
10376
10376
10376
10374
10373
10372
10372
10371
10368
10368
10368
10367
10366
10365
10364
10364
10363
10362
10362
10362
10362
10362
10361
10361
10360
10359
10359
10359
10359
10358
10358
10357
10353
10352
10352
10351
10350
10349
10349
10348
10348
10346
10345
10345
10345
10344
10344
10344
10343
10343
10342
10341
10341
10341
10340
10340
10340
10339
10339
10339
10337
10337
10336
10336
10335
10335
10333
10331
10331
10331
10329
10329
10329
10328
10328
10327
10326
10326
10325
10324
10324
10323
10322
10321
10321
10320
10318
10318
10316
10316
10315
10315
10315
10314
10313
10310
10310
10307
10306
10305
10305
10304
10304
10303
10303
10302
10301
10300
10300
10300
10298
10297
10297
10297
10295
10295
10294
10294
10292
10292
10291
10291
10291
10290
10289
10289
10289
10288
10288
10288
10287
10285
10284
10284
10283
10282
10281
10281
10280
10280
10280
10280
10280
10276
10276
10276
10275
10275
10275
10273
10272
10271
10270
10270
10269
10268
10268
10268
10268
10268
10267
10266
10265
10264
10263
10263
10262
10262
10261
10261
10261
10260
10260
10259
10258
10257
10257
10257
10257
10257
10256
10254
10254
10254
10253
10253
10252
10251
10251
10250
10249
10249
10248
10248
10248
10247
10247
10245
10245
10244
10243
10241
10239
10238
10238
10238
10236
10236
10236
10236
10236
10234
10232
10231
10230
10229
10228
10228
10226
10225
10225
10224
10223
10223
10223
10221
10221
10220
10220
10220
10219
10218
10217
10217
10216
10216
10215
10215
10215
10215
10214
10214
10214
10213
10212
10211
10210
10209
10209
10208
10207
10207
10206
10205
10205
10205
10204
10204
10203
10203
10202
10202
10200
10199
10198
10198
10196
10193
10193
10191
10191
10191
10191
10190
10190
10190
10188
10188
10188
10187
10186
10186
10186
10186
10185
10184
10184
10184
10183
10182
10182
10181
10181
10181
10181
10179
10179
10179
10178
10178
10178
10177
10176
10176
10175
10175
10175
10172
10172
10172
10171
10170
10170
10170
10170
10169
10169
10168
10168
10168
10168
10166
10165
10164
10164
10164
10164
10163
10163
10162
10161
10160
10158
10157
10156
10155
10155
10153
10153
10151
10151
10151
10151
10150
10148
10147
10146
10145
10144
10144
10144
10143
10142
10142
10141
10141
10140
10140
10140
10140
10139
10139
10138
10137
10137
10135
10135
10135
10134
10134
10134
10134
10134
10134
10134
10133
10133
10132
10132
10132
10132
10131
10131
10130
10130
10129
10129
10128
10127
10126
10126
10125
10124
10123
10122
10122
10122
10122
10121
10120
10119
10119
10118
10117
10116
10115
10113
10113
10112
10112
10112
10112
10111
10111
10111
10110
10110
10109
10109
10108
10107
10107
10107
10106
10106
10106
10106
10104
10104
10103
10103
10102
10102
10101
10100
10100
10099
10099
10099
10098
10098
10098
10097
10095
10095
10094
10094
10094
10093
10093
10093
10091
10091
10089
10089
10089
10089
10089
10088
10088
10088
10088
10086
10086
10085
10085
10084
10084
10083
10083
10083
10082
10081
10080
10080
10079
10079
10079
10078
10078
10077
10077
10075
10075
10073
10073
10073
10072
10072
10072
10071
10071
10071
10071
10069
10066
10066
10066
10065
10065
10065
10062
10060
10059
10059
10058
10057
10057
10057
10056
10054
10053
10052
10052
10051
10051
10051
10050
10049
10048
10048
10048
10048
10047
10047
10046
10046
10046
10046
10045
10041
10039
10039
10039
10038
10038
10037
10036
10035
10034
10033
10033
10033
10032
10032
10031
10028
10027
10027
10026
10025
10024
10024
10023
10023
10022
10021
10021
10021
10018
10018
10016
10015
10015
10015
10014
10014
10013
10012
10011
10011
10010
10010
10009
10009
10007
10007
10005
10005
10004
10004
10004
10003
10002
10002
10002
10001
10000
9999
9999
9999
9998
9998
9998
9997
9996
9996
9995
9995
9994
9994
9994
9994
9993
9993
9993
9993
9992
9992
9991
9991
9991
9990
9990
9990
9990
9989
9988
9988
9985
9985
9984
9984
9984
9982
9981
9979
9979
9979
9979
9978
9978
9977
9977
9976
9976
9975
9975
9974
9974
9973
9973
9973
9972
9972
9971
9971
9970
9970
9970
9968
9968
9968
9967
9967
9966
9966
9965
9965
9964
9964
9964
9963
9963
9963
9963
9961
9961
9961
9960
9959
9959
9958
9958
9958
9958
9957
9957
9957
9956
9956
9952
9952
9951
9950
9950
9949
9948
9948
9948
9948
9946
9945
9945
9945
9944
9943
9942
9942
9941
9941
9940
9940
9939
9939
9939
9939
9938
9936
9936
9936
9935
9935
9934
9933
9931
9930
9930
9930
9929
9928
9928
9927
9927
9926
9925
9925
9924
9924
9923
9921
9921
9921
9920
9920
9919
9918
9918
9916
9916
9916
9916
9915
9914
9911
9911
9911
9909
9908
9907
9906
9905
9905
9904
9904
9903
9902
9902
9901
9901
9900
9900
9899
9898
9897
9896
9896
9896
9896
9894
9894
9891
9891
9891
9891
9889
9889
9889
9888
9888
9887
9886
9884
9882
9882
9882
9882
9880
9879
9879
9879
9878
9878
9878
9877
9877
9877
9876
9876
9875
9875
9875
9875
9874
9872
9871
9871
9870
9869
9869
9867
9867
9866
9866
9866
9865
9863
9863
9862
9862
9862
9859
9858
9856
9855
9855
9855
9855
9855
9854
9852
9850
9849
9849
9848
9847
9847
9846
9845
9845
9845
9843
9843
9841
9840
9839
9839
9839
9837
9837
9837
9837
9836
9836
9833
9832
9829
9829
9826
9825
9825
9825
9823
9822
9822
9821
9821
9820
9819
9819
9819
9818
9818
9817
9817
9816
9816
9816
9816
9816
9813
9813
9812
9810
9810
9809
9807
9806
9806
9805
9805
9805
9804
9804
9803
9802
9801
9801
9800
9799
9799
9799
9799
9798
9798
9798
9797
9796
9793
9793
9793
9793
9792
9792
9792
9791
9791
9790
9790
9789
9789
9786
9786
9785
9785
9785
9785
9784
9783
9783
9782
9782
9781
9781
9781
9781
9780
9780
9779
9778
9778
9777
9777
9776
9775
9774
9774
9774
9770
9769
9769
9768
9768
9767
9766
9762
9762
9762
9762
9761
9758
9758
9757
9757
9756
9756
9756
9756
9755
9754
9754
9754
9754
9754
9753
9753
9752
9752
9751
9751
9751
9751
9750
9749
9748
9748
9748
9747
9746
9746
9746
9745
9745
9745
9744
9743
9743
9742
9741
9741
9740
9740
9740
9739
9739
9738
9737
9737
9737
9736
9735
9735
9734
9734
9733
9733
9733
9732
9731
9730
9730
9730
9729
9728
9728
9727
9727
9727
9727
9727
9726
9726
9722
9721
9720
9720
9719
9719
9719
9719
9718
9718
9717
9717
9716
9716
9715
9715
9714
9714
9713
9712
9712
9712
9711
9710
9710
9710
9710
9709
9708
9708
9708
9707
9706
9706
9705
9705
9705
9703
9701
9701
9701
9701
9699
9698
9698
9698
9698
9697
9697
9696
9696
9696
9695
9694
9693
9693
9692
9692
9692
9691
9690
9690
9689
9689
9689
9689
9689
9689
9688
9687
9686
9686
9686
9686
9686
9686
9684
9683
9683
9683
9683
9683
9683
9682
9681
9681
9680
9677
9677
9677
9676
9675
9675
9674
9673
9672
9670
9670
9669
9668
9667
9666
9665
9662
9662
9662
9662
9661
9661
9661
9661
9660
9660
9659
9658
9657
9656
9656
9655
9654
9653
9653
9653
9652
9651
9651
9651
9650
9648
9648
9648
9647
9647
9645
9644
9643
9642
9642
9641
9639
9639
9639
9639
9639
9638
9638
9636
9636
9636
9636
9635
9635
9632
9631
9630
9629
9629
9628
9628
9628
9628
9627
9627
9627
9625
9623
9623
9623
9622
9622
9621
9621
9621
9620
9620
9620
9619
9619
9619
9617
9617
9614
9614
9612
9611
9610
9610
9608
9608
9607
9607
9607
9605
9605
9605
9605
9604
9604
9603
9603
9602
9601
9601
9600
9599
9598
9597
9596
9595
9595
9595
9594
9594
9594
9593
9593
9593
9592
9591
9588
9587
9586
9584
9584
9583
9583
9582
9582
9581
9581
9580
9580
9579
9579
9577
9577
9576
9576
9575
9575
9575
9575
9575
9574
9574
9574
9573
9572
9572
9572
9571
9571
9569
9569
9567
9567
9567
9567
9567
9566
9566
9566
9565
9565
9565
9565
9564
9564
9564
9564
9563
9563
9562
9561
9560
9559
9559
9559
9558
9558
9557
9557
9556
9555
9555
9555
9554
9554
9553
9553
9552
9552
9550
9550
9549
9548
9548
9548
9547
9547
9547
9547
9547
9545
9545
9545
9545
9545
9545
9545
9544
9543
9540
9539
9538
9538
9537
9537
9535
9535
9534
9532
9532
9532
9531
9530
9530
9529
9527
9525
9525
9524
9522
9522
9522
9522
9521
9520
9519
9517
9517
9517
9517
9517
9517
9516
9515
9514
9514
9514
9514
9512
9512
9512
9510
9510
9510
9510
9510
9509
9509
9508
9508
9507
9507
9507
9506
9505
9505
9505
9504
9502
9500
9499
9499
9498
9497
9497
9497
9496
9496
9496
9495
9495
9494
9494
9494
9494
9494
9494
9493
9493
9492
9492
9491
9491
9491
9490
9490
9490
9489
9489
9488
9488
9488
9488
9487
9487
9487
9486
9485
9485
9484
9484
9483
9483
9482
9481
9479
9479
9479
9478
9477
9476
9475
9475
9474
9473
9473
9472
9471
9470
9469
9468
9468
9468
9467
9465
9465
9464
9464
9464
9464
9462
9462
9461
9460
9459
9459
9459
9458
9456
9454
9454
9453
9453
9453
9452
9451
9450
9448
9448
9446
9443
9442
9442
9441
9441
9441
9440
9440
9439
9437
9435
9435
9434
9434
9433
9433
9432
9431
9429
9429
9429
9429
9429
9427
9427
9425
9425
9425
9425
9423
9422
9422
9421
9420
9419
9419
9418
9418
9417
9417
9415
9415
9414
9414
9413
9412
9412
9412
9412
9411
9411
9411
9410
9409
9409
9409
9408
9408
9405
9404
9403
9402
9401
9401
9401
9400
9399
9398
9398
9398
9397
9396
9396
9396
9395
9394
9394
9393
9392
9392
9392
9392
9391
9391
9391
9391
9390
9390
9389
9389
9389
9389
9388
9385
9385
9384
9384
9382
9382
9382
9381
9381
9380
9378
9377
9377
9377
9375
9372
9372
9371
9371
9370
9370
9369
9368
9368
9368
9367
9367
9366
9365
9364
9363
9362
9361
9361
9359
9358
9358
9356
9356
9355
9354
9354
9353
9352
9351
9350
9349
9349
9348
9347
9346
9346
9346
9345
9345
9345
9345
9344
9342
9341
9340
9340
9339
9339
9338
9337
9336
9336
9336
9335
9334
9334
9332
9332
9332
9331
9331
9331
9330
9330
9330
9329
9329
9328
9328
9325
9324
9324
9323
9323
9323
9323
9323
9322
9322
9321
9321
9320
9319
9319
9319
9318
9317
9317
9314
9312
9312
9312
9311
9311
9310
9310
9309
9309
9306
9306
9305
9305
9304
9304
9303
9303
9301
9300
9298
9296
9296
9294
9294
9294
9293
9292
9291
9291
9291
9290
9288
9288
9288
9287
9286
9284
9283
9283
9282
9282
9280
9280
9280
9277
9277
9276
9275
9275
9275
9274
9273
9273
9273
9272
9272
9272
9272
9271
9271
9269
9268
9267
9263
9263
9263
9262
9262
9260
9260
9260
9259
9259
9258
9257
9256
9256
9256
9255
9255
9255
9254
9253
9252
9251
9249
9246
9244
9244
9244
9244
9243
9243
9243
9242
9241
9239
9238
9237
9237
9235
9234
9234
9234
9233
9228
9228
9227
9225
9224
9224
9224
9223
9223
9222
9222
9222
9222
9222
9220
9220
9217
9216
9215
9215
9215
9213
9212
9212
9212
9212
9210
9210
9210
9209
9208
9208
9207
9207
9206
9205
9205
9204
9203
9202
9201
9201
9201
9200
9200
9198
9196
9196
9196
9196
9195
9195
9194
9194
9192
9191
9187
9187
9186
9186
9186
9186
9186
9186
9183
9183
9182
9180
9178
9177
9176
9175
9172
9172
9171
9171
9170
9170
9170
9169
9169
9169
9168
9168
9168
9167
9167
9167
9167
9165
9165
9164
9163
9163
9161
9161
9161
9161
9160
9160
9160
9160
9160
9158
9156
9156
9156
9155
9153
9152
9152
9152
9150
9150
9150
9150
9150
9149
9148
9148
9148
9146
9146
9146
9145
9145
9144
9143
9143
9142
9142
9141
9141
9141
9141
9140
9140
9139
9138
9137
9137
9135
9134
9134
9134
9134
9133
9133
9132
9131
9130
9128
9127
9127
9127
9126
9126
9125
9124
9124
9123
9123
9123
9122
9122
9122
9122
9120
9120
9117
9117
9117
9115
9115
9114
9114
9112
9111
9111
9110
9110
9109
9109
9108
9108
9107
9106
9105
9104
9103
9103
9102
9102
9101
9100
9099
9098
9097
9097
9096
9096
9096
9096
9095
9094
9094
9093
9092
9091
9091
9090
9090
9090
9090
9090
9089
9087
9087
9086
9086
9086
9084
9084
9084
9083
9083
9082
9082
9081
9081
9081
9081
9081
9080
9079
9078
9078
9076
9073
9072
9072
9070
9069
9069
9068
9067
9067
9067
9066
9066
9065
9065
9064
9063
9062
9062
9061
9061
9060
9060
9059
9059
9058
9056
9056
9054
9052
9049
9049
9049
9049
9048
9048
9048
9047
9047
9046
9045
9045
9044
9044
9042
9042
9042
9042
9040
9039
9038
9038
9036
9034
9034
9034
9033
9032
9032
9032
9032
9032
9031
9029
9029
9029
9028
9028
9028
9027
9026
9026
9026
9026
9025
9025
9024
9023
9022
9022
9022
9021
9021
9021
9021
9020
9018
9018
9017
9016
9015
9015
9015
9014
9014
9014
9014
9014
9012
9010
9010
9010
9007
9006
9006
9006
9005
9005
9005
9005
9005
9003
9003
9003
9001
9000
9000
9000
8999
8998
8998
8998
8998
8996
8996
8996
8996
8996
8995
8995
8993
8991
8990
8990
8990
8989
8989
8988
8988
8985
8985
8984
8984
8983
8981
8981
8979
8978
8978
8976
8976
8975
8974
8974
8973
8972
8972
8971
8970
8970
8970
8969
8969
8969
8968
8968
8967
8967
8967
8967
8966
8966
8965
8964
8964
8963
8963
8962
8961
8960
8959
8959
8958
8958
8958
8957
8957
8954
8954
8954
8954
8953
8953
8952
8952
8950
8948
8948
8947
8945
8945
8945
8944
8944
8942
8941
8940
8940
8938
8937
8937
8937
8937
8937
8936
8935
8935
8935
8935
8933
8933
8932
8932
8930
8929
8929
8929
8928
8928
8928
8927
8927
8924
8924
8923
8923
8923
8922
8920
8920
8919
8919
8918
8918
8918
8918
8917
8917
8916
8915
8914
8913
8913
8913
8912
8910
8910
8908
8907
8906
8905
8905
8904
8903
8903
8902
8900
8900
8899
8899
8899
8897
8896
8895
8895
8894
8893
8892
8892
8891
8891
8890
8889
8889
8889
8887
8887
8887
8886
8886
8885
8885
8885
8884
8884
8884
8883
8882
8881
8881
8880
8880
8879
8879
8879
8878
8878
8877
8877
8875
8875
8875
8874
8873
8873
8872
8871
8870
8870
8870
8869
8869
8869
8867
8867
8866
8866
8865
8864
8863
8863
8862
8862
8862
8862
8861
8860
8860
8859
8859
8859
8858
8858
8857
8854
8854
8853
8852
8852
8851
8851
8851
8850
8848
8848
8848
8847
8847
8847
8846
8846
8846
8845
8843
8843
8842
8842
8841
8839
8839
8839
8839
8839
8837
8837
8836
8835
8835
8834
8831
8831
8829
8828
8828
8828
8825
8825
8825
8825
8824
8823
8822
8822
8821
8820
8819
8818
8818
8818
8818
8817
8817
8816
8816
8815
8814
8814
8813
8812
8812
8811
8810
8810
8808
8808
8807
8806
8806
8805
8805
8804
8804
8803
8803
8803
8802
8801
8800
8799
8799
8797
8797
8796
8794
8794
8794
8793
8792
8792
8792
8791
8788
8787
8787
8786
8785
8784
8782
8782
8781
8781
8780
8779
8778
8777
8776
8776
8775
8775
8774
8773
8772
8772
8772
8772
8771
8770
8770
8770
8769
8768
8768
8767
8767
8766
8766
8766
8765
8764
8764
8763
8763
8763
8759
8759
8759
8759
8759
8758
8757
8756
8756
8755
8752
8752
8750
8748
8748
8747
8747
8747
8747
8746
8746
8745
8744
8742
8742
8741
8741
8740
8739
8739
8738
8738
8738
8737
8736
8735
8735
8734
8730
8730
8729
8729
8728
8728
8727
8727
8727
8726
8726
8724
8724
8724
8722
8722
8722
8722
8722
8721
8721
8719
8719
8718
8718
8718
8717
8717
8715
8714
8714
8714
8714
8713
8713
8712
8711
8707
8707
8707
8705
8703
8703
8702
8700
8700
8698
8698
8697
8696
8695
8693
8692
8689
8689
8688
8688
8685
8685
8684
8684
8681
8681
8680
8680
8679
8678
8677
8676
8675
8675
8675
8675
8674
8674
8673
8673
8672
8671
8671
8670
8670
8670
8670
8669
8669
8669
8667
8667
8667
8667
8667
8667
8666
8666
8665
8663
8663
8662
8661
8661
8660
8660
8660
8658
8657
8657
8656
8656
8655
8655
8655
8652
8652
8650
8649
8648
8646
8645
8643
8643
8643
8642
8641
8641
8641
8640
8639
8638
8637
8637
8637
8637
8635
8635
8635
8633
8633
8632
8632
8630
8630
8629
8629
8629
8629
8628
8628
8626
8626
8625
8625
8624
8624
8623
8622
8622
8621
8621
8621
8620
8619
8618
8617
8617
8617
8614
8613
8613
8611
8611
8610
8609
8609
8609
8607
8607
8606
8606
8605
8604
8603
8603
8603
8602
8602
8602
8602
8601
8599
8599
8599
8597
8597
8597
8596
8595
8594
8594
8593
8591
8590
8589
8588
8586
8586
8586
8585
8584
8584
8584
8582
8581
8580
8578
8577
8577
8576
8576
8576
8574
8573
8572
8572
8570
8570
8570
8570
8568
8566
8565
8565
8565
8564
8564
8564
8562
8561
8560
8559
8557
8555
8554
8554
8552
8551
8550
8549
8549
8548
8547
8546
8546
8546
8543
8541
8541
8541
8539
8537
8537
8537
8536
8536
8534
8534
8534
8534
8533
8533
8532
8532
8532
8531
8531
8531
8531
8530
8529
8529
8528
8527
8527
8525
8524
8523
8523
8520
8519
8517
8517
8516
8515
8514
8514
8513
8513
8512
8512
8511
8510
8510
8509
8509
8509
8509
8508
8507
8507
8506
8506
8506
8506
8505
8504
8503
8502
8502
8500
8499
8499
8499
8499
8498
8498
8497
8497
8495
8494
8494
8493
8492
8492
8491
8490
8490
8490
8488
8488
8487
8487
8486
8485
8484
8483
8483
8482
8482
8480
8479
8479
8478
8478
8478
8477
8477
8477
8477
8476
8476
8474
8474
8473
8472
8471
8471
8470
8470
8470
8470
8469
8468
8467
8465
8464
8464
8464
8463
8463
8463
8462
8461
8461
8460
8460
8460
8458
8456
8456
8455
8455
8455
8455
8454
8454
8453
8453
8453
8452
8452
8450
8449
8449
8448
8448
8447
8446
8446
8446
8446
8445
8444
8443
8442
8442
8439
8438
8438
8437
8437
8436
8436
8435
8435
8435
8435
8434
8434
8434
8434
8434
8433
8432
8432
8431
8431
8431
8430
8430
8429
8429
8429
8426
8425
8425
8423
8422
8421
8420
8420
8420
8419
8418
8418
8418
8417
8417
8415
8415
8415
8414
8413
8413
8413
8412
8412
8412
8411
8409
8407
8406
8406
8406
8406
8406
8406
8405
8405
8405
8403
8403
8403
8402
8402
8401
8400
8398
8398
8396
8396
8395
8394
8394
8393
8393
8391
8391
8391
8390
8390
8389
8388
8388
8388
8388
8386
8385
8383
8383
8381
8380
8380
8379
8378
8378
8378
8377
8376
8375
8374
8372
8371
8371
8370
8370
8369
8368
8367
8366
8366
8364
8364
8363
8363
8362
8362
8360
8360
8359
8359
8358
8356
8354
8353
8352
8352
8350
8349
8347
8347
8347
8346
8344
8343
8341
8340
8340
8339
8339
8339
8337
8337
8336
8336
8336
8336
8334
8334
8334
8332
8332
8332
8332
8331
8330
8329
8327
8327
8326
8326
8325
8325
8325
8324
8324
8324
8322
8321
8320
8319
8318
8317
8315
8313
8312
8311
8310
8308
8306
8306
8305
8305
8304
8304
8302
8302
8301
8301
8301
8300
8299
8298
8298
8298
8297
8295
8295
8293
8293
8292
8292
8291
8289
8287
8287
8287
8286
8285
8285
8284
8283
8283
8282
8282
8281
8281
8280
8280
8279
8277
8276
8276
8275
8273
8272
8272
8271
8270
8270
8269
8269
8269
8265
8265
8265
8264
8263
8263
8262
8262
8262
8261
8261
8261
8260
8260
8260
8259
8259
8258
8258
8257
8256
8256
8255
8255
8253
8253
8252
8252
8251
8251
8250
8250
8250
8249
8247
8245
8244
8244
8243
8242
8242
8241
8240
8239
8239
8239
8238
8237
8237
8235
8235
8235
8235
8234
8234
8233
8233
8232
8232
8232
8231
8231
8231
8229
8226
8226
8226
8224
8224
8223
8223
8222
8222
8221
8221
8221
8221
8220
8220
8219
8218
8218
8218
8217
8216
8215
8215
8214
8214
8213
8212
8211
8210
8210
8210
8210
8209
8208
8207
8206
8206
8205
8205
8202
8202
8200
8200
8199
8199
8199
8198
8198
8197
8197
8196
8195
8193
8193
8193
8191
8191
8191
8190
8189
8188
8188
8187
8187
8187
8186
8185
8185
8184
8184
8184
8182
8181
8181
8180
8180
8180
8179
8179
8178
8178
8177
8176
8172
8170
8170
8170
8169
8169
8168
8167
8166
8166
8164
8164
8163
8163
8163
8162
8162
8160
8159
8159
8159
8158
8158
8157
8157
8157
8157
8155
8155
8154
8154
8152
8152
8152
8151
8151
8150
8150
8147
8147
8147
8144
8144
8144
8144
8144
8144
8144
8142
8142
8142
8141
8141
8141
8141
8138
8138
8138
8137
8137
8137
8137
8136
8136
8135
8135
8135
8135
8133
8132
8131
8130
8128
8127
8127
8127
8126
8126
8126
8125
8125
8125
8125
8123
8123
8123
8121
8121
8119
8119
8117
8117
8117
8116
8116
8115
8114
8114
8113
8111
8111
8110
8109
8109
8108
8108
8107
8105
8105
8104
8104
8101
8098
8098
8098
8098
8096
8096
8096
8096
8095
8095
8095
8095
8095
8094
8093
8092
8091
8091
8090
8090
8089
8087
8085
8085
8085
8083
8083
8081
8080
8079
8078
8077
8077
8077
8076
8076
8074
8074
8073
8073
8071
8071
8071
8068
8068
8067
8067
8066
8066
8066
8065
8062
8061
8061
8061
8060
8060
8060
8059
8058
8058
8057
8057
8056
8054
8053
8050
8049
8049
8048
8047
8047
8046
8046
8046
8045
8045
8044
8044
8044
8044
8044
8043
8043
8042
8042
8041
8041
8039
8039
8037
8037
8037
8037
8037
8036
8036
8035
8035
8034
8033
8033
8032
8032
8031
8031
8031
8030
8029
8029
8029
8029
8028
8028
8028
8027
8024
8021
8020
8020
8020
8019
8018
8018
8016
8016
8016
8016
8015
8015
8014
8014
8013
8011
8011
8009
8008
8008
8008
8006
8005
8005
8004
8003
8003
8002
8001
8001
8001
8000
7999
7999
7998
7997
7996
7995
7995
7992
7991
7991
7990
7989
7988
7986
7986
7985
7985
7983
7982
7981
7979
7977
7976
7975
7975
7974
7974
7973
7973
7971
7971
7971
7971
7971
7970
7970
7968
7968
7967
7967
7966
7966
7965
7965
7964
7963
7963
7963
7962
7962
7961
7960
7959
7958
7958
7958
7957
7956
7956
7954
7954
7953
7953
7952
7951
7949
7949
7949
7946
7946
7945
7945
7944
7943
7942
7942
7940
7940
7940
7939
7937
7937
7937
7936
7933
7933
7932
7930
7930
7928
7928
7928
7927
7926
7925
7924
7923
7923
7922
7921
7920
7919
7917
7916
7915
7915
7915
7914
7913
7912
7912
7912
7910
7909
7908
7908
7907
7906
7904
7903
7902
7902
7902
7901
7900
7900
7900
7900
7900
7899
7899
7898
7897
7896
7896
7895
7895
7894
7894
7894
7889
7889
7888
7888
7887
7887
7886
7886
7886
7885
7885
7884
7884
7883
7881
7881
7881
7880
7880
7879
7877
7877
7875
7875
7874
7870
7870
7870
7869
7869
7868
7868
7867
7867
7866
7865
7864
7864
7863
7861
7861
7861
7860
7860
7860
7859
7857
7857
7854
7854
7854
7852
7852
7852
7852
7851
7850
7850
7849
7846
7845
7845
7844
7843
7842
7842
7841
7841
7840
7839
7838
7838
7838
7836
7831
7831
7830
7829
7829
7829
7828
7827
7827
7827
7826
7825
7824
7823
7822
7821
7820
7819
7819
7818
7817
7817
7815
7815
7814
7813
7813
7812
7812
7811
7811
7809
7807
7806
7805
7805
7803
7803
7803
7802
7802
7801
7801
7801
7799
7799
7798
7798
7798
7798
7798
7797
7797
7796
7796
7795
7794
7793
7792
7792
7791
7791
7790
7790
7790
7789
7788
7788
7787
7787
7787
7785
7785
7785
7785
7784
7784
7782
7782
7782
7781
7780
7779
7778
7776
7775
7775
7774
7774
7773
7771
7770
7770
7770
7770
7770
7769
7768
7767
7767
7766
7766
7766
7765
7764
7764
7764
7764
7760
7760
7759
7758
7758
7758
7756
7756
7756
7756
7755
7754
7754
7753
7753
7753
7753
7753
7752
7752
7751
7750
7750
7749
7749
7747
7745
7745
7744
7744
7743
7742
7741
7741
7740
7740
7738
7738
7738
7738
7736
7735
7733
7733
7733
7732
7731
7730
7729
7728
7727
7727
7727
7724
7723
7722
7722
7721
7721
7720
7716
7716
7716
7715
7714
7714
7713
7712
7712
7712
7712
7710
7710
7710
7710
7709
7709
7708
7706
7706
7704
7704
7703
7703
7703
7703
7703
7703
7703
7702
7702
7702
7702
7701
7699
7698
7698
7697
7697
7696
7695
7695
7695
7694
7694
7693
7690
7690
7689
7689
7688
7688
7687
7686
7684
7684
7684
7683
7683
7682
7682
7682
7682
7681
7680
7679
7677
7675
7675
7675
7674
7673
7673
7673
7673
7672
7671
7671
7671
7670
7668
7668
7667
7665
7665
7661
7660
7660
7659
7659
7657
7653
7652
7651
7651
7650
7650
7649
7648
7648
7648
7647
7646
7646
7645
7642
7642
7642
7640
7638
7636
7635
7634
7634
7633
7633
7632
7632
7631
7629
7629
7629
7629
7628
7628
7626
7626
7626
7626
7626
7625
7625
7624
7624
7624
7624
7624
7623
7623
7623
7623
7621
7621
7621
7620
7619
7619
7617
7616
7616
7614
7614
7613
7612
7611
7610
7609
7609
7609
7608
7605
7604
7603
7602
7602
7602
7601
7601
7600
7599
7599
7599
7599
7597
7596
7596
7595
7595
7595
7594
7594
7594
7594
7593
7593
7593
7593
7592
7590
7589
7589
7587
7587
7586
7584
7581
7581
7581
7579
7579
7579
7578
7577
7576
7576
7574
7573
7573
7572
7571
7571
7570
7570
7569
7569
7569
7569
7567
7567
7567
7567
7565
7565
7564
7564
7564
7563
7563
7563
7563
7563
7563
7563
7562
7562
7562
7561
7561
7560
7559
7559
7558
7557
7557
7557
7557
7557
7555
7555
7554
7554
7553
7552
7552
7551
7551
7550
7550
7549
7548
7548
7547
7547
7547
7543
7542
7542
7541
7541
7541
7540
7539
7537
7537
7536
7536
7535
7534
7534
7534
7533
7533
7533
7533
7532
7531
7531
7530
7528
7528
7526
7525
7524
7524
7523
7522
7522
7521
7519
7519
7518
7518
7518
7518
7517
7517
7517
7516
7516
7514
7513
7513
7512
7512
7512
7511
7511
7510
7509
7508
7504
7502
7501
7501
7500
7499
7499
7497
7497
7497
7496
7495
7495
7494
7494
7494
7493
7493
7492
7492
7491
7491
7490
7490
7490
7490
7489
7489
7489
7488
7488
7487
7487
7487
7487
7486
7485
7485
7484
7481
7481
7480
7479
7478
7478
7477
7477
7477
7477
7477
7475
7475
7474
7474
7472
7472
7472
7471
7470
7469
7469
7469
7468
7468
7467
7466
7465
7463
7462
7462
7462
7461
7461
7460
7460
7460
7460
7460
7459
7459
7458
7457
7456
7454
7452
7452
7451
7451
7450
7449
7449
7449
7448
7445
7445
7444
7443
7441
7441
7441
7439
7437
7436
7435
7435
7435
7434
7432
7432
7430
7430
7430
7429
7428
7428
7427
7427
7427
7426
7426
7425
7424
7422
7421
7421
7421
7421
7421
7421
7419
7419
7417
7417
7417
7416
7413
7413
7412
7411
7410
7410
7408
7408
7407
7407
7407
7406
7405
7403
7402
7402
7402
7401
7399
7399
7399
7399
7398
7398
7398
7398
7396
7396
7396
7395
7395
7394
7394
7394
7394
7393
7393
7393
7393
7392
7392
7392
7391
7390
7390
7390
7387
7387
7387
7386
7385
7385
7385
7384
7384
7383
7382
7382
7382
7382
7382
7380
7380
7380
7379
7379
7379
7379
7378
7378
7378
7378
7377
7377
7376
7375
7375
7375
7374
7373
7373
7373
7372
7372
7370
7369
7368
7367
7367
7366
7366
7366
7366
7364
7363
7361
7361
7361
7361
7360
7359
7359
7357
7357
7356
7356
7355
7354
7352
7352
7351
7350
7349
7348
7348
7348
7348
7345
7344
7344
7343
7343
7342
7340
7340
7339
7339
7339
7338
7338
7336
7335
7335
7335
7332
7332
7332
7331
7329
7329
7329
7328
7328
7328
7327
7327
7325
7325
7324
7324
7324
7323
7323
7322
7319
7317
7317
7317
7316
7316
7315
7315
7315
7315
7314
7314
7314
7313
7311
7311
7310
7310
7309
7306
7304
7304
7304
7303
7303
7303
7302
7302
7301
7301
7301
7300
7298
7298
7297
7297
7296
7293
7293
7293
7292
7292
7292
7291
7290
7288
7287
7287
7285
7285
7285
7285
7284
7284
7283
7282
7282
7282
7281
7279
7279
7279
7279
7279
7279
7279
7278
7277
7277
7276
7275
7274
7274
7272
7272
7272
7271
7268
7268
7267
7266
7265
7264
7264
7264
7263
7262
7262
7261
7261
7260
7258
7257
7257
7256
7256
7255
7254
7253
7251
7251
7251
7249
7247
7247
7247
7246
7246
7246
7245
7245
7245
7245
7245
7244
7244
7243
7243
7242
7242
7242
7242
7241
7240
7239
7239
7239
7238
7237
7236
7233
7231
7231
7230
7230
7229
7228
7228
7226
7224
7222
7222
7222
7221
7221
7221
7221
7221
7220
7219
7218
7218
7218
7218
7217
7217
7216
7216
7215
7215
7213
7213
7213
7212
7212
7211
7211
7211
7210
7208
7208
7208
7207
7207
7206
7205
7205
7204
7203
7202
7202
7201
7201
7201
7200
7198
7198
7198
7198
7198
7195
7195
7193
7193
7192
7191
7190
7190
7189
7189
7189
7188
7187
7185
7185
7185
7184
7183
7182
7182
7181
7181
7180
7179
7178
7177
7177
7176
7176
7176
7176
7176
7174
7173
7171
7170
7169
7169
7169
7169
7167
7167
7167
7166
7165
7163
7163
7163
7160
7160
7160
7159
7158
7158
7158
7157
7157
7156
7155
7155
7155
7154
7154
7154
7153
7153
7153
7153
7153
7152
7152
7151
7151
7150
7150
7150
7149
7148
7147
7146
7146
7146
7145
7143
7142
7142
7141
7141
7141
7141
7140
7139
7138
7138
7137
7136
7135
7134
7134
7133
7133
7132
7132
7131
7131
7130
7130
7130
7130
7130
7129
7129
7128
7128
7127
7127
7126
7126
7126
7126
7125
7124
7124
7123
7121
7120
7120
7120
7120
7118
7118
7117
7116
7115
7114
7114
7113
7111
7110
7110
7106
7105
7105
7105
7104
7104
7104
7104
7102
7100
7100
7100
7100
7100
7099
7097
7093
7093
7092
7092
7090
7089
7089
7088
7088
7087
7087
7086
7086
7086
7084
7084
7082
7082
7081
7080
7080
7075
7074
7074
7071
7070
7070
7067
7067
7066
7065
7065
7065
7064
7063
7062
7062
7060
7060
7060
7059
7059
7058
7058
7057
7054
7053
7053
7053
7052
7051
7051
7050
7050
7050
7048
7047
7047
7046
7045
7045
7045
7045
7045
7044
7044
7044
7044
7044
7042
7042
7041
7041
7041
7040
7040
7040
7040
7039
7038
7037
7037
7036
7036
7032
7031
7031
7030
7030
7030
7030
7029
7029
7028
7028
7027
7027
7026
7026
7026
7025
7025
7024
7024
7023
7022
7022
7021
7021
7020
7020
7018
7017
7017
7016
7016
7016
7014
7013
7012
7012
7008
7008
7007
7006
7005
7004
7004
7004
7003
7002
7002
7002
7002
7001
7001
7000
7000
7000
6999
6999
6998
6995
6994
6993
6993
6993
6992
6990
6990
6988
6988
6988
6987
6987
6987
6985
6985
6984
6983
6983
6982
6981
6980
6980
6979
6979
6979
6978
6977
6976
6975
6975
6974
6973
6972
6972
6971
6969
6969
6968
6967
6967
6966
6964
6962
6961
6961
6960
6960
6959
6959
6958
6958
6957
6956
6956
6955
6955
6955
6955
6953
6953
6953
6950
6950
6948
6947
6947
6947
6946
6945
6944
6944
6944
6944
6943
6943
6940
6939
6939
6938
6938
6938
6938
6937
6937
6937
6936
6936
6935
6935
6934
6933
6933
6933
6933
6932
6930
6928
6926
6926
6924
6923
6923
6922
6921
6921
6920
6918
6916
6916
6916
6914
6913
6913
6913
6912
6912
6912
6912
6911
6911
6910
6910
6910
6908
6907
6907
6906
6903
6902
6901
6900
6900
6900
6900
6899
6898
6898
6898
6896
6896
6896
6895
6895
6894
6894
6894
6894
6893
6893
6893
6893
6893
6892
6892
6890
6890
6890
6889
6888
6888
6888
6887
6887
6887
6885
6883
6882
6881
6880
6880
6879
6878
6878
6877
6876
6876
6876
6876
6875
6875
6874
6874
6874
6874
6871
6871
6871
6870
6869
6868
6868
6867
6867
6867
6866
6865
6863
6863
6862
6862
6861
6861
6860
6860
6860
6860
6859
6859
6858
6858
6858
6857
6857
6857
6857
6856
6856
6855
6855
6855
6854
6849
6846
6846
6846
6845
6845
6844
6843
6842
6841
6841
6840
6840
6837
6837
6836
6835
6835
6834
6834
6833
6832
6832
6831
6831
6831
6830
6828
6827
6827
6826
6826
6825
6822
6822
6821
6821
6820
6819
6818
6818
6818
6818
6815
6815
6815
6814
6814
6812
6810
6810
6809
6809
6809
6808
6808
6808
6807
6807
6807
6807
6807
6807
6806
6806
6805
6804
6803
6802
6802
6802
6802
6801
6801
6800
6799
6799
6799
6799
6797
6795
6795
6795
6794
6794
6793
6793
6793
6792
6792
6792
6791
6791
6791
6790
6790
6790
6789
6789
6788
6788
6788
6786
6786
6786
6784
6784
6782
6781
6781
6780
6780
6779
6779
6778
6778
6773
6773
6773
6772
6772
6771
6771
6771
6771
6771
6770
6769
6769
6769
6767
6766
6766
6765
6765
6765
6763
6763
6763
6762
6762
6762
6761
6761
6758
6757
6756
6755
6755
6753
6752
6752
6751
6751
6751
6751
6750
6749
6749
6749
6749
6749
6748
6748
6748
6746
6745
6745
6745
6745
6743
6742
6741
6740
6740
6740
6739
6739
6736
6733
6733
6732
6732
6731
6731
6730
6730
6730
6728
6728
6727
6727
6726
6726
6725
6724
6723
6723
6722
6720
6720
6718
6717
6717
6717
6717
6716
6715
6715
6715
6713
6713
6709
6709
6709
6708
6707
6706
6706
6706
6705
6704
6704
6703
6702
6700
6698
6697
6696
6696
6694
6694
6693
6692
6691
6690
6690
6689
6688
6688
6687
6687
6687
6687
6686
6685
6685
6685
6684
6683
6683
6683
6682
6681
6681
6680
6679
6679
6679
6676
6676
6675
6674
6673
6673
6673
6673
6672
6672
6672
6671
6671
6670
6670
6668
6667
6667
6667
6667
6666
6666
6665
6665
6665
6664
6664
6663
6663
6663
6663
6660
6660
6660
6659
6659
6658
6657
6657
6657
6656
6656
6656
6655
6655
6655
6655
6654
6653
6653
6653
6652
6651
6651
6650
6650
6649
6648
6648
6648
6646
6646
6646
6646
6643
6643
6643
6641
6641
6640
6640
6640
6640
6639
6638
6638
6637
6637
6635
6634
6634
6633
6632
6631
6631
6630
6630
6629
6627
6626
6626
6623
6623
6623
6622
6621
6621
6621
6620
6620
6619
6619
6618
6617
6615
6615
6614
6614
6614
6613
6612
6612
6611
6611
6609
6609
6607
6606
6605
6602
6601
6600
6600
6598
6598
6597
6597
6596
6596
6594
6594
6594
6594
6593
6592
6592
6591
6591
6590
6589
6587
6586
6586
6586
6582
6581
6581
6580
6579
6579
6578
6578
6578
6577
6577
6576
6576
6575
6575
6573
6572
6572
6571
6571
6570
6569
6569
6569
6568
6568
6567
6567
6565
6563
6562
6562
6561
6560
6560
6560
6559
6559
6558
6558
6557
6556
6555
6554
6554
6554
6553
6552
6552
6551
6548
6548
6547
6547
6546
6545
6544
6544
6544
6543
6543
6543
6542
6541
6541
6540
6540
6540
6539
6538
6538
6538
6537
6537
6536
6535
6535
6534
6534
6534
6534
6533
6533
6533
6533
6532
6530
6530
6530
6530
6529
6529
6529
6526
6526
6525
6524
6524
6523
6522
6521
6518
6518
6518
6518
6518
6518
6517
6517
6516
6515
6515
6513
6512
6512
6511
6511
6509
6509
6508
6507
6507
6507
6506
6505
6503
6503
6503
6502
6502
6501
6501
6500
6500
6500
6498
6498
6497
6496
6496
6496
6496
6496
6496
6494
6494
6494
6494
6493
6493
6492
6492
6490
6490
6490
6489
6489
6489
6489
6488
6487
6485
6485
6484
6483
6483
6483
6481
6481
6480
6479
6478
6477
6475
6475
6473
6472
6471
6471
6469
6469
6468
6467
6467
6465
6463
6463
6463
6463
6463
6463
6462
6461
6461
6460
6460
6460
6458
6458
6457
6457
6456
6455
6455
6455
6455
6454
6453
6453
6452
6451
6450
6449
6446
6446
6444
6442
6442
6442
6441
6440
6440
6440
6439
6438
6438
6436
6436
6435
6435
6435
6434
6432
6432
6431
6428
6427
6426
6426
6426
6424
6424
6423
6423
6423
6423
6422
6420
6420
6416
6415
6415
6415
6415
6415
6414
6414
6413
6412
6411
6411
6410
6409
6408
6408
6407
6407
6407
6406
6406
6405
6404
6403
6403
6401
6401
6400
6400
6398
6398
6398
6398
6397
6397
6396
6395
6395
6395
6393
6391
6391
6390
6390
6390
6389
6388
6388
6388
6388
6388
6388
6388
6388
6387
6387
6386
6386
6386
6385
6384
6384
6383
6382
6382
6381
6380
6380
6379
6376
6375
6374
6374
6372
6370
6370
6369
6369
6368
6368
6367
6367
6366
6366
6365
6365
6364
6364
6364
6363
6363
6363
6363
6362
6361
6360
6360
6359
6359
6358
6357
6356
6356
6355
6355
6355
6353
6353
6352
6352
6352
6350
6349
6349
6349
6349
6348
6347
6346
6346
6345
6345
6344
6343
6342
6341
6341
6340
6339
6339
6338
6337
6337
6335
6333
6333
6333
6332
6331
6331
6331
6330
6330
6328
6328
6327
6327
6327
6326
6325
6324
6324
6323
6322
6321
6320
6320
6320
6319
6318
6318
6315
6315
6315
6315
6315
6314
6314
6313
6313
6312
6312
6310
6310
6310
6309
6308
6308
6308
6307
6306
6305
6304
6304
6301
6301
6301
6300
6299
6298
6296
6296
6296
6295
6295
6294
6294
6294
6294
6293
6293
6293
6291
6291
6290
6290
6289
6289
6289
6288
6285
6284
6283
6281
6280
6279
6279
6278
6278
6278
6278
6277
6275
6274
6273
6272
6272
6271
6269
6269
6268
6268
6268
6267
6267
6266
6266
6265
6265
6264
6263
6263
6261
6261
6260
6259
6256
6255
6255
6253
6253
6251
6250
6250
6248
6247
6247
6247
6245
6244
6243
6242
6241
6241
6240
6240
6237
6237
6236
6236
6236
6236
6235
6233
6232
6232
6232
6231
6230
6230
6230
6230
6230
6230
6230
6229
6229
6229
6229
6229
6227
6224
6222
6222
6221
6220
6220
6219
6218
6218
6217
6216
6214
6214
6213
6212
6212
6210
6208
6208
6207
6206
6205
6204
6204
6202
6202
6201
6201
6201
6200
6200
6200
6199
6198
6198
6198
6197
6196
6196
6195
6195
6195
6193
6191
6189
6189
6189
6189
6188
6188
6187
6185
6184
6183
6181
6180
6179
6179
6179
6178
6176
6175
6175
6175
6173
6173
6172
6172
6172
6172
6168
6168
6167
6167
6166
6165
6164
6164
6164
6163
6161
6160
6160
6160
6159
6159
6158
6158
6157
6156
6156
6154
6154
6154
6153
6153
6152
6152
6151
6151
6150
6150
6148
6148
6147
6146
6145
6145
6144
6144
6144
6142
6142
6141
6140
6140
6140
6138
6138
6138
6138
6137
6137
6136
6135
6135
6134
6131
6131
6131
6129
6128
6128
6128
6126
6125
6124
6124
6124
6123
6123
6122
6122
6121
6121
6121
6119
6118
6116
6116
6115
6115
6114
6113
6113
6112
6112
6112
6110
6110
6107
6107
6105
6105
6105
6104
6103
6102
6102
6101
6101
6100
6100
6096
6094
6094
6093
6092
6092
6092
6092
6092
6092
6091
6090
6090
6090
6090
6089
6089
6089
6088
6088
6088
6088
6086
6084
6084
6084
6084
6084
6084
6083
6083
6083
6081
6081
6079
6078
6078
6078
6078
6077
6077
6076
6075
6075
6074
6074
6074
6074
6071
6071
6071
6067
6067
6066
6066
6065
6065
6065
6064
6063
6063
6063
6063
6063
6063
6062
6061
6061
6060
6060
6059
6057
6056
6055
6054
6054
6053
6053
6053
6053
6052
6051
6051
6051
6051
6050
6050
6049
6048
6047
6046
6046
6046
6046
6045
6045
6044
6043
6041
6041
6041
6040
6039
6037
6037
6037
6037
6036
6035
6035
6033
6033
6031
6030
6030
6028
6026
6025
6025
6025
6025
6025
6024
6024
6023
6022
6021
6021
6021
6020
6016
6015
6014
6014
6014
6013
6013
6012
6011
6011
6010
6010
6010
6010
6009
6009
6008
6007
6001
6001
6000
5999
5999
5999
5999
5996
5996
5994
5994
5993
5991
5991
5989
5988
5988
5988
5988
5987
5987
5986
5985
5985
5984
5984
5984
5983
5983
5982
5980
5979
5978
5978
5978
5978
5976
5975
5973
5972
5972
5972
5971
5970
5969
5969
5967
5967
5967
5967
5966
5966
5965
5965
5965
5964
5963
5963
5962
5961
5961
5960
5960
5958
5958
5958
5958
5958
5955
5955
5953
5952
5951
5950
5950
5949
5949
5948
5947
5947
5947
5945
5944
5944
5944
5944
5944
5943
5943
5943
5942
5942
5939
5938
5938
5937
5937
5937
5936
5936
5936
5935
5933
5932
5931
5931
5931
5930
5930
5928
5928
5928
5927
5927
5925
5923
5923
5922
5922
5921
5920
5919
5919
5918
5918
5916
5915
5914
5914
5914
5913
5912
5912
5911
5911
5911
5910
5909
5908
5908
5908
5906
5906
5905
5904
5904
5904
5902
5900
5899
5899
5898
5898
5898
5897
5896
5896
5894
5891
5891
5890
5890
5890
5889
5888
5888
5888
5888
5887
5887
5886
5885
5885
5885
5885
5884
5883
5883
5881
5881
5880
5879
5878
5878
5878
5878
5878
5877
5877
5877
5876
5876
5876
5875
5874
5874
5874
5874
5873
5873
5873
5873
5872
5872
5871
5870
5868
5867
5867
5867
5867
5866
5865
5865
5863
5862
5861
5861
5861
5860
5859
5858
5858
5856
5856
5855
5855
5854
5854
5854
5853
5852
5852
5852
5851
5851
5851
5850
5850
5850
5849
5848
5848
5848
5847
5847
5846
5846
5846
5845
5845
5844
5844
5843
5842
5842
5841
5839
5838
5837
5836
5835
5835
5835
5835
5835
5834
5834
5834
5834
5833
5833
5833
5832
5832
5832
5831
5831
5831
5831
5830
5830
5830
5829
5829
5827
5827
5827
5827
5826
5826
5826
5825
5825
5824
5824
5824
5822
5822
5821
5821
5820
5818
5817
5817
5817
5816
5815
5813
5813
5813
5813
5811
5808
5808
5807
5807
5807
5807
5806
5806
5806
5804
5804
5803
5801
5801
5801
5800
5799
5799
5798
5796
5796
5796
5795
5794
5794
5794
5792
5792
5792
5792
5790
5789
5789
5789
5789
5789
5788
5788
5788
5787
5786
5786
5785
5785
5784
5784
5783
5783
5782
5782
5781
5780
5780
5780
5777
5776
5775
5774
5774
5773
5773
5772
5771
5770
5770
5770
5770
5769
5768
5767
5766
5766
5765
5764
5763
5762
5762
5762
5761
5759
5759
5758
5756
5756
5756
5756
5755
5753
5753
5752
5752
5752
5747
5747
5746
5744
5744
5743
5743
5742
5740
5738
5737
5737
5737
5735
5735
5735
5735
5733
5733
5733
5731
5731
5731
5730
5729
5728
5727
5726
5726
5725
5724
5723
5722
5722
5721
5721
5721
5719
5718
5718
5717
5716
5716
5715
5715
5715
5715
5712
5711
5709
5708
5707
5707
5707
5707
5707
5706
5706
5705
5705
5704
5704
5703
5703
5699
5698
5696
5696
5693
5692
5692
5692
5692
5691
5691
5690
5689
5688
5688
5687
5687
5687
5686
5684
5684
5684
5683
5680
5679
5679
5679
5679
5678
5676
5675
5675
5674
5673
5673
5671
5671
5671
5670
5669
5669
5669
5668
5668
5667
5666
5666
5666
5666
5665
5665
5665
5664
5664
5663
5663
5663
5662
5662
5661
5661
5660
5658
5658
5658
5656
5655
5654
5651
5650
5649
5648
5648
5647
5646
5644
5643
5643
5642
5640
5640
5639
5639
5639
5638
5638
5638
5638
5637
5636
5635
5635
5633
5633
5633
5633
5633
5632
5630
5630
5629
5629
5628
5626
5626
5626
5625
5625
5624
5623
5623
5623
5623
5622
5621
5621
5621
5621
5621
5620
5620
5619
5618
5618
5618
5617
5617
5616
5615
5613
5612
5610
5610
5610
5610
5609
5607
5607
5607
5606
5605
5605
5605
5603
5603
5601
5599
5598
5598
5597
5597
5597
5596
5596
5595
5594
5593
5592
5591
5591
5590
5590
5590
5589
5589
5589
5588
5587
5587
5586
5586
5585
5582
5582
5582
5582
5581
5581
5581
5581
5580
5580
5579
5578
5578
5577
5577
5577
5574
5572
5572
5572
5571
5570
5570
5568
5566
5563
5560
5560
5560
5559
5558
5557
5557
5557
5556
5556
5554
5553
5553
5552
5551
5550
5549
5549
5548
5547
5547
5546
5546
5546
5546
5544
5543
5543
5542
5542
5542
5542
5541
5539
5539
5538
5538
5538
5537
5537
5537
5536
5536
5535
5535
5535
5534
5534
5534
5534
5533
5533
5532
5532
5532
5532
5532
5531
5531
5531
5531
5528
5528
5527
5526
5526
5523
5521
5519
5519
5519
5517
5514
5514
5514
5514
5514
5513
5513
5513
5513
5513
5512
5511
5511
5511
5511
5510
5510
5510
5509
5509
5507
5505
5505
5505
5504
5503
5503
5503
5502
5502
5500
5499
5499
5499
5499
5498
5497
5496
5496
5495
5495
5494
5494
5493
5493
5493
5493
5491
5488
5487
5486
5485
5481
5480
5480
5479
5477
5477
5475
5475
5474
5474
5473
5473
5473
5472
5472
5472
5471
5470
5470
5469
5469
5467
5467
5466
5465
5464
5464
5463
5463
5462
5461
5459
5458
5457
5456
5456
5453
5452
5452
5452
5451
5450
5449
5448
5447
5447
5447
5446
5443
5440
5440
5440
5439
5439
5438
5438
5436
5435
5434
5434
5431
5431
5430
5429
5429
5428
5428
5426
5425
5424
5422
5422
5421
5421
5421
5419
5419
5418
5417
5416
5416
5416
5416
5416
5416
5416
5416
5415
5414
5414
5414
5414
5413
5411
5411
5411
5409
5408
5407
5406
5405
5405
5405
5404
5403
5403
5403
5403
5402
5401
5398
5398
5398
5398
5398
5397
5397
5397
5397
5397
5397
5395
5394
5394
5394
5393
5392
5392
5391
5391
5391
5391
5390
5390
5390
5389
5389
5389
5389
5389
5388
5388
5388
5388
5388
5387
5387
5386
5384
5383
5382
5381
5381
5378
5378
5377
5376
5376
5376
5376
5374
5373
5372
5372
5371
5371
5371
5370
5370
5369
5369
5368
5368
5367
5366
5366
5365
5363
5363
5363
5363
5363
5361
5360
5358
5358
5357
5356
5356
5355
5355
5354
5353
5352
5352
5352
5351
5351
5351
5349
5348
5348
5347
5347
5347
5347
5347
5345
5345
5345
5344
5344
5343
5343
5342
5341
5340
5340
5340
5338
5338
5338
5338
5337
5337
5337
5336
5336
5335
5335
5334
5333
5333
5332
5332
5331
5330
5330
5330
5330
5329
5329
5328
5328
5327
5327
5326
5326
5325
5323
5322
5318
5317
5316
5315
5315
5315
5314
5314
5313
5312
5312
5311
5311
5309
5308
5308
5308
5307
5307
5304
5302
5299
5298
5298
5297
5296
5296
5295
5294
5294
5292
5291
5289
5288
5287
5286
5286
5285
5285
5285
5284
5284
5283
5281
5280
5280
5280
5280
5279
5278
5277
5276
5276
5275
5275
5275
5275
5274
5273
5273
5272
5272
5271
5271
5269
5268
5267
5266
5265
5264
5263
5261
5260
5260
5260
5258
5257
5257
5256
5256
5255
5254
5253
5253
5253
5251
5250
5250
5247
5245
5243
5243
5242
5242
5242
5242
5241
5240
5240
5239
5239
5239
5239
5239
5239
5238
5238
5238
5238
5237
5237
5237
5236
5236
5235
5232
5232
5232
5231
5231
5231
5230
5230
5229
5229
5229
5228
5227
5227
5227
5227
5224
5223
5221
5220
5220
5220
5219
5219
5218
5218
5217
5217
5217
5215
5214
5214
5214
5214
5214
5213
5213
5212
5210
5208
5206
5205
5205
5205
5204
5204
5203
5202
5198
5198
5197
5197
5196
5195
5193
5193
5192
5192
5192
5190
5189
5187
5186
5186
5186
5185
5185
5184
5182
5181
5181
5180
5179
5179
5179
5179
5178
5177
5177
5176
5176
5175
5175
5174
5174
5174
5173
5170
5170
5168
5168
5167
5167
5167
5164
5164
5163
5162
5161
5161
5159
5159
5158
5157
5157
5156
5155
5155
5155
5154
5154
5154
5153
5152
5151
5149
5149
5148
5148
5148
5147
5147
5147
5146
5145
5144
5143
5143
5143
5142
5142
5142
5142
5141
5140
5140
5140
5140
5139
5139
5139
5138
5138
5137
5137
5136
5135
5133
5133
5132
5131
5131
5131
5130
5130
5129
5129
5129
5128
5128
5128
5128
5128
5127
5126
5126
5126
5126
5124
5124
5123
5122
5121
5120
5118
5118
5118
5117
5117
5116
5114
5114
5113
5112
5112
5110
5110
5108
5108
5107
5106
5105
5105
5104
5103
5102
5101
5100
5099
5099
5099
5097
5096
5095
5095
5094
5094
5094
5093
5093
5092
5092
5091
5091
5090
5089
5089
5088
5088
5087
5087
5086
5084
5084
5083
5083
5083
5082
5082
5082
5080
5080
5080
5079
5079
5079
5077
5077
5075
5075
5075
5074
5074
5073
5073
5071
5070
5070
5069
5069
5068
5068
5068
5068
5065
5065
5064
5064
5063
5063
5059
5059
5058
5057
5056
5055
5054
5054
5053
5053
5052
5051
5050
5049
5048
5048
5047
5046
5046
5046
5046
5045
5045
5045
5045
5044
5043
5043
5043
5043
5042
5041
5040
5039
5038
5038
5037
5036
5035
5034
5033
5031
5031
5029
5029
5028
5028
5028
5026
5025
5023
5023
5023
5023
5022
5022
5021
5021
5020
5020
5020
5019
5018
5017
5016
5014
5013
5013
5013
5012
5012
5011
5011
5009
5009
5007
5007
5007
5006
5005
5005
5005
5005
5004
5003
5002
5002
5001
5001
5000
5000
5000
4999
4999
4999
4999
4999
4999
4998
4997
4997
4996
4996
4993
4992
4992
4990
4990
4990
4989
4989
4987
4987
4987
4986
4985
4985
4984
4983
4983
4983
4983
4982
4981
4981
4981
4980
4980
4979
4979
4979
4979
4978
4978
4977
4977
4976
4975
4974
4974
4973
4971
4970
4970
4970
4970
4969
4969
4969
4967
4967
4966
4966
4965
4965
4964
4964
4964
4963
4962
4962
4961
4959
4956
4955
4954
4953
4952
4952
4952
4951
4951
4950
4949
4946
4946
4945
4945
4944
4944
4941
4941
4940
4940
4940
4939
4939
4939
4938
4935
4935
4934
4933
4933
4932
4931
4930
4929
4929
4929
4929
4927
4927
4926
4926
4926
4926
4925
4925
4922
4921
4920
4917
4917
4916
4914
4914
4914
4913
4913
4913
4912
4911
4910
4910
4909
4908
4907
4907
4906
4903
4903
4903
4902
4901
4901
4900
4900
4900
4900
4899
4898
4898
4898
4897
4896
4896
4896
4895
4894
4894
4894
4894
4894
4894
4894
4893
4892
4890
4890
4889
4887
4886
4885
4884
4883
4883
4881
4880
4879
4879
4879
4878
4878
4877
4877
4877
4875
4874
4874
4873
4872
4872
4871
4871
4870
4870
4870
4870
4869
4869
4869
4868
4868
4867
4867
4867
4866
4865
4864
4863
4863
4862
4861
4861
4861
4861
4860
4859
4859
4857
4857
4856
4856
4856
4856
4854
4854
4853
4853
4853
4851
4851
4850
4849
4849
4848
4848
4847
4847
4846
4844
4842
4842
4841
4840
4839
4838
4837
4837
4836
4836
4836
4835
4834
4834
4834
4834
4833
4832
4832
4830
4830
4830
4830
4830
4829
4828
4828
4828
4827
4826
4824
4822
4822
4821
4821
4821
4820
4819
4818
4817
4816
4816
4816
4815
4814
4813
4813
4812
4812
4811
4811
4811
4810
4810
4809
4809
4808
4808
4808
4807
4807
4806
4805
4804
4802
4802
4802
4801
4800
4799
4799
4799
4798
4797
4797
4796
4795
4794
4793
4793
4793
4792
4791
4791
4789
4788
4788
4788
4787
4787
4786
4786
4786
4784
4784
4784
4784
4783
4783
4783
4783
4781
4780
4780
4778
4778
4777
4777
4777
4777
4776
4776
4774
4774
4770
4768
4766
4766
4766
4764
4764
4763
4761
4760
4759
4759
4759
4758
4757
4756
4756
4755
4755
4755
4754
4753
4752
4752
4752
4750
4750
4750
4749
4749
4749
4749
4747
4746
4745
4745
4743
4742
4742
4741
4741
4740
4740
4740
4740
4739
4737
4737
4737
4736
4734
4734
4732
4732
4732
4731
4731
4730
4729
4729
4729
4729
4728
4728
4728
4728
4727
4727
4727
4726
4726
4724
4723
4722
4719
4718
4718
4718
4718
4718
4717
4715
4715
4715
4714
4714
4714
4713
4712
4712
4712
4712
4711
4711
4710
4710
4709
4708
4708
4706
4706
4705
4701
4701
4701
4700
4700
4700
4700
4699
4697
4697
4696
4694
4694
4693
4692
4692
4691
4691
4690
4689
4687
4687
4687
4686
4685
4685
4685
4684
4684
4683
4680
4680
4680
4679
4679
4679
4677
4675
4675
4674
4673
4672
4671
4671
4670
4670
4670
4669
4667
4667
4666
4666
4665
4664
4664
4663
4663
4663
4663
4663
4662
4662
4662
4662
4661
4660
4659
4659
4659
4657
4657
4657
4656
4655
4655
4654
4653
4651
4650
4650
4650
4649
4648
4648
4648
4647
4647
4647
4647
4647
4646
4645
4644
4644
4644
4643
4642
4641
4641
4641
4641
4639
4638
4637
4637
4637
4636
4636
4634
4634
4634
4632
4631
4629
4628
4627
4627
4627
4626
4625
4625
4625
4624
4624
4622
4621
4621
4619
4619
4619
4618
4617
4615
4614
4614
4612
4612
4612
4611
4611
4609
4608
4608
4608
4606
4606
4606
4604
4604
4604
4603
4603
4603
4603
4602
4599
4599
4599
4599
4598
4598
4597
4597
4595
4594
4593
4591
4591
4589
4589
4588
4587
4587
4586
4586
4586
4586
4585
4583
4582
4581
4581
4580
4580
4577
4577
4576
4576
4576
4576
4576
4575
4575
4574
4572
4572
4570
4569
4569
4568
4568
4568
4566
4564
4564
4562
4562
4561
4560
4557
4557
4557
4556
4556
4556
4555
4555
4551
4551
4549
4548
4547
4546
4546
4544
4543
4543
4543
4542
4540
4540
4539
4539
4538
4537
4535
4533
4532
4532
4532
4531
4529
4527
4526
4526
4525
4525
4525
4525
4524
4524
4524
4522
4522
4521
4520
4519
4519
4519
4518
4517
4517
4517
4516
4516
4516
4515
4515
4514
4513
4512
4512
4511
4511
4510
4509
4509
4509
4508
4508
4507
4507
4506
4506
4506
4506
4505
4505
4504
4503
4503
4501
4501
4500
4500
4499
4498
4497
4497
4496
4495
4495
4494
4494
4494
4493
4493
4492
4492
4491
4490
4489
4489
4488
4487
4486
4485
4484
4484
4483
4483
4482
4482
4481
4481
4479
4478
4477
4477
4476
4476
4474
4474
4474
4474
4473
4473
4473
4472
4470
4470
4470
4469
4468
4468
4468
4468
4466
4466
4466
4466
4465
4465
4463
4463
4461
4460
4460
4460
4459
4458
4458
4457
4454
4454
4453
4452
4451
4451
4450
4450
4449
4449
4449
4449
4446
4446
4446
4445
4444
4443
4443
4442
4442
4441
4440
4440
4440
4439
4439
4439
4438
4435
4434
4434
4433
4433
4432
4432
4432
4431
4430
4430
4429
4427
4426
4424
4424
4423
4422
4421
4419
4419
4419
4418
4417
4416
4415
4415
4415
4415
4414
4413
4413
4411
4410
4408
4407
4407
4406
4405
4405
4405
4405
4405
4404
4404
4404
4404
4404
4403
4402
4402
4400
4400
4400
4400
4400
4399
4399
4398
4398
4397
4397
4394
4394
4393
4393
4389
4389
4389
4388
4387
4387
4387
4387
4387
4386
4385
4384
4384
4383
4383
4383
4382
4382
4381
4381
4381
4380
4380
4380
4379
4378
4378
4377
4376
4375
4374
4373
4372
4371
4371
4370
4370
4370
4369
4368
4368
4366
4365
4364
4364
4362
4362
4361
4360
4360
4359
4358
4358
4358
4358
4357
4357
4356
4356
4355
4355
4354
4354
4353
4353
4353
4352
4352
4349
4348
4348
4347
4347
4346
4346
4346
4346
4345
4345
4345
4345
4343
4342
4341
4339
4339
4339
4338
4337
4337
4333
4333
4332
4332
4331
4331
4330
4330
4330
4329
4329
4328
4327
4326
4325
4324
4324
4324
4323
4322
4321
4320
4319
4319
4319
4319
4318
4316
4315
4314
4311
4311
4311
4311
4310
4309
4309
4309
4308
4308
4307
4307
4306
4305
4304
4304
4304
4303
4303
4303
4302
4301
4298
4298
4297
4297
4296
4296
4295
4294
4293
4293
4292
4292
4291
4291
4290
4290
4290
4290
4288
4288
4286
4285
4283
4283
4283
4283
4282
4282
4281
4281
4280
4279
4279
4278
4278
4277
4276
4276
4276
4275
4274
4274
4274
4272
4271
4270
4269
4269
4267
4267
4267
4267
4264
4264
4264
4263
4261
4261
4261
4260
4259
4256
4255
4255
4254
4253
4251
4250
4249
4248
4248
4247
4247
4247
4246
4244
4243
4242
4241
4241
4240
4240
4239
4239
4239
4238
4238
4237
4237
4237
4236
4235
4234
4232
4232
4231
4231
4228
4228
4226
4226
4224
4224
4224
4222
4222
4222
4222
4219
4219
4218
4218
4218
4217
4217
4216
4216
4215
4215
4214
4213
4212
4211
4211
4211
4211
4209
4209
4207
4206
4206
4206
4206
4205
4205
4205
4205
4202
4202
4201
4201
4200
4200
4200
4198
4198
4197
4197
4197
4196
4194
4194
4194
4194
4193
4193
4193
4192
4192
4192
4190
4190
4189
4189
4188
4187
4186
4185
4185
4184
4184
4182
4181
4181
4180
4180
4179
4179
4179
4179
4177
4177
4176
4176
4176
4175
4175
4172
4172
4172
4171
4169
4167
4166
4166
4166
4165
4165
4164
4163
4162
4162
4161
4161
4160
4160
4159
4158
4158
4158
4157
4157
4156
4156
4156
4155
4154
4153
4153
4153
4152
4152
4152
4151
4151
4151
4151
4151
4150
4150
4150
4149
4147
4147
4147
4145
4144
4143
4143
4142
4141
4139
4139
4138
4138
4136
4136
4135
4135
4135
4134
4134
4133
4132
4131
4130
4130
4129
4129
4129
4128
4127
4126
4126
4125
4125
4124
4124
4124
4123
4123
4122
4122
4122
4121
4120
4119
4119
4119
4118
4117
4116
4114
4113
4113
4112
4112
4112
4112
4111
4111
4110
4110
4109
4109
4109
4108
4108
4107
4107
4106
4106
4106
4105
4105
4104
4103
4102
4102
4101
4101
4101
4098
4097
4097
4096
4096
4096
4091
4090
4089
4089
4089
4089
4089
4088
4088
4087
4087
4087
4084
4084
4083
4083
4083
4082
4081
4081
4081
4080
4079
4079
4078
4078
4078
4076
4075
4075
4074
4074
4070
4070
4069
4069
4068
4068
4068
4067
4066
4065
4065
4064
4064
4064
4063
4060
4060
4060
4058
4055
4054
4053
4052
4049
4049
4049
4049
4047
4046
4046
4045
4044
4042
4042
4042
4042
4041
4040
4040
4038
4038
4038
4037
4037
4035
4035
4034
4034
4034
4034
4033
4032
4032
4031
4031
4029
4029
4028
4028
4026
4026
4025
4025
4025
4024
4023
4023
4023
4023
4022
4022
4022
4022
4021
4021
4020
4019
4019
4017
4017
4016
4015
4014
4013
4013
4013
4012
4012
4011
4011
4010
4010
4010
4009
4008
4007
4006
4005
4005
4005
4005
4005
4004
4004
4004
4004
4001
4001
4000
4000
4000
3999
3999
3999
3997
3997
3996
3996
3995
3995
3994
3992
3992
3991
3991
3991
3991
3991
3990
3989
3989
3988
3987
3987
3987
3987
3985
3983
3983
3982
3981
3981
3981
3980
3980
3977
3976
3975
3974
3974
3973
3973
3973
3973
3973
3973
3972
3972
3970
3968
3968
3967
3967
3966
3966
3964
3963
3962
3961
3961
3960
3960
3960
3958
3958
3958
3956
3956
3955
3954
3953
3953
3953
3952
3952
3951
3951
3950
3950
3949
3949
3948
3946
3946
3946
3946
3944
3944
3944
3943
3942
3942
3941
3940
3940
3939
3938
3937
3936
3936
3936
3936
3935
3934
3933
3930
3930
3929
3928
3928
3926
3926
3925
3925
3925
3924
3924
3924
3924
3923
3922
3921
3921
3920
3920
3920
3920
3917
3917
3916
3915
3915
3914
3914
3914
3913
3913
3913
3912
3912
3911
3911
3911
3911
3910
3909
3909
3908
3907
3906
3902
3902
3902
3901
3901
3901
3900
3900
3897
3897
3897
3896
3896
3896
3896
3895
3894
3894
3893
3892
3892
3891
3889
3889
3888
3888
3886
3885
3885
3882
3882
3881
3880
3880
3879
3879
3879
3878
3877
3876
3875
3875
3874
3873
3873
3872
3871
3871
3870
3870
3869
3869
3869
3866
3865
3865
3865
3864
3864
3864
3864
3863
3863
3863
3861
3861
3860
3858
3858
3858
3858
3857
3857
3855
3854
3854
3854
3853
3853
3852
3852
3852
3851
3849
3849
3848
3845
3845
3844
3844
3844
3843
3843
3842
3842
3842
3842
3839
3839
3837
3836
3836
3835
3835
3834
3833
3833
3833
3832
3832
3831
3830
3830
3830
3829
3829
3829
3828
3828
3827
3827
3826
3825
3825
3825
3824
3823
3823
3822
3822
3821
3821
3818
3818
3818
3818
3817
3816
3816
3816
3815
3814
3812
3812
3812
3810
3810
3810
3810
3809
3808
3808
3807
3806
3806
3806
3805
3802
3801
3799
3799
3798
3797
3797
3797
3795
3795
3794
3794
3790
3790
3788
3788
3788
3787
3787
3786
3784
3784
3784
3783
3782
3782
3782
3781
3781
3780
3780
3778
3778
3777
3776
3776
3775
3775
3775
3775
3774
3774
3773
3773
3772
3772
3771
3771
3771
3770
3770
3769
3769
3769
3769
3767
3767
3767
3767
3766
3764
3763
3763
3761
3761
3761
3759
3759
3757
3757
3757
3756
3756
3755
3755
3754
3753
3753
3753
3752
3752
3752
3751
3751
3751
3749
3749
3749
3748
3748
3747
3747
3747
3747
3745
3743
3743
3742
3741
3741
3738
3737
3737
3736
3736
3735
3733
3733
3733
3732
3731
3731
3731
3730
3729
3729
3729
3728
3726
3725
3725
3724
3722
3722
3722
3718
3718
3717
3717
3716
3715
3715
3715
3714
3714
3713
3712
3711
3711
3711
3710
3710
3710
3710
3709
3709
3708
3706
3705
3705
3704
3703
3702
3702
3702
3701
3701
3700
3700
3700
3699
3699
3699
3698
3698
3698
3696
3695
3695
3695
3693
3693
3691
3691
3690
3688
3688
3687
3686
3685
3685
3684
3684
3684
3683
3683
3683
3682
3682
3680
3678
3678
3675
3674
3674
3674
3673
3673
3673
3672
3672
3671
3671
3670
3670
3670
3669
3668
3667
3667
3666
3666
3665
3665
3664
3664
3663
3663
3663
3663
3662
3661
3661
3660
3660
3659
3658
3658
3658
3658
3657
3657
3656
3654
3653
3652
3651
3651
3651
3651
3650
3649
3649
3648
3648
3648
3647
3647
3647
3646
3646
3646
3646
3645
3645
3644
3644
3643
3643
3643
3642
3642
3642
3641
3638
3638
3637
3636
3636
3636
3635
3635
3634
3634
3633
3633
3633
3631
3630
3630
3630
3630
3629
3629
3629
3628
3625
3624
3623
3622
3622
3621
3620
3620
3619
3619
3619
3618
3618
3618
3617
3617
3617
3616
3616
3615
3614
3614
3614
3612
3612
3612
3610
3610
3609
3609
3609
3609
3609
3608
3608
3607
3607
3605
3604
3602
3601
3601
3600
3599
3599
3599
3599
3598
3598
3597
3596
3596
3595
3593
3593
3592
3592
3592
3592
3590
3589
3588
3585
3585
3584
3584
3583
3583
3583
3582
3582
3582
3581
3579
3579
3576
3574
3574
3574
3574
3573
3573
3571
3571
3570
3569
3568
3568
3568
3567
3567
3567
3566
3566
3566
3565
3565
3564
3563
3563
3562
3562
3561
3561
3561
3561
3560
3560
3559
3559
3558
3557
3557
3555
3555
3555
3552
3551
3551
3550
3549
3548
3548
3548
3547
3546
3546
3546
3545
3545
3544
3544
3543
3542
3542
3541
3540
3538
3537
3537
3536
3536
3535
3535
3535
3534
3534
3532
3531
3531
3530
3530
3529
3529
3528
3527
3525
3523
3522
3522
3522
3521
3520
3518
3517
3517
3516
3516
3516
3515
3514
3514
3514
3513
3513
3513
3512
3511
3510
3509
3509
3508
3508
3508
3507
3507
3506
3505
3505
3505
3505
3504
3504
3504
3503
3502
3501
3501
3501
3500
3500
3499
3498
3498
3498
3498
3498
3497
3496
3495
3494
3494
3492
3492
3489
3489
3489
3489
3488
3487
3487
3484
3483
3482
3482
3482
3481
3481
3479
3479
3479
3479
3478
3477
3477
3477
3476
3475
3475
3475
3474
3474
3472
3470
3470
3469
3468
3468
3468
3467
3467
3466
3465
3465
3465
3463
3463
3462
3461
3461
3461
3461
3460
3460
3460
3459
3458
3458
3457
3454
3453
3453
3453
3452
3452
3451
3451
3449
3449
3447
3446
3446
3444
3443
3442
3442
3441
3441
3440
3440
3439
3438
3438
3437
3436
3435
3433
3433
3432
3432
3432
3431
3431
3429
3427
3427
3426
3425
3425
3423
3423
3422
3421
3421
3421
3421
3420
3420
3420
3420
3419
3419
3418
3418
3417
3417
3416
3416
3416
3416
3415
3415
3415
3415
3414
3414
3414
3414
3412
3409
3409
3409
3408
3407
3406
3406
3403
3402
3401
3401
3399
3398
3397
3395
3395
3395
3395
3394
3394
3393
3393
3393
3393
3392
3391
3390
3390
3389
3388
3388
3388
3388
3387
3387
3386
3386
3384
3383
3383
3382
3381
3381
3380
3380
3379
3379
3378
3378
3377
3377
3377
3376
3373
3372
3371
3371
3370
3370
3368
3368
3368
3368
3367
3366
3364
3364
3364
3364
3363
3363
3363
3362
3361
3361
3360
3360
3359
3359
3359
3359
3358
3357
3357
3357
3357
3357
3356
3356
3355
3355
3355
3353
3352
3351
3349
3349
3348
3348
3347
3347
3346
3346
3344
3344
3343
3342
3342
3340
3340
3339
3339
3339
3338
3338
3338
3337
3337
3337
3336
3335
3335
3334
3333
3333
3333
3332
3330
3329
3328
3328
3327
3326
3326
3324
3323
3321
3321
3321
3320
3319
3318
3315
3313
3312
3312
3312
3311
3311
3309
3308
3308
3306
3304
3303
3303
3302
3301
3301
3301
3300
3300
3298
3298
3297
3297
3296
3296
3296
3295
3295
3295
3295
3294
3293
3292
3292
3291
3291
3290
3289
3288
3287
3286
3284
3284
3284
3283
3281
3280
3280
3279
3279
3279
3279
3278
3277
3277
3277
3276
3275
3275
3274
3274
3273
3273
3273
3272
3272
3271
3271
3271
3271
3270
3269
3269
3264
3264
3262
3262
3261
3260
3257
3257
3256
3256
3256
3256
3255
3255
3254
3253
3253
3252
3252
3249
3249
3249
3247
3246
3245
3244
3242
3242
3241
3241
3241
3240
3239
3239
3239
3238
3238
3237
3237
3237
3236
3236
3236
3235
3235
3235
3234
3234
3233
3233
3233
3233
3231
3230
3230
3229
3229
3229
3227
3227
3226
3226
3226
3225
3225
3224
3223
3222
3222
3222
3220
3220
3220
3220
3219
3219
3216
3216
3216
3216
3215
3215
3214
3214
3213
3213
3212
3212
3212
3211
3209
3207
3206
3206
3205
3205
3205
3204
3203
3202
3202
3200
3200
3200
3199
3197
3197
3196
3196
3196
3193
3193
3192
3191
3190
3189
3189
3189
3188
3188
3188
3187
3183
3183
3183
3182
3182
3182
3181
3180
3179
3179
3176
3176
3175
3174
3173
3173
3172
3171
3170
3169
3169
3168
3168
3168
3167
3166
3164
3164
3162
3162
3162
3161
3160
3159
3159
3158
3158
3157
3157
3156
3156
3156
3155
3155
3155
3154
3153
3153
3151
3151
3150
3150
3150
3149
3149
3149
3148
3148
3147
3147
3146
3146
3146
3146
3146
3145
3145
3144
3143
3141
3140
3138
3138
3137
3136
3136
3136
3135
3135
3135
3132
3132
3131
3131
3131
3130
3130
3130
3129
3126
3126
3125
3122
3122
3122
3121
3121
3119
3118
3117
3116
3115
3114
3113
3112
3112
3111
3111
3111
3110
3109
3109
3107
3106
3105
3105
3105
3105
3105
3104
3104
3104
3103
3102
3102
3102
3101
3100
3099
3099
3099
3099
3097
3096
3096
3095
3094
3092
3092
3091
3091
3089
3089
3088
3088
3088
3087
3086
3085
3084
3083
3083
3083
3083
3082
3082
3081
3081
3081
3081
3080
3080
3079
3079
3079
3077
3075
3075
3075
3074
3074
3069
3069
3068
3068
3067
3067
3066
3065
3065
3065
3065
3065
3064
3064
3061
3059
3059
3058
3057
3057
3055
3055
3054
3053
3052
3051
3050
3049
3048
3048
3047
3047
3045
3044
3043
3042
3040
3040
3039
3039
3038
3038
3038
3037
3036
3036
3036
3036
3035
3033
3033
3033
3033
3032
3030
3030
3029
3029
3029
3028
3027
3027
3027
3026
3025
3025
3025
3023
3023
3023
3022
3022
3021
3020
3018
3017
3017
3016
3015
3014
3014
3013
3012
3012
3012
3011
3010
3010
3009
3008
3008
3007
3007
3007
3006
3005
3005
3004
3003
3003
3003
3001
3001
3000
2999
2999
2998
2997
2997
2997
2997
2996
2996
2996
2995
2995
2994
2993
2992
2992
2992
2992
2991
2991
2990
2990
2989
2989
2988
2988
2985
2982
2982
2981
2981
2980
2980
2979
2978
2978
2978
2978
2977
2977
2976
2976
2975
2971
2970
2970
2969
2969
2969
2969
2969
2968
2967
2967
2966
2966
2966
2965
2963
2961
2961
2961
2960
2958
2958
2958
2958
2957
2956
2956
2956
2956
2953
2953
2952
2951
2951
2951
2951
2950
2950
2949
2948
2947
2946
2945
2945
2944
2944
2943
2943
2943
2941
2941
2941
2940
2939
2938
2938
2937
2937
2937
2936
2933
2933
2933
2933
2932
2931
2931
2930
2930
2930
2930
2930
2929
2929
2928
2928
2928
2928
2925
2923
2922
2922
2922
2921
2921
2920
2920
2920
2919
2919
2918
2917
2917
2916
2912
2912
2910
2910
2910
2909
2908
2908
2907
2905
2905
2905
2904
2904
2904
2902
2902
2902
2900
2898
2896
2895
2895
2895
2894
2894
2893
2893
2892
2892
2891
2891
2890
2889
2889
2888
2888
2886
2886
2886
2886
2885
2885
2885
2884
2884
2884
2882
2881
2880
2880
2880
2880
2879
2879
2878
2878
2877
2877
2877
2876
2876
2874
2874
2874
2873
2873
2872
2871
2870
2870
2870
2869
2869
2869
2868
2868
2868
2866
2866
2866
2866
2865
2865
2864
2864
2863
2862
2861
2860
2860
2859
2857
2857
2856
2855
2854
2852
2852
2851
2850
2850
2849
2849
2848
2847
2847
2847
2846
2846
2846
2845
2844
2843
2841
2841
2840
2839
2838
2837
2836
2836
2834
2833
2831
2831
2830
2830
2829
2829
2828
2827
2827
2827
2826
2826
2825
2824
2824
2823
2823
2822
2821
2821
2821
2821
2820
2819
2819
2819
2818
2816
2816
2815
2810
2809
2809
2809
2809
2808
2807
2807
2807
2807
2807
2805
2803
2803
2803
2803
2803
2803
2802
2801
2801
2800
2800
2800
2799
2799
2798
2797
2796
2796
2795
2795
2794
2793
2793
2792
2790
2790
2790
2790
2789
2789
2788
2786
2786
2785
2785
2784
2784
2783
2783
2780
2780
2779
2779
2779
2779
2779
2777
2776
2776
2776
2776
2775
2774
2774
2773
2772
2772
2771
2770
2770
2769
2768
2768
2767
2766
2766
2764
2764
2764
2763
2763
2763
2762
2761
2761
2760
2760
2760
2759
2759
2758
2757
2757
2757
2757
2756
2756
2756
2755
2755
2755
2754
2754
2753
2753
2753
2752
2752
2751
2750
2750
2749
2749
2748
2748
2748
2748
2747
2746
2745
2744
2744
2744
2743
2741
2741
2741
2740
2740
2740
2739
2739
2738
2736
2736
2734
2734
2734
2734
2733
2733
2733
2732
2732
2731
2731
2730
2729
2729
2728
2728
2728
2727
2727
2727
2726
2726
2725
2725
2725
2725
2723
2723
2722
2720
2719
2719
2718
2718
2718
2717
2717
2716
2716
2715
2715
2713
2713
2713
2713
2712
2711
2711
2710
2709
2709
2708
2708
2708
2708
2707
2706
2705
2704
2702
2701
2701
2701
2700
2700
2698
2696
2693
2693
2690
2690
2688
2688
2687
2687
2687
2687
2686
2686
2685
2684
2684
2684
2683
2683
2681
2681
2680
2680
2679
2679
2679
2678
2678
2677
2677
2676
2676
2674
2672
2672
2671
2670
2670
2669
2668
2667
2665
2664
2664
2664
2663
2663
2663
2663
2663
2662
2658
2658
2658
2658
2656
2656
2655
2655
2655
2655
2652
2650
2650
2649
2648
2645
2645
2643
2643
2642
2641
2641
2640
2640
2639
2639
2639
2639
2638
2637
2637
2636
2634
2634
2633
2632
2631
2631
2631
2629
2627
2626
2626
2625
2624
2623
2623
2623
2622
2621
2621
2621
2620
2620
2620
2619
2619
2618
2618
2615
2615
2615
2615
2615
2614
2613
2612
2612
2612
2611
2610
2610
2609
2605
2605
2604
2601
2601
2600
2600
2600
2600
2599
2598
2596
2596
2596
2594
2592
2592
2592
2591
2590
2589
2588
2587
2587
2586
2585
2585
2584
2583
2583
2582
2582
2581
2580
2578
2578
2577
2577
2575
2575
2575
2574
2574
2573
2572
2572
2572
2572
2571
2570
2570
2569
2569
2569
2567
2567
2565
2565
2564
2564
2564
2563
2563
2563
2562
2562
2560
2560
2560
2559
2559
2558
2557
2557
2556
2555
2555
2553
2553
2552
2551
2550
2550
2549
2549
2548
2548
2547
2545
2544
2544
2543
2543
2540
2540
2540
2539
2537
2536
2536
2535
2535
2535
2535
2533
2532
2531
2530
2530
2529
2528
2528
2527
2526
2526
2525
2525
2525
2524
2523
2522
2520
2520
2519
2517
2516
2515
2514
2514
2514
2514
2513
2512
2511
2510
2509
2509
2509
2507
2505
2505
2504
2504
2504
2504
2504
2503
2502
2501
2501
2500
2500
2500
2500
2499
2496
2496
2495
2494
2494
2494
2493
2492
2492
2491
2491
2491
2491
2491
2490
2489
2489
2488
2486
2486
2486
2485
2484
2482
2481
2481
2481
2480
2479
2478
2477
2476
2475
2475
2474
2472
2469
2469
2468
2467
2465
2464
2462
2461
2461
2459
2459
2458
2456
2455
2455
2455
2454
2453
2453
2453
2453
2452
2452
2451
2450
2449
2449
2448
2448
2447
2447
2446
2446
2446
2446
2446
2444
2442
2442
2442
2441
2440
2439
2438
2437
2435
2434
2434
2433
2433
2432
2431
2431
2431
2431
2431
2431
2430
2429
2429
2429
2429
2429
2428
2427
2427
2427
2426
2426
2425
2422
2421
2421
2421
2420
2420
2419
2418
2418
2417
2417
2417
2417
2416
2416
2415
2414
2414
2414
2414
2412
2411
2411
2410
2410
2409
2409
2408
2408
2408
2406
2405
2405
2404
2404
2403
2401
2400
2400
2400
2400
2399
2398
2396
2396
2396
2396
2395
2394
2394
2392
2391
2390
2390
2390
2389
2389
2388
2388
2387
2387
2385
2385
2385
2385
2384
2384
2384
2384
2382
2382
2382
2381
2381
2380
2380
2379
2378
2378
2378
2377
2375
2375
2375
2374
2374
2373
2372
2371
2370
2370
2369
2365
2364
2363
2362
2361
2360
2360
2360
2359
2358
2357
2357
2356
2354
2353
2352
2352
2352
2351
2351
2351
2349
2349
2349
2349
2348
2348
2348
2348
2347
2347
2347
2346
2346
2346
2345
2345
2344
2344
2343
2343
2342
2341
2341
2341
2339
2339
2339
2339
2338
2336
2336
2336
2336
2335
2335
2333
2333
2333
2331
2331
2331
2330
2330
2330
2329
2328
2328
2327
2327
2327
2326
2326
2325
2325
2324
2324
2324
2323
2323
2321
2321
2321
2321
2320
2320
2319
2319
2319
2317
2317
2316
2316
2316
2315
2314
2314
2314
2313
2310
2309
2308
2307
2306
2306
2306
2305
2305
2305
2303
2303
2302
2301
2298
2297
2296
2295
2294
2294
2293
2293
2293
2293
2292
2292
2291
2289
2288
2286
2286
2286
2285
2285
2284
2284
2283
2283
2281
2281
2279
2279
2277
2275
2275
2274
2274
2273
2271
2270
2269
2269
2268
2268
2267
2266
2265
2264
2263
2263
2262
2262
2262
2261
2261
2261
2261
2258
2258
2258
2256
2256
2256
2256
2255
2255
2254
2253
2251
2251
2250
2250
2249
2249
2249
2248
2248
2247
2247
2246
2245
2245
2244
2242
2242
2242
2241
2241
2240
2240
2239
2239
2238
2237
2236
2234
2234
2233
2232
2231
2230
2229
2229
2229
2229
2229
2229
2228
2227
2227
2227
2226
2226
2226
2225
2225
2224
2223
2222
2222
2221
2221
2220
2219
2219
2219
2217
2217
2216
2216
2215
2214
2214
2214
2213
2213
2212
2211
2211
2209
2209
2206
2206
2205
2204
2202
2202
2201
2200
2198
2198
2198
2197
2197
2197
2196
2194
2194
2193
2193
2193
2192
2190
2190
2190
2189
2189
2188
2188
2187
2186
2185
2184
2183
2183
2182
2182
2182
2182
2180
2180
2179
2178
2177
2173
2173
2173
2172
2171
2170
2169
2168
2167
2166
2165
2165
2165
2164
2164
2164
2163
2163
2162
2162
2162
2162
2162
2161
2161
2161
2161
2160
2160
2159
2158
2157
2157
2156
2156
2156
2156
2156
2156
2155
2155
2153
2153
2153
2153
2153
2153
2150
2150
2149
2149
2148
2148
2147
2146
2146
2145
2144
2144
2143
2143
2143
2141
2141
2140
2140
2139
2139
2139
2138
2138
2137
2137
2136
2135
2135
2135
2134
2134
2134
2133
2131
2131
2131
2130
2130
2130
2127
2126
2126
2126
2126
2125
2125
2124
2124
2123
2123
2123
2123
2122
2122
2122
2122
2120
2120
2119
2119
2118
2118
2118
2117
2117
2117
2114
2114
2114
2112
2112
2112
2112
2111
2111
2111
2110
2108
2108
2107
2107
2105
2105
2104
2103
2102
2102
2101
2101
2100
2099
2099
2099
2098
2095
2095
2095
2094
2093
2093
2091
2091
2091
2090
2089
2088
2087
2086
2085
2084
2081
2081
2081
2080
2078
2077
2077
2076
2076
2076
2075
2075
2073
2072
2071
2071
2070
2069
2067
2067
2066
2063
2062
2062
2061
2060
2060
2060
2057
2056
2055
2055
2053
2053
2052
2052
2052
2052
2051
2050
2049
2049
2048
2047
2046
2046
2045
2045
2044
2044
2043
2043
2043
2043
2042
2040
2040
2039
2039
2039
2038
2037
2037
2036
2036
2035
2033
2032
2030
2030
2029
2029
2027
2027
2027
2027
2027
2026
2026
2025
2025
2025
2025
2024
2024
2024
2024
2023
2023
2022
2020
2020
2020
2019
2018
2017
2017
2016
2016
2015
2015
2015
2015
2014
2013
2013
2012
2011
2011
2011
2010
2009
2007
2006
2006
2006
2006
2004
2004
2004
2003
2003
2003
2003
2001
2000
2000
1998
1998
1998
1998
1996
1996
1995
1994
1994
1994
1993
1993
1993
1991
1991
1990
1988
1988
1987
1984
1984
1983
1983
1981
1979
1979
1977
1977
1976
1975
1974
1973
1972
1970
1970
1970
1969
1969
1969
1969
1968
1968
1968
1968
1968
1965
1965
1965
1964
1964
1964
1963
1962
1961
1961
1960
1960
1960
1959
1959
1959
1958
1958
1957
1957
1957
1956
1955
1955
1953
1953
1953
1953
1952
1952
1951
1950
1947
1946
1946
1945
1945
1945
1944
1944
1943
1941
1941
1941
1941
1941
1940
1939
1939
1938
1938
1937
1937
1936
1935
1935
1934
1933
1933
1932
1931
1931
1931
1929
1929
1928
1927
1927
1927
1926
1926
1925
1925
1925
1923
1923
1922
1920
1920
1919
1918
1917
1917
1916
1915
1914
1914
1912
1912
1911
1910
1910
1910
1910
1909
1909
1907
1905
1904
1903
1902
1901
1901
1901
1900
1900
1900
1899
1898
1898
1898
1898
1897
1897
1896
1896
1895
1894
1894
1894
1893
1892
1892
1891
1891
1890
1890
1889
1889
1889
1889
1888
1888
1888
1886
1886
1885
1885
1885
1884
1884
1883
1883
1882
1881
1880
1880
1879
1878
1877
1877
1877
1876
1876
1876
1876
1876
1875
1873
1873
1872
1872
1872
1872
1871
1870
1870
1869
1869
1868
1866
1866
1866
1866
1865
1862
1862
1859
1859
1859
1859
1858
1858
1858
1858
1858
1858
1857
1856
1855
1855
1854
1853
1853
1852
1851
1851
1850
1850
1849
1849
1846
1844
1844
1843
1842
1842
1841
1840
1840
1837
1837
1836
1836
1836
1836
1835
1835
1835
1834
1832
1832
1830
1830
1830
1829
1827
1826
1826
1824
1823
1823
1822
1821
1820
1820
1818
1818
1817
1816
1816
1815
1814
1813
1811
1810
1809
1809
1808
1808
1807
1806
1806
1806
1803
1803
1803
1801
1800
1800
1800
1799
1799
1799
1799
1798
1798
1796
1792
1792
1791
1789
1789
1788
1787
1786
1785
1785
1784
1784
1784
1783
1782
1782
1781
1779
1779
1778
1777
1777
1777
1776
1776
1775
1775
1774
1774
1773
1772
1772
1771
1771
1771
1770
1769
1769
1769
1768
1768
1768
1767
1767
1766
1766
1766
1766
1764
1764
1764
1764
1763
1763
1762
1760
1760
1758
1757
1755
1755
1755
1755
1754
1754
1753
1752
1752
1751
1751
1750
1750
1749
1748
1747
1746
1746
1745
1745
1744
1744
1744
1743
1742
1740
1739
1739
1738
1738
1737
1737
1737
1735
1734
1734
1734
1734
1733
1733
1731
1730
1729
1729
1728
1726
1726
1725
1723
1722
1721
1720
1717
1716
1715
1714
1714
1714
1713
1712
1712
1712
1712
1711
1711
1710
1709
1708
1707
1707
1706
1706
1705
1705
1704
1703
1701
1700
1700
1699
1698
1698
1697
1696
1696
1696
1695
1694
1694
1693
1693
1693
1691
1691
1691
1691
1688
1688
1687
1687
1687
1686
1686
1685
1685
1684
1684
1684
1682
1682
1682
1680
1679
1675
1674
1673
1672
1672
1671
1671
1671
1670
1669
1669
1668
1668
1668
1667
1666
1665
1664
1664
1663
1662
1662
1662
1661
1660
1660
1659
1659
1656
1656
1655
1655
1654
1654
1654
1654
1653
1653
1653
1652
1652
1650
1650
1650
1650
1650
1649
1649
1649
1649
1649
1648
1648
1648
1645
1645
1645
1643
1643
1643
1642
1642
1642
1641
1641
1641
1639
1639
1638
1638
1637
1637
1636
1636
1635
1635
1634
1634
1634
1634
1633
1632
1632
1631
1631
1630
1630
1630
1628
1628
1626
1625
1624
1623
1622
1620
1618
1618
1618
1616
1616
1616
1616
1615
1615
1614
1613
1613
1612
1612
1612
1611
1608
1608
1607
1607
1607
1604
1604
1602
1602
1602
1601
1601
1601
1599
1598
1597
1597
1596
1596
1595
1595
1594
1593
1593
1593
1592
1592
1592
1592
1592
1591
1591
1590
1590
1589
1589
1587
1587
1584
1584
1584
1583
1583
1583
1582
1582
1582
1582
1579
1579
1579
1577
1576
1576
1574
1573
1571
1569
1569
1569
1569
1569
1568
1567
1567
1567
1566
1562
1561
1561
1561
1561
1559
1559
1558
1557
1556
1556
1555
1555
1554
1554
1554
1553
1553
1553
1552
1551
1549
1549
1548
1547
1546
1545
1543
1543
1542
1542
1542
1541
1541
1540
1538
1537
1536
1536
1536
1535
1535
1535
1535
1535
1534
1532
1532
1531
1530
1529
1529
1528
1527
1527
1526
1526
1526
1526
1525
1525
1524
1524
1524
1523
1523
1522
1521
1521
1521
1520
1519
1519
1518
1517
1517
1514
1514
1513
1513
1512
1512
1511
1509
1509
1508
1508
1505
1504
1504
1504
1503
1502
1501
1501
1501
1501
1500
1499
1499
1499
1498
1497
1496
1496
1496
1496
1495
1495
1494
1494
1494
1492
1491
1491
1491
1489
1489
1489
1488
1485
1485
1484
1483
1481
1481
1481
1480
1480
1479
1477
1477
1476
1476
1474
1474
1473
1472
1471
1471
1471
1471
1471
1470
1470
1469
1469
1468
1468
1468
1467
1467
1467
1467
1466
1464
1464
1464
1463
1463
1463
1462
1462
1458
1458
1457
1457
1456
1455
1455
1455
1454
1454
1453
1452
1452
1451
1451
1451
1450
1449
1449
1448
1447
1446
1446
1445
1444
1444
1444
1443
1443
1442
1442
1442
1441
1440
1440
1439
1438
1438
1438
1436
1436
1435
1435
1434
1432
1431
1430
1429
1428
1428
1427
1426
1425
1425
1424
1424
1422
1422
1422
1422
1422
1421
1421
1421
1420
1419
1419
1419
1418
1418
1418
1417
1416
1416
1415
1414
1414
1413
1413
1413
1412
1411
1411
1411
1410
1410
1409
1408
1408
1408
1407
1406
1405
1405
1404
1404
1403
1403
1402
1402
1402
1402
1401
1400
1400
1396
1396
1396
1396
1396
1396
1395
1395
1394
1394
1393
1393
1392
1392
1392
1391
1391
1390
1389
1389
1389
1388
1388
1387
1386
1386
1385
1384
1384
1383
1383
1382
1382
1382
1381
1381
1381
1381
1380
1379
1378
1376
1376
1376
1375
1374
1374
1374
1374
1372
1372
1371
1371
1371
1369
1369
1368
1367
1366
1365
1365
1364
1363
1360
1360
1359
1358
1357
1357
1355
1355
1354
1354
1352
1352
1349
1349
1347
1347
1347
1347
1347
1346
1346
1345
1345
1345
1345
1344
1344
1344
1343
1343
1342
1341
1338
1337
1337
1337
1336
1336
1336
1335
1334
1332
1331
1331
1329
1329
1328
1328
1327
1327
1327
1327
1326
1326
1325
1325
1324
1323
1322
1322
1321
1319
1316
1315
1315
1314
1312
1312
1310
1310
1309
1309
1309
1308
1306
1306
1305
1304
1303
1303
1302
1299
1299
1299
1299
1298
1298
1297
1296
1295
1295
1295
1295
1294
1290
1290
1289
1288
1287
1285
1284
1284
1284
1283
1282
1280
1280
1279
1279
1279
1279
1279
1279
1276
1276
1276
1273
1273
1273
1272
1271
1271
1271
1270
1270
1269
1267
1267
1267
1266
1264
1263
1263
1262
1262
1262
1261
1260
1260
1260
1259
1259
1259
1259
1258
1258
1257
1255
1255
1255
1254
1254
1253
1253
1252
1252
1251
1251
1251
1250
1249
1249
1248
1247
1247
1247
1247
1247
1243
1243
1242
1242
1241
1239
1239
1239
1238
1237
1237
1235
1233
1232
1232
1232
1231
1231
1231
1231
1228
1228
1228
1227
1227
1227
1227
1227
1224
1223
1223
1221
1220
1219
1219
1218
1218
1218
1218
1217
1215
1215
1215
1215
1213
1213
1213
1212
1212
1212
1211
1210
1210
1209
1207
1206
1205
1205
1204
1204
1204
1202
1202
1202
1202
1200
1199
1197
1196
1196
1196
1195
1195
1195
1195
1194
1193
1193
1191
1190
1190
1189
1189
1187
1187
1183
1183
1183
1183
1183
1182
1182
1181
1180
1179
1178
1177
1177
1176
1176
1176
1173
1173
1173
1173
1172
1171
1171
1170
1169
1169
1169
1168
1167
1167
1166
1166
1166
1166
1165
1164
1163
1163
1162
1161
1161
1159
1159
1158
1158
1155
1153
1152
1151
1150
1150
1150
1149
1148
1148
1148
1147
1146
1146
1145
1145
1145
1145
1145
1143
1143
1143
1142
1141
1140
1140
1140
1138
1138
1138
1137
1137
1136
1136
1136
1134
1133
1133
1132
1131
1130
1129
1128
1127
1126
1125
1124
1123
1123
1121
1119
1118
1117
1117
1117
1115
1115
1115
1114
1114
1113
1113
1112
1112
1112
1112
1112
1110
1110
1108
1108
1108
1108
1108
1108
1107
1107
1106
1106
1105
1104
1104
1102
1102
1102
1101
1101
1101
1101
1099
1097
1097
1097
1097
1097
1097
1095
1094
1094
1093
1093
1091
1089
1089
1088
1088
1088
1088
1087
1087
1087
1086
1085
1085
1084
1084
1083
1082
1081
1080
1079
1079
1079
1079
1077
1077
1076
1076
1076
1075
1075
1071
1069
1069
1067
1066
1066
1066
1065
1065
1064
1062
1062
1061
1061
1060
1060
1059
1058
1058
1057
1057
1057
1056
1055
1055
1055
1054
1054
1054
1054
1053
1052
1051
1049
1049
1047
1046
1045
1045
1045
1044
1044
1043
1043
1043
1043
1043
1042
1042
1042
1041
1040
1040
1040
1039
1036
1035
1035
1032
1032
1032
1030
1029
1029
1029
1028
1025
1025
1024
1023
1023
1023
1023
1022
1021
1021
1019
1019
1018
1016
1015
1015
1015
1015
1015
1015
1014
1013
1013
1013
1013
1012
1012
1009
1009
1008
1007
1007
1007
1006
1005
1005
1003
1003
1002
1002
1000
1000
1000
999
999
999
999
998
998
998
997
997
996
996
994
993
993
991
991
990
990
990
989
989
988
988
987
987
986
986
986
986
985
984
984
980
980
980
980
980
979
978
977
975
974
973
973
973
973
972
972
972
972
970
968
968
967
967
967
967
964
964
964
963
963
963
963
963
962
962
962
962
960
960
959
959
958
958
955
953
953
951
950
950
949
949
949
949
948
948
947
947
946
946
945
944
944
944
943
943
942
942
941
940
940
940
939
938
937
937
936
935
935
930
930
930
929
929
929
929
928
928
928
928
926
926
926
926
926
925
924
923
923
923
923
922
922
921
920
919
918
918
917
916
916
916
915
914
914
914
914
913
911
911
910
908
908
907
906
906
905
904
904
904
903
902
902
901
900
900
898
898
898
897
897
897
897
895
894
894
894
894
894
893
893
892
892
891
891
890
889
888
888
888
888
887
887
886
886
886
885
884
883
883
882
881
881
880
880
879
878
878
878
877
877
875
873
872
871
870
870
870
868
867
866
865
863
863
863
862
862
862
861
861
861
861
861
860
860
860
859
858
857
856
856
856
855
855
855
855
854
853
851
851
848
848
847
847
846
846
846
846
845
845
844
844
844
844
844
843
842
839
839
837
836
836
835
835
834
833
832
832
831
830
829
829
827
827
826
825
825
825
825
823
822
822
822
821
821
820
820
820
819
818
817
816
816
815
815
814
813
813
811
810
809
807
805
804
804
804
804
804
803
803
802
802
801
801
801
801
800
800
800
798
798
797
797
795
794
793
793
792
792
792
791
791
791
791
790
790
790
790
789
789
788
787
786
785
785
784
783
783
780
779
778
776
776
774
773
772
771
771
770
770
767
767
766
766
766
765
764
759
759
756
755
754
752
751
751
751
751
750
747
744
744
744
743
742
742
740
739
739
737
737
736
736
736
735
734
732
730
730
727
727
726
726
725
725
724
723
723
723
721
719
719
719
718
718
717
717
717
716
716
716
714
713
712
712
711
710
709
709
707
707
707
707
707
703
702
702
701
701
700
698
697
697
695
694
694
692
692
691
690
689
689
688
687
686
686
683
683
683
680
680
679
679
678
676
676
676
674
671
670
668
667
664
664
661
661
660
660
658
655
655
655
654
654
654
654
653
653
653
652
652
652
650
650
650
650
649
648
647
647
647
645
645
644
643
641
640
639
639
638
638
638
637
636
636
634
634
633
631
631
631
629
627
626
626
625
625
623
622
621
621
621
620
620
620
618
617
617
616
616
614
614
614
613
613
612
611
611
611
610
610
610
608
606
606
605
605
604
604
603
603
602
602
601
601
600
600
599
598
598
597
597
597
597
597
596
595
594
593
593
592
592
592
589
586
586
585
585
583
582
582
582
581
581
581
581
581
580
580
580
578
577
577
576
576
575
574
572
572
572
571
570
570
569
569
569
566
565
565
564
564
564
563
562
561
560
560
560
559
559
559
558
557
557
556
555
551
550
550
549
547
547
546
546
545
545
544
544
543
542
542
541
541
541
541
541
540
539
538
538
537
536
536
534
534
534
534
534
533
533
533
533
533
533
531
531
530
530
529
528
527
527
526
525
525
524
523
522
522
521
521
520
518
518
517
515
515
514
513
512
512
511
511
510
510
510
509
508
508
508
507
507
505
505
505
505
504
503
502
502
501
501
501
500
499
498
497
497
496
496
495
494
494
493
492
492
491
491
491
489
488
487
487
486
486
486
485
483
483
483
482
481
481
480
480
480
478
478
478
477
476
476
475
474
474
471
470
469
469
469
468
467
466
465
465
464
463
463
462
462
461
460
459
458
458
457
457
457
456
456
452
451
451
451
451
449
449
449
448
448
448
447
447
446
446
446
446
445
444
443
442
442
440
439
438
438
437
437
436
434
433
433
432
429
429
429
428
427
427
426
425
424
423
421
421
421
421
421
419
418
417
416
416
416
415
414
414
413
412
412
412
410
408
408
408
407
407
406
404
403
402
402
401
400
400
400
399
398
398
397
397
397
396
395
395
394
393
392
391
390
390
390
389
389
388
388
387
386
386
385
385
384
384
384
381
381
380
380
378
377
377
376
376
375
375
375
371
371
370
369
368
368
367
367
366
365
365
364
364
363
362
362
361
361
360
360
360
359
359
359
357
356
356
355
353
353
353
353
352
352
352
351
351
350
349
349
348
347
347
347
347
345
343
342
342
341
340
339
338
337
337
336
336
336
336
335
335
334
333
333
332
331
330
330
330
328
328
327
326
326
325
325
324
324
322
322
322
321
320
319
319
317
317
317
316
315
315
314
313
313
312
311
310
310
309
307
307
307
307
306
305
304
304
302
300
299
298
297
296
294
293
292
292
292
291
291
291
291
291
291
291
291
290
289
289
288
286
285
285
285
284
284
284
284
282
282
281
280
280
279
278
278
277
276
273
273
272
270
270
269
268
268
268
268
267
266
266
265
265
264
264
264
264
264
264
263
263
262
261
260
260
259
258
257
257
257
255
255
254
254
252
251
251
250
249
249
248
248
247
246
246
246
246
245
245
243
242
242
242
242
241
241
240
240
240
240
238
237
237
237
237
234
233
232
232
232
232
231
230
230
230
229
229
228
228
227
227
227
227
224
224
224
223
220
217
216
216
216
214
213
213
213
213
212
212
211
211
211
211
210
210
209
208
207
206
206
206
205
204
204
204
203
203
203
202
202
202
201
201
200
200
200
199
199
199
199
198
198
196
196
196
195
194
194
194
193
192
191
191
191
190
190
190
188
186
186
186
185
185
185
183
183
183
182
182
181
180
180
180
179
179
178
177
176
174
174
173
171
171
170
170
169
169
167
167
167
167
166
166
164
162
162
162
159
158
158
158
158
157
156
155
154
154
154
153
153
153
153
153
152
152
152
152
151
151
150
150
149
149
148
147
146
145
144
143
141
139
139
138
138
138
137
136
136
136
136
135
135
132
132
131
131
130
130
130
129
129
129
128
126
126
126
124
123
122
121
121
120
120
119
119
118
118
118
117
116
116
114
113
112
112
112
111
110
110
110
108
108
107
106
106
106
106
105
105
104
104
104
104
103
103
102
102
101
101
100
100
98
98
98
98
97
97
95
94
94
94
94
94
93
91
89
88
87
86
85
84
84
84
84
83
83
83
82
80
79
79
79
78
78
77
75
74
74
73
73
72
72
71
71
70
70
68
68
68
67
67
66
66
66
63
62
61
61
60
60
60
60
59
59
58
58
57
57
56
56
55
54
53
53
52
52
51
50
49
48
48
47
46
45
44
44
44
43
43
42
39
39
38
38
36
35
34
32
32
31
31
30
30
29
29
29
29
28
28
26
25
24
23
22
22
21
20
18
17
17
16
16
16
15
14
13
13
13
13
11
10
10
9
9
8
8
7
7
7
6
6
5
4
3
3
2
1
0
0
