0
0
1
2
5
6
8
9
11
14
16
16
18
22
23
24
26
30
31
34
35
38
42
44
47
49
50
54
57
58
58
59
59
60
62
66
67
68
68
70
72
72
73
74
75
77
78
80
83
84
85
86
87
94
94
95
97
98
100
101
104
104
104
105
105
106
106
110
110
114
118
118
119
121
121
126
126
128
131
135
136
136
137
139
139
144
146
147
151
152
152
152
153
153
154
156
158
158
162
164
166
167
167
167
169
170
170
173
174
177
178
179
180
180
183
183
185
186
190
190
193
195
196
199
202
204
204
205
206
206
206
207
210
211
211
211
214
217
220
227
227
228
230
230
230
234
237
237
237
240
240
240
241
245
246
247
248
259
260
263
263
264
264
265
267
268
269
272
273
273
277
278
278
279
280
282
284
284
284
285
290
291
291
291
292
292
293
294
299
304
305
307
307
307
311
314
315
316
317
319
322
325
325
326
327
328
328
330
330
333
335
336
336
337
337
338
339
340
341
342
343
345
347
347
347
349
351
352
353
353
353
356
359
360
361
363
364
367
368
369
371
371
376
378
380
385
385
389
390
392
393
394
396
398
399
400
401
402
404
407
408
408
412
412
415
416
417
419
421
421
423
424
425
427
429
436
437
437
438
438
442
443
444
446
447
448
448
449
452
456
457
457
457
459
460
462
465
465
467
468
469
471
474
476
476
478
483
485
491
491
494
495
496
496
497
501
502
503
505
507
508
509
510
511
512
514
517
518
520
521
522
522
528
531
533
533
533
534
534
536
538
539
541
541
542
546
547
549
550
551
555
559
562
564
565
569
570
572
575
576
577
581
583
585
585
586
589
592
593
597
597
598
598
600
601
602
603
603
605
608
610
610
611
612
616
618
620
620
622
626
629
633
634
636
636
638
639
641
643
644
647
647
650
650
650
652
652
653
654
655
655
658
660
660
661
664
676
676
680
686
687
689
697
697
702
707
707
710
711
712
716
716
717
719
725
726
726
727
730
734
736
739
740
742
750
751
751
767
771
784
785
785
786
789
790
790
791
791
791
792
797
798
800
800
801
801
803
804
804
804
811
813
816
817
819
820
820
820
821
825
826
829
830
832
835
835
836
836
839
843
844
845
846
846
847
848
853
854
855
855
858
859
861
861
862
862
865
866
867
868
870
870
878
879
880
880
881
881
885
886
886
886
887
888
888
892
892
894
895
897
898
900
902
902
904
904
905
908
911
914
914
916
917
918
919
920
923
926
926
928
928
929
935
935
936
937
940
942
944
948
948
949
950
953
955
958
959
959
960
962
963
963
963
967
967
967
968
968
972
972
972
972
973
977
980
980
980
984
985
987
988
989
990
991
993
993
994
996
997
998
999
999
1000
1002
1003
1006
1007
1008
1009
1012
1013
1013
1013
1015
1015
1015
1015
1015
1016
1018
1019
1022
1023
1023
1029
1032
1035
1035
1036
1040
1041
1042
1044
1045
1046
1053
1054
1054
1054
1055
1055
1056
1057
1058
1060
1061
1062
1064
1065
1067
1069
1071
1076
1076
1077
1079
1081
1083
1084
1085
1088
1093
1097
1097
1097
1097
1101
1102
1106
1106
1108
1108
1108
1110
1110
1112
1112
1112
1113
1113
1115
1115
1115
1117
1119
1123
1124
1133
1134
1136
1137
1143
1145
1147
1148
1155
1159
1163
1164
1165
1166
1166
1167
1169
1169
1171
1176
1176
1183
1183
1183
1189
1189
1190
1193
1195
1195
1196
1197
1199
1205
1207
1209
1210
1211
1212
1212
1213
1215
1217
1218
1219
1219
1221
1223
1224
1227
1227
1231
1231
1232
1233
1238
1239
1239
1242
1247
1247
1249
1252
1252
1254
1255
1257
1258
1259
1260
1262
1262
1263
1264
1267
1267
1270
1271
1271
1272
1276
1276
1279
1280
1280
1282
1287
1288
1290
1294
1295
1296
1297
1299
1299
1299
1302
1303
1303
1305
1306
1309
1310
1312
1312
1314
1315
1319
1321
1322
1322
1325
1325
1327
1327
1328
1329
1329
1335
1336
1337
1338
1344
1345
1345
1345
1346
1347
1352
1352
1354
1355
1358
1360
1363
1365
1366
1367
1374
1374
1374
1374
1375
1376
1376
1378
1380
1381
1382
1382
1383
1384
1385
1386
1387
1388
1388
1389
1394
1395
1396
1396
1401
1402
1402
1403
1404
1405
1406
1408
1409
1410
1411
1413
1413
1414
1418
1419
1420
1422
1422
1422
1422
1424
1424
1427
1431
1435
1436
1438
1440
1441
1442
1443
1444
1446
1447
1448
1449
1449
1450
1451
1452
1452
1453
1455
1455
1457
1463
1464
1464
1466
1467
1467
1468
1470
1471
1471
1476
1477
1479
1480
1480
1485
1491
1492
1495
1496
1497
1499
1499
1499
1501
1502
1503
1504
1504
1512
1513
1513
1514
1514
1521
1521
1522
1523
1524
1525
1526
1526
1528
1529
1534
1535
1535
1535
1535
1537
1540
1542
1543
1546
1549
1551
1554
1554
1555
1557
1558
1559
1561
1561
1562
1566
1567
1568
1569
1569
1569
1571
1579
1583
1583
1584
1587
1590
1591
1592
1595
1596
1597
1598
1599
1601
1602
1602
1607
1607
1607
1608
1608
1612
1614
1615
1616
1620
1622
1623
1628
1630
1633
1634
1634
1636
1636
1638
1641
1642
1642
1643
1648
1648
1648
1649
1649
1650
1650
1650
1650
1652
1653
1654
1655
1659
1659
1664
1666
1668
1668
1671
1673
1674
1682
1682
1682
1685
1687
1687
1693
1694
1698
1699
1701
1704
1705
1707
1711
1712
1712
1712
1714
1714
1715
1726
1731
1733
1733
1734
1734
1735
1737
1738
1739
1743
1744
1745
1746
1750
1750
1751
1752
1754
1755
1757
1758
1762
1763
1764
1767
1768
1768
1769
1769
1769
1770
1771
1772
1775
1776
1777
1778
1779
1782
1782
1783
1784
1784
1789
1792
1792
1803
1803
1806
1809
1809
1811
1814
1815
1816
1818
1818
1820
1820
1822
1823
1826
1826
1827
1830
1832
1835
1837
1841
1842
1846
1850
1851
1851
1852
1855
1858
1858
1859
1859
1859
1870
1872
1873
1873
1875
1876
1876
1877
1878
1879
1882
1883
1884
1884
1885
1886
1886
1888
1889
1889
1892
1894
1897
1898
1898
1901
1902
1903
1905
1909
1910
1910
1910
1912
1914
1920
1925
1925
1926
1927
1928
1932
1933
1936
1937
1937
1941
1944
1945
1946
1946
1950
1951
1952
1953
1953
1955
1957
1958
1959
1960
1962
1963
1965
1965
1969
1970
1972
1973
1975
1977
1979
1981
1988
1988
1991
1993
1993
1994
1995
2003
2004
2004
2006
2006
2006
2011
2011
2012
2015
2015
2017
2020
2020
2023
2023
2024
2024
2025
2025
2026
2027
2027
2030
2030
2036
2038
2039
2039
2039
2040
2040
2044
2044
2045
2046
2047
2048
2049
2050
2051
2052
2052
2052
2053
2053
2057
2060
2062
2063
2070
2071
2071
2072
2076
2077
2081
2085
2088
2089
2091
2093
2094
2095
2100
2101
2101
2104
2105
2105
2107
2107
2108
2110
2111
2111
2111
2112
2112
2114
2114
2114
2117
2117
2118
2119
2120
2122
2122
2122
2123
2125
2127
2133
2134
2135
2137
2138
2138
2141
2143
2143
2145
2146
2147
2148
2150
2153
2153
2153
2155
2156
2156
2160
2161
2162
2163
2164
2164
2165
2165
2166
2168
2169
2170
2173
2173
2177
2179
2183
2185
2188
2190
2190
2196
2197
2200
2201
2206
2211
2211
2212
2217
2217
2219
2219
2219
2220
2221
2222
2222
2226
2227
2228
2229
2229
2229
2229
2231
2232
2233
2234
2239
2240
2241
2241
2242
2245
2245
2246
2247
2247
2249
2249
2249
2250
2251
2251
2255
2256
2258
2261
2262
2264
2265
2266
2269
2274
2277
2283
2284
2285
2286
2288
2289
2291
2292
2293
2294
2296
2297
2303
2303
2305
2305
2305
2306
2306
2308
2314
2314
2315
2316
2321
2321
2324
2324
2325
2326
2328
2329
2330
2330
2330
2331
2333
2333
2335
2336
2336
2339
2339
2341
2345
2346
2346
2346
2347
2347
2348
2349
2349
2351
2352
2354
2357
2359
2360
2360
2361
2363
2365
2369
2374
2377
2378
2380
2384
2384
2385
2385
2387
2389
2394
2395
2396
2400
2400
2408
2409
2409
2410
2410
2414
2414
2416
2417
2417
2418
2418
2421
2427
2429
2429
2430
2431
2431
2431
2433
2435
2441
2442
2446
2446
2447
2448
2449
2451
2452
2453
2453
2454
2455
2455
2455
2456
2458
2459
2464
2469
2472
2475
2475
2478
2479
2480
2481
2486
2486
2489
2491
2491
2492
2494
2494
2496
2496
2500
2502
2503
2504
2505
2509
2509
2509
2510
2511
2512
2513
2514
2515
2525
2526
2528
2529
2531
2532
2533
2535
2536
2539
2540
2543
2544
2547
2548
2548
2555
2556
2560
2560
2565
2569
2572
2572
2574
2575
2578
2581
2585
2586
2588
2589
2591
2594
2596
2598
2600
2609
2611
2612
2613
2615
2615
2618
2619
2621
2621
2622
2623
2623
2626
2629
2633
2634
2637
2641
2643
2645
2650
2652
2656
2658
2658
2658
2662
2663
2663
2663
2663
2664
2665
2667
2668
2669
2671
2672
2678
2678
2679
2681
2681
2684
2684
2685
2687
2688
2690
2690
2696
2698
2701
2708
2708
2709
2710
2712
2713
2713
2713
2717
2719
2719
2725
2725
2727
2727
2732
2733
2734
2734
2734
2736
2736
2738
2740
2741
2741
2743
2744
2744
2745
2748
2751
2754
2755
2755
2757
2757
2759
2762
2763
2764
2766
2768
2772
2772
2774
2775
2779
2779
2779
2779
2780
2786
2786
2789
2790
2790
2793
2793
2794
2801
2801
2803
2803
2803
2805
2807
2807
2807
2809
2809
2809
2810
2819
2819
2819
2820
2821
2822
2823
2826
2827
2827
2827
2829
2830
2831
2831
2833
2836
2837
2841
2841
2843
2846
2847
2848
2849
2857
2860
2861
2862
2864
2865
2866
2868
2868
2869
2870
2870
2871
2873
2874
2877
2880
2882
2884
2885
2885
2886
2891
2894
2895
2896
2898
2900
2902
2904
2904
2904
2905
2907
2908
2909
2910
2912
2916
2920
2922
2928
2929
2930
2930
2930
2931
2931
2933
2933
2936
2937
2937
2938
2941
2944
2944
2946
2947
2948
2950
2951
2951
2951
2952
2953
2956
2956
2957
2958
2958
2961
2967
2968
2969
2970
2977
2978
2980
2980
2988
2989
2990
2992
2992
2993
2994
2995
2995
2998
2999
2999
3000
3001
3001
3003
3009
3010
3010
3011
3013
3014
3015
3017
3017
3021
3023
3026
3028
3029
3029
3030
3033
3033
3036
3038
3038
3039
3040
3043
3048
3048
3050
3051
3053
3055
3057
3058
3065
3065
3065
3066
3068
3069
3069
3074
3074
3075
3075
3077
3079
3081
3081
3083
3083
3086
3087
3088
3089
3091
3092
3094
3096
3096
3097
3099
3099
3099
3100
3102
3104
3104
3104
3105
3105
3106
3107
3111
3111
3112
3114
3115
3117
3119
3122
3126
3126
3129
3131
3138
3138
3141
3146
3146
3146
3146
3147
3148
3149
3150
3151
3153
3155
3156
3160
3161
3162
3162
3166
3168
3169
3171
3174
3175
3176
3179
3183
3187
3188
3189
3190
3191
3192
3193
3196
3200
3202
3202
3203
3204
3206
3213
3213
3214
3215
3216
3219
3220
3222
3222
3223
3224
3225
3226
3227
3229
3230
3233
3234
3236
3239
3240
3241
3242
3245
3246
3249
3249
3249
3252
3253
3254
3255
3255
3256
3256
3260
3262
3269
3269
3270
3271
3271
3273
3273
3274
3275
3280
3280
3284
3284
3286
3288
3289
3291
3291
3292
3293
3294
3296
3296
3298
3298
3300
3301
3303
3304
3306
3311
3312
3315
3318
3319
3321
3321
3323
3326
3328
3329
3330
3332
3333
3334
3335
3336
3339
3340
3343
3344
3346
3346
3347
3348
3348
3349
3349
3353
3356
3357
3357
3357
3358
3359
3360
3363
3364
3364
3368
3370
3371
3372
3373
3377
3378
3379
3380
3384
3386
3387
3387
3389
3390
3392
3393
3393
3395
3399
3402
3406
3406
3408
3414
3414
3415
3416
3416
3416
3416
3417
3418
3419
3420
3420
3420
3421
3421
3422
3423
3425
3427
3427
3429
3432
3433
3435
3440
3441
3442
3444
3452
3453
3458
3458
3461
3461
3463
3468
3468
3469
3474
3478
3479
3479
3479
3479
3481
3482
3484
3489
3489
3489
3498
3498
3498
3501
3502
3504
3505
3505
3506
3507
3507
3508
3509
3509
3510
3512
3514
3514
3514
3515
3516
3520
3529
3529
3530
3536
3538
3540
3542
3542
3543
3544
3544
3546
3546
3546
3548
3548
3551
3555
3557
3557
3559
3560
3561
3561
3562
3564
3565
3565
3567
3568
3574
3574
3574
3582
3584
3585
3592
3593
3593
3599
3602
3604
3607
3608
3609
3612
3615
3616
3617
3617
3618
3621
3622
3622
3623
3624
3628
3629
3630
3630
3633
3633
3633
3634
3638
3641
3642
3643
3646
3646
3646
3646
3647
3647
3647
3648
3648
3649
3650
3651
3653
3656
3657
3658
3658
3658
3659
3660
3661
3663
3665
3669
3670
3670
3671
3673
3673
3674
3678
3678
3680
3682
3685
3688
3695
3695
3698
3698
3698
3699
3702
3703
3705
3706
3710
3711
3713
3714
3715
3715
3717
3718
3722
3722
3724
3726
3729
3730
3731
3733
3736
3736
3737
3738
3741
3741
3747
3747
3747
3748
3748
3749
3751
3751
3752
3753
3753
3754
3757
3759
3761
3763
3763
3766
3767
3767
3769
3769
3769
3770
3770
3772
3773
3775
3775
3777
3778
3780
3780
3781
3784
3788
3790
3794
3797
3797
3798
3799
3799
3802
3807
3809
3810
3810
3812
3812
3814
3817
3818
3821
3822
3822
3825
3825
3828
3828
3829
3831
3833
3833
3835
3837
3843
3843
3844
3848
3849
3852
3854
3855
3858
3858
3860
3861
3863
3863
3864
3865
3870
3870
3871
3873
3875
3875
3876
3877
3878
3879
3880
3882
3886
3892
3895
3900
3900
3901
3902
3907
3909
3911
3911
3911
3912
3913
3913
3915
3915
3916
3920
3922
3924
3924
3925
3925
3926
3928
3930
3934
3936
3936
3938
3939
3940
3940
3942
3942
3944
3946
3946
3949
3952
3952
3953
3953
3953
3956
3956
3958
3960
3961
3973
3975
3977
3980
3982
3987
3987
3989
3991
3991
3994
3995
3996
3999
4000
4001
4004
4004
4005
4005
4005
4008
4010
4012
4013
4016
4017
4019
4020
4021
4022
4022
4022
4023
4023
4025
4029
4029
4031
4032
4033
4034
4034
4034
4035
4035
4038
4038
4041
4042
4046
4049
4058
4064
4065
4065
4066
4069
4070
4070
4074
4075
4075
4078
4079
4079
4081
4081
4081
4083
4083
4084
4084
4087
4088
4089
4090
4091
4096
4096
4097
4098
4101
4101
4105
4106
4107
4107
4108
4110
4111
4112
4112
4112
4118
4119
4119
4119
4120
4121
4122
4123
4125
4127
4128
4129
4129
4129
4132
4135
4135
4136
4139
4139
4141
4142
4143
4143
4145
4147
4150
4151
4151
4152
4152
4153
4153
4154
4156
4156
4157
4159
4163
4166
4166
4167
4169
4171
4176
4176
4176
4177
4179
4180
4181
4182
4186
4187
4189
4190
4192
4193
4193
4194
4194
4197
4200
4205
4211
4211
4212
4213
4215
4216
4218
4219
4222
4222
4228
4228
4232
4232
4236
4237
4237
4238
4239
4240
4241
4246
4247
4247
4249
4255
4255
4259
4261
4264
4267
4267
4267
4269
4270
4272
4276
4276
4277
4278
4279
4281
4282
4282
4283
4283
4286
4290
4291
4292
4292
4295
4297
4301
4302
4303
4304
4306
4307
4308
4309
4309
4310
4311
4318
4319
4319
4320
4321
4324
4325
4327
4328
4329
4330
4332
4333
4333
4338
4339
4342
4343
4345
4345
4346
4346
4346
4347
4348
4352
4352
4353
4355
4355
4356
4361
4362
4368
4368
4369
4371
4372
4376
4378
4380
4382
4383
4384
4387
4387
4387
4387
4389
4389
4393
4394
4397
4397
4399
4400
4400
4400
4402
4402
4404
4404
4405
4405
4405
4406
4408
4410
4411
4413
4413
4414
4415
4415
4415
4416
4424
4426
4427
4430
4430
4432
4433
4435
4439
4439
4439
4440
4441
4442
4443
4444
4445
4446
4446
4446
4449
4449
4449
4453
4457
4458
4459
4465
4468
4472
4473
4473
4473
4474
4474
4476
4477
4477
4479
4481
4482
4483
4484
4484
4489
4490
4492
4494
4494
4495
4496
4500
4501
4505
4506
4507
4508
4511
4512
4513
4516
4517
4519
4520
4522
4524
4525
4526
4527
4532
4538
4539
4540
4543
4543
4544
4546
4546
4547
4548
4551
4555
4557
4560
4562
4564
4564
4572
4574
4576
4577
4577
4580
4581
4581
4582
4585
4586
4587
4589
4591
4594
4597
4598
4599
4599
4599
4603
4606
4606
4608
4611
4612
4612
4614
4618
4619
4619
4621
4621
4624
4627
4631
4632
4636
4637
4637
4638
4646
4647
4647
4647
4648
4651
4653
4654
4655
4655
4657
4659
4659
4660
4662
4663
4663
4664
4665
4667
4667
4670
4670
4673
4674
4675
4679
4680
4684
4684
4685
4685
4687
4687
4690
4694
4697
4700
4701
4705
4706
4706
4710
4712
4712
4713
4714
4714
4715
4717
4718
4719
4724
4726
4726
4727
4728
4728
4729
4729
4731
4732
4734
4737
4737
4740
4740
4741
4742
4745
4745
4747
4749
4749
4749
4750
4750
4753
4754
4755
4758
4759
4760
4764
4766
4766
4768
4770
4776
4777
4778
4778
4783
4783
4783
4784
4784
4784
4788
4788
4791
4793
4794
4797
4798
4799
4800
4801
4802
4805
4807
4809
4811
4811
4812
4813
4813
4814
4815
4816
4816
4819
4820
4830
4833
4834
4836
4837
4837
4839
4844
4846
4847
4851
4853
4853
4854
4854
4856
4856
4856
4859
4859
4860
4862
4863
4867
4869
4870
4874
4877
4879
4879
4880
4886
4887
4890
4892
4894
4894
4895
4896
4898
4899
4900
4910
4912
4913
4914
4916
4917
4921
4925
4925
4926
4929
4929
4933
4934
4935
4939
4939
4940
4944
4944
4945
4946
4951
4952
4952
4961
4962
4964
4966
4967
4969
4969
4970
4970
4971
4973
4979
4980
4980
4981
4982
4983
4983
4984
4985
4986
4987
4989
4989
4990
4990
4993
4996
4996
4997
4998
4999
4999
5000
5002
5005
5007
5007
5011
5011
5013
5013
5019
5022
5023
5025
5028
5028
5029
5029
5038
5039
5040
5043
5043
5044
5045
5045
5045
5046
5047
5049
5050
5051
5053
5054
5056
5058
5059
5063
5068
5068
5068
5069
5070
5070
5073
5074
5075
5075
5075
5077
5079
5080
5082
5082
5083
5083
5088
5089
5090
5091
5091
5092
5093
5094
5094
5094
5095
5096
5104
5105
5105
5108
5114
5117
5118
5122
5126
5128
5128
5128
5129
5129
5131
5131
5136
5139
5140
5140
5140
5143
5143
5143
5144
5147
5148
5148
5149
5154
5154
5155
5155
5157
5159
5161
5167
5167
5168
5174
5174
5175
5175
5176
5176
5177
5179
5179
5184
5185
5187
5190
5192
5192
5195
5198
5202
5203
5208
5210
5212
5213
5214
5214
5218
5219
5220
5220
5220
5224
5227
5227
5228
5229
5229
5229
5230
5230
5231
5232
5237
5238
5238
5238
5239
5242
5242
5242
5243
5243
5247
5250
5251
5258
5260
5261
5263
5266
5272
5278
5280
5281
5283
5284
5285
5285
5286
5288
5294
5294
5297
5298
5302
5304
5307
5308
5314
5315
5315
5316
5318
5326
5327
5328
5329
5330
5331
5333
5333
5335
5336
5338
5342
5344
5344
5345
5345
5347
5348
5351
5352
5352
5353
5356
5361
5363
5363
5365
5366
5368
5369
5370
5370
5371
5372
5374
5376
5382
5384
5388
5389
5389
5391
5391
5393
5394
5397
5397
5398
5398
5398
5404
5405
5411
5411
5411
5413
5414
5414
5416
5416
5421
5421
5424
5425
5426
5430
5431
5434
5436
5439
5443
5447
5447
5447
5449
5451
5452
5457
5459
5466
5469
5469
5470
5470
5471
5472
5473
5473
5474
5477
5479
5480
5481
5486
5488
5491
5494
5496
5498
5499
5503
5504
5505
5509
5511
5511
5513
5519
5521
5523
5531
5531
5531
5532
5532
5532
5532
5532
5534
5534
5534
5534
5535
5536
5537
5538
5538
5541
5542
5543
5543
5547
5549
5551
5553
5556
5557
5559
5560
5566
5570
5571
5572
5572
5577
5577
5578
5579
5580
5581
5581
5581
5582
5585
5586
5587
5589
5590
5591
5591
5593
5594
5595
5596
5597
5599
5606
5607
5610
5610
5610
5612
5615
5616
5617
5617
5618
5618
5618
5620
5620
5621
5623
5625
5626
5628
5629
5632
5633
5633
5633
5635
5636
5637
5639
5640
5648
5649
5650
5654
5656
5658
5658
5661
5661
5664
5665
5665
5665
5668
5671
5671
5673
5675
5676
5679
5684
5684
5686
5688
5690
5691
5692
5692
5692
5692
5698
5699
5706
5706
5707
5707
5708
5711
5712
5715
5715
5717
5718
5718
5721
5721
5721
5723
5728
5729
5731
5731
5733
5733
5735
5735
5737
5738
5740
5743
5744
5747
5752
5755
5756
5759
5762
5766
5766
5768
5769
5771
5773
5773
5774
5774
5776
5780
5782
5785
5786
5788
5789
5790
5792
5792
5792
5794
5798
5800
5806
5807
5808
5808
5813
5813
5817
5821
5822
5825
5826
5826
5827
5827
5829
5830
5830
5831
5832
5833
5833
5834
5834
5835
5836
5839
5841
5842
5847
5850
5851
5851
5852
5852
5853
5854
5854
5855
5855
5856
5858
5860
5861
5867
5868
5872
5873
5873
5874
5876
5876
5877
5878
5878
5879
5881
5883
5883
5887
5888
5889
5890
5891
5896
5896
5897
5898
5898
5904
5905
5906
5908
5908
5909
5910
5911
5912
5912
5914
5919
5919
5920
5922
5923
5927
5927
5928
5935
5938
5938
5942
5944
5944
5947
5947
5949
5949
5952
5955
5958
5960
5961
5963
5963
5965
5965
5967
5976
5978
5980
5982
5983
5987
5988
5988
5989
5994
5999
6001
6007
6010
6010
6011
6013
6014
6014
6020
6021
6021
6023
6025
6025
6025
6025
6026
6028
6030
6030
6031
6033
6035
6037
6037
6037
6039
6045
6046
6047
6052
6053
6053
6055
6056
6059
6061
6062
6063
6065
6066
6066
6071
6074
6074
6075
6077
6078
6081
6081
6083
6084
6084
6086
6088
6089
6090
6092
6092
6092
6100
6100
6101
6103
6105
6110
6112
6112
6112
6113
6116
6118
6119
6122
6123
6128
6129
6131
6131
6135
6137
6138
6140
6140
6142
6142
6144
6145
6148
6151
6152
6153
6154
6156
6160
6160
6160
6163
6164
6167
6168
6175
6179
6183
6187
6188
6195
6195
6196
6198
6198
6200
6200
6201
6201
6205
6210
6212
6213
6214
6220
6224
6227
6230
6230
6230
6230
6230
6230
6230
6235
6236
6237
6237
6243
6247
6247
6250
6251
6253
6255
6256
6265
6266
6266
6267
6267
6268
6272
6272
6273
6275
6277
6278
6278
6279
6285
6288
6289
6289
6294
6295
6296
6301
6304
6304
6312
6313
6314
6315
6315
6318
6320
6320
6321
6324
6324
6327
6327
6328
6331
6331
6332
6333
6335
6337
6341
6342
6344
6345
6346
6347
6349
6350
6352
6352
6353
6353
6355
6355
6355
6356
6359
6360
6363
6363
6364
6364
6365
6366
6367
6368
6369
6374
6374
6380
6381
6383
6384
6384
6385
6386
6388
6388
6388
6389
6390
6395
6396
6397
6401
6403
6404
6406
6407
6408
6409
6411
6415
6415
6415
6420
6422
6423
6423
6423
6426
6435
6438
6439
6441
6442
6442
6446
6450
6452
6453
6455
6455
6457
6458
6458
6460
6460
6461
6463
6463
6465
6467
6469
6473
6477
6480
6481
6483
6489
6492
6493
6493
6494
6494
6494
6496
6496
6496
6496
6496
6498
6502
6502
6503
6503
6505
6507
6508
6511
6512
6512
6513
6515
6515
6518
6518
6518
6518
6521
6522
6523
6524
6526
6529
6530
6533
6533
6533
6534
6537
6537
6538
6540
6540
6541
6542
6543
6544
6547
6554
6555
6556
6558
6560
6567
6569
6570
6571
6572
6573
6575
6575
6576
6577
6578
6578
6579
6582
6586
6586
6589
6592
6594
6598
6609
6612
6612
6613
6615
6619
6619
6620
6626
6627
6630
6631
6632
6634
6637
6638
6640
6641
6643
6646
6646
6648
6650
6650
6653
6655
6655
6656
6657
6657
6663
6665
6665
6665
6667
6671
6672
6672
6673
6679
6681
6681
6683
6683
6685
6685
6686
6687
6687
6688
6690
6692
6693
6694
6696
6700
6702
6707
6709
6713
6713
6716
6717
6717
6718
6720
6723
6727
6727
6730
6731
6731
6733
6733
6739
6742
6745
6746
6748
6749
6749
6749
6752
6752
6755
6756
6762
6766
6766
6767
6769
6769
6771
6771
6771
6772
6779
6780
6781
6784
6784
6786
6786
6786
6788
6788
6789
6790
6791
6791
6792
6792
6793
6794
6795
6795
6795
6799
6800
6801
6801
6802
6802
6804
6805
6806
6807
6807
6807
6807
6807
6808
6809
6809
6810
6810
6812
6815
6815
6818
6818
6821
6825
6831
6831
6831
6834
6835
6841
6842
6846
6846
6849
6854
6856
6857
6857
6860
6861
6861
6866
6868
6871
6874
6875
6883
6888
6888
6888
6890
6893
6894
6894
6900
6900
6900
6902
6907
6908
6911
6911
6912
6912
6913
6914
6920
6923
6926
6928
6933
6935
6937
6938
6938
6939
6939
6940
6943
6944
6944
6945
6948
6950
6955
6955
6956
6957
6958
6960
6961
6966
6967
6967
6968
6969
6971
6975
6979
6980
6984
6985
6987
6987
6988
6988
6990
6992
6993
7000
7000
7000
7001
7001
7002
7002
7002
7004
7005
7006
7008
7013
7014
7016
7016
7018
7021
7022
7023
7025
7026
7027
7027
7028
7029
7030
7030
7031
7031
7040
7041
7044
7044
7044
7045
7045
7047
7047
7050
7052
7053
7058
7059
7060
7062
7062
7067
7071
7080
7082
7084
7084
7086
7086
7087
7088
7092
7097
7099
7100
7100
7104
7104
7106
7110
7114
7117
7118
7118
7120
7120
7124
7128
7129
7129
7130
7130
7131
7132
7133
7135
7136
7137
7140
7141
7141
7141
7142
7146
7148
7149
7150
7150
7150
7152
7153
7153
7154
7155
7156
7158
7160
7160
7167
7171
7176
7176
7178
7182
7183
7187
7188
7189
7189
7189
7191
7192
7195
7198
7198
7198
7201
7203
7204
7205
7207
7207
7208
7208
7212
7212
7213
7213
7215
7215
7220
7221
7222
7228
7229
7230
7237
7239
7240
7241
7243
7245
7246
7246
7247
7249
7253
7256
7258
7262
7264
7265
7268
7272
7272
7275
7277
7279
7279
7279
7279
7281
7282
7282
7283
7284
7285
7287
7287
7290
7292
7292
7292
7293
7293
7298
7298
7301
7302
7303
7303
7304
7304
7306
7310
7314
7315
7315
7315
7316
7324
7328
7328
7329
7329
7331
7332
7335
7335
7338
7338
7339
7339
7342
7343
7348
7348
7349
7350
7351
7356
7356
7359
7361
7361
7361
7363
7364
7366
7366
7367
7369
7372
7372
7373
7375
7376
7378
7378
7379
7382
7383
7384
7385
7387
7387
7390
7390
7392
7393
7393
7394
7396
7398
7398
7399
7399
7402
7402
7407
7407
7413
7417
7419
7421
7422
7424
7426
7427
7430
7430
7430
7432
7435
7437
7443
7444
7445
7449
7451
7456
7458
7460
7460
7460
7461
7462
7465
7467
7468
7469
7469
7470
7472
7472
7477
7477
7478
7479
7481
7485
7487
7487
7487
7488
7489
7489
7490
7490
7494
7494
7496
7497
7497
7501
7501
7504
7509
7510
7511
7513
7514
7517
7518
7518
7519
7519
7521
7522
7526
7528
7528
7530
7534
7536
7537
7541
7541
7543
7547
7548
7551
7552
7557
7557
7557
7557
7560
7561
7562
7563
7563
7563
7564
7567
7567
7567
7569
7569
7570
7571
7574
7576
7577
7579
7579
7587
7590
7593
7593
7595
7595
7596
7596
7597
7599
7600
7601
7602
7603
7608
7609
7609
7614
7616
7616
7620
7623
7625
7626
7628
7628
7629
7629
7633
7634
7638
7645
7646
7647
7648
7649
7650
7659
7659
7660
7665
7667
7670
7671
7671
7672
7673
7675
7677
7680
7681
7682
7682
7684
7684
7686
7690
7694
7694
7695
7697
7699
7701
7702
7703
7703
7703
7703
7706
7710
7712
7714
7715
7721
7722
7727
7729
7733
7735
7736
7738
7740
7742
7744
7744
7750
7750
7753
7753
7753
7758
7760
7760
7764
7764
7764
7766
7766
7767
7768
7770
7770
7770
7770
7774
7775
7776
7779
7782
7785
7785
7785
7785
7787
7792
7792
7795
7796
7797
7797
7798
7798
7799
7799
7801
7801
7802
7803
7803
7805
7807
7811
7812
7812
7815
7815
7818
7820
7821
7822
7823
7824
7826
7827
7829
7831
7838
7838
7838
7840
7841
7841
7842
7842
7845
7845
7852
7852
7852
7859
7860
7865
7867
7868
7870
7870
7875
7877
7879
7880
7881
7881
7884
7885
7885
7886
7886
7888
7888
7894
7894
7895
7897
7899
7900
7900
7904
7906
7908
7912
7914
7915
7916
7917
7919
7924
7928
7928
7930
7937
7937
7937
7939
7946
7949
7949
7951
7953
7954
7956
7958
7958
7959
7960
7962
7963
7963
7964
7966
7967
7968
7970
7971
7974
7974
7976
7981
7982
7989
7990
7991
7992
7995
7995
7997
7999
7999
8001
8001
8002
8003
8005
8006
8008
8009
8014
8016
8016
8016
8018
8020
8020
8024
8028
8029
8031
8031
8034
8035
8036
8039
8041
8044
8044
8044
8045
8046
8046
8047
8047
8057
8058
8059
8061
8061
8068
8071
8073
8074
8076
8077
8089
8090
8091
8093
8095
8095
8096
8096
8096
8098
8098
8098
8104
8108
8111
8111
8113
8119
8119
8121
8123
8123
8125
8126
8127
8127
8128
8130
8131
8136
8137
8137
8137
8138
8141
8142
8142
8142
8144
8144
8144
8144
8147
8147
8150
8154
8157
8157
8157
8159
8160
8162
8163
8164
8166
8168
8170
8180
8180
8180
8182
8187
8188
8189
8191
8193
8193
8197
8197
8200
8202
8206
8208
8210
8210
8210
8214
8215
8219
8221
8221
8221
8224
8229
8231
8232
8233
8234
8235
8237
8239
8239
8241
8242
8243
8244
8247
8250
8250
8250
8253
8253
8255
8258
8259
8260
8260
8261
8262
8262
8265
8265
8269
8270
8275
8276
8277
8280
8281
8281
8282
8283
8293
8295
8295
8301
8301
8306
8315
8317
8324
8325
8327
8332
8334
8334
8336
8336
8337
8340
8341
8343
8344
8346
8347
8353
8358
8359
8359
8360
8360
8366
8366
8369
8370
8371
8375
8388
8388
8388
8389
8390
8394
8396
8400
8401
8402
8403
8403
8405
8405
8406
8406
8407
8411
8413
8417
8419
8420
8420
8420
8426
8429
8430
8432
8432
8434
8434
8435
8438
8442
8442
8443
8444
8445
8446
8446
8448
8448
8450
8453
8455
8456
8458
8460
8461
8462
8463
8463
8464
8465
8467
8470
8471
8473
8476
8476
8477
8477
8478
8478
8479
8479
8482
8485
8487
8490
8491
8492
8492
8493
8494
8498
8499
8499
8502
8502
8504
8506
8507
8507
8508
8509
8509
8510
8510
8511
8516
8517
8517
8519
8520
8523
8527
8531
8532
8532
8533
8534
8534
8534
8546
8547
8554
8554
8555
8560
8562
8564
8564
8565
8565
8568
8570
8574
8576
8576
8578
8581
8582
8584
8588
8589
8593
8594
8595
8597
8597
8599
8601
8602
8604
8606
8607
8609
8610
8613
8619
8620
8621
8621
8622
8623
8624
8624
8626
8628
8628
8629
8629
8632
8633
8633
8635
8637
8637
8637
8638
8639
8641
8643
8645
8652
8652
8655
8657
8657
8658
8660
8663
8665
8667
8667
8667
8667
8669
8670
8670
8670
8670
8671
8671
8672
8673
8674
8675
8675
8675
8679
8680
8684
8684
8685
8688
8689
8695
8696
8700
8703
8705
8711
8712
8713
8714
8714
8718
8719
8721
8722
8722
8724
8726
8728
8728
8729
8730
8735
8738
8738
8741
8744
8746
8747
8752
8759
8759
8763
8764
8764
8766
8767
8767
8769
8772
8772
8773
8775
8775
8776
8779
8780
8784
8785
8788
8792
8792
8794
8801
8802
8803
8804
8805
8806
8808
8810
8813
8814
8816
8817
8817
8818
8819
8820
8821
8824
8825
8828
8828
8829
8831
8834
8836
8837
8839
8839
8839
8843
8845
8846
8847
8847
8848
8852
8852
8857
8858
8861
8862
8862
8863
8863
8865
8869
8869
8870
8872
8875
8880
8881
8881
8882
8883
8884
8885
8885
8887
8889
8889
8891
8891
8894
8896
8899
8900
8900
8902
8904
8905
8905
8906
8910
8910
8914
8916
8919
8919
8923
8924
8924
8927
8928
8929
8929
8929
8932
8932
8933
8935
8935
8936
8937
8937
8937
8938
8941
8948
8948
8953
8953
8954
8954
8957
8958
8962
8964
8966
8969
8969
8970
8970
8972
8972
8974
8975
8976
8978
8979
8981
8983
8988
8990
8995
8995
8996
8998
8998
8999
9000
9005
9006
9006
9012
9014
9015
9017
9025
9025
9026
9028
9029
9029
9031
9032
9032
9034
9036
9038
9042
9044
9045
9047
9049
9049
9052
9054
9056
9058
9060
9064
9065
9066
9066
9068
9072
9080
9081
9081
9083
9083
9084
9086
9087
9089
9090
9090
9090
9091
9092
9096
9096
9097
9100
9101
9102
9104
9110
9111
9112
9114
9114
9115
9115
9117
9117
9122
9122
9122
9122
9123
9123
9123
9124
9124
9126
9127
9128
9130
9135
9137
9139
9140
9141
9141
9141
9141
9143
9145
9148
9148
9150
9150
9150
9152
9153
9156
9156
9156
9160
9160
9161
9161
9164
9165
9167
9167
9168
9169
9170
9170
9171
9175
9182
9186
9187
9194
9195
9195
9196
9201
9201
9202
9205
9206
9207
9208
9208
9209
9210
9212
9215
9215
9222
9222
9224
9228
9228
9233
9235
9237
9237
9239
9243
9244
9244
9249
9253
9255
9256
9259
9260
9267
9271
9272
9273
9275
9277
9277
9280
9280
9282
9283
9284
9286
9287
9288
9288
9292
9293
9294
9296
9296
9298
9300
9301
9303
9304
9305
9306
9309
9310
9310
9311
9311
9312
9312
9312
9314
9317
9319
9319
9321
9322
9323
9324
9324
9330
9332
9336
9337
9338
9339
9339
9340
9340
9342
9344
9345
9346
9346
9347
9352
9355
9356
9356
9358
9358
9361
9367
9368
9369
9370
9371
9377
9377
9381
9382
9384
9385
9388
9389
9390
9391
9391
9393
9394
9395
9396
9398
9398
9399
9400
9401
9402
9408
9408
9411
9412
9412
9412
9414
9415
9417
9419
9419
9420
9422
9427
9427
9429
9429
9433
9434
9434
9435
9437
9440
9448
9451
9452
9453
9456
9458
9459
9461
9462
9464
9470
9472
9475
9476
9479
9482
9484
9485
9487
9487
9491
9491
9491
9492
9493
9494
9494
9494
9495
9495
9496
9496
9497
9497
9499
9500
9506
9507
9507
9508
9510
9510
9510
9514
9514
9514
9516
9517
9517
9517
9517
9521
9522
9525
9530
9530
9534
9535
9538
9539
9543
9545
9545
9545
9547
9547
9547
9547
9547
9548
9548
9550
9552
9552
9553
9554
9554
9555
9555
9557
9559
9560
9561
9562
9563
9564
9565
9565
9566
9567
9567
9571
9574
9574
9575
9575
9576
9576
9577
9577
9580
9582
9583
9584
9587
9592
9593
9594
9595
9598
9599
9600
9602
9605
9607
9608
9610
9611
9614
9617
9620
9621
9622
9622
9623
9625
9627
9627
9628
9628
9631
9632
9636
9639
9641
9642
9645
9648
9651
9653
9654
9659
9660
9660
9661
9661
9661
9662
9665
9667
9668
9675
9676
9677
9677
9683
9683
9683
9683
9686
9686
9686
9688
9689
9689
9689
9689
9690
9690
9691
9695
9696
9697
9701
9701
9701
9705
9706
9706
9707
9708
9708
9708
9709
9710
9711
9712
9713
9714
9714
9716
9718
9720
9720
9721
9722
9726
9727
9727
9728
9734
9737
9739
9741
9741
9743
9744
9745
9746
9746
9746
9747
9748
9750
9751
9752
9753
9754
9754
9755
9756
9757
9762
9762
9762
9774
9774
9774
9777
9777
9780
9781
9782
9783
9785
9786
9789
9790
9791
9791
9792
9793
9796
9797
9798
9798
9799
9799
9799
9801
9802
9803
9804
9805
9805
9806
9806
9807
9810
9813
9816
9816
9816
9816
9818
9819
9821
9822
9822
9825
9825
9839
9841
9846
9849
9850
9852
9855
9856
9858
9859
9865
9866
9866
9867
9870
9871
9874
9875
9875
9877
9878
9879
9879
9882
9882
9886
9887
9888
9889
9891
9891
9891
9894
9896
9896
9896
9900
9901
9904
9907
9909
9911
9916
9916
9918
9920
9920
9921
9924
9929
9931
9934
9935
9941
9944
9945
9946
9948
9948
9949
9950
9950
9951
9952
9957
9957
9958
9958
9958
9959
9961
9963
9964
9965
9966
9968
9968
9968
9970
9970
9971
9972
9972
9974
9975
9976
9977
9984
9985
9988
9990
9990
9991
9992
9992
9993
9993
9993
9994
9994
9997
9999
9999
10001
10002
10009
10013
10015
10015
10016
10018
10018
10021
10021
10021
10022
10023
10024
10025
10032
10034
10035
10036
10039
10046
10046
10051
10053
10054
10057
10057
10059
10062
10066
10066
10069
10071
10071
10071
10072
10073
10075
10077
10078
10079
10080
10081
10083
10084
10085
10085
10086
10086
10088
10088
10089
10089
10091
10093
10094
10095
10098
10099
10099
10100
10101
10102
10104
10106
10107
10109
10110
10111
10111
10112
10116
10117
10118
10119
10120
10122
10122
10126
10127
10130
10131
10133
10134
10134
10134
10134
10134
10135
10137
10139
10141
10141
10142
10142
10145
10146
10147
10150
10151
10151
10153
10155
10158
10160
10161
10162
10163
10163
10164
10168
10169
10170
10171
10172
10175
10175
10176
10178
10179
10181
10181
10184
10186
10188
10188
10190
10190
10191
10191
10193
10196
10199
10202
10203
10204
10205
10208
10214
10214
10215
10215
10215
10216
10217
10218
10220
10220
10221
10223
10223
10225
10225
10228
10236
10236
10238
10239
10241
10243
10247
10249
10251
10251
10253
10254
10257
10257
10257
10257
10258
10259
10262
10263
10266
10267
10268
10268
10270
10273
10275
10275
10276
10276
10280
10281
10284
10288
10290
10291
10291
10294
10297
10298
10302
10303
10305
10306
10307
10315
10316
10318
10321
10323
10326
10328
10329
10331
10331
10335
10336
10336
10340
10341
10344
10345
10345
10345
10348
10350
10351
10352
10353
10358
10358
10360
10361
10362
10363
10365
10366
10367
10368
10368
10372
10372
10373
10376
10376
10376
10381
10384
10385
10385
10385
10386
10386
10388
10391
10393
10393
10394
10394
10394
10398
10401
10404
10407
10408
10409
10411
10414
10416
10417
10417
10421
10421
10422
10423
10423
10423
10424
10424
10425
10426
10427
10431
10431
10432
10432
10435
10439
10439
10441
10442
10445
10445
10446
10447
10447
10449
10450
10453
10456
10461
10461
10461
10463
10463
10466
10467
10468
10468
10469
10471
10472
10473
10476
10477
10481
10482
10482
10482
10483
10483
10484
10485
10490
10492
10494
10496
10503
10503
10508
10508
10511
10512
10513
10514
10515
10516
10517
10519
10520
10523
10524
10525
10526
10528
10533
10534
10536
10537
10539
10540
10545
10546
10550
10550
10551
10551
10553
10554
10554
10557
10558
10560
10560
10561
10561
10565
10569
10569
10576
10577
10578
10580
10581
10584
10587
10589
10591
10591
10593
10594
10597
10599
10600
10602
10602
10603
10608
10609
10612
10612
10615
10616
10618
10618
10620
10620
10622
10626
10627
10628
10630
10631
10634
10634
10634
10636
10637
10638
10638
10640
10641
10641
10642
10646
10650
10650
10652
10657
10661
10670
10671
10673
10673
10675
10676
10678
10680
10681
10681
10682
10683
10683
10684
10692
10692
10692
10694
10695
10699
10701
10701
10702
10702
10703
10710
10710
10714
10715
10719
10721
10723
10725
10728
10728
10732
10737
10737
10739
10741
10744
10745
10748
10750
10750
10751
10752
10753
10754
10756
10757
10757
10758
10758
10759
10760
10761
10762
10765
10770
10770
10771
10772
10779
10779
10783
10785
10788
10791
10793
10795
10797
10799
10799
10800
10800
10800
10806
10811
10813
10816
10816
10816
10822
10823
10824
10825
10826
10826
10828
10828
10830
10832
10836
10836
10838
10839
10839
10840
10843
10843
10846
10846
10846
10846
10848
10849
10849
10855
10856
10857
10857
10857
10857
10857
10858
10859
10861
10861
10862
10864
10867
10869
10869
10872
10873
10874
10882
10882
10884
10885
10886
10888
10892
10894
10894
10897
10897
10898
10900
10901
10902
10903
10909
10913
10916
10916
10917
10917
10919
10922
10927
10929
10930
10930
10933
10935
10936
10937
10938
10938
10941
10943
10944
10946
10947
10947
10948
10951
10951
10953
10953
10955
10956
10958
10959
10959
10960
10962
10962
10967
10968
10968
10968
10969
10972
10972
10972
10975
10976
10978
10981
10983
10983
10984
10985
10987
10988
10989
10993
10998
11000
11002
11003
11004
11005
11005
11005
11007
11009
11012
11013
11014
11016
11019
11022
11028
11028
11029
11030
11030
11033
11034
11035
11035
11041
11043
11043
11045
11046
11046
11048
11048
11048
11048
11050
11054
11056
11056
11059
11063
11065
11070
11070
11074
11076
11078
11079
11086
11086
11087
11087
11090
11092
11095
11100
11102
11103
11104
11106
11109
11109
11110
11113
11118
11121
11122
11128
11131
11134
11141
11142
11147
11148
11150
11154
11157
11159
11161
11161
11162
11163
11163
11165
11166
11167
11168
11168
11174
11177
11178
11179
11179
11180
11180
11181
11183
11183
11186
11193
11193
11193
11194
11195
11196
11196
11196
11197
11197
11206
11206
11206
11209
11211
11211
11215
11217
11219
11221
11221
11223
11223
11224
11224
11225
11228
11230
11233
11233
11235
11236
11236
11238
11241
11243
11245
11246
11249
11249
11251
11251
11252
11253
11253
11256
11261
11261
11262
11264
11267
11267
11268
11269
11270
11272
11274
11274
11275
11278
11281
11281
11284
11284
11288
11291
11293
11295
11297
11297
11299
11302
11304
11304
11304
11306
11306
11310
11313
11315
11317
11321
11321
11323
11324
11324
11324
11324
11326
11326
11326
11327
11328
11329
11329
11331
11334
11336
11342
11342
11343
11343
11344
11345
11346
11346
11347
11349
11351
11353
11354
11356
11358
11358
11359
11361
11361
11367
11369
11372
11372
11373
11374
11376
11376
11378
11378
11380
11380
11381
11382
11383
11387
11388
11388
11389
11389
11393
11397
11400
11402
11406
11409
11410
11414
11418
11421
11422
11425
11429
11430
11434
11435
11437
11439
11439
11442
11442
11443
11443
11446
11446
11448
11452
11453
11454
11455
11455
11458
11466
11466
11470
11472
11473
11474
11475
11477
11477
11478
11478
11479
11479
11479
11480
11484
11490
11491
11493
11494
11495
11496
11497
11497
11499
11500
11503
11504
11505
11506
11508
11508
11512
11514
11514
11515
11515
11516
11518
11518
11519
11519
11526
11527
11527
11527
11529
11529
11529
11531
11535
11535
11536
11536
11538
11539
11542
11542
11542
11547
11549
11549
11549
11551
11552
11553
11554
11558
11559
11560
11561
11564
11568
11571
11573
11573
11575
11575
11576
11577
11577
11579
11580
11581
11581
11582
11582
11584
11588
11588
11589
11590
11590
11591
11593
11597
11598
11600
11603
11606
11607
11607
11609
11610
11611
11612
11614
11621
11621
11622
11625
11626
11628
11628
11629
11629
11630
11630
11631
11633
11633
11634
11635
11636
11641
11642
11645
11647
11650
11651
11652
11653
11653
11653
11657
11658
11659
11659
11661
11664
11666
11674
11674
11675
11679
11682
11685
11688
11692
11693
11694
11696
11702
11702
11709
11709
11710
11710
11712
11713
11713
11714
11718
11718
11719
11719
11719
11722
11724
11727
11728
11729
11730
11731
11732
11733
11734
11735
11737
11739
11741
11743
11745
11746
11746
11747
11748
11748
11751
11757
11758
11758
11763
11766
11766
11767
11767
11769
11770
11771
11771
11771
11773
11775
11776
11777
11778
11778
11778
11782
11783
11783
11784
11786
11787
11789
11790
11791
11791
11791
11792
11797
11805
11806
11807
11809
11812
11814
11814
11820
11821
11823
11825
11825
11828
11829
11831
11834
11837
11842
11843
11843
11843
11844
11846
11846
11848
11849
11849
11850
11852
11853
11854
11855
11856
11856
11857
11858
11861
11861
11861
11863
11863
11864
11864
11866
11866
11867
11872
11872
11874
11876
11879
11879
11882
11883
11883
11883
11885
11886
11886
11890
11895
11896
11898
11898
11901
11901
11904
11906
11906
11910
11911
11912
11913
11915
11919
11923
11923
11925
11926
11926
11928
11929
11931
11932
11932
11933
11935
11938
11938
11938
11942
11945
11946
11948
11950
11950
11953
11953
11954
11957
11957
11960
11965
11968
11969
11969
11971
11972
11973
11975
11979
11983
11984
11985
11987
11987
11988
11988
11989
11993
11993
11995
11998
11999
11999
11999
11999
12002
12003
12005
12007
12010
12012
12012
12013
12014
12015
12015
12017
12018
12020
12020
12023
12023
12024
12027
12028
12029
12033
12033
12034
12036
12039
12040
12042
12043
12044
12044
12047
12050
12051
12053
12055
12056
12060
12060
12062
12062
12064
12064
12067
12069
12070
12071
12072
12074
12076
12077
12077
12077
12078
12078
12078
12080
12080
12082
12088
12094
12097
12099
12100
12100
12101
12101
12103
12105
12110
12111
12119
12120
12124
12125
12129
12129
12137
12142
12142
12142
12146
12149
12152
12152
12153
12153
12153
12155
12157
12158
12158
12160
12160
12160
12162
12163
12164
12164
12165
12167
12169
12175
12176
12178
12179
12180
12181
12183
12190
12191
12191
12193
12193
12193
12193
12195
12195
12199
12204
12206
12206
12206
12211
12211
12213
12215
12216
12217
12221
12226
12227
12227
12229
12231
12232
12239
12240
12245
12245
12247
12250
12252
12253
12253
12253
12254
12254
12254
12256
12257
12258
12258
12260
12263
12264
12267
12270
12270
12271
12271
12273
12274
12275
12275
12278
12279
12282
12285
12289
12292
12292
12292
12292
12293
12295
12298
12299
12300
12302
12302
12302
12304
12305
12307
12307
12308
12310
12311
12312
12313
12316
12317
12317
12317
12317
12317
12320
12325
12325
12328
12329
12331
12331
12332
12335
12335
12337
12339
12339
12340
12344
12349
12350
12351
12355
12357
12357
12361
12362
12363
12364
12365
12365
12369
12369
12370
12371
12371
12373
12378
12379
12383
12388
12388
12390
12396
12396
12398
12402
12405
12405
12406
12407
12407
12408
12409
12412
12414
12420
12422
12423
12424
12425
12425
12430
12430
12435
12439
12439
12443
12444
12445
12447
12448
12455
12455
12457
12457
12463
12464
12466
12468
12468
12468
12472
12472
12473
12474
12476
12478
12479
12480
12480
12481
12482
12484
12487
12489
12489
12500
12504
12508
12512
12513
12514
12516
12519
12520
12521
12521
12522
12523
12524
12526
12526
12527
12527
12527
12528
12528
12530
12532
12534
12535
12535
12536
12536
12536
12541
12542
12542
12546
12547
12547
12550
12552
12552
12552
12556
12556
12560
12561
12564
12566
12570
12570
12572
12574
12574
12574
12575
12575
12578
12578
12578
12580
12582
12582
12582
12587
12588
12589
12591
12594
12594
12595
12596
12597
12598
12600
12601
12602
12608
12611
12614
12614
12621
12623
12624
12624
12628
12630
12630
12630
12630
12632
12633
12633
12639
12644
12646
12647
12648
12650
12650
12651
12652
12653
12654
12654
12655
12657
12658
12662
12663
12667
12668
12671
12672
12673
12673
12673
12681
12682
12686
12687
12687
12694
12694
12694
12695
12696
12699
12701
12702
12702
12703
12703
12704
12705
12707
12707
12709
12709
12710
12712
12714
12715
12716
12717
12717
12718
12719
12721
12723
12724
12724
12725
12727
12728
12731
12731
12731
12731
12733
12734
12737
12737
12737
12738
12742
12744
12745
12746
12750
12750
12751
12753
12755
12757
12758
12760
12762
12764
12764
12768
12768
12769
12770
12773
12773
12774
12775
12776
12776
12779
12780
12781
12781
12783
12784
12787
12790
12790
12791
12792
12792
12800
12800
12801
12802
12803
12804
12805
12808
12810
12810
12810
12810
12810
12811
12813
12818
12820
12822
12827
12827
12828
12828
12828
12834
12838
12838
12839
12841
12843
12845
12848
12848
12850
12853
12854
12856
12857
12858
12858
12860
12860
12865
12867
12872
12874
12875
12875
12879
12880
12880
12883
12884
12884
12887
12889
12889
12890
12891
12894
12895
12896
12896
12898
12899
12903
12903
12903
12905
12908
12908
12909
12909
12912
12913
12915
12915
12916
12918
12920
12923
12925
12927
12927
12928
12928
12930
12930
12934
12934
12935
12935
12937
12937
12941
12941
12944
12947
12948
12949
12949
12952
12953
12954
12954
12955
12960
12960
12961
12961
12963
12963
12965
12968
12971
12973
12974
12975
12976
12978
12979
12979
12980
12980
12981
12982
12984
12988
12990
12992
12994
12995
12999
13002
13002
13006
13009
13010
13012
13013
13013
13014
13016
13017
13017
13020
13020
13021
13021
13027
13027
13028
13030
13031
13031
13032
13035
13035
13035
13037
13037
13037
13040
13041
13042
13044
13047
13050
13050
13052
13052
13054
13056
13058
13058
13060
13064
13065
13066
13067
13068
13070
13072
13074
13080
13080
13081
13086
13087
13088
13089
13090
13090
13091
13094
13095
13095
13098
13098
13101
13104
13105
13106
13107
13112
13114
13114
13115
13117
13119
13120
13121
13121
13127
13130
13132
13132
13132
13133
13139
13139
13141
13143
13147
13148
13148
13150
13150
13152
13153
13156
13159
13166
13168
13169
13169
13170
13173
13175
13176
13177
13178
13181
13182
13186
13187
13189
13190
13192
13192
13193
13194
13194
13195
13197
13199
13200
13201
13204
13208
13208
13209
13211
13213
13213
13214
13217
13221
13222
13222
13224
13224
13225
13226
13226
13227
13232
13235
13238
13240
13240
13245
13245
13245
13246
13247
13247
13249
13250
13253
13255
13257
13260
13261
13268
13271
13275
13276
13277
13280
13280
13281
13283
13284
13287
13291
13292
13298
13298
13300
13303
13303
13305
13311
13317
13317
13318
13318
13321
13324
13324
13326
13329
13331
13331
13334
13334
13337
13338
13340
13340
13340
13340
13343
13344
13346
13347
13349
13350
13355
13356
13357
13357
13358
13359
13359
13361
13361
13361
13363
13366
13370
13371
13372
13375
13376
13379
13390
13391
13392
13392
13395
13397
13397
13398
13400
13402
13402
13403
13407
13408
13409
13412
13413
13414
13415
13418
13420
13421
13421
13425
13426
13431
13431
13436
13437
13438
13438
13439
13440
13440
13445
13446
13451
13451
13455
13459
13461
13461
13463
13464
13468
13474
13481
13481
13484
13484
13486
13487
13489
13490
13490
13494
13497
13497
13501
13506
13506
13507
13511
13515
13515
13516
13518
13521
13522
13522
13522
13526
13529
13531
13531
13533
13535
13536
13538
13538
13539
13544
13546
13549
13552
13555
13557
13557
13558
13559
13561
13561
13562
13562
13563
13563
13566
13569
13570
13572
13573
13573
13576
13578
13579
13580
13581
13585
13588
13592
13594
13599
13599
13600
13600
13607
13608
13608
13615
13619
13620
13620
13620
13624
13625
13626
13627
13628
13632
13633
13634
13635
13636
13636
13639
13641
13641
13642
13646
13647
13651
13653
13655
13658
13660
13660
13661
13662
13671
13672
13674
13675
13676
13685
13686
13687
13687
13690
13690
13693
13694
13695
13699
13699
13704
13705
13712
13713
13715
13715
13715
13717
13717
13717
13718
13718
13722
13723
13723
13723
13723
13724
13724
13724
13728
13729
13732
13734
13734
13735
13739
13744
13749
13753
13756
13758
13759
13760
13761
13762
13763
13764
13765
13766
13769
13770
13774
13781
13782
13787
13787
13788
13789
13790
13793
13794
13799
13800
13801
13803
13805
13805
13806
13807
13810
13812
13813
13814
13815
13816
13816
13817
13818
13820
13821
13822
13822
13825
13826
13829
13832
13835
13835
13835
13837
13837
13839
13839
13840
13842
13843
13848
13852
13854
13855
13858
13860
13861
13863
13864
13865
13867
13867
13867
13868
13868
13870
13873
13874
13875
13875
13876
13885
13887
13889
13890
13890
13891
13894
13894
13898
13900
13903
13903
13904
13907
13910
13914
13915
13915
13915
13916
13918
13919
13924
13926
13926
13927
13929
13930
13930
13931
13932
13937
13937
13938
13939
13939
13945
13948
13952
13956
13963
13963
13964
13965
13965
13967
13967
13968
13969
13972
13972
13973
13973
13974
13974
13974
13975
13976
13979
13980
13984
13984
13985
13989
13990
13991
13994
13996
14002
14003
14004
14011
14013
14015
14016
14016
14021
14025
14028
14028
14028
14029
14030
14031
14031
14031
14032
14035
14036
14037
14037
14040
14045
14046
14046
14048
14048
14049
14057
14058
14059
14060
14061
14063
14064
14064
14069
14069
14071
14071
14073
14074
14075
14075
14075
14076
14076
14076
14077
14082
14083
14083
14083
14084
14086
14086
14087
14090
14090
14095
14096
14097
14098
14104
14104
14107
14111
14114
14115
14117
14117
14119
14121
14122
14122
14123
14123
14127
14127
14129
14131
14131
14136
14136
14147
14148
14151
14154
14156
14157
14158
14159
14159
14161
14164
14167
14169
14171
14171
14173
14180
14182
14183
14187
14190
14191
14192
14194
14201
14206
14207
14208
14211
14216
14219
14219
14220
14221
14222
14222
14222
14222
14223
14226
14227
14228
14231
14232
14233
14233
14237
14237
14239
14240
14241
14242
14243
14246
14246
14246
14254
14254
14255
14256
14258
14259
14262
14266
14267
14268
14268
14268
14268
14272
14274
14280
14281
14281
14286
14287
14287
14289
14291
14293
14295
14296
14297
14300
14301
14302
14303
14304
14318
14325
14331
14332
14333
14333
14335
14336
14337
14338
14340
14342
14344
14345
14346
14350
14353
14363
14364
14365
14367
14373
14374
14374
14375
14375
14376
14376
14377
14377
14378
14379
14384
14385
14386
14388
14391
14393
14396
14398
14398
14399
14399
14400
14402
14403
14403
14408
14409
14410
14411
14411
14413
14413
14416
14419
14420
14423
14426
14428
14434
14436
14438
14438
14438
14440
14441
14442
14445
14445
14447
14451
14451
14454
14454
14456
14457
14461
14462
14468
14472
14474
14474
14475
14476
14476
14477
14478
14480
14480
14481
14483
14486
14488
14489
14491
14492
14492
14494
14494
14495
14495
14496
14499
14501
14501
14505
14509
14510
14510
14513
14513
14514
14517
14517
14518
14520
14521
14524
14526
14527
14528
14528
14528
14530
14530
14533
14535
14539
14541
14542
14547
14547
14548
14548
14551
14551
14561
14564
14567
14567
14569
14574
14579
14581
14582
14582
14583
14586
14586
14588
14590
14592
14592
14594
14595
14597
14599
14600
14605
14607
14611
14616
14618
14618
14621
14622
14622
14622
14623
14623
14627
14630
14632
14633
14634
14634
14634
14635
14637
14640
14640
14641
14641
14643
14645
14646
14648
14650
14652
14652
14653
14656
14658
14659
14661
14662
14663
14665
14666
14666
14667
14667
14668
14668
14670
14670
14674
14674
14674
14675
14676
14678
14678
14679
14683
14684
14684
14688
14689
14691
14697
14700
14701
14701
14702
14702
14704
14705
14706
14709
14709
14709
14710
14710
14711
14713
14714
14717
14719
14722
14723
14726
14728
14732
14733
14733
14736
14737
14737
14738
14745
14747
14750
14752
14753
14756
14757
14759
14760
14761
14764
14765
14766
14766
14770
14774
14776
14777
14782
14783
14786
14786
14786
14787
14789
14789
14790
14790
14791
14791
14792
14796
14796
14796
14796
14798
14801
14802
14804
14807
14807
14808
14809
14812
14812
14812
14816
14817
14821
14825
14829
14831
14834
14835
14836
14836
14837
14840
14842
14843
14845
14846
14847
14850
14855
14859
14861
14861
14863
14865
14867
14868
14869
14869
14872
14872
14873
14876
14878
14881
14881
14883
14886
14888
14888
14889
14896
14898
14899
14899
14902
14902
14903
14903
14906
14909
14910
14910
14910
14913
14915
14917
14918
14921
14923
14926
14926
14927
14928
14928
14930
14931
14933
14935
14935
14935
14937
14938
14938
14940
14940
14941
14943
14943
14945
14945
14947
14948
14948
14948
14948
14949
14949
14949
14950
14950
14950
14951
14955
14956
14957
14960
14964
14964
14968
14972
14973
14973
14976
14978
14979
14982
14983
14987
14991
14991
14994
15000
15002
15005
15005
15006
15007
15007
15008
15009
15011
15011
15013
15013
15014
15015
15016
15017
15019
15022
15024
15026
15029
15030
15033
15038
15040
15040
15046
15046
15051
15053
15055
15056
15057
15058
15060
15060
15069
15069
15069
15070
15070
15072
15073
15073
15075
15075
15077
15077
15082
15085
15086
15086
15089
15089
15095
15095
15102
15102
15105
15109
15111
15114
15114
15116
15118
15120
15121
15123
15124
15125
15125
15126
15126
15128
15128
15132
15133
15135
15135
15138
15140
15142
15142
15148
15149
15150
15151
15151
15154
15155
15155
15157
15167
15169
15170
15170
15172
15176
15177
15178
15178
15179
15180
15182
15188
15188
15196
15198
15199
15200
15200
15200
15202
15202
15202
15203
15206
15207
15209
15211
15213
15214
15216
15218
15219
15221
15222
15223
15224
15230
15230
15231
15234
15237
15242
15243
15244
15244
15246
15246
15247
15249
15255
15258
15261
15264
15267
15267
15268
15270
15271
15274
15275
15280
15280
15284
15284
15285
15286
15287
15289
15290
15293
15296
15298
15298
15298
15301
15301
15302
15307
15309
15314
15317
15319
15319
15319
15321
15326
15327
15335
15335
15336
15337
15339
15340
15342
15347
15349
15350
15353
15355
15355
15355
15358
15359
15359
15359
15362
15363
15365
15368
15371
15372
15372
15374
15376
15377
15379
15379
15383
15384
15384
15385
15385
15385
15386
15386
15386
15392
15399
15399
15401
15401
15403
15407
15408
15409
15409
15410
15412
15415
15420
15420
15421
15422
15422
15423
15425
15425
15425
15426
15426
15427
15427
15430
15430
15430
15432
15432
15434
15435
15435
15436
15438
15444
15444
15446
15450
15452
15453
15453
15454
15454
15454
15454
15455
15456
15456
15456
15459
15460
15463
15465
15468
15469
15470
15470
15470
15472
15479
15480
15481
15481
15485
15489
15489
15490
15490
15491
15494
15494
15495
15496
15497
15497
15501
15501
15502
15502
15502
15504
15507
15507
15508
15510
15510
15513
15517
15517
15521
15521
15522
15527
15527
15531
15534
15534
15536
15537
15539
15543
15546
15547
15549
15550
15553
15555
15556
15563
15565
15566
15567
15567
15569
15570
15571
15576
15576
15577
15577
15577
15577
15578
15578
15579
15583
15584
15589
15589
15592
15593
15593
15593
15595
15607
15607
15609
15615
15617
15619
15621
15628
15630
15630
15632
15633
15635
15638
15638
15639
15641
15643
15646
15648
15650
15653
15655
15657
15657
15659
15660
15661
15662
15663
15664
15666
15667
15669
15670
15671
15674
15676
15677
15679
15680
15681
15683
15685
15685
15686
15687
15691
15692
15693
15694
15694
15696
15696
15697
15697
15699
15699
15699
15700
15700
15703
15715
15717
15718
15718
15719
15721
15724
15725
15730
15730
15731
15732
15733
15733
15739
15748
15749
15751
15754
15757
15758
15759
15761
15762
15763
15769
15771
15773
15777
15779
15779
15779
15782
15787
15794
15794
15795
15797
15799
15804
15808
15808
15814
15815
15817
15819
15821
15823
15824
15826
15827
15828
15830
15833
15833
15834
15836
15836
15837
15837
15837
15839
15839
15841
15842
15843
15845
15846
15848
15850
15851
15851
15851
15853
15854
15855
15855
15857
15858
15859
15860
15860
15861
15863
15865
15874
15875
15875
15877
15878
15880
15881
15885
15886
15890
15892
15892
15893
15894
15897
15897
15901
15901
15901
15902
15902
15903
15903
15903
15905
15906
15909
15911
15912
15913
15915
15916
15917
15917
15918
15918
15921
15921
15922
15922
15923
15923
15928
15930
15931
15933
15933
15941
15942
15943
15946
15947
15947
15952
15959
15960
15967
15970
15972
15972
15975
15977
15978
15983
15983
15983
15984
15985
15988
15992
15992
15995
15995
15996
15999
16000
16001
16002
16004
16007
16010
16010
16013
16015
16022
16023
16023
16025
16025
16026
16029
16029
16030
16031
16033
16037
16039
16043
16043
16044
16048
16050
16050
16051
16051
16051
16052
16052
16055
16056
16061
16062
16062
16067
16069
16069
16080
16081
16082
16086
16087
16089
16089
16090
16094
16095
16096
16097
16099
16099
16101
16102
16104
16106
16106
16109
16112
16113
16114
16115
16116
16117
16118
16118
16122
16122
16122
16123
16123
16123
16126
16128
16130
16131
16132
16134
16135
16135
16139
16139
16140
16140
16142
16144
16145
16145
16146
16150
16151
16155
16157
16159
16159
16160
16160
16165
16167
16168
16172
16173
16174
16179
16180
16180
16184
16184
16186
16188
16188
16189
16189
16192
16192
16197
16197
16198
16205
16205
16205
16207
16207
16211
16213
16217
16218
16219
16219
16220
16225
16226
16228
16238
16238
16239
16239
16239
16243
16247
16251
16251
16252
16253
16254
16255
16255
16255
16256
16256
16256
16257
16258
16258
16261
16261
16261
16262
16262
16263
16267
16268
16270
16271
16273
16276
16282
16283
16284
16284
16284
16286
16289
16289
16290
16290
16296
16298
16300
16300
16300
16302
16306
16306
16306
16311
16314
16315
16315
16316
16320
16325
16326
16327
16328
16334
16334
16335
16338
16340
16342
16342
16344
16345
16345
16346
16347
16347
16348
16348
16349
16353
16354
16357
16358
16359
16361
16362
16363
16367
16368
16369
16369
16372
16374
16379
16379
16380
16385
16386
16386
16389
16390
16392
16395
16395
16398
16399
16400
16400
16404
16405
16405
16405
16406
16407
16408
16409
16411
16413
16414
16414
16418
16419
16422
16422
16424
16425
16426
16427
16430
16430
16430
16431
16435
16436
16437
16438
16439
16441
16444
16444
16445
16445
16449
16453
16454
16455
16458
16458
16467
16469
16470
16479
16480
16482
16484
16487
16489
16491
16491
16492
16493
16494
16498
16498
16500
16503
16504
16506
16508
16509
16512
16514
16514
16522
16524
16524
16528
16529
16530
16530
16532
16533
16533
16534
16535
16537
16538
16540
16541
16548
16549
16549
16552
16552
16553
16555
16555
16557
16562
16566
16568
16568
16568
16569
16569
16572
16572
16573
16574
16574
16575
16580
16580
16581
16583
16583
16583
16583
16583
16583
16584
16584
16587
16590
16592
16593
16593
16594
16597
16600
16602
16606
16606
16609
16609
16613
16619
16619
16620
16621
16621
16625
16625
16626
16629
16630
16631
16632
16636
16642
16648
16650
16651
16655
16657
16659
16659
16660
16661
16661
16661
16662
16663
16664
16665
16665
16667
16672
16674
16675
16675
16682
16682
16683
16684
16684
16687
16687
16688
16689
16692
16694
16694
16697
16697
16698
16699
16700
16701
16704
16704
16706
16706
16706
16707
16707
16710
16715
16717
16719
16724
16725
16732
16732
16732
16733
16736
16736
16737
16737
16739
16739
16740
16740
16742
16744
16744
16744
16746
16749
16752
16753
16754
16756
16758
16759
16759
16759
16760
16762
16763
16763
16764
16765
16765
16765
16766
16766
16768
16768
16769
16769
16770
16773
16774
16775
16778
16779
16781
16781
16781
16781
16782
16783
16785
16787
16789
16791
16794
16800
16802
16803
16804
16805
16805
16807
16808
16813
16813
16814
16815
16816
16817
16817
16818
16818
16818
16822
16823
16824
16826
16826
16827
16827
16828
16836
16836
16837
16837
16841
16844
16845
16852
16857
16860
16860
16861
16862
16864
16866
16867
16868
16869
16869
16870
16871
16872
16872
16873
16877
16878
16878
16879
16880
16880
16880
16881
16882
16885
16885
16885
16886
16887
16889
16889
16891
16892
16893
16894
16895
16896
16897
16897
16901
16902
16906
16907
16908
16911
16916
16918
16919
16919
16919
16920
16920
16922
16923
16924
16925
16925
16925
16927
16928
16928
16930
16930
16931
16931
16932
16935
16936
16936
16942
16944
16946
16948
16948
16948
16952
16958
16960
16962
16962
16963
16965
16968
16969
16969
16969
16970
16971
16973
16974
16974
16975
16980
16980
16981
16982
16984
16985
16986
16986
16990
16990
16991
16991
16992
16993
16995
16995
16997
16998
17000
17000
17003
17004
17004
17006
17008
17014
17015
17016
17020
17024
17024
17024
17029
17030
17031
17031
17032
17034
17035
17041
17044
17046
17046
17047
17051
17051
17053
17056
17061
17064
17067
17068
17070
17070
17075
17076
17078
17079
17080
17083
17085
17088
17088
17093
17095
17095
17096
17097
17097
17099
17100
17103
17106
17107
17108
17111
17111
17112
17113
17113
17114
17114
17117
17118
17119
17124
17129
17130
17131
17132
17132
17132
17135
17137
17141
17148
17149
17149
17152
17157
17158
17158
17160
17161
17162
17164
17167
17167
17169
17172
17173
17174
17176
17179
17179
17182
17183
17184
17186
17187
17190
17191
17192
17193
17196
17197
17198
17199
17199
17199
17202
17204
17205
17208
17209
17210
17223
17224
17226
17226
17227
17227
17227
17231
17232
17234
17235
17235
17235
17246
17247
17248
17248
17250
17251
17252
17252
17259
17259
17260
17269
17269
17274
17274
17275
17275
17275
17276
17279
17282
17282
17283
17284
17291
17296
17296
17296
17296
17299
17301
17302
17303
17303
17304
17305
17309
17310
17310
17310
17311
17316
17317
17319
17319
17320
17320
17320
17322
17322
17323
17324
17325
17326
17334
17338
17339
17342
17342
17343
17344
17345
17348
17350
17352
17353
17355
17357
17357
17360
17362
17363
17364
17367
17367
17368
17370
17371
17372
17373
17374
17374
17375
17377
17379
17382
17382
17384
17386
17386
17386
17387
17390
17391
17392
17392
17394
17395
17396
17402
17403
17403
17407
17407
17408
17409
17410
17411
17415
17417
17423
17423
17424
17426
17427
17429
17430
17435
17436
17437
17438
17442
17445
17445
17446
17447
17448
17448
17450
17451
17452
17452
17452
17455
17456
17456
17457
17460
17460
17466
17467
17468
17471
17473
17476
17478
17480
17480
17481
17482
17482
17483
17483
17486
17488
17488
17488
17490
17492
17492
17493
17494
17495
17496
17498
17501
17502
17503
17504
17506
17509
17509
17510
17512
17514
17515
17516
17518
17519
17519
17520
17523
17528
17528
17531
17532
17533
17534
17534
17535
17535
17536
17537
17539
17540
17540
17541
17542
17542
17542
17544
17546
17549
17552
17553
17556
17557
17558
17558
17559
17563
17564
17564
17567
17570
17571
17573
17573
17574
17574
17577
17580
17582
17583
17584
17585
17587
17588
17589
17590
17592
17593
17593
17595
17596
17597
17602
17603
17604
17605
17606
17607
17608
17608
17609
17609
17610
17611
17614
17615
17615
17615
17616
17617
17627
17631
17632
17632
17636
17638
17639
17639
17640
17640
17641
17643
17652
17654
17655
17656
17660
17660
17660
17661
17662
17662
17662
17664
17664
17665
17665
17665
17667
17667
17668
17669
17669
17673
17674
17680
17680
17680
17681
17682
17686
17686
17691
17692
17692
17694
17698
17699
17702
17702
17704
17705
17707
17709
17709
17715
17715
17718
17720
17720
17724
17724
17726
17730
17731
17731
17731
17732
17733
17734
17738
17738
17739
17740
17743
17744
17746
17749
17749
17752
17752
17753
17753
17758
17767
17769
17770
17771
17772
17773
17774
17777
17782
17783
17784
17785
17786
17788
17789
17790
17792
17793
17797
17798
17799
17806
17811
17811
17817
17818
17818
17820
17821
17823
17824
17826
17826
17827
17829
17830
17830
17831
17838
17839
17840
17843
17845
17846
17848
17848
17848
17850
17852
17853
17854
17859
17863
17864
17866
17867
17868
17869
17869
17871
17872
17873
17874
17875
17875
17879
17880
17881
17883
17885
17886
17887
17887
17889
17891
17898
17898
17899
17901
17902
17904
17904
17904
17909
17914
17916
17918
17921
17924
17924
17925
17927
17929
17931
17931
17934
17934
17935
17941
17941
17942
17945
17946
17948
17949
17949
17951
17952
17952
17953
17958
17960
17965
17969
17971
17973
17973
17973
17974
17977
17977
17983
17984
17984
17987
17987
17988
17988
17990
17992
17996
18001
18001
18004
18009
18010
18013
18014
18016
18017
18018
18018
18020
18021
18023
18023
18025
18027
18031
18032
18035
18037
18038
18042
18043
18044
18045
18046
18047
18048
18052
18058
18058
18062
18064
18071
18072
18076
18076
18076
18080
18081
18081
18082
18083
18084
18086
18089
18095
18095
18099
18099
18101
18108
18109
18117
18118
18120
18123
18128
18128
18135
18140
18145
18145
18146
18147
18150
18151
18152
18152
18155
18156
18159
18160
18161
18163
18164
18164
18165
18167
18167
18168
18168
18168
18169
18169
18170
18170
18171
18173
18173
18175
18175
18175
18177
18178
18180
18183
18185
18186
18196
18196
18196
18196
18197
18197
18198
18199
18202
18205
18208
18209
18210
18210
18211
18212
18215
18215
18215
18217
18218
18219
18219
18220
18222
18223
18223
18224
18224
18224
18225
18225
18225
18227
18228
18229
18230
18234
18235
18235
18237
18243
18246
18246
18249
18250
18251
18252
18252
18253
18256
18257
18257
18258
18260
18261
18261
18262
18263
18263
18264
18264
18264
18267
18267
18267
18269
18270
18271
18274
18275
18276
18277
18278
18280
18280
18284
18284
18285
18285
18290
18290
18291
18292
18293
18295
18298
18299
18300
18300
18301
18301
18302
18304
18305
18309
18309
18310
18310
18311
18312
18313
18314
18317
18320
18320
18321
18323
18327
18327
18331
18333
18334
18335
18337
18337
18341
18343
18344
18345
18348
18348
18350
18350
18353
18354
18359
18359
18361
18367
18370
18370
18371
18373
18374
18377
18378
18379
18379
18385
18391
18393
18395
18396
18397
18398
18402
18402
18402
18404
18413
18414
18414
18419
18421
18422
18424
18424
18425
18425
18426
18428
18428
18428
18429
18429
18432
18436
18441
18443
18443
18443
18447
18447
18448
18451
18453
18454
18455
18456
18459
18459
18461
18463
18467
18468
18469
18470
18474
18478
18478
18478
18480
18482
18483
18489
18490
18491
18492
18493
18494
18496
18496
18498
18498
18502
18504
18505
18509
18513
18515
18517
18518
18524
18524
18524
18525
18526
18527
18528
18529
18532
18534
18537
18537
18540
18542
18542
18543
18544
18547
18547
18547
18547
18548
18548
18549
18549
18556
18558
18558
18560
18564
18564
18564
18566
18566
18578
18580
18580
18582
18582
18584
18585
18585
18586
18586
18586
18588
18588
18589
18590
18591
18591
18594
18594
18594
18599
18601
18601
18603
18604
18605
18605
18606
18606
18606
18608
18608
18610
18611
18612
18616
18617
18617
18620
18620
18621
18622
18627
18627
18631
18632
18632
18634
18635
18635
18637
18637
18637
18639
18641
18646
18649
18655
18657
18658
18659
18660
18660
18660
18661
18664
18665
18666
18666
18670
18672
18672
18674
18675
18677
18679
18680
18685
18686
18691
18691
18692
18692
18693
18694
18696
18697
18700
18701
18703
18703
18708
18709
18709
18711
18712
18715
18716
18717
18718
18721
18723
18723
18724
18724
18726
18727
18729
18732
18733
18735
18738
18742
18743
18743
18744
18747
18750
18752
18753
18756
18756
18757
18757
18760
18761
18761
18761
18762
18764
18765
18766
18767
18768
18768
18768
18773
18773
18775
18775
18776
18777
18780
18781
18781
18784
18784
18786
18787
18789
18789
18791
18795
18799
18800
18802
18802
18803
18804
18804
18806
18807
18808
18809
18810
18815
18815
18817
18818
18825
18825
18826
18826
18827
18832
18833
18833
18833
18834
18836
18837
18838
18839
18840
18842
18845
18850
18850
18854
18858
18860
18861
18863
18864
18864
18871
18873
18874
18882
18883
18885
18888
18889
18889
18891
18891
18891
18893
18895
18897
18897
18897
18898
18899
18901
18902
18905
18905
18907
18908
18910
18914
18914
18921
18922
18922
18923
18925
18927
18930
18934
18935
18936
18939
18940
18943
18943
18944
18946
18948
18948
18949
18949
18950
18950
18953
18957
18958
18959
18959
18961
18961
18965
18965
18965
18966
18967
18967
18968
18971
18971
18975
18976
18978
18984
18985
18986
18986
18987
18991
18991
18992
18992
18994
18994
18996
18996
18999
18999
19001
19003
19005
19008
19008
19009
19009
19011
19015
19020
19027
19027
19029
19032
19036
19037
19037
19039
19039
19041
19045
19046
19048
19048
19049
19049
19051
19053
19054
19057
19061
19061
19062
19066
19067
19068
19068
19069
19072
19073
19074
19076
19076
19076
19081
19084
19086
19086
19088
19089
19090
19092
19092
19100
19101
19102
19104
19105
19110
19111
19115
19115
19117
19117
19120
19121
19123
19125
19126
19127
19128
19130
19132
19132
19133
19133
19134
19136
19136
19137
19138
19141
19143
19146
19148
19150
19150
19158
19158
19160
19164
19165
19166
19169
19170
19171
19171
19172
19176
19178
19181
19181
19185
19187
19187
19190
19190
19190
19193
19194
19197
19199
19200
19200
19203
19204
19206
19206
19209
19209
19209
19212
19212
19212
19213
19215
19215
19216
19221
19222
19222
19223
19224
19226
19226
19227
19228
19232
19232
19233
19236
19236
19237
19238
19239
19247
19248
19250
19251
19251
19251
19252
19258
19260
19264
19269
19269
19269
19270
19271
19273
19274
19277
19281
19283
19283
19288
19289
19299
19299
19299
19299
19300
19300
19300
19302
19303
19305
19306
19306
19313
19316
19317
19319
19321
19321
19321
19324
19329
19329
19330
19331
19331
19335
19337
19339
19340
19348
19348
19348
19348
19351
19351
19353
19353
19355
19356
19358
19359
19359
19362
19365
19366
19370
19371
19373
19373
19373
19374
19376
19377
19377
19381
19383
19383
19385
19388
19388
19388
19390
19392
19394
19394
19395
19395
19397
19397
19398
19399
19399
19400
19403
19403
19403
19404
19405
19405
19405
19408
19408
19414
19415
19417
19418
19419
19419
19420
19420
19421
19426
19426
19426
19427
19430
19430
19431
19432
19433
19434
19436
19437
19438
19439
19444
19444
19445
19446
19448
19450
19452
19453
19457
19458
19460
19460
19465
19465
19472
19473
19474
19476
19477
19478
19479
19480
19482
19482
19484
19488
19489
19489
19490
19493
19494
19498
19502
19504
19506
19506
19507
19508
19508
19509
19515
19516
19518
19519
19520
19521
19522
19522
19523
19525
19525
19526
19526
19527
19528
19528
19531
19532
19534
19535
19535
19537
19538
19538
19540
19543
19543
19548
19548
19549
19549
19550
19552
19553
19554
19555
19555
19558
19563
19563
19563
19564
19568
19573
19575
19577
19579
19583
19583
19583
19586
19586
19587
19588
19591
19591
19594
19594
19595
19600
19601
19601
19601
19602
19604
19604
19606
19606
19609
19612
19615
19617
19622
19626
19626
19626
19629
19630
19632
19633
19633
19633
19636
19637
19641
19643
19646
19648
19651
19652
19653
19653
19657
19659
19663
19665
19666
19666
19669
19670
19673
19676
19676
19679
19681
19682
19683
19684
19684
19686
19686
19687
19689
19689
19693
19694
19694
19696
19699
19702
19702
19704
19708
19708
19708
19709
19709
19710
19710
19711
19713
19716
19722
19724
19725
19728
19731
19731
19732
19734
19737
19737
19741
19743
19744
19745
19746
19748
19750
19752
19753
19753
19754
19756
19758
19758
19759
19759
19761
19763
19763
19766
19767
19768
19768
19769
19769
19771
19774
19778
19778
19778
19779
19779
19780
19780
19784
19786
19787
19788
19788
19790
19792
19794
19796
19796
19800
19801
19803
19804
19804
19807
19808
19810
19810
19810
19810
19816
19817
19818
19820
19821
19821
19824
19824
19825
19826
19830
19830
19831
19832
19839
19839
19849
19851
19852
19852
19854
19854
19854
19854
19854
19857
19857
19857
19858
19860
19860
19861
19862
19862
19865
19867
19868
19868
19869
19870
19873
19875
19877
19877
19877
19880
19880
19881
19883
19884
19886
19888
19888
19889
19889
19890
19891
19891
19892
19892
19893
19898
19898
19902
19904
19904
19908
19909
19914
19915
19916
19917
19918
19920
19921
19922
19925
19927
19927
19928
19929
19930
19931
19932
19933
19933
19934
19936
19937
19939
19941
19941
19944
19944
19946
19947
19949
19949
19950
19950
19953
19953
19955
19955
19955
19962
19963
19964
19964
19966
19966
19968
19968
19971
19972
19973
19976
19977
19977
19980
19981
19981
19985
19985
19985
19988
19989
19993
19995
19995
19996
20002
20002
20004
20007
20012
20012
20015
20016
20016
20019
20020
20024
20026
20027
20027
20028
20029
20030
20033
20033
20035
20037
20038
20038
20040
20041
20044
20045
20048
20049
20051
20054
20054
20055
20055
20056
20059
20059
20060
20062
20063
20063
20063
20065
20068
20074
20074
20075
20078
20080
20080
20081
20083
20083
20083
20085
20087
20089
20090
20091
20092
20092
20093
20096
20098
20098
20101
20105
20106
20110
20110
20113
20117
20118
20118
20120
20123
20124
20127
20133
20135
20135
20136
20136
20138
20138
20139
20139
20142
20145
20146
20146
20147
20148
20148
20148
20149
20149
20153
20154
20155
20155
20158
20158
20159
20160
20163
20164
20165
20169
20170
20170
20171
20172
20175
20176
20177
20177
20178
20181
20183
20184
20187
20187
20189
20191
20193
20193
20195
20197
20200
20200
20202
20204
20206
20208
20211
20214
20215
20216
20218
20219
20221
20222
20224
20225
20226
20227
20227
20227
20227
20230
20234
20235
20235
20236
20239
20241
20242
20243
20244
20245
20248
20248
20252
20252
20254
20256
20257
20258
20259
20260
20260
20263
20264
20269
20273
20273
20274
20275
20275
20276
20276
20276
20276
20289
20290
20290
20292
20293
20294
20297
20298
20301
20302
20305
20307
20308
20308
20309
20310
20311
20311
20312
20316
20316
20319
20320
20321
20324
20325
20328
20330
20331
20334
20335
20338
20342
20344
20346
20346
20350
20352
20352
20362
20365
20368
20369
20371
20373
20376
20376
20377
20377
20379
20382
20383
20384
20387
20388
20389
20390
20398
20400
20404
20407
20408
20408
20409
20411
20413
20416
20416
20416
20417
20418
20420
20422
20426
20428
20429
20431
20432
20433
20433
20434
20434
20434
20434
20438
20440
20441
20441
20441
20445
20445
20445
20446
20446
20447
20448
20450
20451
20452
20453
20455
20462
20469
20469
20470
20470
20470
20472
20473
20478
20478
20480
20481
20483
20483
20487
20487
20488
20489
20491
20492
20494
20497
20497
20498
20500
20501
20504
20505
20505
20511
20516
20516
20518
20518
20519
20519
20521
20522
20524
20524
20524
20529
20530
20531
20533
20533
20533
20534
20536
20537
20538
20539
20539
20540
20541
20542
20549
20549
20551
20552
20554
20556
20559
20560
20563
20564
20573
20576
20579
20581
20581
20584
20585
20586
20587
20588
20590
20593
20594
20599
20600
20601
20601
20604
20607
20609
20610
20610
20613
20613
20618
20621
20621
20628
20632
20632
20636
20638
20639
20642
20644
20647
20648
20648
20649
20658
20658
20659
20660
20660
20662
20662
20662
20662
20666
20667
20668
20672
20675
20676
20677
20679
20684
20685
20687
20688
20690
20691
20692
20692
20692
20696
20696
20698
20698
20702
20704
20706
20714
20714
20715
20716
20718
20718
20721
20721
20728
20730
20735
20735
20741
20742
20744
20745
20746
20747
20747
20747
20747
20752
20753
20754
20756
20759
20759
20760
20765
20767
20770
20773
20774
20774
20778
20781
20787
20788
20789
20789
20790
20791
20791
20793
20793
20794
20795
20795
20797
20800
20800
20801
20805
20806
20806
20806
20807
20809
20811
20812
20813
20816
20817
20817
20822
20827
20828
20828
20830
20831
20833
20836
20837
20844
20844
20845
20847
20851
20852
20853
20853
20856
20857
20857
20857
20861
20861
20862
20866
20867
20869
20871
20874
20876
20878
20884
20887
20889
20890
20893
20893
20894
20895
20896
20898
20899
20900
20902
20902
20902
20905
20906
20907
20907
20909
20910
20912
20913
20914
20916
20920
20920
20921
20926
20927
20929
20930
20931
20932
20936
20936
20939
20940
20941
20941
20942
20943
20946
20949
20953
20953
20954
20955
20956
20958
20963
20963
20967
20968
20970
20972
20972
20973
20975
20976
20976
20978
20979
20980
20982
20982
20983
20984
20985
20986
20986
20990
20990
20992
20993
20997
20999
20999
21000
21002
21003
21003
21006
21012
21012
21013
21017
21019
21020
21021
21023
21027
21028
21028
21030
21035
21037
21037
21040
21040
21043
21047
21048
21051
21052
21052
21053
21054
21055
21056
21056
21058
21061
21065
21066
21067
21069
21071
21073
21074
21074
21075
21076
21077
21078
21080
21081
21081
21082
21085
21086
21087
21093
21095
21096
21101
21105
21106
21107
21107
21107
21111
21111
21112
21114
21117
21120
21123
21126
21126
21126
21128
21128
21128
21130
21132
21133
21135
21138
21141
21142
21143
21147
21147
21147
21148
21150
21155
21156
21156
21162
21162
21163
21166
21167
21167
21168
21168
21171
21180
21182
21182
21183
21184
21184
21185
21189
21190
21193
21194
21194
21195
21195
21196
21197
21200
21201
21205
21205
21206
21206
21207
21207
21208
21209
21212
21215
21216
21217
21217
21219
21224
21224
21227
21232
21234
21239
21241
21241
21243
21244
21245
21246
21250
21251
21251
21253
21253
21255
21255
21266
21266
21268
21269
21269
21271
21274
21274
21278
21279
21279
21280
21281
21285
21285
21286
21287
21288
21289
21289
21289
21292
21292
21292
21293
21294
21297
21297
21299
21302
21304
21306
21307
21307
21310
21311
21311
21312
21313
21315
21316
21318
21320
21321
21322
21322
21323
21326
21327
21328
21328
21328
21334
21335
21340
21341
21343
21343
21344
21345
21346
21351
21354
21359
21361
21361
21362
21363
21366
21370
21371
21373
21373
21373
21375
21385
21386
21387
21391
21391
21392
21395
21395
21395
21400
21402
21402
21409
21409
21409
21410
21413
21415
21415
21416
21418
21422
21425
21426
21426
21428
21429
21430
21432
21434
21437
21438
21438
21439
21440
21446
21446
21446
21448
21449
21453
21454
21455
21457
21458
21458
21462
21462
21464
21464
21466
21467
21468
21471
21471
21473
21476
21477
21477
21477
21477
21479
21484
21484
21486
21493
21494
21495
21497
21498
21502
21503
21503
21505
21506
21510
21511
21513
21515
21516
21517
21518
21523
21524
21529
21529
21531
21532
21535
21537
21544
21545
21546
21547
21549
21550
21552
21552
21555
21557
21557
21563
21563
21564
21565
21565
21568
21569
21570
21572
21576
21579
21580
21581
21583
21585
21587
21588
21595
21595
21596
21598
21600
21603
21605
21606
21609
21609
21611
21611
21611
21612
21615
21616
21616
21617
21621
21622
21624
21625
21626
21629
21631
21631
21633
21634
21638
21640
21640
21644
21645
21648
21651
21654
21655
21655
21655
21655
21658
21660
21666
21666
21667
21667
21670
21673
21677
21677
21678
21678
21679
21679
21679
21681
21681
21688
21692
21697
21697
21701
21702
21703
21706
21707
21707
21707
21712
21712
21713
21716
21717
21718
21720
21720
21722
21724
21725
21725
21726
21727
21728
21732
21738
21738
21740
21741
21742
21747
21749
21749
21751
21752
21755
21760
21764
21778
21779
21782
21782
21785
21792
21798
21801
21801
21803
21803
21804
21811
21813
21814
21814
21818
21819
21821
21821
21823
21825
21825
21830
21834
21834
21836
21838
21839
21839
21839
21843
21843
21847
21851
21851
21851
21852
21852
21857
21858
21859
21860
21867
21868
21868
21868
21869
21870
21871
21871
21872
21874
21875
21876
21878
21884
21886
21887
21888
21890
21894
21898
21899
21901
21902
21904
21908
21908
21910
21910
21911
21912
21913
21914
21917
21918
21918
21922
21922
21924
21926
21927
21927
21928
21930
21931
21933
21936
21937
21939
21940
21940
21944
21948
21949
21950
21950
21952
21960
21960
21963
21963
21963
21964
21965
21965
21967
21967
21968
21969
21986
21987
21987
21990
21992
21992
21994
21996
21999
22000
22002
22002
22005
22009
22009
22010
22010
22012
22018
22020
22021
22022
22023
22024
22027
22028
22030
22030
22031
22034
22039
22040
22042
22042
22044
22046
22047
22055
22062
22062
22063
22063
22063
22063
22064
22067
22071
22071
22073
22074
22075
22078
22079
22082
22083
22084
22085
22086
22087
22088
22089
22093
22093
22094
22096
22101
22103
22107
22109
22109
22112
22117
22119
22124
22126
22127
22127
22127
22128
22132
22134
22136
22140
22142
22142
22143
22143
22145
22146
22147
22148
22149
22153
22154
22155
22160
22160
22160
22160
22162
22162
22163
22164
22164
22167
22167
22167
22168
22168
22168
22168
22172
22172
22174
22175
22176
22178
22178
22180
22182
22184
22187
22190
22190
22193
22203
22204
22207
22211
22211
22215
22218
22218
22218
22221
22230
22231
22231
22231
22232
22234
22235
22235
22240
22241
22241
22242
22244
22244
22246
22247
22252
22254
22257
22257
22259
22260
22261
22262
22263
22266
22268
22270
22271
22274
22276
22276
22277
22278
22281
22284
22288
22292
22294
22304
22305
22307
22315
22315
22316
22317
22319
22323
22330
22334
22336
22336
22339
22341
22343
22344
22344
22345
22346
22347
22348
22349
22349
22350
22352
22354
22354
22358
22358
22363
22363
22364
22364
22364
22364
22365
22365
22367
22368
22372
22374
22376
22377
22378
22379
22380
22381
22382
22382
22384
22385
22386
22388
22389
22391
22392
22392
22392
22398
22405
22408
22408
22408
22409
22409
22409
22410
22410
22411
22412
22413
22415
22416
22417
22417
22419
22422
22423
22429
22429
22431
22434
22434
22436
22436
22437
22437
22438
22440
22440
22443
22446
22447
22448
22449
22449
22449
22450
22452
22453
22455
22455
22456
22457
22457
22457
22464
22464
22467
22467
22470
22470
22473
22473
22474
22475
22475
22475
22475
22475
22478
22481
22484
22484
22486
22486
22486
22487
22487
22487
22489
22489
22490
22490
22493
22494
22495
22495
22496
22496
22496
22500
22503
22506
22509
22510
22510
22510
22517
22518
22518
22522
22523
22525
22526
22529
22531
22532
22533
22533
22534
22537
22539
22540
22541
22541
22543
22544
22545
22545
22546
22548
22550
22552
22553
22554
22556
22557
22558
22560
22560
22560
22561
22563
22563
22565
22567
22568
22572
22574
22575
22578
22579
22584
22584
22584
22586
22590
22590
22591
22592
22592
22601
22602
22606
22608
22609
22611
22611
22611
22612
22612
22614
22622
22622
22623
22623
22625
22625
22626
22627
22629
22630
22630
22631
22633
22633
22633
22635
22637
22639
22640
22641
22648
22648
22651
22651
22651
22651
22651
22655
22655
22655
22657
22661
22661
22661
22663
22664
22664
22665
22667
22667
22670
22671
22672
22673
22673
22674
22674
22679
22679
22681
22684
22687
22687
22688
22689
22693
22695
22695
22696
22696
22698
22698
22698
22702
22703
22705
22706
22706
22707
22714
22715
22717
22719
22720
22720
22723
22723
22724
22724
22725
22725
22728
22729
22733
22733
22738
22739
22740
22742
22743
22744
22747
22747
22748
22748
22748
22757
22758
22759
22760
22760
22764
22764
22765
22766
22767
22767
22767
22772
22773
22774
22776
22776
22777
22779
22780
22781
22784
22786
22789
22791
22793
22795
22796
22796
22798
22799
22800
22800
22809
22810
22812
22812
22813
22817
22819
22820
22821
22821
22826
22826
22827
22828
22829
22830
22830
22831
22834
22838
22839
22841
22845
22847
22849
22849
22852
22852
22852
22853
22855
22857
22857
22857
22859
22861
22866
22867
22869
22872
22872
22872
22876
22878
22880
22881
22881
22882
22882
22883
22884
22884
22886
22887
22888
22890
22890
22890
22892
22892
22895
22895
22898
22901
22902
22904
22905
22906
22906
22909
22909
22910
22910
22911
22911
22913
22914
22914
22916
22916
22916
22917
22917
22918
22920
22921
22922
22922
22924
22924
22926
22929
22934
22935
22941
22944
22945
22948
22949
22950
22950
22953
22956
22958
22962
22964
22966
22969
22970
22971
22971
22973
22975
22976
22977
22978
22978
22981
22981
22981
22982
22983
22984
22984
22984
22985
22985
22990
22990
22991
22993
22993
22994
22994
22995
22996
22997
22998
22999
23000
23001
23001
23004
23004
23005
23006
23006
23008
23013
23015
23016
23017
23019
23019
23020
23021
23025
23026
23026
23027
23027
23027
23029
23031
23031
23032
23033
23035
23035
23036
23037
23042
23042
23043
23044
23046
23048
23050
23054
23054
23054
23055
23055
23056
23056
23057
23066
23067
23067
23072
23073
23074
23074
23074
23076
23076
23077
23078
23082
23082
23085
23085
23087
23088
23088
23090
23091
23094
23094
23095
23099
23099
23102
23104
23105
23106
23106
23108
23111
23113
23114
23115
23118
23118
23118
23121
23126
23127
23128
23128
23130
23130
23130
23133
23133
23135
23138
23141
23141
23147
23147
23151
23152
23152
23155
23155
23156
23156
23156
23160
23162
23162
23163
23163
23164
23164
23166
23166
23168
23168
23169
23172
23176
23178
23179
23181
23182
23182
23182
23183
23184
23188
23189
23193
23193
23193
23194
23195
23199
23199
23202
23205
23206
23209
23209
23211
23211
23211
23212
23215
23217
23219
23219
23219
23221
23221
23221
23222
23225
23225
23226
23226
23227
23229
23232
23234
23234
23237
23238
23238
23238
23239
23241
23243
23243
23244
23247
23248
23248
23248
23249
23250
23251
23251
23252
23253
23253
23256
23258
23258
23258
23262
23263
23264
23266
23267
23272
23272
23273
23278
23278
23278
23280
23280
23281
23282
23284
23284
23285
23285
23285
23286
23286
23286
23294
23296
23297
23297
23300
23301
23302
23303
23304
23307
23310
23311
23311
23313
23316
23316
23317
23317
23319
23322
23322
23325
23325
23330
23330
23333
23335
23335
23336
23336
23339
23342
23345
23347
23347
23348
23349
23353
23355
23356
23357
23358
23360
23362
23362
23363
23365
23367
23375
23376
23376
23376
23376
23377
23378
23379
23379
23380
23380
23380
23380
23382
23387
23389
23391
23391
23392
23393
23393
23393
23394
23395
23396
23405
23407
23407
23408
23408
23411
23413
23413
23418
23421
23423
23423
23425
23426
23428
23430
23431
23434
23436
23437
23438
23438
23439
23441
23441
23442
23443
23444
23446
23447
23449
23450
23457
23457
23457
23458
23458
23461
23461
23465
23466
23469
23470
23471
23472
23473
23474
23478
23479
23480
23482
23483
23483
23487
23489
23491
23493
23494
23495
23499
23499
23502
23502
23502
23504
23504
23504
23507
23507
23509
23512
23512
23512
23513
23517
23518
23520
23523
23524
23525
23527
23532
23534
23535
23537
23537
23540
23541
23545
23545
23546
23550
23556
23556
23561
23561
23562
23563
23566
23566
23567
23568
23569
23569
23570
23572
23572
23579
23581
23581
23582
23582
23584
23586
23590
23591
23594
23595
23596
23596
23599
23599
23599
23603
23604
23607
23611
23612
23612
23614
23615
23615
23627
23628
23628
23628
23631
23632
23632
23633
23636
23636
23637
23638
23639
23640
23642
23643
23647
23647
23653
23654
23657
23658
23658
23658
23665
23666
23666
23666
23670
23674
23675
23676
23676
23679
23679
23680
23681
23681
23681
23681
23681
23684
23684
23685
23686
23687
23689
23692
23692
23693
23696
23697
23698
23698
23698
23699
23700
23700
23701
23704
23704
23706
23707
23709
23710
23711
23711
23713
23716
23723
23727
23727
23728
23728
23729
23730
23730
23733
23734
23738
23739
23741
23741
23742
23743
23743
23745
23745
23746
23748
23748
23751
23752
23752
23754
23754
23758
23759
23762
23763
23766
23767
23770
23770
23770
23772
23777
23778
23779
23780
23780
23781
23785
23786
23788
23788
23789
23791
23791
23796
23797
23798
23798
23801
23804
23806
23807
23807
23808
23812
23815
23815
23816
23817
23818
23818
23819
23820
23820
23820
23820
23821
23822
23825
23826
23827
23828
23828
23830
23830
23831
23836
23836
23837
23839
23841
23841
23844
23845
23847
23849
23849
23849
23852
23853
23854
23854
23856
23856
23859
23861
23861
23862
23863
23865
23867
23868
23870
23871
23872
23874
23875
23875
23877
23880
23882
23883
23887
23888
23889
23893
23894
23896
23899
23900
23900
23903
23903
23908
23908
23911
23912
23917
23921
23922
23925
23926
23927
23928
23928
23933
23934
23935
23937
23937
23939
23941
23941
23943
23944
23944
23945
23946
23947
23948
23949
23949
23949
23950
23951
23954
23957
23959
23959
23961
23961
23961
23961
23962
23962
23965
23966
23968
23972
23973
23973
23973
23973
23975
23978
23979
23981
23984
23986
23986
23990
23992
23993
23994
23995
23995
23997
23998
24000
24001
24001
24001
24005
24006
24008
24008
24012
24013
24013
24015
24017
24019
24019
24020
24021
24026
24028
24030
24034
24035
24040
24042
24043
24045
24046
24046
24049
24051
24051
24054
24054
24056
24056
24056
24058
24059
24061
24064
24065
24068
24068
24069
24071
24071
24072
24075
24077
24078
24081
24081
24082
24084
24088
24088
24091
24091
24092
24096
24096
24097
24100
24101
24102
24105
24107
24113
24113
24113
24116
24117
24118
24118
24118
24124
24125
24127
24128
24131
24132
24135
24136
24136
24137
24139
24140
24141
24141
24142
24143
24143
24144
24148
24153
24154
24154
24155
24155
24156
24158
24159
24160
24163
24165
24166
24167
24168
24169
24172
24173
24173
24175
24175
24177
24179
24180
24181
24185
24185
24186
24187
24193
24198
24201
24203
24203
24205
24208
24209
24213
24214
24215
24215
24216
24220
24221
24223
24224
24226
24228
24228
24229
24229
24230
24233
24234
24236
24237
24241
24243
24243
24243
24246
24247
24247
24258
24259
24263
24266
24268
24270
24271
24272
24272
24274
24275
24276
24278
24278
24282
24283
24285
24285
24288
24288
24291
24293
24295
24295
24295
24298
24300
24302
24303
24306
24306
24306
24307
24309
24311
24312
24312
24313
24316
24320
24321
24323
24325
24327
24328
24329
24329
24332
24332
24333
24333
24334
24336
24336
24337
24341
24343
24345
24348
24348
24350
24351
24351
24352
24353
24353
24355
24357
24358
24359
24359
24361
24365
24366
24366
24368
24372
24373
24374
24377
24377
24380
24381
24381
24382
24382
24382
24383
24384
24384
24385
24387
24387
24391
24394
24397
24397
24402
24403
24403
24407
24413
24415
24416
24421
24424
24428
24428
24429
24430
24431
24432
24434
24435
24436
24437
24438
24440
24442
24443
24446
24447
24448
24451
24456
24458
24464
24464
24469
24470
24471
24472
24473
24473
24477
24479
24480
24481
24481
24484
24487
24489
24493
24496
24497
24498
24499
24500
24503
24505
24506
24506
24508
24510
24512
24516
24516
24519
24520
24521
24525
24525
24527
24528
24530
24531
24534
24536
24537
24538
24540
24541
24548
24548
24554
24555
24555
24555
24556
24558
24559
24560
24563
24563
24564
24564
24564
24564
24565
24569
24571
24572
24573
24575
24576
24577
24577
24579
24582
24583
24583
24586
24587
24588
24592
24592
24594
24595
24600
24600
24600
24601
24603
24604
24605
24607
24608
24609
24610
24611
24613
24613
24615
24615
24622
24625
24626
24628
24631
24635
24635
24641
24643
24643
24645
24647
24647
24648
24651
24655
24656
24658
24658
24661
24661
24661
24662
24663
24665
24666
24668
24669
24681
24681
24681
24683
24689
24695
24697
24700
24700
24705
24708
24710
24711
24711
24713
24713
24714
24722
24727
24727
24727
24728
24731
24733
24735
24737
24738
24741
24741
24742
24749
24752
24754
24755
24756
24756
24758
24760
24761
24761
24761
24763
24764
24766
24768
24769
24774
24775
24782
24782
24787
24789
24790
24791
24791
24792
24792
24793
24794
24796
24797
24800
24803
24806
24807
24807
24807
24809
24809
24812
24813
24814
24815
24817
24818
24819
24821
24823
24823
24829
24831
24831
24836
24841
24843
24844
24846
24846
24848
24850
24854
24855
24855
24857
24861
24862
24864
24865
24865
24867
24869
24870
24870
24871
24877
24878
24881
24885
24886
24887
24888
24891
24891
24892
24896
24896
24897
24899
24902
24905
24905
24906
24907
24908
24909
24910
24915
24917
24918
24919
24920
24921
24922
24923
24928
24931
24933
24933
24934
24934
24935
24935
24937
24938
24939
24941
24941
24943
24944
24945
24945
24946
24946
24949
24950
24951
24953
24955
24956
24956
24956
24956
24957
24957
24957
24958
24958
24959
24960
24961
24965
24966
24969
24970
24971
24972
24973
24973
24976
24976
24976
24977
24978
24978
24980
24980
24981
24982
24982
24985
24989
24991
24991
24991
24992
24994
24996
24998
24998
25002
25003
25008
25008
25009
25009
25010
25011
25011
25011
25015
25016
25016
25017
25020
25020
25020
25024
25024
25025
25026
25029
25030
25033
25040
25043
25044
25045
25046
25047
25049
25049
25049
25050
25052
25052
25054
25056
25059
25061
25062
25062
25066
25066
25066
25068
25068
25070
25071
25072
25072
25072
25076
25077
25079
25084
25085
25089
25094
25095
25098
25099
25099
25101
25101
25101
25106
25107
25107
25107
25112
25112
25113
25115
25115
25117
25117
25118
25121
25121
25126
25129
25129
25129
25131
25132
25134
25135
25135
25137
25138
25142
25142
25143
25144
25146
25146
25149
25150
25151
25154
25156
25156
25159
25160
25161
25162
25169
25170
25171
25171
25173
25174
25176
25176
25178
25179
25180
25183
25187
25188
25190
25192
25195
25198
25199
25203
25205
25206
25206
25207
25212
25213
25215
25217
25217
25221
25222
25223
25224
25225
25225
25230
25230
25230
25232
25233
25233
25236
25236
25237
25237
25238
25241
25248
25252
25253
25254
25259
25262
25263
25263
25264
25265
25266
25267
25270
25271
25271
25271
25272
25272
25273
25276
25280
25281
25281
25281
25282
25282
25282
25285
25285
25286
25289
25292
25293
25294
25297
25302
25305
25306
25306
25308
25310
25310
25310
25311
25311
25312
25314
25315
25316
25317
25318
25319
25320
25323
25324
25324
25325
25327
25327
25329
25331
25331
25331
25331
25332
25332
25333
25335
25336
25337
25338
25338
25339
25341
25343
25344
25344
25349
25350
25350
25351
25351
25352
25352
25357
25358
25359
25365
25365
25367
25368
25368
25368
25371
25371
25372
25373
25373
25374
25376
25377
25377
25378
25379
25382
25383
25385
25389
25390
25390
25392
25395
25397
25398
25399
25400
25401
25401
25402
25403
25406
25409
25409
25412
25413
25414
25416
25419
25420
25422
25424
25426
25428
25428
25429
25429
25430
25432
25432
25432
25438
25440
25442
25443
25443
25444
25444
25444
25445
25447
25448
25450
25453
25454
25455
25455
25455
25455
25456
25461
25461
25462
25462
25467
25470
25471
25472
25473
25476
25478
25478
25484
25486
25489
25494
25494
25500
25504
25505
25505
25506
25508
25509
25509
25509
25509
25511
25513
25515
25517
25517
25521
25525
25526
25527
25527
25528
25528
25530
25535
25535
25538
25540
25541
25542
25546
25546
25546
25547
25548
25549
25551
25554
25555
25555
25556
25559
25559
25562
25565
25567
25569
25569
25569
25570
25573
25576
25577
25577
25578
25579
25580
25580
25581
25584
25586
25586
25591
25592
25593
25595
25596
25597
25598
25598
25598
25598
25599
25601
25603
25605
25609
25610
25612
25615
25615
25620
25622
25623
25625
25628
25630
25631
25631
25632
25636
25636
25637
25637
25638
25639
25644
25647
25652
25652
25653
25656
25656
25656
25656
25657
25658
25660
25662
25667
25669
25669
25671
25672
25674
25676
25677
25679
25682
25683
25684
25685
25687
25688
25693
25693
25694
25697
25697
25698
25699
25700
25700
25701
25702
25704
25706
25706
25707
25709
25710
25712
25713
25714
25716
25721
25722
25724
25724
25725
25727
25730
25735
25739
25741
25742
25742
25743
25746
25747
25747
25751
25751
25751
25754
25756
25757
25760
25761
25765
25769
25772
25774
25774
25776
25776
25777
25777
25778
25780
25787
25787
25788
25791
25791
25792
25795
25797
25798
25803
25806
25810
25810
25814
25816
25816
25816
25817
25818
25818
25819
25819
25820
25821
25822
25824
25825
25826
25828
25828
25830
25831
25833
25834
25836
25836
25842
25846
25846
25846
25846
25848
25849
25853
25853
25859
25861
25861
25861
25862
25865
25865
25867
25868
25871
25872
25873
25874
25877
25877
25879
25881
25882
25884
25886
25888
25889
25890
25892
25894
25895
25895
25895
25897
25900
25901
25903
25903
25907
25909
25909
25912
25913
25913
25914
25915
25918
25920
25921
25921
25925
25929
25930
25931
25933
25934
25934
25936
25936
25938
25938
25940
25940
25942
25944
25946
25947
25948
25952
25954
25955
25957
25958
25960
25961
25961
25967
25971
25971
25973
25978
25980
25980
25982
25982
25984
25985
25986
25990
25991
25992
25993
25993
25998
25999
26000
26000
26001
26001
26002
26002
26003
26003
26006
26007
26009
26012
26014
26017
26017
26017
26020
26023
26026
26030
26032
26034
26035
26035
26036
26039
26040
26041
26041
26044
26048
26049
26050
26053
26057
26060
26060
26061
26062
26065
26067
26069
26069
26069
26069
26073
26076
26079
26081
26082
26083
26083
26084
26085
26090
26092
26094
26099
26101
26103
26104
26108
26109
26113
26116
26118
26119
26119
26121
26122
26122
26126
26131
26132
26133
26137
26139
26140
26142
26143
26146
26147
26147
26148
26148
26149
26153
26159
26159
26162
26163
26163
26164
26165
26166
26168
26169
26174
26174
26175
26179
26180
26182
26186
26187
26187
26189
26189
26190
26192
26193
26193
26193
26194
26194
26195
26196
26197
26198
26201
26201
26201
26201
26203
26203
26204
26207
26208
26209
26209
26212
26215
26216
26217
26217
26219
26220
26221
26225
26226
26227
26230
26232
26234
26235
26238
26238
26241
26243
26244
26245
26247
26248
26249
26252
26253
26256
26259
26264
26265
26266
26267
26269
26272
26274
26278
26280
26282
26283
26286
26286
26288
26290
26291
26293
26293
26294
26296
26306
26308
26309
26309
26311
26314
26316
26325
26330
26331
26332
26332
26334
26335
26335
26336
26344
26344
26345
26345
26349
26351
26351
26354
26354
26357
26357
26357
26357
26358
26358
26359
26360
26360
26362
26363
26364
26365
26368
26368
26368
26368
26368
26372
26374
26377
26379
26381
26381
26381
26382
26383
26383
26384
26385
26386
26387
26388
26390
26391
26393
26394
26396
26397
26397
26398
26404
26404
26405
26407
26407
26408
26413
26414
26414
26417
26418
26422
26423
26423
26427
26427
26428
26429
26430
26433
26435
26439
26443
26444
26448
26450
26455
26459
26459
26461
26461
26461
26464
26466
26467
26467
26467
26468
26472
26473
26474
26474
26474
26476
26479
26481
26485
26488
26490
26491
26493
26499
26500
26506
26511
26512
26512
26513
26515
26516
26516
26517
26518
26521
26527
26528
26529
26531
26531
26532
26535
26537
26537
26538
26541
26541
26543
26545
26546
26547
26547
26548
26549
26551
26553
26553
26553
26554
26554
26560
26564
26564
26564
26566
26567
26568
26570
26570
26570
26571
26572
26573
26574
26579
26583
26589
26589
26594
26595
26595
26596
26601
26606
26606
26608
26609
26610
26611
26611
26611
26611
26613
26613
26615
26615
26619
26619
26620
26620
26622
26623
26623
26628
26628
26629
26630
26632
26632
26633
26635
26639
26639
26643
26645
26646
26648
26648
26649
26649
26651
26652
26653
26654
26660
26661
26661
26662
26663
26664
26665
26665
26667
26667
26668
26669
26669
26673
26675
26678
26680
26681
26682
26682
26685
26686
26688
26691
26692
26692
26692
26692
26701
26701
26704
26705
26708
26708
26709
26711
26712
26712
26716
26717
26719
26724
26725
26729
26735
26736
26738
26738
26740
26742
26742
26743
26744
26744
26746
26747
26748
26749
26751
26751
26752
26756
26757
26757
26758
26760
26760
26760
26762
26762
26762
26763
26766
26767
26767
26769
26769
26770
26773
26773
26774
26778
26778
26779
26779
26779
26780
26786
26787
26790
26797
26797
26798
26799
26801
26802
26805
26805
26806
26808
26812
26813
26820
26821
26821
26822
26823
26823
26823
26824
26826
26831
26833
26835
26835
26836
26839
26841
26844
26844
26845
26845
26848
26849
26850
26855
26855
26857
26858
26860
26860
26861
26865
26867
26870
26871
26874
26876
26877
26878
26878
26879
26885
26886
26887
26889
26891
26891
26892
26895
26895
26895
26896
26896
26896
26898
26902
26903
26904
26909
26915
26917
26918
26920
26921
26921
26922
26924
26924
26925
26928
26930
26930
26930
26933
26934
26936
26940
26941
26943
26946
26948
26948
26950
26956
26965
26968
26968
26969
26971
26971
26974
26975
26976
26978
26978
26979
26980
26980
26981
26985
26986
26987
26989
26995
26997
26997
26997
26998
27004
27004
27007
27010
27011
27011
27020
27022
27022
27022
27023
27031
27032
27033
27035
27038
27039
27039
27041
27042
27043
27043
27044
27047
27048
27054
27055
27057
27057
27058
27058
27059
27059
27062
27065
27065
27066
27066
27069
27070
27071
27074
27075
27079
27081
27087
27088
27091
27092
27095
27095
27098
27098
27098
27098
27099
27101
27103
27104
27114
27115
27116
27116
27116
27118
27119
27122
27126
27127
27127
27129
27130
27130
27132
27134
27134
27134
27136
27137
27137
27142
27142
27143
27144
27146
27147
27149
27149
27150
27151
27151
27152
27154
27157
27158
27161
27161
27162
27163
27164
27164
27167
27168
27169
27169
27170
27174
27175
27181
27182
27185
27186
27187
27187
27189
27189
27190
27194
27197
27198
27202
27202
27203
27203
27204
27204
27204
27205
27209
27210
27214
27215
27216
27216
27216
27223
27224
27225
27226
27227
27230
27231
27233
27234
27235
27240
27240
27241
27241
27243
27243
27245
27246
27246
27247
27247
27248
27250
27250
27251
27251
27252
27254
27254
27254
27257
27257
27260
27266
27266
27268
27268
27275
27276
27276
27277
27278
27281
27281
27286
27286
27287
27288
27289
27292
27298
27301
27303
27303
27306
27310
27310
27315
27316
27317
27317
27318
27318
27319
27325
27328
27328
27331
27335
27337
27340
27343
27345
27345
27349
27354
27360
27360
27360
27361
27362
27365
27369
27369
27370
27372
27373
27374
27375
27376
27376
27377
27378
27379
27380
27384
27389
27389
27392
27393
27395
27395
27398
27399
27402
27407
27408
27408
27410
27411
27412
27414
27418
27420
27421
27423
27426
27428
27429
27430
27430
27433
27438
27441
27443
27443
27444
27445
27445
27448
27450
27450
27453
27456
27457
27459
27460
27465
27465
27468
27469
27471
27472
27472
27473
27474
27475
27476
27476
27477
27477
27480
27483
27486
27487
27488
27488
27489
27491
27494
27495
27495
27496
27498
27499
27499
27502
27507
27514
27515
27515
27516
27521
27521
27521
27522
27522
27524
27525
27530
27534
27534
27535
27536
27537
27537
27537
27538
27538
27540
27542
27546
27549
27550
27555
27555
27558
27558
27558
27560
27563
27564
27566
27567
27569
27569
27575
27575
27575
27578
27580
27581
27583
27585
27585
27587
27588
27592
27592
27592
27593
27595
27595
27595
27597
27605
27607
27608
27609
27610
27612
27616
27623
27624
27625
27626
27626
27626
27629
27631
27632
27634
27636
27637
27638
27641
27645
27646
27647
27650
27661
27662
27662
27663
27665
27669
27669
27670
27675
27675
27676
27679
27681
27682
27684
27684
27684
27685
27685
27685
27689
27691
27691
27692
27692
27694
27695
27696
27696
27696
27698
27701
27701
27702
27706
27707
27709
27710
27711
27712
27714
27716
27716
27718
27718
27719
27721
27726
27727
27728
27734
27736
27739
27742
27743
27744
27745
27748
27749
27754
27757
27759
27761
27762
27762
27763
27765
27765
27766
27768
27769
27770
27774
27781
27783
27783
27784
27786
27786
27794
27796
27798
27800
27800
27803
27804
27805
27805
27807
27809
27811
27811
27813
27813
27814
27819
27822
27822
27822
27825
27825
27825
27826
27829
27829
27831
27832
27834
27836
27841
27842
27842
27842
27842
27843
27844
27845
27846
27846
27847
27847
27848
27848
27851
27852
27852
27854
27856
27860
27861
27864
27864
27868
27869
27870
27872
27876
27877
27881
27881
27882
27882
27884
27890
27892
27892
27895
27896
27897
27898
27898
27901
27902
27908
27908
27908
27911
27914
27919
27921
27922
27923
27927
27929
27931
27934
27934
27935
27935
27936
27940
27940
27940
27942
27943
27945
27946
27947
27947
27948
27948
27949
27954
27962
27963
27966
27966
27966
27967
27967
27967
27969
27972
27975
27976
27979
27979
27979
27980
27982
27983
27987
27990
27991
27993
27994
27997
27998
28005
28007
28008
28010
28010
28011
28011
28012
28014
28015
28017
28018
28019
28024
28031
28033
28036
28037
28038
28044
28044
28045
28047
28054
28055
28059
28059
28059
28060
28060
28062
28064
28067
28067
28069
28072
28074
28074
28076
28079
28079
28081
28081
28085
28092
28094
28097
28097
28099
28101
28105
28105
28105
28107
28113
28114
28116
28118
28120
28123
28125
28125
28128
28131
28131
28131
28139
28142
28143
28147
28148
28148
28152
28157
28157
28159
28160
28161
28164
28166
28167
28169
28170
28170
28171
28173
28173
28176
28178
28179
28179
28181
28182
28183
28183
28184
28184
28185
28186
28188
28190
28191
28200
28202
28202
28206
28208
28211
28211
28213
28215
28217
28220
28223
28224
28224
28225
28225
28230
28232
28232
28233
28234
28234
28236
28238
28238
28240
28242
28243
28243
28244
28244
28245
28245
28246
28248
28250
28251
28254
28254
28255
28255
28258
28259
28259
28261
28261
28265
28268
28269
28270
28271
28272
28273
28274
28278
28281
28281
28282
28282
28282
28283
28283
28284
28289
28294
28295
28295
28298
28298
28298
28300
28300
28301
28301
28306
28308
28308
28313
28313
28314
28315
28316
28316
28319
28322
28329
28332
28335
28338
28340
28340
28341
28345
28347
28348
28351
28353
28358
28358
28359
28361
28363
28364
28368
28369
28372
28373
28373
28376
28377
28380
28380
28384
28389
28389
28394
28396
28396
28399
28403
28403
28404
28404
28405
28407
28407
28410
28418
28418
28419
28420
28423
28425
28426
28431
28432
28438
28442
28443
28443
28444
28446
28447
28447
28448
28451
28459
28462
28463
28466
28467
28469
28469
28474
28476
28476
28478
28481
28483
28485
28486
28487
28487
28488
28490
28492
28494
28495
28498
28500
28506
28509
28509
28510
28510
28514
28516
28516
28519
28521
28534
28537
28538
28539
28540
28540
28541
28544
28546
28550
28550
28551
28551
28554
28555
28556
28556
28557
28558
28559
28566
28566
28567
28568
28573
28574
28575
28578
28579
28579
28580
28582
28582
28583
28584
28585
28588
28589
28594
28596
28598
28599
28599
28599
28600
28604
28605
28608
28609
28610
28610
28611
28612
28612
28614
28618
28620
28620
28620
28620
28625
28626
28630
28631
28631
28633
28636
28637
28637
28638
28638
28639
28640
28641
28641
28642
28646
28650
28651
28652
28653
28654
28656
28659
28660
28661
28661
28668
28670
28670
28671
28674
28682
28683
28686
28687
28689
28689
28690
28690
28692
28693
28693
28695
28698
28699
28700
28700
28706
28707
28708
28708
28709
28710
28710
28715
28716
28719
28721
28722
28725
28727
28731
28731
28731
28731
28732
28732
28733
28733
28736
28738
28738
28740
28740
28742
28742
28744
28746
28746
28746
28747
28747
28750
28751
28751
28752
28752
28753
28753
28755
28756
28757
28759
28760
28762
28762
28762
28765
28765
28766
28767
28767
28768
28769
28769
28770
28770
28773
28780
28780
28780
28781
28783
28784
28786
28786
28787
28787
28790
28790
28792
28795
28796
28797
28799
28801
28802
28803
28803
28806
28809
28810
28812
28815
28816
28817
28819
28823
28824
28824
28826
28829
28831
28833
28835
28835
28836
28838
28842
28845
28849
28849
28849
28856
28857
28857
28857
28859
28860
28867
28870
28870
28871
28871
28872
28872
28873
28874
28875
28876
28878
28880
28880
28880
28881
28887
28891
28892
28892
28893
28910
28912
28913
28913
28918
28920
28920
28921
28921
28926
28926
28929
28929
28935
28935
28936
28938
28939
28939
28940
28941
28942
28942
28943
28943
28945
28946
28950
28951
28951
28954
28955
28955
28957
28957
28960
28961
28962
28962
28963
28969
28969
28972
28977
28978
28981
28981
28981
28983
28983
28984
28984
28986
28986
28987
28987
28987
28989
28994
28995
28995
28997
28999
28999
29006
29008
29008
29009
29010
29013
29017
29017
29018
29021
29024
29026
29028
29028
29030
29031
29032
29034
29035
29039
29043
29044
29046
29047
29047
29050
29054
29055
29055
29055
29058
29060
29061
29064
29065
29066
29069
29070
29073
29074
29076
29078
29078
29080
29082
29082
29082
29084
29085
29085
29085
29089
29089
29094
29095
29096
29097
29098
29101
29101
29101
29102
29103
29103
29105
29106
29106
29107
29108
29108
29108
29113
29113
29113
29114
29117
29120
29122
29123
29123
29124
29126
29130
29131
29134
29135
29136
29138
29139
29142
29143
29145
29145
29146
29146
29148
29148
29150
29151
29151
29152
29152
29155
29158
29159
29160
29160
29164
29165
29171
29175
29175
29175
29177
29177
29177
29179
29180
29185
29186
29186
29187
29190
29190
29191
29191
29192
29195
29195
29195
29198
29198
29201
29201
29206
29207
29211
29211
29214
29216
29217
29218
29222
29223
29224
29227
29227
29228
29228
29228
29231
29233
29234
29235
29236
29236
29237
29239
29239
29242
29246
29247
29248
29251
29251
29252
29252
29253
29255
29265
29267
29268
29269
29271
29271
29272
29273
29275
29278
29280
29281
29283
29284
29284
29285
29285
29291
29294
29295
29299
29303
29303
29304
29308
29308
29314
29314
29317
29321
29322
29326
29334
29334
29335
29338
29338
29339
29340
29340
29342
29343
29344
29345
29346
29349
29356
29357
29361
29361
29363
29364
29365
29365
29365
29367
29368
29369
29370
29372
29372
29378
29379
29381
29382
29384
29385
29389
29393
29393
29393
29397
29398
29398
29401
29402
29402
29403
29404
29404
29405
29405
29408
29409
29411
29412
29412
29414
29415
29419
29420
29421
29422
29424
29424
29425
29426
29427
29432
29435
29441
29443
29445
29451
29451
29452
29453
29453
29456
29456
29458
29465
29465
29466
29467
29468
29470
29473
29473
29475
29475
29475
29477
29478
29478
29478
29479
29479
29480
29481
29481
29485
29485
29486
29486
29487
29489
29491
29492
29496
29497
29500
29500
29503
29504
29507
29508
29511
29515
29515
29515
29517
29518
29520
29520
29521
29521
29522
29523
29527
29529
29530
29532
29539
29540
29541
29544
29544
29545
29545
29547
29549
29550
29553
29553
29554
29556
29558
29558
29559
29561
29562
29562
29562
29565
29570
29570
29571
29572
29573
29573
29573
29574
29575
29576
29579
29580
29580
29581
29582
29582
29583
29586
29587
29588
29589
29590
29591
29591
29592
29592
29593
29596
29596
29597
29601
29603
29605
29607
29608
29611
29619
29620
29622
29622
29623
29624
29625
29625
29626
29628
29629
29631
29632
29633
29633
29638
29638
29639
29639
29639
29639
29639
29640
29641
29643
29644
29648
29651
29654
29654
29655
29657
29657
29658
29658
29661
29662
29662
29662
29662
29664
29666
29668
29672
29672
29672
29675
29677
29677
29677
29679
29680
29680
29684
29685
29688
29690
29693
29694
29697
29698
29701
29701
29702
29706
29707
29708
29711
29713
29714
29717
29717
29719
29719
29720
29723
29723
29725
29725
29730
29732
29732
29734
29735
29735
29740
29741
29742
29743
29745
29745
29746
29746
29746
29747
29750
29751
29751
29752
29753
29755
29758
29758
29759
29760
29761
29761
29763
29764
29764
29766
29769
29769
29773
29774
29775
29777
29784
29785
29786
29789
29790
29790
29792
29793
29793
29793
29794
29796
29796
29797
29801
29802
29802
29803
29804
29807
29808
29809
29809
29810
29810
29811
29812
29814
29815
29816
29817
29818
29818
29820
29822
29830
29834
29835
29837
29840
29841
29841
29842
29842
29842
29846
29848
29848
29852
29856
29857
29858
29858
29860
29863
29864
29865
29866
29869
29869
29870
29870
29871
29872
29872
29872
29873
29873
29874
29875
29878
29878
29879
29883
29883
29883
29887
29889
29894
29894
29897
29897
29900
29900
29905
29906
29907
29907
29908
29908
29911
29914
29917
29918
29920
29922
29923
29925
29926
29929
29932
29933
29933
29934
29937
29943
29945
29946
29946
29949
29951
29952
29954
29955
29956
29956
29959
29960
29963
29963
29964
29968
29968
29969
29970
29971
29978
29987
29988
29989
29992
29994
29999
30000
30002
30003
30005
30008
30009
30012
30013
30015
30020
30020
30021
30025
30025
30028
30028
30028
30032
30032
30033
30033
30034
30034
30038
30039
30043
30043
30043
30044
30046
30046
30049
30052
30053
30053
30055
30055
30056
30057
30059
30061
30063
30066
30066
30067
30067
30069
30073
30075
30082
30084
30084
30085
30086
30087
30090
30091
30091
30093
30095
30096
30098
30099
30101
30101
30105
30110
30111
30111
30115
30115
30116
30119
30119
30120
30123
30124
30124
30126
30127
30128
30129
30131
30132
30133
30133
30136
30137
30138
30138
30138
30138
30141
30142
30147
30148
30148
30148
30150
30150
30152
30152
30153
30156
30159
30160
30164
30164
30166
30170
30171
30171
30173
30181
30182
30185
30186
30187
30189
30190
30190
30190
30195
30197
30203
30203
30204
30206
30206
30210
30211
30212
30214
30214
30215
30218
30221
30221
30222
30222
30224
30235
30236
30240
30242
30243
30247
30249
30252
30254
30254
30255
30256
30257
30258
30261
30264
30269
30269
30273
30274
30274
30276
30277
30278
30280
30281
30282
30283
30285
30285
30286
30287
30290
30292
30293
30295
30295
30295
30296
30297
30298
30298
30299
30299
30299
30300
30302
30304
30306
30307
30307
30309
30310
30310
30311
30311
30312
30313
30314
30317
30320
30321
30321
30323
30323
30324
30324
30325
30327
30331
30332
30333
30334
30334
30335
30337
30337
30341
30344
30345
30349
30354
30355
30357
30360
30362
30363
30369
30377
30377
30381
30388
30392
30394
30394
30398
30398
30399
30401
30402
30403
30406
30407
30408
30408
30410
30412
30413
30414
30414
30415
30415
30417
30420
30422
30424
30425
30427
30427
30428
30431
30432
30433
30433
30435
30440
30441
30444
30445
30446
30446
30446
30446
30450
30451
30451
30452
30453
30453
30455
30456
30465
30470
30470
30470
30472
30473
30474
30475
30478
30482
30482
30483
30487
30488
30488
30489
30492
30493
30498
30499
30500
30508
30508
30509
30510
30511
30512
30513
30516
30518
30519
30523
30524
30524
30528
30529
30530
30532
30533
30533
30534
30537
30540
30541
30544
30545
30545
30548
30549
30550
30552
30552
30554
30555
30557
30558
30562
30564
30564
30568
30568
30569
30571
30577
30578
30580
30581
30582
30585
30585
30587
30588
30589
30591
30592
30592
30593
30600
30600
30600
30602
30604
30605
30605
30606
30614
30615
30615
30617
30620
30622
30624
30624
30624
30626
30627
30629
30631
30632
30636
30637
30639
30639
30640
30642
30642
30642
30644
30644
30646
30647
30647
30647
30648
30654
30656
30657
30658
30658
30662
30662
30664
30664
30665
30667
30670
30672
30672
30675
30675
30677
30677
30683
30683
30688
30690
30693
30694
30695
30697
30697
30697
30700
30700
30700
30702
30703
30704
30704
30704
30707
30707
30709
30715
30715
30716
30721
30723
30724
30726
30728
30729
30732
30734
30736
30738
30738
30744
30748
30751
30764
30767
30769
30769
30770
30771
30775
30775
30777
30777
30778
30778
30783
30784
30786
30790
30792
30792
30793
30794
30798
30798
30799
30800
30801
30802
30805
30805
30808
30810
30812
30816
30817
30817
30818
30824
30826
30827
30828
30830
30832
30832
30833
30835
30835
30840
30841
30845
30851
30854
30856
30860
30863
30865
30866
30867
30867
30871
30873
30873
30873
30877
30877
30879
30881
30885
30888
30890
30891
30891
30895
30895
30896
30897
30897
30901
30902
30902
30902
30902
30903
30905
30906
30907
30910
30912
30914
30915
30915
30916
30917
30917
30919
30921
30921
30922
30924
30927
30927
30929
30931
30935
30937
30937
30938
30939
30941
30941
30941
30942
30943
30943
30944
30944
30947
30952
30957
30957
30959
30959
30962
30964
30965
30965
30966
30967
30967
30968
30970
30971
30975
30977
30985
30986
30989
30989
30990
30990
30990
30994
30994
30996
30997
30998
30999
31000
31007
31007
31007
31009
31009
31010
31013
31013
31013
31015
31016
31016
31020
31021
31023
31024
31024
31025
31025
31025
31026
31026
31028
31030
31030
31031
31032
31032
31033
31035
31036
31038
31038
31043
31043
31046
31047
31054
31056
31057
31059
31061
31061
31062
31067
31067
31072
31073
31076
31077
31079
31080
31081
31081
31085
31087
31087
31088
31090
31092
31093
31093
31096
31096
31097
31098
31099
31101
31104
31104
31107
31110
31111
31111
31111
31112
31112
31112
31113
31115
31115
31117
31119
31119
31119
31121
31123
31125
31127
31130
31130
31138
31142
31142
31153
31154
31157
31158
31164
31166
31166
31166
31166
31171
31172
31172
31173
31178
31180
31181
31183
31183
31186
31187
31190
31190
31192
31195
31206
31211
31211
31219
31221
31224
31227
31228
31229
31229
31232
31232
31233
31234
31237
31240
31242
31243
31245
31246
31246
31253
31256
31256
31258
31260
31262
31264
31266
31269
31270
31272
31275
31275
31275
31279
31282
31283
31283
31284
31284
31284
31285
31288
31288
31288
31289
31290
31294
31295
31295
31297
31299
31304
31305
31305
31305
31308
31310
31315
31318
31319
31325
31326
31328
31328
31329
31329
31330
31331
31331
31331
31332
31332
31334
31334
31335
31337
31346
31348
31357
31357
31359
31363
31365
31366
31370
31372
31374
31375
31375
31377
31379
31383
31385
31386
31387
31387
31388
31392
31396
31398
31400
31400
31401
31403
31404
31408
31409
31412
31413
31415
31418
31420
31421
31422
31424
31426
31426
31426
31429
31430
31431
31432
31435
31436
31437
31438
31439
31439
31441
31446
31446
31448
31450
31451
31453
31455
31456
31457
31460
31461
31467
31468
31469
31469
31472
31474
31475
31476
31478
31479
31486
31488
31492
31494
31494
31494
31495
31496
31497
31498
31498
31500
31501
31503
31503
31503
31503
31513
31514
31514
31516
31520
31520
31521
31523
31525
31531
31532
31534
31534
31535
31537
31538
31539
31542
31543
31544
31548
31554
31555
31556
31556
31558
31558
31559
31561
31563
31563
31566
31567
31567
31568
31571
31573
31573
31577
31580
31580
31588
31591
31591
31592
31595
31596
31597
31599
31599
31607
31607
31611
31615
31616
31616
31616
31617
31619
31619
31621
31622
31622
31623
31626
31629
31630
31632
31632
31634
31637
31637
31639
31640
31642
31645
31646
31647
31649
31650
31653
31655
31655
31657
31658
31659
31661
31662
31663
31669
31673
31674
31675
31676
31676
31676
31677
31678
31681
31683
31686
31687
31689
31690
31690
31692
31693
31695
31698
31699
31699
31700
31702
31706
31706
31706
31707
31707
31711
31712
31714
31714
31716
31716
31717
31719
31720
31723
31726
31728
31729
31729
31730
31733
31736
31737
31738
31741
31743
31745
31751
31751
31753
31756
31758
31758
31760
31763
31765
31765
31766
31767
31768
31774
31776
31778
31780
31780
31780
31782
31787
31787
31791
31792
31794
31795
31796
31797
31798
31800
31800
31800
31802
31803
31804
31809
31812
31814
31815
31820
31821
31823
31826
31828
31829
31831
31833
31834
31836
31837
31838
31840
31841
31844
31846
31847
31848
31848
31849
31851
31852
31852
31853
31853
31855
31859
31863
31865
31865
31866
31866
31868
31869
31870
31870
31872
31875
31879
31879
31882
31882
31886
31888
31890
31892
31893
31896
31897
31899
31900
31900
31901
31902
31903
31906
31908
31911
31916
31916
31918
31920
31924
31925
31928
31928
31930
31931
31933
31933
31934
31937
31937
31940
31940
31942
31943
31944
31945
31947
31947
31950
31951
31951
31952
31952
31953
31954
31956
31956
31958
31959
31961
31961
31962
31962
31963
31964
31969
31971
31972
31978
31981
31984
31984
31985
31985
31985
31985
31986
31987
31988
31991
31991
31995
31998
32002
32003
32004
32005
32008
32009
32010
32014
32014
32015
32017
32017
32018
32019
32020
32021
32021
32021
32022
32023
32023
32024
32025
32028
32032
32037
32041
32043
32043
32044
32047
32050
32051
32051
32051
32052
32053
32054
32056
32057
32057
32057
32060
32061
32062
32063
32064
32064
32065
32066
32068
32068
32068
32069
32069
32073
32073
32075
32079
32079
32081
32085
32085
32085
32085
32087
32088
32089
32090
32090
32090
32091
32093
32094
32097
32097
32101
32102
32104
32113
32113
32113
32118
32121
32122
32122
32123
32126
32130
32134
32135
32136
32137
32137
32140
32140
32140
32140
32141
32141
32142
32143
32148
32148
32152
32152
32153
32154
32155
32155
32156
32158
32163
32166
32167
32175
32175
32178
32184
32186
32188
32188
32188
32189
32190
32190
32190
32193
32194
32195
32196
32200
32201
32201
32201
32202
32204
32204
32205
32209
32210
32210
32212
32212
32212
32214
32218
32220
32220
32222
32225
32226
32227
32228
32229
32232
32233
32236
32236
32239
32240
32241
32241
32242
32243
32243
32244
32245
32249
32250
32250
32256
32257
32258
32259
32265
32270
32273
32273
32275
32275
32278
32280
32281
32281
32282
32282
32283
32283
32284
32285
32286
32286
32290
32291
32291
32292
32292
32292
32294
32294
32294
32296
32300
32302
32303
32305
32305
32307
32308
32308
32308
32310
32310
32312
32316
32317
32317
32318
32320
32322
32322
32322
32323
32324
32326
32330
32330
32333
32334
32336
32340
32342
32346
32346
32347
32347
32347
32351
32354
32354
32359
32360
32362
32365
32365
32365
32368
32371
32374
32375
32377
32382
32383
32384
32387
32390
32390
32390
32391
32391
32396
32398
32399
32399
32401
32402
32404
32405
32405
32406
32410
32412
32413
32415
32416
32416
32416
32426
32427
32427
32428
32430
32432
32433
32434
32435
32436
32436
32437
32442
32443
32445
32450
32450
32452
32453
32455
32456
32456
32459
32463
32463
32466
32466
32476
32477
32479
32480
32481
32482
32486
32486
32486
32488
32490
32491
32494
32496
32497
32502
32504
32505
32507
32508
32509
32513
32513
32514
32514
32515
32515
32517
32518
32520
32521
32524
32531
32532
32532
32534
32536
32537
32537
32538
32539
32540
32544
32548
32549
32555
32561
32561
32562
32562
32562
32564
32564
32565
32568
32569
32569
32570
32572
32576
32576
32577
32579
32584
32584
32584
32586
32588
32588
32588
32590
32590
32590
32592
32594
32594
32595
32598
32602
32603
32606
32614
32616
32616
32620
32620
32622
32623
32626
32628
32630
32631
32632
32633
32633
32634
32635
32640
32640
32641
32642
32646
32646
32649
32650
32651
32652
32653
32654
32655
32656
32658
32659
32660
32661
32662
32662
32663
32665
32669
32670
32670
32671
32672
32673
32681
32682
32691
32692
32694
32697
32697
32699
32700
32702
32702
32704
32705
32706
32707
32709
32709
32710
32714
32716
32717
32718
32719
32721
32723
32725
32726
32728
32729
32730
32731
32732
32733
32734
32737
32737
32738
32738
32738
32738
32741
32745
32747
32751
32752
32752
32753
32754
32757
32759
32759
32760
32761
32766
