4747
7842
25814
11009
17818
18480
15423
21458
15432
5636
11621
8119
27860
28918
23316
20063
24573
10066
24755
15011
15885
21969
26476
11030
11542
23752
5773
4318
25724
13728
25390
10435
6579
15494
789
12934
10826
16995
1750
12916
10025
31503
24382
28986
9495
7106
20978
11771
30335
15819
8532
13984
12915
22916
27558
23152
11505
28037
1394
27360
17509
9752
21289
16044
10352
6381
26122
27430
32232
26895
24645
10190
1056
26391
25697
4132
8041
416
5083
14266
27864
6650
24848
17549
17226
4387
14428
917
17830
8434
17540
11163
27234
21910
21073
16971
7241
15167
6014
22410
22651
5147
24789
2826
28085
10884
27540
4123
16594
4984
28181
9156
14994
30025
5038
10514
17051
9877
28631
24496
27581
14713
11402
26808
13690
18178
30704
3529
1734
3812
30009
32346
17931
16239
13515
30541
12912
31166
30624
2247
25179
26162
16873
28224
2868
27935
248
11478
30317
26564
18524
27623
18367
23937
27214
15326
30902
8516
28492
16205
11631
25413
12547
27197
18081
2803
7282
19394
21722
27949
24397
5586
20747
12982
1183
22358
15943
739
17588
7298
6344
18071
3126
26978
13875
6001
32406
17078
31516
12100
30637
14592
2509
27592
20644
10715
20035
14991
27665
11150
2938
314
19810
22241
19947
21996
16255
25392
26450
7167
20139
18621
22452
22774
6571
23882
18337
21939
15915
7912
30647
24555
25693
8458
18791
16342
11747
20445
17660
13867
3055
32220
16600
5707
16553
28575
3585
20668
4049
23027
19933
474
25253
1584
21818
22729
25349
4295
16529
27310
20949
30235
7564
17951
7331
24978
19909
23256
30345
29419
1745
2479
30805
28114
4989
28874
3048
1969
14935
18447
9948
18378
28017
25052
6250
11651
10081
9208
28298
4352
6540
3274
13915
29175
4005
6345
7110
10432
11376
7220
11358
11692
25548
25859
16779
27288
22000
14621
21992
19138
28661
1227
18921
31963
30101
19821
23489
7005
22578
15468
22147
12062
32537
22127
15495
16422
25865
13010
28943
26813
12015
18260
9514
7881
8180
7183
3033
10071
3769
31662
6513
26744
16353
29658
21056
3406
18897
14837
27763
12390
26035
18443
18743
72
20929
17925
2335
4685
10432
4896
16326
22449
21194
926
2741
26857
29521
9916
3975
6967
30817
10467
9547
5243
12069
9762
11561
20812
429
220
24137
20807
16878
4286
2288
23975
9739
15860
5356
7703
22995
23709
16179
28612
18826
23676
23239
12981
2540
8432
6364
351
367
5414
7229
1652
14025
20621
23532
25853
26802
24458
6408
26280
21227
1134
27636
25699
17535
1189
11446
7465
27465
22063
15005
28444
30902
16725
26407
9941
972
19092
2081
22776
19563
30942
29968
31243
17363
19458
29648
10376
32359
30568
22651
23856
29361
13569
23693
30115
10661
17534
28997
19758
17450
27328
4430
22500
31190
1424
21918
29680
29945
1937
20895
25897
12254
28786
31372
12007
14157
5480
7710
16405
30292
19932
11369
9608
28488
22625
22784
13967
1542
3048
22368
28620
16254
10551
13964
28738
6771
24727
8180
19630
25980
24525
32155
11547
13903
31820
19321
26801
26174
19881
6175
5070
14338
19535
30873
13400
2744
18548
29592
4177
15913
19788
10193
19115
11342
17532
12704
16990
23572
28113
5105
26553
20828
32562
10336
31733
7750
211
23199
28432
6575
14764
13080
20441
24312
16426
29908
583
31497
804
21148
12302
27286
24336
32606
10100
19873
4983
7634
7265
29761
11430
21340
32694
10401
13735
565
24800
23115
18031
28358
3501
3751
16985
21588
25694
15038
23251
11490
3069
27204
10839
12371
1777
22486
31646
20176
21455
23168
4368
10857
4211
19586
126
21503
21328
20308
30483
20321
12036
4327
31112
8885
5167
30254
29848
29978
1414
20189
12724
139
21027
30321
1015
23302
18975
1648
16732
23278
8547
32242
23599
6831
29883
608
12481
24480
9517
7548
23392
26669
32136
7329
10886
25909
22079
30028
337
8881
11128
21212
15923
9111
22881
12694
31211
13566
29379
10988
12980
15490
26073
22271
14268
17898
25442
26466
26839
5128
15349
24353
7797
14561
10133
3074
19922
30990
11141
9482
15724
32354
4701
12867
23994
7629
10846
8637
6683
13440
15875
11731
13837
24658
31448
30895
2719
5987
14991
273
14377
25343
25169
21579
8250
16837
19538
8593
15314
29960
28584
4719
8657
15733
14941
3227
20912
19190
20931
16621
5743
25559
11527
11180
5582
1832
15881
27147
24512
3682
7275
2291
4637
4685
26345
12547
25751
5920
20200
21462
12527
17386
593
16004
19305
10546
26527
13675
16253
23258
24631
32047
17615
24906
1272
29951
97
17866
4372
9754
26119
15918
28446
27794
19996
15289
7268
7504
4980
24892
22142
19801
19857
9342
18215
7760
31514
7904
8780
13371
12424
20801
27235
14474
7971
24352
20222
3669
2093
1280
22944
7141
28765
19985
23759
19830
10127
19724
22890
13627
30905
23647
20029
27811
5665
10634
9683
6875
5581
4041
13963
17556
4667
1523
2286
18694
17235
9122
22592
12340
9114
404
341
11890
30120
31057
21415
293
15836
2062
30885
2251
1102
22738
25933
17467
29445
14807
2556
4397
9323
307
13445
22012
13821
9399
22657
30891
29511
2328
12775
18215
11536
19532
30173
13515
4306
3895
1485
4393
5229
647
22714
7176
18971
15069
3797
6825
12455
4141
25419
21071
21466
3175
28770
3069
20791
11607
31172
1410
5352
32202
12570
29619
25335
18930
10461
31224
193
29451
26985
15114
4776
9791
23636
26362
521
31431
509
27254
32622
15188
9576
9032
29956
24237
585
15903
32079
29593
4446
8594
12828
1023
28418
2658
26551
13132
4096
15615
10335
7189
14501
28750
1015
12542
27161
21930
2046
9434
14831
25129
29633
7699
18426
15648
31951
14668
18018
30697
14254
8006
18424
29411
30924
12800
18631
5051
16824
5411
9451
12522
3730
5532
29095
22143
6081
13451
27825
18463
23523
22876
30160
25674
1546
28467
18089
19679
1061
29070
23766
30947
25020
11302
19001
4990
15073
12822
24464
19526
23395
20542
25929
31937
24132
32490
22167
18212
24941
5807
21189
4705
8609
19606
14539
1889
4784
14717
8479
29582
18413
28857
10701
13461
16609
27136
18634
4458
28225
17031
6277
9356
798
6503
21184
15242
26204
2885
28062
20422
22629
4402
3837
31865
8478
18128
18949
5623
23067
23478
23297
17973
10511
13334
21870
21128
32390
31901
30802
28335
11478
13723
7376
16660
27474
31076
29432
31823
6594
502
228
12780
22544
12764
6144
17006
17988
9298
13481
3731
178
2217
31738
19930
11378
19693
19426
11843
10257
23494
4474
8534
13446
29084
22934
31334
10856
19710
20379
16919
3934
15941
7824
25374
8150
23156
26743
5192
8442
21859
18397
9150
3807
18205
4016
1927
31488
24710
15697
22350
12012
21313
20714
4966
26427
28880
2
23819
15046
17661
30286
1003
536
12153
6346
3301
21279
16580
32521
5648
25895
24140
5833
15359
28938
29145
9675
25667
24992
10280
7650
4402
26749
726
30537
8935
19164
16769
1337
10634
31446
26153
30907
11474
20696
22748
1468
3271
31059
28306
24159
24525
27317
22358
30871
29150
30617
14246
20980
18711
20794
28957
9661
21366
3630
24143
18752
8674
2385
1525
8806
21611
11519
2378
27786
7124
32390
20916
16267
29774
32218
16807
3360
32135
11659
27846
2156
5091
22261
6988
11219
3849
24247
7339
20747
18850
15718
11635
3958
22109
28802
29812
21679
1591
30632
23335
27491
9209
12810
17738
25698
2306
12317
27595
5621
28486
19857
24295
9587
9367
10118
29587
20239
804
17149
8219
24564
21311
30604
3081
5780
31331
29271
22344
23868
7029
25915
23689
4844
3146
13900
29414
22119
17514
17282
29381
1926
10515
3759
512
29393
23169
26036
27459
23376
26221
23285
1205
22175
980
8714
27098
12097
15353
9400
3256
16694
9389
25631
25144
1232
4046
31284
11728
15298
21518
20338
12383
29818
4853
22733
15960
22449
8234
29160
291
29760
28142
10119
26560
32053
8937
1607
2734
11814
15657
16781
1803
18885
26216
18108
5372
26293
23949
4267
23887
32412
6518
20310
21087
29562
2293
14291
4152
32569
5144
4232
2044
16773
17070
19868
31366
24541
11270
20907
1612
27626
5114
9918
19594
1040
22828
17274
29085
25156
6288
12439
31916
19741
10795
8852
23182
7981
23322
23465
2024
22673
2261
27134
9878
28359
437
5658
589
20160
20148
5534
18558
17718
19061
22067
30589
16704
10628
29889
18658
9508
22494
13538
6960
6508
20404
3222
7860
5692
19820
6200
18864
5858
1257
2736
22457
11183
15372
28139
22622
24069
28282
18312
4362
6834
24224
30164
13868
5756
14325
22777
16276
24829
9855
7282
23584
6578
1945
13506
18585
31566
6131
25958
3544
12628
17114
25352
27181
11236
30394
26101
27137
26069
8929
16593
29625
20741
17029
20362
19166
23789
6409
21130
20091
19321
892
2609
30407
18454
867
9858
22020
29964
26296
24348
8359
25358
12594
18284
185
9999
10951
13090
14461
600
14192
16097
22611
20696
23596
20795
3036
12731
5447
10204
16991
7742
25052
17669
13932
25281
10393
20797
6335
11805
22978
17731
25190
11065
29304
28742
4647
22744
17724
11864
22812
5045
11183
25377
31392
1746
1435
3280
25455
30221
10551
855
15368
5876
10407
14296
31318
27610
4291
2138
13968
21803
1305
31681
18270
19708
23861
31229
26941
230
10016
21633
29988
15893
13094
13047
27240
25500
3292
14386
20445
20235
1378
29540
12350
30532
13030
29073
13774
10634
2409
835
10560
7387
28870
2688
22484
20352
31728
25849
9412
25314
9595
18052
18910
27039
13662
6092
2930
23517
13303
11591
25454
9695
3663
27241
26568
1238
20384
9496
28700
9721
5140
23903
16023
15319
6352
7526
12307
32236
3377
5538
14211
18035
2389
18761
10386
17020
19934
24329
5511
26686
12530
27129
17516
10158
23686
16080
32623
2385
16861
10581
17544
12110
26187
5654
6236
27847
27967
1117
98
26473
897
21600
26692
30530
4023
17848
30344
14547
19502
14868
5231
1383
11735
4143
11549
17827
15504
11007
26619
21085
16549
31024
25178
22450
27031
4304
11353
28242
21020
13132
3336
24351
1382
19867
20941
17655
27048
18617
11527
205
13271
15959
26610
13311
18606
26065
27595
13539
12020
19808
26164
12707
30465
13201
3289
30028
15231
5365
17492
801
8046
16922
11854
31797
28010
4539
25319
825
15409
820
22872
4754
15456
25912
17367
30895
4989
21702
25276
28313
26682
10329
4833
31947
1016
7008
6990
8773
11659
19949
32278
29148
8509
27825
20604
6612
18965
5416
24154
2480
8281
18961
7364
10825
20817
3105
12264
23582
5198
27384
2104
12267
20715
8788
23244
3453
31379
6021
30977
15556
17731
19233
19303
1322
6033
4856
29658
22307
24046
12362
23278
13317
9000
5688
11409
18459
4659
29817
2027
27380
17704
23118
26249
31233
1422
1464
32443
16736
25049
13032
9530
26354
15408
32759
29198
2995
13939
14551
11439
5963
8061
8074
17259
25056
17830
1169
20999
12335
21132
17320
31657
13787
5140
30896
7158
4612
22187
237
4983
31260
13522
7281
13121
1782
32729
17368
3029
22560
9706
1590
9029
371
14666
846
22168
30440
31964
22021
27248
27310
6631
790
3818
20857
25368
16390
23238
284
18635
9819
456
7514
25222
9993
19037
18169
12742
21037
1666
16665
511
18173
5090
196
2526
24575
10046
23238
12753
28538
26386
17343
9161
8235
6518
22134
2111
20024
26946
5232
5237
27754
1653
5314
19966
18838
9688
5411
10112
19036
9182
8517
23225
27412
20175
17510
9152
7686
7205
31010
16781
23001
19767
19339
24508
27727
18196
24955
19854
25903
8626
23849
9777
11650
12872
19963
20033
7937
5368
9115
27278
12239
31153
22349
13344
1636
14420
16256
19832
2505
28693
16802
32025
16907
13861
22073
28999
7402
6030
4912
28943
27345
29278
12398
7815
10251
27143
15022
11863
26163
31494
26762
14456
27116
29123
17880
1596
20691
18616
10554
399
21426
12758
10225
10620
30967
20260
31730
12275
19300
24234
4156
9417
26887
23949
10088
20992
32365
26235
20610
11593
531
20297
7703
711
17437
18907
21391
15638
9802
3141
31933
28300
4136
17455
9141
32702
29572
22910
6366
10054
29989
17457
328
3780
3514
31112
7999
18723
14096
13420
2336
32286
31112
7435
17003
28418
28105
5059
27418
14517
1714
9025
31025
30455
14226
24042
12439
11496
19100
10873
19748
5834
31637
17386
4859
18697
10960
28824
14618
16504
15452
13474
25135
18398
30588
914
6061
22193
31319
13633
31520
19745
5617
16885
8638
12633
9818
2509
20030
20993
15142
11103
31981
29191
9244
11679
30206
24991
13875
259
23073
10376
23738
7140
23896
9617
19158
13864
9222
18269
24881
26654
30281
16995
7153
12457
15754
26680
7399
9889
83
1041
9737
22902
20576
24708
6179
9494
24312
23182
18889
32017
11134
9690
19088
29435
67
9792
26238
31763
12702
653
32190
14881
21311
21634
1176
19365
22464
6687
16289
26413
20093
19489
4143
17927
13222
15817
25872
8728
1682
10719
9084
19212
6742
4343
7239
5808
21655
19699
24923
12443
20124
32201
3942
3348
3239
13190
24528
816
16262
31123
5872
21051
17509
10039
8831
5721
22246
6494
31821
28781
10612
14745
9522
25914
22484
30309
19528
14281
26620
4272
30295
17162
19753
25241
14737
5821
8492
888
24960
23443
2052
27934
3900
17041
29106
1630
10721
950
11849
14028
13120
12253
2117
26564
21717
23013
22813
5806
14586
23310
19484
23681
1113
13990
17260
3718
935
24806
4980
23647
24976
27927
2148
3911
30957
26360
27149
20123
5949
23396
29175
3482
17235
21552
26541
1641
23628
19283
22364
26201
9412
22857
5788
3949
3658
8889
2958
4887
22800
18773
27175
19011
23527
25601
23499
11926
2155
16952
17694
22776
32635
32428
7703
18768
18925
9517
4182
23438
2431
28620
20407
3567
13840
24384
24871
31868
15120
12937
17334
13781
2357
467
12270
19756
28783
156
24931
19860
22047
11033
7820
29308
7044
25302
29393
18806
18549
16030
20197
8510
20054
4506
854
27127
30533
28092
18787
27319
21908
9567
19981
28742
18300
4135
29553
22819
25359
5935
15444
8904
24175
19555
5632
23599
18494
4394
29775
8597
9301
4169
29701
1406
16569
3844
30562
2809
22218
22917
28920
5413
19646
20098
20667
28660
11086
19995
18263
22063
7087
4097
21446
6331
452
9437
20257
19226
1682
9968
27318
6452
9972
24054
21596
10840
6800
23121
29955
13694
9993
19299
32143
10959
13175
5436
13799
5735
12308
26997
16968
8281
9783
26459
21216
19955
1159
1873
29080
26692
31592
21871
25137
11228
32186
16239
18578
9683
14787
31178
2400
25101
7785
16414
6352
20155
16549
29907
11193
31013
13620
25598
32494
1960
12944
11653
10442
5370
3870
6789
10508
20662
28585
25072
10981
2324
14863
8315
11600
503
8250
1975
1442
15662
22354
2173
28770
6131
20273
31888
9306
25016
32280
4990
7150
20516
5280
1735
2221
29784
11763
22849
9510
5494
20539
9659
22781
5220
20827
16609
25406
15565
29662
12896
32496
10089
20524
18762
13806
4479
24068
20411
22002
19880
12838
8637
15347
12757
17488
11113
27057
9875
20844
4687
6542
15246
11784
3608
17567
25940
7430
13418
20227
18524
32405
15372
20083
13639
27488
31563
7963
14949
4101
9628
15016
28283
23752
3202
1443
22724
23945
26546
1789
6709
19955
26742
15851
15365
15863
7247
2548
18285
23160
25310
22855
2733
11848
31492
4435
12111
28500
27465
26002
1455
11291
18810
4261
10683
28005
9622
9126
25848
8241
7148
24506
29126
23535
21117
19941
996
22767
26023
2339
14902
11034
2053
28340
24006
5344
22929
10423
4618
1649
14859
18170
23141
7472
6815
23057
6383
14180
4802
17573
27257
28721
15453
14095
972
6088
6957
2341
29746
31706
4969
26196
28984
5202
13222
32752
4017
26691
22009
14791
3582
16159
23643
1276
5005
29227
3153
23827
2464
29231
19916
6984
29008
21874
20813
5157
23249
485
24910
13139
25079
18335
25310
2481
21497
32649
18827
419
25206
603
644
11693
1973
3015
6911
25920
49
24051
9689
9171
32085
14637
9340
24118
30084
31707
30470
16931
13660
32432
6056
5143
5692
294
9547
8031
32259
14888
378
27766
3099
24846
1404
12686
6071
17103
4800
12653
25432
14194
639
31866
10646
3014
14492
18456
26397
13139
24015
20530
1526
22160
1282
30487
19976
4439
16379
6025
16094
30101
26428
15632
13994
9798
6439
13973
2698
7841
13414
14123
29707
31119
20874
31024
30700
19810
32754
6037
10788
28612
18927
4474
29477
13805
17445
11262
14947
1306
11317
9813
6672
18234
23193
29723
42
6122
3023
29159
24760
15779
17593
18468
23889
17202
22084
28700
1501
17769
17480
3926
5792
18709
5039
7458
22388
11568
17370
1650
85
3415
30528
17387
18211
10366
3928
5692
31396
8162
16314
23727
20169
8767
23681
14845
15922
22339
26611
31591
9459
8003
9060
30210
30873
31534
10071
20051
16744
12479
18151
24091
14567
32502
16997
11380
12703
30408
3395
11293
11295
19478
11056
13331
15683
13020
26757
26209
10678
7339
29152
31032
23222
27225
3854
5698
4119
26103
1327
17460
29579
6403
25620
3747
28960
21215
17132
24600
30986
29570
12320
16998
3747
20078
22651
31035
18608
14817
10638
10998
9958
7760
29523
3000
24749
6673
19728
16062
4387
3416
16766
25070
25700
8804
1579
30639
10761
9722
16925
8958
28910
17427
10168
27071
4153
31954
26082
29008
16791
26040
13412
26980
12489
2843
32659
6415
9312
1492
30513
16925
9156
6457
1166
20136
15995
27979
27634
31978
22696
14640
7487
32079
8402
29155
30675
14030
4839
20778
1452
9594
11393
18632
29135
1876
13927
13812
15850
19300
18263
26891
31544
30472
25603
21890
2725
30091
24665
32286
10291
1529
26119
29031
17820
15154
17471
27226
30777
16958
27831
26974
32290
25312
16885
22905
7831
28270
6857
5572
27038
4319
7963
25372
6894
14374
25062
12827
9228
1471
23685
15686
8628
32391
12078
22408
16506
27856
19132
32480
21681
10421
26545
1878
10636
15019
28283
29235
19331
3161
13558
17777
20984
7082
13619
30577
27675
25632
8568
17132
13579
29291
31111
30508
4926
22074
1315
6268
10018
26193
22481
25821
3332
2779
16860
4346
30258
514
21147
20830
23900
21182
20470
997
23104
25066
18215
3440
22663
23965
6846
16349
13801
29367
12776
23607
2968
186
11504
1321
9948
16348
17158
13753
29946
3418
11584
4147
26203
21006
17118
6498
3306
14148
10962
13318
31166
7626
18048
28803
7673
2886
14786
1239
13040
460
13359
206
28044
30128
24477
4729
240
21913
6116
28380
13403
22743
20453
13031
4176
2039
18379
20648
26357
13204
30865
23742
15290
19824
22725
20497
20026
22467
24203
4544
19558
24274
25316
23899
28640
12484
18992
22867
2725
18353
5618
29102
18159
6653
17364
19199
7770
17636
7659
24982
19525
17749
24635
10484
16251
13060
22398
16258
20243
12731
23841
2690
13972
3312
21648
20037
7517
12701
3507
5790
11588
31308
12472
920
31870
369
5908
20068
20159
28157
13764
6805
29089
28208
31961
26512
14410
21679
20531
13885
23113
3030
32141
14083
14786
21327
21434
5108
21707
31716
16173
11076
26133
5521
4031
19968
30927
17374
19373
22268
29639
11372
13280
11790
24531
13261
23922
2937
28015
31896
1133
4012
32167
23741
31702
813
12856
15639
24298
21200
18674
5952
26535
7212
18016
1449
3726
24143
13227
6634
22440
8881
29628
27990
28871
12903
29601
8147
1294
11161
14898
14569
27059
2870
6900
7960
2052
32486
4157
6511
10408
4929
153
3930
1064
4670
29549
31420
15534
9710
30938
16445
9484
4970
18660
25062
30975
8714
24020
16363
27317
727
3546
23495
10638
19523
26615
20878
17952
24088
22554
31615
6013
16815
22154
29657
1464
23138
9859
26865
23973
31299
26660
30592
4577
12047
393
32577
3346
23389
9012
9660
31088
28699
27569
31580
8581
23099
28281
30408
20016
30890
8728
14960
17904
11906
31115
22630
20831
25984
11500
2160
26877
5304
30033
1115
28719
8071
16369
32402
8584
8394
7304
26351
4166
30285
27389
29136
25376
8327
3138
5486
11327
19076
6781
29034
650
3618
27749
21673
16422
18560
26606
21858
2621
4788
26664
12149
1535
12988
14948
23807
24295
6327
30362
7467
576
15446
14087
23883
13287
28301
29466
14375
24658
29582
401
32660
20433
30967
1504
1097
7956
15434
19666
4079
8430
30111
23666
17783
3416
23189
15148
23472
8633
19854
12848
26137
5733
3356
3863
8180
3427
30646
10441
28059
24179
14256
11166
2071
25679
27498
28867
1775
12082
7623
25824
15422
16535
8928
16887
5896
13379
11514
8336
32718
31365
11702
9235
25440
1981
22408
18037
24563
7451
21354
1814
18547
3753
32466
234
29211
10892
17889
11224
66
9607
28125
19807
8824
12480
25569
23679
30929
7367
25555
23767
4737
11732
2967
29963
15017
1360
11906
17512
1905
17559
32018
15307
24407
19709
21724
32190
26823
16655
19653
2533
6123
11035
20853
14233
20164
27890
26121
17362
17274
23788
23816
30282
8432
13357
7577
8671
5532
12839
18675
1081
17558
6496
21524
18606
19694
26997
27062
12898
23363
31328
10367
12723
31121
23798
4472
26836
4427
9395
15040
25527
21418
32442
6786
1841
31812
14872
32292
31577
8672
9545
449
5425
2441
25853
7130
904
12257
10268
4424
17182
31928
23815
25973
7690
21725
19489
6860
14937
32308
15246
22382
31736
2569
58
16935
15828
14756
8221
11168
9791
4382
27070
22486
6806
3187
9462
31690
5664
10967
16631
17275
26682
17486
9100
29713
7601
23927
32163
32347
6512
28072
18696
5499
8283
19264
21363
7648
23674
12857
31429
2165
7002
6397
32399
28184
19376
18299
2772
32590
32320
25721
24592
7221
28157
27948
15480
10426
21362
19206
27268
28939
1888
31695
6315
12880
14505
32759
24173
7062
14700
811
4759
23307
10098
29478
22211
2929
29641
30922
31774
5581
3502
1903
9582
23391
13489
30331
19027
15319
13843
22834
32716
19398
6515
2256
10750
20307
169
5333
31537
19759
16115
3489
25628
19915
27471
23872
22882
6856
29223
8839
4700
4783
27187
16992
9497
25826
12444
9058
9123
18898
4189
18341
7812
2931
30959
14548
12425
29165
2085
31363
30662
26773
27477
30403
8154
28443
23480
6388
24949
11012
14867
2779
6935
11611
3479
18421
26394
16548
27142
31498
21234
21266
280
23044
7092
20730
25373
29698
5077
902
13027
9641
5684
18350
20698
10170
10843
12644
16758
27626
15874
28431
21205
15342
6101
315
17826
20181
26488
6799
32057
18586
5831
15359
31500
22522
16482
24899
10565
26243
28521
20871
14509
3822
3204
26724
5580
19886
7207
27407
14674
8137
12820
15824
22453
999
15905
3510
13340
4520
5691
17034
6780
6971
25003
19713
17664
3373
18840
9525
12463
126
4813
3414
9545
13050
1213
27805
29809
22982
16836
22146
13329
570
29872
4655
30715
29934
30592
13876
20172
20248
22380
11388
1558
17941
23077
12928
31166
18757
26717
10682
29346
30236
394
19549
22655
4726
7399
6723
15123
299
7100
4647
30334
25828
12512
2836
30446
25901
24956
16925
24443
18891
785
28751
6224
24655
23229
31972
2060
24555
16826
8121
31848
16261
29479
2051
1561
12810
26379
23357
19448
15621
24215
8293
6496
7536
1451
27495
11223
28361
19868
23770
1009
18537
25909
18922
15730
17682
29179
8341
12979
10439
28341
23579
28487
6368
21292
7599
13789
6749
26928
15731
7528
19067
29403
26531
2430
1413
1562
6672
510
28653
16744
5585
11766
5531
15837
6453
30148
4997
25192
30204
4219
32640
31833
22470
136
597
16674
20171
17301
22552
7518
29389
14765
10933
29970
12875
1953
31436
14643
8696
30891
2751
30313
24683
9042
9
16659
25112
21901
11985
8843
14719
3115
17342
27563
12195
31090
16398
4240
16574
24327
31714
29085
20787
16142
8924
13763
11972
10385
24300
6656
12805
8998
9575
23078
5136
32204
23130
5854
19579
1303
15901
23788
2951
25741
22827
12725
9370
14159
23088
18686
31984
3068
6756
18422
21133
24530
15384
14711
28534
21782
6030
6025
7456
10422
27150
3624
27689
11054
31542
23367
9286
16552
11410
28692
28797
11367
10093
14206
7060
11109
7398
9716
28873
8763
19526
30320
5315
25154
17296
14517
27337
18936
3674
5333
23090
17573
18140
26613
2076
27966
15687
7764
22881
22665
10584
28298
20679
19074
6700
23054
7543
23294
6230
5883
28081
19854
11823
18196
22973
8358
19053
8197
31525
6142
12535
26860
1057
17977
28152
28951
27475
22981
32562
25615
32692
12546
10134
7894
30927
31142
8465
27246
22317
24416
8360
16282
10512
3515
24775
30697
1892
2374
9686
4079
24306
9202
28942
24278
22999
4283
21899
26390
32052
23178
9122
9344
20264
16986
24180
31617
6395
18586
12227
11685
6556
26067
19973
30554
15438
13963
2231
15095
10142
7785
28404
23804
14488
9882
17478
13723
15930
7026
14268
15224
2345
11607
4413
19374
9123
6363
18715
13074
17845
6696
15851
23739
22958
12193
31893
18882
9427
28614
20135
13894
26708
30296
751
4019
3711
11454
9288
8260
14388
29096
4788
5063
16025
25586
12971
14753
32014
21707
9907
10257
30564
9494
18225
9401
12361
4624
19583
30298
17415
13620
24382
991
7023
15196
750
25757
19215
5928
3772
17881
29356
12963
10394
18826
12524
25636
30357
16993
32594
10867
31331
28935
2671
29741
19260
9894
23127
30314
8684
28842
24403
22172
27429
12745
14037
11195
21529
19520
15537
6815
1352
16736
15497
4525
32663
27210
22409
26549
20387
11767
29269
25115
2900
22651
16192
26165
19893
30602
14527
23029
9475
24635
8221
30664
9988
16908
21616
6589
8089
27430
5579
16362
3479
8675
2229
22028
25043
14222
3546
31853
13436
14442
16897
22539
25774
23797
14910
11766
22083
8301
20585
19962
16877
8340
5070
4222
19330
10929
12838
27564
21142
6615
27847
25554
12623
27241
28183
23304
23925
9950
4934
1044
8137
4546
32317
31882
21912
12541
977
21048
28815
7768
19005
30656
10449
16701
11215
27783
5447
21950
12769
7118
7735
25818
15371
14111
32281
4603
10135
4075
17574
25026
2869
13425
4145
24071
23280
21473
28986
15132
2145
11714
11329
25170
29475
4241
19928
1471
15751
11179
17660
8510
22920
14445
30629
3254
25089
16025
1436
928
5149
30715
11661
17859
32015
5965
2141
13634
12292
30297
3773
5593
6230
28509
7424
20836
15363
26035
26921
26017
605
16817
8009
24374
21251
25551
6152
1526
8463
21255
23937
7776
13969
10882
29267
25704
21565
2672
3828
9083
31072
4152
18761
4029
26649
6609
23156
17557
14789
22639
30446
3179
6075
30307
27861
21936
27706
21564
31879
31007
8095
8499
8047
13635
13787
21190
12575
826
24613
16290
11935
10424
22252
25030
5
11087
4112
998
70
2285
9553
24077
14156
22950
32520
25991
31305
16051
5909
21502
26186
17083
26648
10723
26895
3922
23780
12304
19482
7104
21552
15531
30214
14595
3216
16205
22042
7959
3236
22627
11806
24436
23439
32725
11885
24793
7595
32486
6220
18504
27004
16732
23162
29521
26850
16864
23561
26516
6802
5543
26987
23426
18374
23378
30672
15459
564
4371
12976
21917
15933
5650
1955
32051
23912
23311
9337
27020
15630
1608
7047
5238
7511
3741
8767
20330
29797
4594
7684
27922
462
27349
29500
9224
13904
18784
19110
3809
17344
21345
16621
28010
26948
4025
13438
2865
20418
8450
9623
28487
2712
4981
23713
14661
4238
16906
19136
20365
16648
5856
22696
17106
18817
10976
6066
2779
32564
2206
2351
131
284
5759
28668
14597
13855
27681
24663
9846
31623
5879
496
8595
6065
4660
14403
16573
17673
30187
9510
8258
26934
8564
14750
32734
19601
25873
18679
22914
26076
28369
21012
21843
3633
32437
29443
16118
12600
9746
15060
24587
19869
5686
19884
25591
22977
16974
3861
10471
24752
22664
18072
8722
27476
22132
29326
12094
2536
15536
15667
3461
4526
9668
18428
17753
25317
17483
16683
14790
19190
3156
30624
15607
22254
3079
24818
19964
10800
14220
17854
25546
11628
11304
2111
27011
10699
11945
14623
20472
9324
26885
28301
22637
3604
11070
4496
31900
6945
13192
5531
6140
22464
16814
20065
13890
19552
31154
22506
11048
18023
22964
17639
22382
6435
18196
1859
16159
27395
30427
18170
21782
25351
13655
6958
8128
19061
20742
22904
6948
30414
11446
28540
31776
4096
15593
31424
14581
1757
29822
4798
31494
20428
25742
31031
24028
13758
5013
9419
8046
22884
20434
22983
9631
12448
240
17726
32009
6713
15589
20059
13561
22994
9243
4597
15546
4125
18637
15460
9751
844
9653
13715
28955
19400
26596
21335
17691
14630
4081
1535
15095
855
11861
13101
7324
7198
16150
13028
15821
13511
26787
8929
21028
19479
8703
1071
25683
22655
1058
22262
21168
25236
19101
10388
29937
9156
18300
18414
20275
32065
20080
5128
30274
23362
23342
6356
2324
22635
30482
28232
25494
13705
8712
3507
28332
31107
17068
4433
12658
19854
25008
4637
1993
27039
13438
6118
8719
9510
15135
20389
12845
32761
30044
31758
27095
14222
29475
21605
11791
15470
17452
17811
9195
7142
2779
18809
31385
12800
13929
18564
5792
14258
10303
14722
616
340
18594
29620
18429
343
20117
26404
6160
25397
16123
12088
25151
21156
26365
13192
17046
17167
21931
19181
26709
19270
6374
5338
23027
26997
16765
31984
14948
17235
29334
7372
29592
13979
80
28708
27204
19904
24998
3858
7908
27869
31127
25263
24577
19178
31619
2020
29103
2870
28377
21629
20059
2833
5615
12927
25795
14281
15409
17852
30534
217
12158
4004
94
14940
26831
1374
16491
968
10266
19480
22706
1752
1910
3995
6053
8906
18815
10018
23141
22475
26364
31852
10117
1712
8127
26896
26385
22758
4813
32273
23502
25772
8639
27058
16836
24959
9064
28555
13818
214
10680
9949
19329
16144
24288
29475
29107
16555
15799
27369
4029
4022
10589
8417
31067
19849
10270
820
8419
11443
17817
17686
10885
18228
24609
1693
17617
9453
25955
11987
27257
1620
16969
11274
29017
18284
2591
3695
2740
28405
6389
12514
6337
15839
13636
25605
32102
21253
29908
20371
17987
14104
26844
32244
23026
25817
21868
17934
2701
8588
30728
1885
12657
14761
8597
27718
14402
30164
10106
9896
13104
23567
28671
23221
28792
4399
7672
11264
8493
28300
8104
8406
32568
8189
9440
20434
5278
24068
16487
2988
2049
6213
14494
338
4714
9277
19300
31802
581
17456
26936
17654
28589
6755
11165
19977
1514
23692
2755
8953
1592
23431
5731
19877
26570
13130
13803
9689
14607
14107
13275
16160
9780
28161
6255
26841
18666
13176
6014
29837
9577
20584
5538
13952
30901
8280
2201
29830
15392
5855
14059
14104
528
14684
6861
12455
4098
24807
27718
12080
22991
22664
5776
19473
16942
11174
7361
19995
17531
14530
12715
29160
27575
23653
1792
3183
15055
18518
6074
15317
27169
23313
29113
6791
7740
2933
17070
10373
31719
15549
11321
24321
15718
3761
9038
8744
11512
32285
24285
1344
10404
27011
6578
5363
4917
19981
11162
7146
22148
20677
15815
5534
23285
26632
7797
17259
6212
14648
30670
6119
9090
32434
28171
27761
24154
2560
26845
13581
11161
13903
3083
9839
19694
24355
9052
597
19949
12105
1463
32282
8282
23566
13193
30600
19877
8366
13415
27631
25009
3599
30709
25971
29401
687
15878
21162
27445
24283
18948
31847
30489
18723
26003
3536
15583
5898
30321
25271
16871
11778
11168
4135
8411
28823
1480
23356
30008
3050
16087
4664
8202
14689
21738
31700
18935
18589
15472
20692
18046
1452
32140
29662
15489
20352
16572
23436
14337
29344
3769
25280
2346
7198
18334
29496
5263
30921
5451
15970
30902
21667
23820
30833
11479
20118
29814
18864
31969
29794
7570
27158
1726
23258
3646
6939
7384
1616
1743
29643
12764
14158
15355
13081
12734
28551
6135
3189
27645
17164
5852
8865
29480
18883
16975
9408
5537
17686
4193
16816
21409
19944
10676
26009
30332
7885
23264
30150
11558
20090
13588
32436
20982
3706
8705
2153
15787
16931
28403
1287
19373
457
4929
3489
29589
24113
13800
24909
7150
30792
13939
23163
2621
16661
15646
20101
5184
30189
5690
2951
30324
11494
23763
26736
29657
1422
14481
7001
8953
20956
13020
18966
3111
19302
26435
2315
32005
10453
4895
15425
13641
10134
18547
3770
20672
24019
18455
29697
4755
26786
18198
26628
30153
19068
9044
24870
9997
3568
19316
10385
19377
152
24056
3273
14836
6733
17322
8839
1664
25751
18747
1988
2871
30311
31787
23828
19247
22537
20200
26933
22523
25428
18490
6888
7213
29732
16862
23807
12056
32010
31346
28856
5595
21569
32401
16969
5531
19684
11582
27580
31503
28767
23430
23037
31554
27684
23393
18482
4500
1951
27098
1354
32514
13931
18543
14297
20136
6854
1467
5155
900
3138
14674
14454
21373
30398
14061
9150
5028
9621
31943
31315
14777
20245
24902
3349
5873
29747
17374
22203
12278
26748
17715
25448
22064
5711
19069
22143
26179
21322
20529
697
20441
22786
20446
18549
19105
13815
15700
11855
23704
19143
24332
26611
5511
10145
1476
16180
9164
24061
26474
4952
9822
6794
8507
25270
24588
7016
9516
4740
12293
22168
5769
26858
29597
25777
23004
27994
13646
980
23568
8996
19709
18145
21718
21061
21887
17643
2120
21120
7004
23786
19404
3249
26835
25008
21052
9821
21278
16927
836
2957
27895
408
25099
19165
602
5302
18197
30672
16781
30269
29032
1894
30046
2125
13037
23281
13484
5596
15386
27940
11048
2147
19150
21869
24413
9686
16508
5509
6638
27354
25484
25925
21023
21811
20478
28859
17303
12923
23377
15485
4453
18202
28579
9277
6720
24946
8729
10142
25107
11610
2177
31046
13497
23502
4662
1076
26116
29412
26692
23380
21253
23042
6349
18257
2183
30287
4524
26283
13021
27495
11863
5129
15070
21587
23818
1744
13357
2232
7970
25076
190
16974
26823
9487
19861
13972
9165
13232
19665
30915
23004
26357
20714
14336
18895
23900
11575
11733
27739
31958
32691
20706
11249
23325
18432
8144
21477
72
28588
6279
31439
14237
10164
12193
27698
25254
16198
23582
21851
647
22475
2905
14732
27534
6693
4410
29018
22284
20789
26798
14676
18275
3489
22612
5093
29281
14036
20346
636
9676
11590
3911
23017
23102
25085
29753
13835
26675
1876
29651
20648
4961
16123
8847
16284
24648
26943
22042
24118
26633
31115
14272
26079
7803
29743
23333
31228
15996
31073
11575
11030
20613
385
20320
13624
32642
11938
13056
32153
12256
22341
2330
4987
3303
11879
23118
14419
74
11455
23303
13098
18428
8001
20469
29507
7750
32486
5822
17918
10263
30127
9968
9212
7579
13544
7995
22916
24846
170
13021
3622
30675
5283
2909
28574
6592
17945
29308
1019
19133
1837
22633
26368
12941
12125
2612
30410
9963
11597
11397
13235
7129
1479
20110
22391
28213
17408
10558
26517
15501
16157
24247
18168
16948
22773
19971
2775
26773
6681
20226
5850
712
20242
27303
17534
26467
2793
25444
6586
23699
13037
8675
21219
2667
30640
23031
17357
26491
24403
31698
21555
21413
17667
17784
7000
21804
29124
2164
24303
11278
12909
30665
31032
12180
3828
4651
27245
10791
1772
31855
6492
10085
30540
24641
1877
26740
3442
8981
31558
29334
27496
2400
26661
27646
24933
6663
4750
15075
24727
22039
14766
6866
2847
6328
18271
7240
1374
13148
19348
17024
27759
6716
18168
13194
5620
13573
2258
11933
32022
10190
9260
15534
199
10318
16436
20289
22346
13132
18402
16768
23286
13910
15579
28554
5175
438
12694
22541
9429
5794
11965
31767
30841
9651
2006
28969
24173
20889
25378
22926
28835
2572
30917
14058
27641
4869
19752
19222
23995
3119
27292
31531
19049
3224
24128
26845
12731
9901
31780
13835
5091
26725
11950
9875
23570
11196
21821
5227
21565
19299
30221
27118
1569
4022
18267
5747
11653
26606
21449
12580
8127
17304
15875
15886
19577
8262
26531
18804
15285
8068
32594
19817
11535
14605
14896
5534
15426
23871
15479
5496
12014
7117
30043
25701
20377
8884
29236
21617
31219
10608
27870
22292
15454
7279
6496
9294
12973
7366
30413
22518
32300
10275
10088
31056
32481
32002
5131
8413
12818
3876
24266
12407
23048
8253
26835
20893
21266
20718
28568
11787
14796
15858
1329
5773
18080
32156
26619
3094
654
4481
32134
24332
14633
8306
29870
22759
19426
3245
21255
9210
19081
14931
29055
26000
29969
6685
11326
15931
2708
19531
18897
9321
2454
28638
23944
19768
17806
29191
10524
6028
30115
29151
16789
11614
8371
3160
31595
20311
2713
9332
25068
32413
1712
31669
15837
30957
21395
11988
28516
15082
25639
27318
7974
31924
14812
28059
2732
23741
13359
10393
28683
11480
31092
5449
23748
5523
23762
5056
25577
967
25999
25792
32641
5229
23437
5168
8494
29363
32021
26570
13837
23632
16852
9748
8670
16404
20259
18833
30053
10947
396
29752
25615
30243
12169
14117
15577
28244
2446
655
27246
24928
15178
20986
16015
19731
12843
26797
3256
7949
11552
12903
22529
15125
31138
7246
6210
15280
501
31272
23162
8434
4267
19405
16498
24981
28011
30428
9117
4680
14064
18606
24387
5961
7764
21640
1502
5174
26511
533
1477
3617
21307
24595
263
29666
21914
3916
23706
177
16089
22984
19125
11508
14486
19009
21626
8533
15521
22487
9944
24600
26879
31237
9904
6315
21813
14548
4150
22911
19651
3406
9627
5143
4846
9782
12521
10079
5058
25846
23854
25662
9816
9945
10972
16494
17493
11898
880
11148
23219
16765
12370
14955
6084
20092
14588
7342
23155
12100
27743
4246
9934
23362
6530
18712
17345
7736
15213
31283
26148
10036
7237
32640
3321
963
13240
20747
29422
23394
17564
14945
14634
32565
32210
2026
12101
8700
8817
7801
23704
19522
32032
12578
11960
24791
8900
2380
28989
17793
18524
5382
29384
1007
12328
12191
31556
30446
29201
22640
30571
22496
9029
19453
32140
16489
8482
13117
3980
29803
853
23861
15916
2101
31043
14028
4489
14071
5800
29914
23273
32121
21373
9346
21428
19725
17184
5570
11713
27331
18095
21576
30931
20187
16052
8839
356
6272
8
11019
3233
27059
4081
23561
5557
16261
27534
8507
28746
6793
24181
28650
29773
2953
11418
22861
5874
30840
4979
5905
5369
11688
26201
17977
4655
3901
18994
17448
21047
32482
21581
25084
28298
18874
4237
25118
11709
12953
13002
29719
24579
27765
30580
8870
25842
6423
30585
26639
16010
8214
29545
23733
21875
29190
23001
13291
21126
3053
3333
31496
12687
20214
11193
20153
29009
106
24945
31388
1227
1499
447
14090
27066
12707
29421
31028
2143
13197
11235
2417
16514
465
18764
21462
18359
20038
32245
9992
15584
23507
25205
21838
5363
18470
26643
27626
17662
7593
29412
29866
19816
16818
24372
30138
2681
4859
30247
9148
28188
19537
5536
31258
1764
32656
3938
11675
30798
15566
886
11573
18502
14807
14796
9507
9708
3546
16165
14391
3479
21857
18735
25456
28186
21126
9714
16335
13127
23908
14956
5735
22962
14541
21624
31412
28600
7995
21493
24365
10175
7176
28451
22556
24510
1249
5712
174
16897
10104
15029
13894
25382
32633
31899
7703
364
2240
1218
10482
18733
457
3330
2396
17064
12903
23603
20452
19716
2745
14667
8628
19090
11866
6598
15717
25171
16345
3915
16920
31418
105
14476
27842
20914
6105
14702
16327
21987
6342
32362
18635
9521
5391
20274
30916
21638
22153
29848
16980
25810
4084
30124
29271
2384
6702
12325
30392
8970
4519
20483
1928
5535
26645
27250
26193
22852
15977
16368
10151
28169
6913
27058
15105
5214
20511
30276
9415
28373
9882
14705
7852
28969
8403
21346
4670
16512
27115
13066
8635
26861
17715
6081
13095
3129
4580
22062
12699
28131
14097
25707
30944
101
3033
29028
7997
22457
4065
2944
4492
9500
2050
6788
13715
8210
21310
12468
1682
170
3065
30523
24601
28419
18789
14796
27420
3087
5439
21898
24905
30615
27065
3877
6809
30591
19383
5190
6438
9292
21821
11310
1852
16099
17448
23450
23474
5011
24861
32745
6267
3670
21184
9600
22392
25684
12582
7534
6544
30377
28044
5708
3075
21096
25161
15463
14331
29152
7937
9506
20581
8990
17692
2453
4606
14259
2166
5242
27057
25015
10328
18250
21792
25101
29864
15011
12673
27625
13148
15853
27819
24976
31284
6717
19568
20063
20649
31865
16430
16911
11809
19134
28833
28983
10340
26878
507
16146
26195
12526
15415
5251
10968
8479
3498
10326
3097
1898
7131
7369
10993
10898
22164
5707
32416
14117
16697
12163
2241
29603
26201
28308
1405
32738
10627
8096
27647
9137
27483
14475
21287
28860
13292
10753
3715
15280
22336
16826
6011
12447
18478
508
5835
1701
3444
4706
8759
5836
3334
11741
633
23085
8613
12792
5503
4952
11954
13152
8403
9974
9797
15267
10331
26541
13690
5176
7490
22852
2827
17088
31030
12040
27684
6795
6612
2414
2930
1886
28768
14073
22142
30067
22970
31838
11577
31426
12941
10215
14295
9599
31690
29717
20193
5092
9045
32137
10630
14640
17662
20516
17971
29680
30642
20334
16739
22909
31474
32308
3767
23238
22661
26998
18505
9807
20074
14976
2110
27514
5393
13398
154
25350
21963
8277
17752
16597
25982
28184
31931
29426
6045
2713
27103
20946
15703
12952
1427
9690
9487
17473
6507
9762
11789
21513
4368
21625
17523
2265
30171
23209
22898
878
18594
19708
11197
21760
11730
30206
29758
18721
8126
3973
19209
1769
6967
3311
22670
19792
31325
23211
10002
20187
29108
14075
10336
28795
25467
2039
17339
28594
32057
21206
24
13303
21400
14441
7818
20316
28790
6888
14590
29294
1850
20721
14632
22364
17252
2510
15293
26716
25961
18167
13283
9547
8637
3799
25318
3219
30257
15571
30764
2898
27007
4745
28011
14521
26915
28245
29465
24754
14701
19226
292
8645
11221
27967
24548
8764
3982
24823
15694
8325
4190
11718
8810
25305
30636
25409
23815
18971
987
25365
12717
3075
18902
3146
27091
22651
21740
11209
4690
28233
30943
22044
32282
25327
2615
3702
24867
8655
28892
24307
6055
26259
18660
17952
28047
14028
1450
7614
31275
7897
19232
24259
25637
13835
29030
26274
8632
11783
26267
8652
2333
29035
25331
16247
17734
5556
8969
21150
719
9311
7287
1097
26930
32590
24741
15118
13370
25710
8670
23512
442
21655
3753
2023
10110
25011
30550
31768
9602
10275
29143
30055
2146
30558
28625
16050
20498
28123
31475
19392
11983
3122
2951
1409
13397
894
11590
11159
14675
17157
26225
28438
7964
2331
5405
10888
14239
31555
14031
23349
27033
2456
20040
16289
25865
8555
23458
16213
31717
29486
6812
32738
29451
20368
31539
19236
24442
24554
2162
10948
25538
15834
12682
23808
25017
11821
10533
1711
29808
771
20216
18047
18021
26925
22423
3458
6138
9434
9870
24809
2598
371
3757
26895
363
30915
27811
29113
13576
21851
20431
16284
15983
21557
9554
24351
15609
2455
6505
20579
25049
3386
8954
13440
30799
12716
28012
24594
15902
19187
5308
30453
8255
18547
26573
30028
12247
9746
9472
18888
25447
30873
25861
25895
30786
6493
10225
25338
2117
13600
14480
12204
10178
16946
23036
20416
8125
8667
29550
11354
6235
28926
11861
2305
18327
19446
15013
1699
30775
2500
11634
22489
31998
12908
11709
2669
25636
13468
25486
2586
32515
7823
23875
16530
4627
24113
24359
30406
16664
19588
20806
23393
2970
2114
16256
21141
28054
25540
8157
29467
30835
27170
21280
21621
30775
16284
5023
4727
30971
24888
18001
10757
16541
1965
25129
4894
4276
12672
24994
15386
17609
6253
29340
18991
8388
5640
22630
17210
25508
15268
13340
1212
29299
8564
10035
11299
12153
12528
1106
21580
20913
28282
611
19525
20601
1602
9707
11095
14221
8295
21654
26180
30518
16479
18199
18893
1215
13208
19758
32375
24361
21343
6154
31119
19488
7682
32466
32620
24877
27441
29055
6900
11564
16298
3564
11874
5633
1046
2864
326
16007
9005
28459
28620
2249
21281
16991
8002
2165
3642
13825
23509
31117
32445
28752
923
3936
25107
29478
8919
12217
10023
20685
9592
28246
19472
8979
16866
23707
16112
30881
241
392
17948
11400
1851
3561
13181
23581
918
8396
26422
28423
26331
12344
25990
26006
18665
27164
1008
24919
7916
8582
29082
7141
9951
7189
7924
16385
11343
21425
18585
22757
2658
121
10618
19414
3865
32509
6201
4089
9170
26286
5075
6247
24337
25747
898
9347
25471
11837
11746
27276
12339
8444
11090
20590
17969
24915
22429
9950
18224
3754
1754
6821
29089
24387
400
20540
7660
14447
3102
23962
8445
5890
32090
5706
14335
23556
10361
24000
24935
20905
7727
29677
18229
31875
2326
28689
7798
3319
10580
24017
8206
1262
13177
12425
32436
26060
5798
227
32318
31398
28148
18601
4127
4784
8467
4311
6446
16372
30770
17909
17577
28234
10015
9891
2169
26244
5040
118
16055
4585
23393
12034
30832
4581
23614
4408
28069
32766
17668
26867
11926
27146
28803
22733
31297
24223
4166
29751
24101
7628
27254
5577
843
16902
12028
28630
19591
30053
10214
2884
10748
1809
18700
10394
17886
29943
25331
14171
28284
15808
31985
22419
24957
3843
6802
6575
23657
9145
28731
28817
5740
26354
19213
2532
1879
11975
12300
173
8168
9104
30337
7715
22347
10071
24989
7361
12768
20876
32094
8601
9535
21241
17079
24555
32122
22009
18155
6902
10146
12005
31290
31246
1420
28880
14783
25327
11988
14964
14489
20049
17187
20331
1097
19133
12718
20899
10331
8606
6655
12044
13641
21147
10744
6035
11932
22820
7445
3924
9300
28747
16625
28939
31626
18646
8972
29900
10836
26002
19403
3829
27369
4586
10944
15200
10757
9911
6188
2269
13455
4442
4034
30943
26746
20745
2222
1909
27881
24166
3798
28540
13718
12630
352
32532
21876
22800
6772
4176
25747
23156
9283
31282
32068
18591
32584
3542
5247
19388
24013
29677
12673
2588
22706
32365
18617
10122
16746
17031
15845
20184
21830
3802
20857
31166
13814
4582
32064
27365
19277
17603
1093
3646
29252
28178
14836
13208
7490
20789
17533
22386
18842
23995
24185
28173
28245
29470
23504
25798
18483
3249
30170
19875
9964
27092
8900
26924
8123
1642
31798
636
18717
30605
31026
20887
25559
128
32576
22526
5430
29668
3784
27521
5786
13615
3775
25429
32310
28251
31621
7014
1297
19931
32014
16878
28240
24787
10305
9031
29624
23944
28573
26622
23407
29206
1826
31016
6914
27489
16239
32505
11180
18509
7208
11666
29654
3378
10650
21531
27098
27530
21922
25106
21516
4589
20426
22242
18939
14400
13494
20408
23284
15401
2239
10130
32200
25029
17885
23961
11727
3230
202
13744
22829
1239
26980
18253
1108
7338
10836
28295
18123
18965
27629
21361
1325
2255
32342
31655
3188
6273
28396
6694
29303
27443
3298
4449
24498
22532
8490
23441
9798
26143
23961
19788
19008
17386
18246
26201
24350
16001
8243
9411
24208
19810
5167
3628
23675
1642
11514
25444
15427
3584
20907
12858
19274
22416
21839
14738
25780
19003
22739
21432
622
7628
1060
23284
24430
1006
23188
15455
3900
29085
11904
11508
11953
7387
30767
13546
4606
676
5118
1346
5105
2339
11194
19356
27252
4646
20302
30798
9303
4560
158
10935
13391
32141
14002
14289
11582
10059
7191
32518
5044
22760
3202
325
26806
17382
5559
28244
20927
6502
32681
7272
517
24148
8163
7667
18685
20447
31782
27069
27169
27692
84
18742
8689
29515
19340
267
31800
29802
22679
26615
24464
15176
1411
24540
29224
12781
16013
25874
15301
2713
20549
10238
10503
17914
9452
25831
21486
27041
28961
28166
13724
31415
5053
7132
9565
4332
11515
6089
18660
5553
12508
13529
23000
935
30921
19169
25743
14935
6266
18379
25625
14883
31256
27438
24448
23676
1438
24610
27726
23638
22405
10578
14928
17113
19104
4946
3226
3162
22853
8499
17355
6537
6573
10069
23954
16620
22941
2173
3441
5260
7494
18727
21185
12270
1387
27934
12279
8772
24769
21321
26405
18661
27803
968
24516
11771
2246
9280
6576
16251
25266
1650
20852
29275
23507
1299
14792
9727
12103
8919
28248
23540
6841
8144
967
6112
3717
30966
22772
31673
10525
1543
3452
29750
427
10641
16768
2435
1528
18252
680
10297
28556
29870
2663
30349
5143
6074
12673
2504
5391
26649
15563
4087
12955
1643
26418
16867
17840
7647
19711
12611
9593
17409
7258
18225
31741
2772
12044
1755
19964
31009
29065
26747
14873
23822
15149
24713
13119
11506
31686
26414
14909
27240
25171
5117
23219
15267
24843
8670
28466
12033
12961
28490
28831
23778
17607
20158
21720
23482
11249
15209
16538
14949
1115
17960
4259
29883
25677
20149
32275
5733
17310
23836
25112
32751
31863
12142
23754
541
18777
20408
25428
17283
25697
17974
31061
9296
11211
15301
6534
5227
28598
8343
4508
4033
19750
11050
21872
13533
14927
17275
3421
10681
10257
11895
25577
17107
23743
3506
22184
8324
27684
1883
3678
13965
28872
10864
612
29171
27247
25390
27469
28942
26083
5068
18632
476
20979
9576
32456
23195
9660
9538
19939
16534
15399
16936
11000
4415
2227
15921
14869
24958
2421
10414
28824
10057
6749
29790
8852
8565
3514
15841
32630
29131
11776
22127
16872
7519
3273
26314
5877
26397
17179
15985
110
14501
1769
8983
13965
3417
14812
13395
19673
5043
21843
14233
7753
30941
22440
24681
17580
4731
5813
26822
8008
23243
7062
3562
11458
29425
27569
17720
15422
8076
25332
15730
14790
29581
862
44
6640
7497
24001
18305
10427
2509
30662
23556
16315
21105
21297
3833
10102
10416
31334
9414
10253
13366
13868
17316
3359
5947
20658
15002
8426
3344
2512
13484
25267
22263
8334
11344
31848
27448
5610
13089
15237
6769
3286
25047
4404
7982
27521
1143
23992
19385
8663
22215
2827
18996
14667
25861
15046
8932
4564
25816
2882
31952
28725
6791
14333
19595
16770
7785
6463
25934
14304
5789
18173
8265
9356
14586
25341
3643
13087
10569
20027
26433
27152
1970
19852
11499
5242
17269
24961
12949
31007
1499
21902
32757
686
18795
19051
16880
15681
29024
16315
15794
19754
30043
24812
31229
17135
30038
6494
4801
28819
18905
13255
27374
9239
25712
2262
12422
27457
5212
278
26358
17564
905
28182
27558
25024
32704
32455
10447
24275
25630
21285
27277
4944
14021
29465
2613
24583
20177
11422
25576
7782
5774
7460
19048
5366
15848
27185
27947
5416
28962
27982
25774
9810
26571
22305
22796
25077
24558
3543
30415
25921
22922
19141
9734
31707
9793
15182
14232
26589
8532
10503
31959
27423
9167
27929
32088
30133
2305
13031
16131
7608
22319
19953
21606
17482
24714
9976
9550
3028
28765
1124
9625
914
22667
12770
28230
11346
29497
19281
27854
14968
27848
11999
7351
14662
27142
23151
32614
29530
24229
14399
17973
17528
10220
7879
25285
14474
16300
2020
29078
7141
7030
17205
13012
24782
3083
10181
1396
32317
12564
2283
6272
11233
21779
29295
18095
8035
17818
28654
20537
12015
31675
25472
26345
31985
10431
12183
16500
4380
31514
14379
8969
689
12191
32532
8233
6142
17137
24503
29113
32549
22330
11748
11606
1054
8735
15359
16872
26623
30451
3166
29562
15739
16682
12787
18761
28329
785
9259
8730
20487
11453
2581
25297
25791
24385
16583
29504
14377
28709
8446
32061
28816
16659
18436
8695
32569
16338
26583
6538
4513
8825
25223
28880
10247
13276
13536
22906
29994
17483
29769
16480
27476
4732
25580
7702
6807
16581
25879
13760
17495
10894
18146
13863
18441
11783
14611
28940
19769
15894
26174
7356
20178
20628
31025
21476
27546
31928
4495
18343
8188
24019
27578
22510
19722
3646
16374
1535
12482
20113
7372
30034
13200
11542
16557
28319
12053
16766
14040
6460
4647
20690
15230
24230
1561
28076
11043
11358
31036
26790
327
2038
12965
9491
10822
10603
21297
9709
11389
4021
26567
26383
27822
17309
28893
22180
4517
15567
830
736
19228
7472
26122
20462
32733
13937
20990
18985
10022
3557
13813
26766
20817
21135
9391
21361
9140
31104
20434
880
19399
29792
13358
19622
11652
13898
23365
10785
20756
31453
22027
23957
21415
911
21738
14161
24484
16197
265
6771
28674
4129
31438
4440
25333
9115
8610
1623
8142
4308
2292
29871
21532
12582
16000
9661
3096
26368
17873
20083
10816
18161
27908
8453
577
22274
24272
9957
6938
22601
5571
30450
23679
20155
5326
7149
11131
15170
2308
16172
14938
15376
14495
27538
4038
1842
25412
31934
2352
29544
30600
3715
23666
820
16818
152
23730
9777
30658
25233
1673
9382
18099
23566
5988
26971
17662
25907
13355
7595
28255
25432
25377
19419
3291
32257
23820
31658
13058
16400
31125
32041
11122
22841
15089
21965
412
5047
15553
963
1995
21053
2615
2947
32354
10800
8059
936
16484
28179
6733
4863
6458
15427
24043
5342
10161
26084
11829
22455
29251
16923
1551
10732
4247
16765
11527
10469
3659
21960
20536
1633
27376
465
8813
14345
23382
9662
18314
17739
12298
23413
3880
10085
1310
30549
17024
28608
7976
291
2442
10368
6541
14663
11110
9049
18944
32312
11770
10916
32069
9781
6365
18610
28987
8502
24435
6496
12313
30498
13914
23019
12536
30274
22533
11014
24978
9718
31911
14634
32073
20902
2387
16174
21867
16380
14945
5911
28340
27216
19731
19761
6164
18532
27769
26975
24243
1106
26001
25263
819
10946
26291
28977
21557
11104
20012
12810
4638
15758
19498
20932
16411
32085
23512
12520
1634
21666
22473
14031
2491
1199
11674
18101
23615
25535
29907
2831
27488
8974
27919
2846
3882
12552
10077
16069
7881
3001
24293
5272
11850
6021
17615
7733
22950
19993
17248
22231
16636
22945
31846
14376
6686
28731
1751
4439
31567
940
12213
21611
17227
6483
16948
19927
17032
24155
6943
31310
2492
19508
2936
28376
415
28995
20063
1830
12274
12760
5684
20002
19904
5473
29952
21707
4836
29662
9233
27456
23243
6037
28389
28698
1659
9991
17738
10751
16340
27426
14530
24437
534
17848
26924
8435
2980
27696
9377
31038
7432
14972
16029
30707
10550
12875
25183
19039
23317
31359
25746
22167
5179
29409
22572
3269
18680
12307
27287
25281
23959
29639
19215
11745
26848
29999
8523
20241
32738
3508
22367
25894
28399
7659
15073
31087
999
16069
14666
23181
19898
4870
15264
6533
29992
19704
25938
23828
4811
15456
14948
32579
9816
30897
28875
10554
4898
31616
28955
24921
17887
16184
19039
16261
26543
13839
7496
15296
16986
11576
17035
19197
14809
28762
12420
15922
32537
16706
25631
6062
24571
30677
20728
19117
22687
24136
7361
6442
18914
7571
10725
1012
31013
20002
13674
260
15697
206
3100
27662
32023
21517
6888
25942
25213
26981
24198
4805
26518
20263
30299
30524
8336
12889
24221
21544
26357
27892
5560
18775
18986
17488
12528
9994
26940
27612
9288
9803
6619
8210
16803
31616
167
28074
13098
30529
32427
30990
29933
10599
6183
23055
4557
14949
14483
24534
10137
28380
30688
20765
30327
2409
17665
31903
32646
32450
6570
11724
30401
12289
7000
22978
3111
7999
19857
6265
20505
21093
14701
15933
14083
22591
11861
10594
62
9170
11
6195
1077
12784
26090
6955
11719
11529
24432
30568
8941
836
16889
3420
24733
8910
21453
6086
19950
20594
6237
22240
2684
19563
12746
31706
31758
14710
31655
26760
24438
31275
17152
5976
24761
30860
16283
16262
32368
3039
12925
2451
15470
28857
19888
26611
27043
1884
18756
26630
32064
19522
18836
3913
20252
16122
31435
6350
12119
11059
1446
9961
8509
2071
16763
15661
15725
25050
18298
5782
32570
402
19251
11272
337
18249
23640
32504
28060
27216
30148
31849
9319
5079
32189
3099
24258
1979
7030
8191
20518
20383
1496
22509
2907
7230
12162
3481
11928
20735
29711
23748
6893
28107
10903
31663
15070
19227
16760
30677
7249
23637
18262
10969
25002
27736
1376
31678
20020
2133
3797
16470
29123
3298
27079
21245
14231
2377
13600
12423
23684
27942
28642
12918
4176
13361
17843
14704
18013
1112
1176
23537
31111
29201
8193
27966
26448
24302
25862
28826
1595
9841
17392
19643
15221
3363
21243
21375
5050
9696
28250
29148
887
8565
6524
7189
29228
15469
1422
18996
5397
16167
24897
6324
23817
17452
21965
24958
31650
14528
21814
24855
17310
19383
7629
15383
26757
16010
5883
30941
24972
19626
27450
16769
29626
7444
868
522
10057
29222
18224
14049
11343
2993
18169
32646
29342
28495
12994
18818
30952
2807
17016
10141
5927
26062
29558
10576
18491
21312
16207
18045
14037
23632
12231
13150
4501
21292
29730
12476
27247
17669
23458
11361
9555
15901
22859
17871
14861
5154
29929
2866
19818
10938
19796
660
26012
26207
4083
21328
15839
16749
2431
9161
32093
14201
13321
32603
21839
31461
26175
22674
19046
10417
2027
31642
11625
28308
28604
1271
1823
22348
20041
12406
31599
12594
19027
5220
26566
17169
12874
7421
16569
17208
26387
23591
29420
17614
25609
353
19250
3942
2114
3574
10741
5331
1299
6518
1497
31038
5590
14950
412
24950
25834
26423
6465
31622
16892
25461
10861
30093
3461
3393
23569
22218
32148
7937
10569
28407
8142
14678
4996
20440
15539
18767
16358
1299
35
7900
1002
32322
2848
18309
9548
24391
21205
347
20774
10975
28887
23087
3673
31611
18604
20227
12078
15947
9866
32702
1597
9371
15200
19236
25230
16226
6683
26372
5887
31000
6690
18611
4325
25033
17186
29114
16886
360
9745
29900
24935
9317
18285
18171
18513
22145
32453
12587
27993
32738
28539
30150
17296
22626
32456
32433
152
9517
27392
10111
3593
29835
26648
30693
10770
19450
25957
25198
31588
31872
24742
23408
7243
4415
27205
23615
24862
3146
16090
9888
24026
26039
6641
23681
28426
246
9741
16359
18922
3169
11757
12071
22475
32531
29453
12633
24761
10494
19824
9994
18780
2360
30877
29489
26652
24214
12776
12388
13704
9852
3058
17996
23545
32243
7027
29527
27250
6396
24887
7852
11979
17445
5479
1636
31503
9305
14346
7671
23074
10492
2763
12532
30631
25656
22525
7670
16160
15761
10972
15827
30295
12992
23830
19222
22270
6846
7562
23984
27538
7967
21583
20202
13189
24481
2040
6558
21147
29701
10262
2727
20373
16413
24831
21910
9741
20007
23758
24998
12193
9049
5547
25331
10323
17085
7501
5094
21040
21055
32188
8948
31792
5637
5980
10376
28766
13822
8231
14653
3384
446
10298
26705
3673
9865
18323
20055
18517
2989
22809
26667
23525
18709
26332
25131
9284
27676
11167
9124
25816
32415
19860
11915
31253
1110
13926
10094
4511
25188
11388
6569
11694
25900
4477
19421
30647
22631
27151
14494
9801
25971
4837
32620
31285
11246
18168
25061
5873
18564
23316
8504
14910
15877
21143
20445
5897
29883
12662
27524
22415
17402
12160
21323
2757
14840
12519
28211
247
5599
10236
5589
23471
10273
17466
6481
21720
3340
4742
27784
291
30110
29365
22411
4522
29338
1615
14930
22740
30171
31890
14514
5752
32233
24506
25225
20293
8138
18304
11324
13153
25371
5345
19299
22608
9311
6944
19394
18968
29078
23054
28796
14242
5394
11657
13699
15972
17030
5699
1363
6461
6752
32709
30432
13984
30552
10163
10188
31221
14921
2641
1758
11324
2112
30790
8880
24564
11987
14752
20647
19515
8885
25113
16424
25398
19591
15000
19977
10163
6128
25595
11334
1549
30959
5908
12790
13392
23408
9713
26493
23966
12574
8801
8962
7378
4473
19891
18724
2658
8232
13761
1512
24970
11664
9006
4598
167
17829
15595
22534
18657
8448
1280
3733
8460
11315
4745
6620
8144
6489
11518
18946
8456
12273
11448
18833
19049
20204
17585
20519
17252
21764
6540
28014
9293
25424
18901
77
24764
11797
19337
11872
12596
20448
17113
28582
16386
21201
13867
634
7528
25658
17250
23493
16123
26217
14943
26481
3658
21697
16583
11553
19136
11792
25351
11551
17100
22812
13974
2453
10302
14207
29050
20481
1013
23221
6926
30435
3255
3956
14850
25528
25952
13115
9123
3372
1599
2094
20573
3468
21949
31521
22910
14714
13375
4083
1084
3812
32590
26653
32250
4151
20470
6026
11719
24527
30827
15274
16168
12211
1267
2242
18967
22911
17407
16774
15435
12961
6555
19689
26554
28872
8713
24116
23133
12954
26537
25429
25395
166
12317
11642
26760
23193
9385
2015
29559
9396
23008
12516
5294
2429
31357
26979
1649
9141
6543
3648
12258
1163
28633
28738
28031
27151
2168
24097
17132
14825
8390
5344
23027
5195
16255
2652
29385
4900
18210
17958
10642
2455
1946
15502
13608
22443
4894
24576
792
9796
23126
23700
21742
8018
21439
12768
17075
30280
12880
7953
18099
21712
28510
5434
13956
32700
11197
9195
19779
18496
11304
5126
11041
7519
29922
9422
28190
20900
18590
8001
18453
26898
3741
13224
13817
861
25622
21868
15454
13915
23770
2347
19771
27829
14136
22795
15086
7394
1822
25422
23680
27734
7298
14119
18219
4854
10496
29644
16665
4816
26821
24013
20847
6153
21163
24228
4490
5398
5029
8845
9096
28463
22878
18584
29195
20225
12317
22780
7481
27044
30700
30126
14600
21964
13561
31026
16568
16707
16188
30642
25505
6807
5466
22093
3886
784
22218
27825
23082
7396
10550
25836
13626
2478
3364
19839
1195
11549
26069
4532
1902
2025
14445
19506
12129
16140
26197
10191
20177
9006
26334
17061
16188
19553
17447
18280
25947
7694
24384
12535
13919
18223
16271
27696
8828
4799
29043
19465
2212
7279
14376
988
6037
15771
5867
7171
16405
18044
30046
5285
7292
22431
25389
10959
29044
28566
16114
29639
11261
237
17494
17053
180
9312
17785
3074
4180
15178
5013
15453
13693
5729
23262
13340
24500
29857
30124
24136
8108
28294
31451
5469
18627
8574
2930
19032
19408
12190
9092
8721
12060
26516
29268
31947
18350
10461
32188
7178
6092
22584
5328
23205
30398
30810
21950
11035
26069
15075
19193
20522
13996
7569
25494
926
26286
26547
19190
32616
21464
7137
25509
7407
11968
12779
27010
32427
19927
11535
32544
30703
17899
25199
10861
9990
27632
962
1169
30082
9215
16969
8473
29393
8607
7684
28757
15633
32068
13607
8446
27685
17173
10184
17692
13065
24306
25562
15911
11106
2486
27998
13421
32602
7097
30424
7603
26026
26778
24064
5919
9208
2107
24763
5718
2916
12556
7753
13793
9054
1933
14528
8405
30394
1806
10937
25011
14086
26553
9545
6285
10779
9683
2611
23658
5618
3647
22107
19436
7865
29764
4222
4400
19238
29840
4129
23798
8972
27004
12487
7426
7212
29841
17767
29122
18765
16715
24605
10032
32655
25886
16928
13562
26108
183
2036
2528
9056
1668
26081
9822
7770
19062
2211
19084
948
16134
28259
15170
1776
886
19430
25215
4387
10073
20997
20236
20999
18261
26461
22364
26443
26408
10823
25527
3629
11497
20235
9112
4939
24976
11856
12883
29878
23225
6103
28410
27209
12709
15721
2946
18489
27522
18958
5922
28652
30444
31104
2044
17167
8883
17375
2047
19683
29151
29094
2316
5591
28913
11230
25687
21852
28780
23698
2321
30197
18580
29570
32324
8077
2678
25371
15358
15374
16936
27047
8113
10799
11858
31426
32730
4750
4333
23821
8929
4862
32075
20518
7488
13346
18264
20183
23272
23867
30751
16781
22496
14910
27536
13580
19504
18474
31616
26978
20221
31640
23537
19737
13557
13715
3220
14513
11758
31403
908
32334
26057
8261
30069
8621
11421
25653
24229
19548
27154
8847
12721
21035
24586
7609
20275
23006
135
3269
10955
32292
23241
25598
16740
31437
25526
3009
17593
14903
7551
31119
8215
22281
25217
24415
14948
26148
22377
25913
6496
7383
18588
8448
18987
10066
30422
16528
13064
17246
5904
6665
12896
29515
2472
5737
12042
23849
3260
10849
32201
10811
28118
20833
16406
31400
32463
16118
8224
16756
20973
14933
3602
7343
335
22584
25236
32236
1419
1768
2708
14069
24469
8347
8262
16061
6627
30721
5481
17046
25806
4890
21197
22436
21052
2122
28946
24722
29820
12719
28338
31619
25713
10930
1858
3148
29427
19420
4084
14048
2418
6380
32097
24075
32220
21798
30341
31332
24001
12781
6411
23933
29878
19348
21195
13660
4599
26738
29842
25647
20816
11828
25121
59
27453
16759
888
4118
20560
919
23380
22294
5075
25281
26358
17929
27055
28752
11046
25638
15244
12630
4728
17476
6458
23928
206
23114
2127
0
16414
17639
30482
12077
10869
24451
22168
19917
13628
12405
8237
2830
16827
1910
18934
5266
22235
24661
28372
11969
10288
24045
11658
10083
3638
29013
803
22126
21467
342
9358
8476
32062
9762
7052
13121
27575
19778
10956
25308
791
22993
15699
29164
13361
5352
25890
8837
4249
601
11539
20770
19371
28064
16901
2365
19663
17174
14136
18461
14076
2408
27130
25072
2427
3912
18564
15641
15854
8546
31
22475
1936
23698
22155
19415
6078
28756
12960
17602
2999
25980
6198
7195
26528
15655
6979
4107
17099
31729
3651
18478
2360
30056
28637
7329
30300
27585
23491
21341
11554
22474
730
18371
4400
27936
28315
12407
17771
11938
5049
30578
29629
10021
30723
22611
16918
6762
28557
14582
6320
16973
13578
28744
7576
27710
24957
28506
2410
2805
1809
180
14683
4194
29508
4587
8829
9187
23627
15222
2623
2234
32178
31421
10291
18622
26692
21107
5397
30544
2346
17702
11016
8337
11351
24084
15138
14547
32291
15425
15403
8269
20533
21446
22178
3858
9639
22892
29185
32068
19045
3193
10051
23428
31190
21194
15522
12206
22719
23330
3749
27075
18020
14786
2650
1319
18672
13114
7392
18957
6422
10622
15401
17199
4345
24380
27902
15298
585
1389
27204
22953
14255
18219
20861
10217
9580
18370
30866
9565
3389
18185
20687
11179
6529
24563
31535
17014
13213
5473
29146
13013
6560
8506
27372
28420
30499
14782
22648
8794
1396
16663
10701
32123
30451
4913
12791
4815
12731
26060
22409
22323
7557
28368
29082
6894
2250
17632
30222
3814
26920
11825
23831
10772
31495
20893
24058
821
1148
32243
26903
29378
16238
31634
804
4387
12023
7222
26041
25888
25612
32017
2321
22168
30049
12062
31503
14709
11911
14770
10111
1247
14935
11092
30111
2736
19604
11470
24285
17192
3788
19076
25315
227
21631
26629
31953
8455
23172
4576
32201
3010
5543
8633
28849
6388
21655
26779
27444
11560
14592
21392
28682
8905
19444
15983
18042
21395
12687
26870
27421
22087
16347
16920
32228
17571
31985
32152
20828
7569
18529
10199
32561
6047
13268
11243
9714
30639
20208
32752
13331
16367
27260
27555
25656
19212
5829
7469
20145
10147
24896
60
13376
18425
5488
2904
26147
23019
1290
30581
28494
23336
7000
5572
25337
15773
16347
14287
29786
12337
19508
24005
15284
24499
6469
7954
19600
17424
26515
307
330
19914
9966
12489
8144
1957
24917
20716
15271
164
19732
21697
31023
4659
18991
5967
5671
22182
20227
9614
23411
25570
2091
28353
23581
7770
12193
20230
9627
14398
24357
10284
17744
12526
25059
31940
18261
26805
18768
16763
4728
7348
18773
22695
17797
24348
8111
27679
31173
24481
2710
6480
3781
6187
4764
9101
25432
12750
11225
8359
8159
13820
29253
21438
30152
24569
1381
10838
30805
8848
18218
4013
29343
13829
534
2637
24282
16970
15008
22493
25306
31093
12250
31548
30166
13938
20305
28881
4973
29685
8244
32028
8166
12211
27065
18833
25020
3538
6333
17319
13402
20638
10411
29228
22563
30845
5022
13531
949
8229
3530
8752
6767
26892
4120
30587
11313
3104
30224
20276
8802
25273
13052
4494
15928
31692
25162
21326
19507
4449
14131
5854
12523
29255
3994
9117
13068
13318
11831
26490
9887
16661
24564
5825
23947
5965
4247
32308
347
19102
4770
15198
14913
8193
7799
20260
18267
21677
19648
16029
27702
25998
4110
13860
22417
27379
29120
25259
26467
23687
5671
30034
28191
20866
19432
1336
23862
4384
10913
17296
30941
1875
1231
13816
30994
29108
12527
27399
15321
22720
28131
23845
27852
10561
26264
30624
17874
522
6374
29180
19759
2535
9143
30090
13501
25044
16492
16700
15992
1901
27516
16311
19008
15270
94
17322
28891
16828
19626
24158
20538
2668
24187
1167
27901
8034
4631
30075
19769
25332
8914
6200
12408
30736
17199
17226
2305
26227
73
8821
6746
20252
29809
11984
24844
17665
3353
27931
10150
7680
26609
26194
27908
20504
2895
3714
32721
11993
32212
3548
29515
7449
333
8200
20806
1769
29911
32188
11636
14280
8775
1164
32227
24854
31432
4356
23751
25803
1734
16116
6010
14440
3339
1035
11969
29742
13608
22695
11345
25230
10519
25324
29074
9186
31262
22548
25506
14938
19702
2053
6301
4665
4397
18217
27164
23105
18377
10874
4347
16491
7470
18908
11872
26332
23106
31920
26104
9493
28878
17574
28036
26986
10024
23250
13717
20149
9999
4867
3987
14923
29654
2384
29956
5679
3013
19955
21515
31622
14524
859
1327
24907
21529
8828
20062
9028
476
22890
5938
30005
9993
14374
12915
5715
8014
8119
24796
22779
30182
10109
28962
21156
9661
27843
8498
18451
9429
147
9402
10702
16104
26574
29932
13522
847
24956
19839
2952
18978
26464
31478
23286
5281
7375
24100
24626
19666
8131
18672
25117
10348
28716
6230
29517
13044
24966
12206
4171
17190
19120
14641
28159
24470
26620
20409
3176
22167
9091
30152
24977
3420
14267
32204
12480
19037
24651
18337
25072
32508
3357
30552
28033
21609
19381
2359
12335
32707
23234
26368
15169
8576
7155
25207
29954
13326
22540
14622
7541
19898
2361
1347
2885
14802
8098
16444
13563
11526
29759
14834
23155
6420
24046
10652
25233
25509
7363
15309
16688
1137
3999
16817
31067
20138
26628
26003
4032
27032
20519
2211
353
15489
14151
11767
4749
20939
14398
5839
2575
30052
20054
29725
11429
4706
19549
20805
3252
5095
18940
7201
569
19784
31556
28232
24323
11630
9866
31632
13088
16764
11381
18897
13717
19121
22101
5612
9554
27537
24246
2572
13924
12351
26678
10540
24429
30254
22163
5082
6993
30456
15880
2618
29491
31374
23770
20301
25760
29842
21294
20851
30729
4353
3357
15407
7031
29717
4874
22315
5498
12650
13363
22140
9314
15967
16263
38
7602
25535
16056
19171
8658
29345
26512
23072
14340
16524
14216
31561
26265
11999
28055
2118
7013
16752
22088
21318
30832
2164
7695
32699
22766
24991
7645
27813
8818
21644
22002
5140
13918
3678
2803
1000
6046
16552
14652
21468
6294
26506
21111
15555
9560
15133
31085
13585
32283
20497
12317
13980
30185
11157
11275
4516
2455
20087
17627
28945
25338
31629
12574
29693
7256
15699
1388
114
22557
28373
10675
13173
207
19408
14542
4675
17732
19476
32346
24794
9491
20012
1733
16827
8520
21825
30119
751
25948
24124
5718
15432
31844
4139
23221
8937
26248
19430
15436
13832
8887
24306
13214
10483
153
23973
14774
11857
20165
26763
2052
2219
14645
24841
2663
1067
27638
20800
14219
15779
20004
2868
17269
23248
26902
17198
24668
6113
20438
10591
443
20019
6868
18117
21924
22623
19419
8531
26711
30582
11843
27468
9747
7563
1897
16880
12076
16754
11100
16218
12894
8136
18905
25513
16737
3379
1914
6494
21437
15851
14122
22789
27616
9850
18396
12312
4718
22976
14973
12064
7128
2105
13350
797
27696
1155
151
15912
11580
28954
6369
4951
10953
31591
610
2529
18753
18425
6646
27522
19072
29714
8044
29217
21732
20581
5431
30897
28835
14622
18534
13141
28514
12067
5335
12999
29187
5785
14759
14074
190
16043
20972
5374
26995
5766
17831
13349
22590
13224
18164
26212
24141
3419
12164
8187
23278
4476
21069
21080
31468
30337
5504
28217
16924
28347
26812
20754
21299
8407
27521
8622
27098
2475
22503
24600
15109
11056
1424
11452
12160
11466
6363
2762
11466
20688
12890
8667
24615
25416
12935
17111
16369
1522
26034
13334
14127
32137
11326
2245
12137
25669
29453
1932
27834
26020
4153
25709
28710
26474
22533
20976
21550
17382
32275
11645
22434
31096
5847
19209
2743
29520
19787
9205
21081
20344
8420
27954
13762
17941
16325
22698
10828
5610
20788
1499
20867
6685
17482
26053
23935
27966
30446
5639
3953
15749
18692
30533
1147
13915
28641
716
17605
8988
7682
9081
18637
12060
21246
5591
26878
26344
26554
4999
27525
24270
10972
19941
9312
8863
8578
31720
23479
21171
16435
32586
28272
4654
12310
25833
23806
10882
29793
17518
15481
2101
1045
17196
15860
29925
11241
15947
16395
12937
19587
24613
7867
23545
18670
9456
13687
11953
14665
4766
18295
8657
13756
10241
16980
28265
19889
18227
3794
27892
32576
7989
25596
27682
17130
22742
20599
25819
32651
2774
28176
12160
31370
14668
29591
7796
6227
25669
6384
8667
263
27054
359
22689
32113
15988
8260
12990
8253
17129
19359
2233
3940
13930
29046
19563
491
3647
8957
14086
17869
13250
27189
6230
25142
28099
7616
11078
10737
31020
9972
5029
21028
5345
28206
26922
24891
1258
24937
29622
2594
20692
18703
31962
18359
16724
24334
23193
19583
24878
23599
5999
6807
1365
28580
23442
22510
8276
21727
31607
12978
25836
31659
20376
27144
31743
30325
14709
20224
20909
8938
31192
20936
15804
16584
15454
28448
2877
27373
31795
4621
9068
9909
9757
15826
24537
32130
7100
5148
18373
21660
31760
2941
15567
30524
21819
27163
23248
1763
9096
22698
3843
17904
16813
8599
10857
28786
11853
28806
29547
5947
19137
9727
31426
12598
30488
4964
14228
22266
12124
13095
11999
23710
3607
12601
10779
15823
22550
22470
16667
4129
30061
13343
15157
28579
31676
2040
2978
6582
11696
23251
27943
10783
5068
16316
24821
11866
4713
9015
5327
817
8443
13687
29802
12430
1687
17616
27161
14222
16306
7279
4778
1750
28972
15177
26762
2346
3213
30545
10800
572
2446
24814
32697
11713
22747
31404
9168
21706
29719
6450
5073
19794
12064
32628
2862
6163
11925
2857
19985
4255
10134
1408
1859
25515
19659
27662
15692
16302
3240
17931
8924
29611
1263
22975
18025
28746
20342
22071
25882
24366
3114
17724
25828
17539
19540
22918
14835
24278
17179
27948
15179
14634
24394
17503
10927
9032
12884
26712
29633
1110
18582
11919
26220
15275
22235
16430
28799
994
24869
13765
6810
3117
16043
6975
19534
15340
7966
28693
7040
21631
30000
30657
11022
25944
27223
28278
23734
18004
16334
30222
23091
3147
16606
20292
14760
11238
10843
13091
16706
16048
11121
24766
3609
7792
25505
13090
8792
19127
518
21385
7838
19637
27101
23504
10916
3408
68
32043
20767
20856
1858
32536
21224
20660
10760
10897
13658
6657
7798
30086
4091
15069
32737
650
23903
23711
18196
18637
21322
19465
916
30794
1557
7968
14889
28225
23379
27963
3225
19944
4020
19803
3767
4446
21545
3770
27804
9952
17992
24487
17973
28223
18419
22160
25598
10897
31284
4449
10508
15399
24428
24333
26193
14016
26797
10089
29468
10236
29284
1345
11999
8724
29755
18086
20533
24263
26685
18309
9507
3736
11579
23166
10398
10294
26735
13298
4430
19516
10848
2910
15762
4378
23301
26344
8388
19283
12589
17720
5566
9706
14623
6537
15005
7958
11901
19968
14789
15677
11630
16444
9253
4128
32507
27694
16572
21076
1210
14635
30043
16113
1962
7487
11437
28558
28255
2757
23926
22124
7775
23604
5912
10481
3275
12860
14171
20056
16962
30738
11629
9896
22018
520
28200
15842
9296
31328
32148
16255
17435
4194
12717
15897
32732
7596
4710
9065
21952
13770
31469
23665
17161
21510
24625
5626
24241
7041
24738
7489
1873
23939
311
14574
10306
23056
15286
3653
23042
28348
16944
26272
25049
10176
7114
26909
21692
26444
32452
7316
24945
5919
2995
17868
1524
6230
19985
30190
13338
25985
9720
23865
10612
6908
32555
13816
32374
22909
31062
23473
12504
14057
26007
25248
11581
12652
15676
17251
7187
22728
30159
28407
30138
8685
22096
24291
8680
6347
12737
30131
9804
25700
10984
17320
10353
20773
25936
942
18150
21878
18321
25742
3484
17552
13009
29285
2447
9102
21387
13397
16296
21703
28559
21114
2786
3420
21834
22560
9645
18701
20552
26163
25232
12369
18167
27126
22545
9381
26030
11256
985
26404
31469
19269
10516
3416
26855
30937
28183
14416
20541
1882
32069
16882
22541
8966
11571
21651
14123
17898
29706
8389
25262
15444
10797
9584
1455
19852
24604
15909
9805
23743
19353
27566
7156
5692
4105
2794
15072
31971
26140
28120
22748
27609
26288
2801
3920
24705
31987
14011
24186
8360
17352
7067
5628
4352
21101
25578
9879
20432
15450
19020
16694
26601
18540
1085
26414
12252
9026
15085
20420
10602
4328
1614
18160
30012
25010
7787
26976
11989
11883
14075
25024
17604
8111
14646
2873
8478
17558
20455
7479
13867
15507
31171
17520
17248
14491
5625
19746
26253
6025
7946
17051
19800
8641
2011
10239
6890
10259
28425
11846
21992
2531
7292
2948
29349
26247
32063
22381
19862
32241
4494
4376
10758
1166
305
12803
2314
28269
18953
29272
27832
30116
15593
8814
23444
24560
15527
15763
14411
18331
29554
6665
16804
27555
29285
23118
20147
19224
28509
928
6992
4038
5384
24001
14535
3092
6463
32760
30417
20524
3478
12120
22723
6748
7729
29252
27398
9916
13017
32051
3271
8722
9806
23729
495
17394
2015
167
24918
21546
6969
3291
13107
8029
2685
4794
21464
7917
32405
6230
28316
22558
4551
4267
9496
13945
20618
10534
13974
25967
15513
4200
15302
27967
1607
6727
19123
5914
28690
25877
5878
23684
4218
25637
25129
26109
26132
29580
20639
23777
29146
22821
30290
5261
19397
22232
12317
20163
26014
12827
7468
8016
28689
21688
19632
13035
5635
27345
29655
32097
549
8738
16379
4847
25289
28295
6426
12527
24565
30654
26758
14776
14262
5229
14301
10175
29879
30311
15420
15362
29458
27691
8624
27558
10086
23470
10989
20702
23594
23130
31043
8976
22849
1622
4301
31283
10702
1288
27884
24956
29769
19160
14579
32057
6355
4151
292
18429
2502
6112
28636
11005
4753
10846
27402
30138
195
27343
9701
30944
25445
26855
31455
18542
21645
5176
8660
26904
304
29872
5768
27882
25400
19555
17232
17197
25046
1674
17423
16270
19482
6092
21860
7293
25025
13245
17442
31956
24142
31653
28929
12473
14940
2690
15507
16837
5938
592
28537
2662
2200
32391
29398
23681
12521
4070
27908
31580
25450
9583
5766
27836
16602
1715
23358
25930
586
17231
7136
21563
26159
15287
9127
21040
29622
10034
9799
30555
2135
15142
23074
23780
25517
22422
702
19851
9605
23785
32631
27022
29237
3821
12913
16845
12591
10523
21457
11820
6613
2077
1325
25401
655
3213
14656
2831
9755
6912
17379
25978
21285
23875
9785
13147
14872
10468
27433
29006
19763
12020
10257
9611
26335
22796
30136
17674
10816
30606
30085
29675
21002
9517
14063
9492
24982
944
4405
23836
27701
13810
17743
7272
26308
15150
31780
13459
14208
3961
29949
3347
30748
13712
30778
6938
7697
3540
25156
4283
32054
7827
23234
1870
22672
12681
3088
10517
30059
27303
28396
7712
25769
15379
32371
16493
30299
23407
26701
23380
2958
7262
3364
31266
14951
21572
25946
2565
30835
11086
7675
21288
16184
32435
496
3358
24336
14393
886
4740
29751
16122
31183
30690
12834
25960
26423
2515
30994
30863
23322
30310
27114
21658
17540
9667
27709
8857
18649
1554
23212
9089
29382
20120
18799
11380
19831
32291
6961
14403
16395
6313
22561
12850
15685
26668
31558
24059
7044
17632
10770
277
10485
10384
2619
12597
20487
4414
10694
27670
24607
30474
11621
23670
20110
22869
14594
28769
960
10021
18076
9393
2229
1739
24402
10710
10421
16580
27325
17875
23360
20958
2179
6025
2629
26779
10281
7992
2196
20954
21289
12355
19604
6324
23877
12339
17209
23973
28442
18175
20273
10476
7928
25739
18526
15412
3057
16238
3977
10099
12080
12536
2645
9491
22413
4724
7025
336
862
32682
27410
4321
3215
8872
5025
31450
23285
27842
1712
22993
4319
24792
15923
30783
26094
21207
3565
11306
9255
16514
10536
5633
31559
10099
12457
18120
7766
31836
23779
4468
24447
10131
6251
2969
15903
10958
7852
322
6940
21547
29404
24608
1912
8819
17199
24040
24870
16031
3146
24054
12828
11931
4346
23094
1449
9547
31270
21316
10249
5068
13058
3026
1079
24572
21894
4939
5122
25660
15135
25525
5731
7284
1444
5852
14
9304
13451
30381
23111
27370
6749
27872
1015
16192
18023
5594
2303
6792
14003
31441
972
19273
26166
14129
15659
26092
2891
3390
32351
7802
6752
11771
18802
28583
24815
14411
27592
13072
19633
13143
7930
3777
13070
2095
11233
23546
11479
16052
17392
27443
23095
437
1223
18781
8935
11864
23046
27243
18082
29372
12639
23825
20953
16348
13552
27595
19111
4791
32719
20258
10759
22702
230
21803
30021
29485
1
8784
2994
7821
31013
28498
31900
16441
16932
26767
31101
24592
11886
4737
14451
20747
9514
22408
23280
19744
23941
8937
11443
2150
13642
11542
20215
32633
21940
23856
9194
1312
6784
25546
3680
21293
28485
29424
22985
8869
5896
14183
24160
3873
4619
30519
13734
18804
5607
31079
4879
23950
19418
6920
5371
4001
18786
13685
8679
5250
30475
14808
9701
10577
22917
9712
17481
20060
28921
13842
20902
10561
8861
30830
10745
21075
24711
9620
14115
4415
959
25143
15261
19696
3223
20016
13671
12975
15679
1221
27969
22671
17044
29228
1566
24328
24377
8779
8406
21986
19689
27842
26651
26708
18443
8747
6318
5230
31111
7840
22994
29108
13017
25982
31234
19212
12388
10857
25567
4058
22024
27537
24428
24681
6646
307
29565
14733
4547
18018
31597
902
21948
16135
17680
2088
11898
24359
19176
5177
16566
22372
24220
18459
11102
2759
22437
23466
19431
4540
6731
22888
7398
28254
2768
5336
25306
22005
16619
24615
6988
13245
3960
17681
25115
18666
13421
17667
16657
3560
17680
25725
7609
14567
10855
1467
14709
3479
16880
22164
30667
23088
30355
21922
24320
17846
26069
12963
1768
21371
25934
3615
27132
16357
31837
23628
19629
6769
9754
28462
12024
16632
28556
27650
31803
8242
17949
12253
27975
23928
2634
26513
20662
19918
15007
24272
11647
24096
19171
19092
29639
20684
31632
4797
12282
29793
17798
24316
29723
14246
11775
27377
27480
16095
5830
26000
19426
24139
24228
24521
6907
7665
26139
3688
30545
10909
19543
25402
23946
22565
30818
16753
6944
6384
17047
20809
25455
3769
21081
14060
15116
6289
1029
12435
11609
547
27428
24559
86
14396
17638
17095
23226
9867
28364
7906
4163
8869
13732
25895
2122
2123
4282
20483
29338
27376
7501
16651
16002
118
28224
8675
2089
10553
1042
19550
28706
14670
272
15846
4416
26381
28105
6687
2220
716
8643
16583
17460
23534
9324
31457
2790
30493
6739
786
29662
31187
4760
27979
16220
28447
18594
12712
17946
18854
11791
24216
29404
18152
20721
13887
31304
6084
29239
15128
17656
29246
24681
28639
16334
28801
27289
20142
1671
24864
32662
15206
7315
27809
19810
30032
10276
13372
29926
19460
25478
19936
9701
7050
14510
16759
14127
21440
15125
27499
3863
3835
29639
26729
28710
31729
13238
28261
32273
7895
24661
14046
3817
11718
28258
24163
7314
3171
32515
23894
27254
10943
21269
32240
13178
19324
2241
29573
29746
30002
22352
30473
9552
4880
15680
3284
31331
2247
21655
22434
30910
15779
16759
7390
31413
25339
28403
24096
29456
31180
3617
11252
1209
23457
2928
5597
17080
19126
28220
23449
11361
19804
22176
17319
14796
22687
3468
15111
3206
3623
23319
8769
6278
4444
5910
27560
22883
14286
10221
28384
26564
6355
25509
5534
791
16498
1855
17839
25478
2431
14408
11324
26662
25352
17582
20044
30066
1264
5330
650
6137
22490
990
14409
16211
5192
4697
12229
9561
23812
9977
1963
13718
22720
20920
17372
2296
3833
17705
12654
18891
3105
31245
19444
5096
4348
12578
2048
9514
20811
18235
9958
29218
1448
3989
30658
29452
21681
10345
10684
15617
22376
32190
5002
15214
15578
28289
5175
7620
20735
18391
28963
19825
27362
2738
21836
16
1537
12195
21963
14812
2807
23791
8098
21611
2904
17124
12980
23961
29917
4717
19989
25282
32705
16869
29060
31796
23658
5161
6198
11491
25676
5617
4310
27231
21003
1376
5833
24836
17631
22489
4278
18544
4925
21013
6214
23611
12468
26226
12072
19682
11029
19854
17753
15619
726
3349
29858
7888
25272
24791
5474
1470
31400
14878
4237
16509
483
18750
4853
20269
9310
17773
1480
2511
24421
26325
28762
2809
4482
18152
10021
13006
16800
6900
27663
22062
24944
31991
25579
28202
3852
14004
1345
23483
6619
17158
25682
5043
20148
31093
87
18163
20294
6151
30218
23263
30903
8024
15207
17935
7563
13549
18612
9543
5832
32710
21183
7338
28759
13106
31335
22826
13486
15336
5469
17987
7084
17234
29740
19433
8388
32044
18807
10431
17502
29518
5762
15497
31866
17350
16629
22244
6295
1322
13788
24117
7379
17709
15857
25311
22611
21871
26398
29369
15077
23194
10046
16575
11748
20906
7204
29959
29789
32652
3294
14583
22127
32491
4154
21430
7160
24647
31882
27360
6766
4167
1189
15230
23050
30800
9774
24373
5676
3414
19737
29117
7419
16626
20586
10901
21067
2229
11328
16117
22981
28605
7443
8197
11329
26245
58
26956
7287
17665
7600
4971
3799
13035
16151
16139
26805
27224
14333
11284
31401
2190
17247
12575
27190
24857
23147
18223
24233
1820
26762
32155
30020
230
158
27215
16540
22981
30600
27189
22336
1567
2030
17901
13723
19902
25403
3780
30492
12396
21479
18404
10900
30912
21752
12232
17887
28983
17097
15859
31942
28550
2314
10466
32548
10799
29192
2111
25160
3155
31534
26455
14747
31687
21196
23502
8834
17770
25368
29841
18310
9141
3699
5389
7859
5011
237
4255
26429
27507
15114
6731
10858
26780
14791
23728
17323
9921
24536
20027
13324
13782
1076
5532
17615
16930
18899
4726
15700
660
9398
24155
12349
24922
12329
23031
9167
4784
14917
6795
6554
3574
10424
19358
14684
7430
6857
22767
8995
30148
27798
29869
11442
4599
32672
19946
3622
14679
27786
2894
16857
29158
542
24072
7047
19076
13713
16650
23215
13246
26632
14454
15420
23272
9562
9555
20325
15211
16408
389
4562
23135
28363
6140
5888
24669
20092
3371
16102
1422
28282
19388
16345
1032
18775
10626
1965
1115
20276
22703
14365
14438
25918
31047
17004
6256
32377
24276
26189
30324
12733
24156
6145
23483
28926
14480
4543
25776
17872
29766
5208
3825
14121
15657
6939
11682
15465
6831
1782
30726
24985
4940
1247
26192
240
4070
13170
20662
13724
5000
19420
1224
27583
7002
20983
17664
12727
15057
4022
26266
11938
18467
24516
421
25121
11518
2920
26459
4445
12153
16300
21166
1352
18251
23998
1827
32294
21306
10902
20963
75
17111
8665
8464
24102
2153
28670
9557
9086
26407
22447
12737
17916
29098
1650
19925
16106
19617
7304
11739
29242
2503
27669
1402
1738
12050
13186
26760
5094
15917
22304
11807
18447
20521
24078
2547
27898
6512
13916
20450
27868
27130
1136
5581
15589
32195
425
10151
20746
12668
11843
459
32008
28544
23163
17811
26278
26891
19187
23590
27962
28582
31831
15249
10862
742
19009
538
28740
26198
32090
23504
26712
21426
1219
26215
14438
7510
24243
1859
20491
21749
29793
26579
17360
19086
27940
3104
22884
30620
15576
14246
10537
10894
29061
5218
30962
1654
1083
20524
13324
11013
12608
9287
9339
6327
7022
31543
20869
9547
16086
10450
10101
5238
30377
26778
19609
10456
6745
5706
18317
16687
30203
21679
23227
21963
8688
5817
14627
27202
32196
16082
30808
18276
21078
18542
25547
4465
24377
12260
5452
3722
22363
3196
30414
12646
4324
4297
4459
15430
27745
25913
19880
4139
14114
4330
2297
31814
3296
25791
9352
8624
31908
7348
28978
16219
29923
11118
7378
31305
15086
25623
1219
30203
29066
30312
4512
20781
29402
28935
78
23232
390
15892
15421
4856
5398
19966
12010
19687
17823
25756
10409
1065
6818
15481
18081
15058
16689
29807
31256
29605
27987
31607
5361
7303
27306
28351
32626
32051
8275
7677
31563
32302
3086
10756
6100
23550
30879
29076
15255
6807
29556
16503
26382
19734
17799
29897
5294
1457
29574
3736
23076
494
2354
23981
11998
26388
13317
16808
31693
8927
28951
12371
22633
17528
21058
30256
6390
24996
7812
25940
4614
23612
20902
26232
13632
7133
16155
8270
27487
4064
23595
10513
20350
3469
30033
30304
12178
24203
21217
32588
30264
5019
4333
17584
25009
28551
11882
13249
11306
32340
6031
5861
2369
11455
12158
2249
7366
29672
7462
7597
20158
27976
24424
14083
8366
25320
27768
13625
26646
12245
24711
31699
4667
1231
32671
31676
21801
25921
3790
14302
29177
28790
18566
30704
27728
19209
28740
7567
23336
15517
18800
20369
14035
21967
30084
28566
18492
12905
32113
3551
7537
11224
2623
20324
10078
4065
4339
31264
25819
12175
30133
7088
16106
23152
27186
32284
31289
6657
2880
24309
25071
16742
448
7328
4005
9566
10953
19953
29873
4215
2819
30716
2219
18302
4432
22055
16682
12858
27826
26756
14031
31834
31081
15454
7045
17067
2395
8978
26118
8334
3001
19232
22178
12714
22496
28546
14652
23518
8061
4413
2197
30073
19445
28469
22221
7086
19204
12357
7974
19778
3748
29583
25868
7560
17456
15121
17490
5007
1737
25722
22207
2458
4345
9275
4809
8400
12694
14048
1952
7477
2025
15521
6766
15833
19216
29492
10461
25936
8353
16870
13531
9825
18064
19434
32154
2306
5203
31985
10714
7045
5955
17403
26474
9228
20038
28780
9196
1602
18603
25954
17114
12621
11349
5958
29894
10750
26396
1953
5094
1355
3952
13105
10703
26368
14399
9789
641
22705
15385
11045
28836
3315
17299
18237
10001
25292
2793
31195
19348
15719
10983
29103
9968
1036
26889
11347
5668
24144
21217
13347
8429
137
10425
28751
22924
7301
23418
15151
27081
19068
8652
13014
28984
32322
26751
30697
6331
23745
8746
20146
32584
1447
14865
22128
25581
9564
11852
19185
12561
25399
5414
1123
19708
32753
4548
10600
21402
14426
31751
18280
7547
16458
16306
17707
14367
27099
14032
25511
13169
19669
848
16662
26769
618
11251
4684
7638
18724
104
1608
11284
9499
2229
2057
2330
20587
984
21155
23423
4069
14766
2961
31647
16389
9237
22349
1504
11812
13133
7198
25146
4591
12709
26417
25846
15128
2643
10220
27829
18252
30627
13695
8629
29796
23636
21180
14928
25311
19518
9256
26821
23696
2105
19538
22075
29588
28987
8803
20227
3463
14016
14071
1054
12023
17519
6955
1535
6937
13050
7671
23697
7099
16454
29631
24700
1402
4812
31780
14757
19509
19519
6688
9971
15298
12142
21074
29529
10463
23917
9110
15377
11883
28143
19929
27685
19158
26359
31532
4404
29142
22448
32534
28019
26203
6808
8239
27378
28870
740
8170
21537
17749
31009
29875
30098
12002
19223
27194
3328
20942
13042
7182
10641
6968
22948
32365
24920
12402
22661
26971
30
29365
32316
23025
4962
27411
23267
24056
30622
12974
22374
23990
19148
11048
23596
14344
26665
7002
19194
25777
20793
1097
20500
4338
10251
16981
20133
27227
7870
20148
27744
3040
68
13599
104
16687
13926
4555
26989
5185
28936
11163
3864
22831
21167
32404
4778
11336
17984
19089
29408
5728
25099
31288
10009
19306
31751
30252
30138
14154
21343
14468
2514
19684
29486
13437
3066
19321
12935
26219
17024
28211
30137
8182
31940
14846
5329
25730
19937
23962
2912
27119
23184
22510
21886
4483
15946
22688
7694
27940
19373
3810
8772
9419
11297
23183
28261
20533
8891
4982
22478
6364
30306
23286
22584
14373
18224
11211
11834
9691
21274
7207
26383
2780
28116
1540
13722
19474
12271
2489
15015
16805
8517
7884
8820
28271
25238
9992
15216
19377
6771
14287
27202
32004
10587
3505
7949
146
26917
24125
12275
12165
31645
31766
15576
8896
27762
330
104
20429
10832
29664
12891
29207
6985
6320
24311
5210
20601
26744
22487
20055
7402
23339
8684
2764
5045
32140
1217
27043
12650
1276
7939
4714
13490
21904
9280
2819
27187
11879
10223
26269
28596
28731
6577
24803
12930
12853
22230
14706
11538
6406
29987
25489
10215
9267
10962
24092
438
26032
30683
18370
17097
22449
29810
881
32673
17597
26833
269
20191
30212
4663
32360
22117
7154
14641
21615
13240
9476
32024
9377
17320
30427
30939
31430
3380
15759
9470
14045
21416
17733
6883
21334
5128
4612
7497
23425
29105
10692
2578
9799
22078
17608
6473
10520
18601
22574
3427
30500
16306
11973
14533
16590
29573
1054
31879
26461
29335
21990
9336
30965
32209
24434
17506
10439
28656
29596
31375
6020
13356
10446
15243
23
4119
2908
2860
7315
17609
18967
18128
22378
19258
4383
25830
7393
12271
1784
19888
24768
20953
8160
12614
11342
2170
15200
32479
18556
30025
16418
24908
22625
1112
10754
25797
30694
24628
15975
10728
12995
23820
23252
18943
26538
7958
4538
20610
27585
47
2449
28125
598
30914
21030
18290
31951
4074
9271
2274
5855
5851
16189
6792
25344
13182
22921
8519
23325
32347
22162
11142
27022
14268
14222
12152
32330
22543
31295
16033
1112
32653
23056
4758
19335
2329
10080
22276
14943
17515
10526
21747
23639
7021
15510
25420
8265
9957
10122
16537
23330
30293
20613
14861
25310
3871
20844
17348
21940
26349
6230
26187
24973
23888
2717
9571
8123
30888
24118
17410
22760
27203
7485
2459
17740
7625
2004
27807
7460
22487
18478
17988
3423
10218
11495
29573
25754
12671
23959
1898
3150
4216
15782
29321
8776
23746
29026
17357
18010
4405
14670
26230
28753
22971
6077
353
25126
3253
29856
23434
2681
21402
13213
27087
27450
18145
28769
27127
22698
290
21814
12018
9346
28024
16344
610
2417
21801
10372
16219
27340
28809
32595
2663
15490
32539
29638
19150
10062
11002
23202
18708
15664
15223
9726
5826
21021
23300
9114
9066
19702
29777
30066
8933
1207
27316
30867
10463
32241
12750
3630
7574
7290
2156
31467
28638
7522
23211
20607
10345
27946
3936
5505
16965
11825
17590
8057
27814
879
16409
21307
6630
29541
5459
16243
32714
30548
18677
17792
27911
2734
29177
17542
6148
20170
7845
31422
19170
5851
179
4369
4282
28707
9390
1254
18469
31332
14495
25656
16130
9368
9705
4075
15219
8673
626
30816
5673
10947
7427
2119
18914
24209
10482
12724
7215
22821
19710
20853
17275
20692
6522
23716
11849
20642
10670
3192
20413
25265
29818
31840
5470
16128
4156
28243
27162
21074
28148
10593
27275
12651
20390
9871
11896
19586
32256
32737
19359
30452
317
21944
30129
5942
24905
7774
24479
4877
12582
5088
16916
19457
27022
13340
11074
16399
22234
1818
31714
8862
7714
8096
13686
436
7590
2560
32210
19306
11372
7477
31706
18333
32043
25134
29069
23015
10344
1386
14147
8141
8671
1733
31794
16186
7460
7058
28727
31021
9610
30441
15060
21678
27972
27714
25461
30214
6090
8259
3831
30255
895
15319
13930
20106
22160
21888
15126
11472
21279
1262
31677
17227
13985
21712
20256
26950
10372
1770
1988
8130
31765
24168
25846
20074
18850
25714
5389
19657
8923
23296
11503
3003
26238
20976
14551
29473
30516
4694
19029
18393
22966
21523
10134
11758
32307
29097
32741
6923
14582
3661
18802
19766
11844
25150
11346
6586
13699
8534
7880
10341
30626
12254
5827
28404
19636
6567
29863
204
7390
32598
2896
1771
18548
28160
26965
29725
23391
21751
18313
18803
4034
3555
16584
32497
25565
11028
14064
25735
18225
22
2349
3907
8932
6278
32634
9924
16744
4389
3940
9970
22872
1835
24081
27116
16290
4574
9090
3650
1259
31330
21269
3429
559
9683
11598
5723
6312
26001
7894
183
10482
8667
4292
27593
1388
4768
3612
24082
25569
31377
25237
30970
4712
6267
5792
5318
29576
17108
27813
22724
1440
24980
17296
9160
31110
14918
652
22748
7279
16990
29198
25652
6415
27597
9750
3168
21505
8147
23986
25541
26472
23572
31683
28238
471
9711
32003
20319
11374
18443
3911
5131
15430
3634
11778
28038
29456
29539
26635
28637
4856
30242
12960
10468
27088
1811
28074
9072
5994
17863
32066
10951
4933
32726
7285
25173
13676
9774
19780
1441
18076
11434
2543
25727
23461
2023
7028
28550
18
15699
14674
26820
29708
14726
22162
3249
380
24790
16392
18274
11376
3621
28631
18943
17088
29694
14899
5239
3825
5089
14187
18290
12889
16346
3878
21128
27268
23128
2284
21168
17879
18493
1513
13563
2931
18738
18414
29058
23133
10813
10681
29340
17371
1685
11382
31829
25889
2741
32390
10268
17452
28079
24446
18620
29679
5315
1395
19086
17325
5424
26485
25580
32166
2122
4441
10728
30965
26061
25788
23870
697
22641
27460
904
25203
16574
7721
8369
32175
23074
18164
9388
24295
13889
23943
24934
9124
652
1886
7417
5606
19477
7188
5154
29894
13729
21289
245
12378
21503
32514
31183
7385
9369
31025
15501
24831
21065
9207
14843
9139
15470
9479
30095
15592
29758
15757
3416
28097
9310
25455
32305
25592
5808
32723
30778
3200
19564
30433
22409
31081
23666
23754
5404
24325
3038
31753
17426
27721
21725
4329
28443
629
20416
24135
27182
4088
12879
32665
27770
4749
22880
7215
1694
1195
4264
24505
18716
14876
3280
23562
12043
28651
19403
14363
8461
4996
20328
20563
9345
1303
26147
11269
2810
22845
30273
27707
13807
24030
32540
6066
17076
26194
17595
26661
12968
8902
22949
31950
25521
1762
31479
5675
27877
937
29365
16126
13194
6304
29790
1687
19521
50
10179
12373
31870
31571
22040
31851
28731
100
27980
28128
30702
20822
19862
12762
25272
15635
5457
3099
18655
4121
24329
27852
23166
30824
9686
4985
1659
24735
17384
25438
3514
1634
16228
19681
22160
20478
22895
28767
5243
9552
4999
24107
6160
20451
7962
6100
23348
9816
27473
13991
7567
1803
17709
23413
9534
26099
15830
19351
30664
29130
19248
24366
8020
5230
22190
9391
20505
21128
11883
23968
533
20075
3191
14492
21250
29247
10350
27805
17542
1374
1872
6523
10922
12542
32140
4527
24205
14353
5982
29021
2394
26217
23387
9874
7031
31520
6987
20170
17407
4663
18230
3509
31859
20861
30402
16698
31916
23730
7356
14013
11028
21741
6388
17821
23830
26427
7246
29441
31699
11913
4886
725
24855
27844
2452
6671
139
24382
16096
22071
12588
12884
23032
32294
11003
22606
29968
12302
3318
18310
29481
12474
32584
25549
21477
16407
17853
5898
31130
5876
22136
23844
5541
29190
18664
18210
12033
20015
12536
14737
30488
14847
14982
27174
24792
24700
6423
24741
11786
12574
8137
32513
26335
18718
5513
21701
28620
497
6533
16818
12696
18703
11236
11178
1972
9464
11957
19405
26826
2937
29478
22241
32152
27947
9975
1271
6655
6718
13870
15435
19543
25716
29963
25453
30470
8816
9790
7838
10321
30769
12632
31869
9330
2266
7552
21987
21994
30132
9319
25867
6168
20085
29054
22518
4107
22211
24934
25101
1941
17652
21927
4361
32416
24088
28838
26896
26309
4921
19921
3104
15643
993
2589
28849
30285
2525
12466
27542
28912
12865
24548
4389
25107
18348
14950
12695
28695
20941
30906
29874
28609
11814
12012
22693
30605
9744
6784
6195
15685
9728
3241
15379
29139
31240
17596
23447
3924
13217
20195
20621
19821
7335
15126
25187
12258
23461
16455
11406
25444
11603
8157
17451
23723
22365
23908
24807
28101
14438
7811
3357
17838
6477
18222
8511
3616
9135
9756
3703
7084
8621
17788
15502
25610
27375
13284
32524
11950
8936
22922
26017
13211
11356
11702
27587
7292
30240
24695
19353
7153
1314
19606
30744
3879
24489
17864
620
23979
15837
5927
28313
2944
9097
17891
15202
12655
18208
27701
8554
20382
27134
16533
19865
11876
1521
7469
6849
16732
29688
7053
3713
16568
28746
6304
7530
27864
8090
13535
31329
12316
31130
9412
30020
4854
15550
25986
11473
13891
20290
10739
6083
18395
12654
5074
10557
9574
25881
3370
5228
8562
28268
22030
29545
7875
20968
6795
21852
30186
13226
9435
30695
22810
31726
32731
12226
10806
9427
7616
17570
30510
5470
22277
17504
4236
11712
21927
4439
28234
26844
16533
12302
22247
14084
15202
6167
31930
30211
3646
3126
1413
10849
2596
15814
12365
24034
32085
16217
3433
18256
19460
2719
31962
8058
339
7561
26330
18301
27774
29357
25271
9282
7766
22765
16354
21320
23282
28243
9539
7332
21409
16960
15056
17990
15650
25286
4446
11389
5656
22866
15543
17342
12728
23182
21484
26529
23237
11653
19437
6956
8894
3593
24662
7764
12630
3665
32396
31937
10276
15335
26377
31186
28316
3010
30964
32225
31294
20910
23541
26824
26381
18165
31815
28067
29763
25656
3343
23512
14659
4766
1260
31061
9935
30769
18639
21017
10363
25476
30989
8438
31329
6809
5298
13717
1815
4355
26393
31674
25054
18760
29625
1993
12572
25993
21570
19594
7437
11109
15593
24105
5813
32538
6911
26241
2841
6637
457
11929
22190
32717
22924
24943
3346
30771
1255
27637
26874
3660
28773
7770
30828
23642
16467
29322
22830
9816
4303
7160
6526
2012
31778
17563
4355
14658
23376
6966
17924
12295
29933
5853
13016
7795
3633
5045
32669
5755
4687
11515
1069
21477
17411
30792
9806
29101
11626
1555
26665
3752
16919
19319
15102
9575
26467
22838
27157
7006
22276
1023
12792
19269
4066
25068
22495
3775
18726
16719
21868
2874
7059
31918
27800
17942
21785
20492
14318
17417
10919
4970
2807
14274
15426
32398
14069
972
8020
23043
2003
5046
25414
16737
3421
20593
17488
23247
1197
13305
144
10181
30181
16439
858
21271
23076
23847
23248
8239
23986
25142
11186
24473
4734
20206
6007
3270
9931
30420
18588
30985
29734
9361
6460
10214
31387
30801
2017
16524
7208
1385
28314
14496
11378
29500
12365
7228
10423
9567
20559
5944
11268
12027
10290
9128
29608
5491
12254
421
2024
9799
3043
23633
23796
25657
22030
16405
26
20398
21563
17965
9530
3670
4457
6503
10362
13839
3348
14375
22586
16135
29887
6063
6987
24865
7120
3229
18267
24731
9632
7349
15284
3565
5587
7649
5159
31988
15077
18038
2114
14159
9990
4793
19146
28170
11048
9122
32101
28281
2134
31456
3222
24167
19271
14364
2030
881
1587
15234
19073
6572
23781
20862
1944
32142
5906
19395
4005
11531
11497
11154
24956
25598
491
16697
23487
22475
16893
25818
8858
22082
5307
11373
3505
19399
6928
17160
12887
29872
27395
17758
24065
15855
32212
18311
5370
6385
17480
26623
26968
18118
21825
5104
15918
24193
27281
24756
19203
4834
8208
7829
29571
31538
10477
2264
18293
25455
28481
14075
16109
26537
20970
13114
1731
24236
29846
23128
28995
22495
22046
26779
24358
12396
8470
22553
13506
929
27298
29746
12157
31383
21386
18014
12167
16145
16273
16425
18889
5542
5891
18043
13848
25379
18062
541
28079
8491
29010
6521
3548
1568
2363
14241
21241
25671
16783
1171
16286
1062
4035
29372
17429
32305
11923
1466
31246
22438
22354
30310
18580
26294
9598
22546
1088
16869
22679
8975
24493
16051
26673
18547
16427
17276
7753
13080
19128
28829
11221
23016
15660
25816
27550
18264
26547
8442
18258
14899
23168
20154
29397
17305
7104
28389
29145
1607
31181
12984
7086
31513
19877
1165
4443
24268
16794
955
23021
11529
28747
30647
6415
19615
28626
32383
5083
20753
7487
31288
30704
30032
15430
533
6341
13257
16180
23164
5949
8098
19239
14436
10107
25409
19583
21506
26871
2063
12176
3748
1233
27515
4505
12253
1638
1345
32250
32226
8738
25324
2977
13620
24213
31897
28358
9087
21448
18175
21208
27074
29905
9900
4279
10673
6053
10385
5411
8792
12078
9153
2933
0
27549
10358
8332
25430
13570
24661
29195
25546
13337
17395
32194
4406
23911
18839
9577
14528
12934
28994
6804
28929
11710
20972
18147
12647
3029
3089
1145
30935
26663
17772
15024
18327
24313
4611
13067
28780
10762
28259
14957
1279
27499
12077
25224
24965
6801
2513
30615
7071
18345
6810
32336
22655
10539
3051
19988
20045
10162
17096
7018
29897
23563
13463
1707
10545
13195
18984
767
18789
11942
29684
10631
2633
28094
21410
19676
3435
57
7888
24761
31206
10710
7951
2548
7302
4673
29487
27315
21292
4837
30142
32476
18292
5889
27851
7373
15510
16894
26351
28238
29834
20480
27023
30147
28784
25787
21595
29607
4142
15496
7706
16437
21851
29623
20138
28008
19804
22567
23106
17702
26316
30997
16891
30648
13858
26930
7567
3710
28045
26360
29280
30433
3107
24381
31676
14728
2107
32265
18527
12751
30999
16805
20793
22901
967
17396
28018
31892
3913
11782
18348
27095
1013
2539
14472
29415
6681
26309
10859
20774
31712
801
27266
17056
15992
29064
2819
29503
30323
27472
15030
1598
27502
17848
13749
21471
12017
15669
13168
12129
6807
2822
30195
18732
31087
30990
24172
336
24737
26595
10983
15917
31573
31523
16733
7027
19920
24583
11245
1358
13280
25146
10857
5082
7803
17131
32020
15069
21667
1569
19626
8629
15244
10830
21409
14223
27137
32296
11439
22490
2820
2228
27276
4860
21429
14243
23801
28483
4213
18402
9985
13854
3402
7277
2687
8589
23941
30564
3296
32214
18083
18784
22826
4986
21106
2823
829
28007
19573
21726
4186
20335
11912
10591
26849
28921
16583
9548
5983
20470
28845
2626
30919
12311
9081
22417
16896
6717
2006
25931
32416
28722
10938
13723
27896
26774
21391
28760
23376
1820
27537
15578
27251
25846
29815
28173
22895
23949
21077
13507
16022
29558
27841
19535
20936
417
27445
21839
11253
3284
4276
21193
8157
18776
31408
32122
4122
10483
18220
24938
26209
1302
26142
31172
4101
14678
6679
16101
9148
16928
27685
23219
5286
13225
5881
30512
5771
7461
11589
23375
5989
11321
32616
18950
29214
9394
1101
22436
16026
119
18832
10597
25336
19388
12003
21315
18965
4473
28849
18448
25426
27675
17921
4034
20376
3705
5532
14350
24473
22793
1650
13112
18264
20308
28474
6441
10987
423
26969
32450
26751
16140
2821
22384
17310
9080
3242
5376
21933
22086
23948
31157
26553
3300
27567
20632
6515
9677
8948
16
31096
28599
26500
10930
29398
28941
3953
21082
13260
17311
8091
12667
29138
22681
20433
16051
11993
14513
6713
3747
25556
5285
23026
2045
13431
14821
15607
7646
4159
16268
3399
1119
25778
32661
5443
4967
17640
12364
9047
19395
10826
12802
28892
12920
12954
25861
28733
30295
32564
7120
18009
5075
6547
32126
29481
27408
278
27781
28067
31804
17924
17824
14046
15906
21967
2829
10358
17148
23701
20473
562
8073
24556
30777
31460
18528
30431
8250
22673
22916
17204
16699
21458
31800
4081
26041
19066
24341
14622
555
1401
29785
16587
17904
5633
27266
13653
30854
3559
4892
19686
14076
5963
11223
23099
9642
12155
15836
32426
27167
2325
1889
15715
347
22892
9083
21494
17983
5421
25652
31765
15425
24643
4830
31387
29284
13559
2727
8142
4712
1628
24941
7393
28733
25066
4819
21182
11710
21609
24980
32258
18076
5649
25367
25672
6296
16879
26948
26282
15350
7306
16023
7557
16430
11719
26738
24957
8420
12810
25528
26049
1818
9886
3991
18320
10917
30039
15013
14077
26589
885
1583
7407
23961
10188
5069
25195
10075
19490
12602
15638
1991
15833
30307
9461
5978
29134
2494
22392
19288
16256
32477
2999
26886
22389
835
15355
14618
30937
19830
10368
3952
10857
598
30585
31486
31375
1196
5717
12810
2766
25350
16449
3738
27233
22467
19950
12077
1055
3946
12948
4008
9122
10560
18999
11923
21928
9753
23849
4741
10169
14702
31952
17373
2827
12464
7593
3763
24226
25820
4749
8463
25787
27216
19763
22872
10091
29405
2039
22799
4228
5661
15577
12221
14520
29702
3529
12841
12801
26048
546
20943
20800
12468
15732
2190
15140
28646
4998
11425
14413
10116
7579
16592
5297
14015
13557
5351
3647
7129
30360
19048
5827
15999
13392
4477
27914
13402
30453
12848
20806
13281
30190
13790
22707
10609
10228
17641
9339
8863
20760
3246
32728
973
12808
16823
10616
15355
15502
4657
19493
27360
29017
7328
27301
11577
19200
16081
17119
866
23108
20752
27712
1571
30614
8604
13661
24012
11737
17496
1242
12164
17000
2755
16778
29918
32347
14378
1495
29101
7430
17949
8805
15386
963
19743
13298
2803
9970
26017
20609
15942
16445
5426
4023
22063
14881
7152
29317
19438
29865
13890
28167
316
18301
9929
7596
14816
25884
7315
24728
21373
870
18834
26182
12206
27997
15693
28274
1108
25132
22486
16438
1583
25961
26876
7283
8620
25751
20417
12146
13822
21999
11791
17867
1648
13408
1190
18566
22010
31956
19289
17537
24850
4277
22906
273
10692
8623
12947
27116
18949
2744
2902
20551
16453
14926
6871
18235
27203
4608
3065
8045
8741
24368
8998
17902
12744
20759
27716
2656
4181
4106
1252
4187
7701
23035
22204
28687
21126
18498
22103
18986
4270
8862
6667
21244
5551
25462
23852
6360
13724
20837
17279
2494
23179
20982
28913
31800
31211
22956
18825
16258
29720
7494
28060
30445
4653
26688
17984
17541
5658
15517
13826
1778
4342
8164
16860
11932
29590
14697
18017
28179
3422
9677
3387
18861
27991
9160
22231
19057
22914
32294
11359
22579
20588
22288
3561
32513
18691
14477
20718
9150
9384
3657
17149
27661
1925
27796
25776
23921
2849
18605
20704
30642
32561
1601
9237
20098
11442
32303
30784
26208
20276
25230
18605
22717
14457
9201
21043
861
21054
15337
17326
18177
29273
204
21167
6467
13572
26293
2161
28097
20857
20940
23311
14973
7359
24008
26357
7044
11971
16050
23700
22990
23978
7915
30299
22886
870
7792
2786
13002
16775
22365
3944
31637
14164
2992
7807
603
24091
24656
22278
469
32709
18766
10072
3902
31661
2922
22723
18428
19891
30425
28476
643
2956
16197
12624
1655
19548
5398
27742
4112
11910
25584
18692
8899
28610
23164
17367
28447
19313
8044
7767
20469
4910
22457
23586
8891
13734
25135
8295
32562
10153
27692
32670
4679
25473
17317
6518
8247
29314
2665
3855
29175
13538
11946
10602
12755
23499
19641
17438
31573
18863
24081
20556
8808
19676
22935
980
30141
26704
10528
2249
110
7886
6196
16675
3810
29745
8210
29364
31472
6401
13555
28510
839
29764
30867
3458
12813
32662
30190
1211
5830
10620
19015
717
22392
12790
24431
3288
23820
13651
6980
210
7928
22857
10360
19251
21019
20549
15508
9458
32488
9984
32572
28081
17095
4179
30388
30261
16568
9036
7587
20248
1338
16257
1559
28610
24939
2980
11722
18837
368
16984
26532
7016
16919
16707
32384
6455
2491
3685
30003
15384
10345
18344
1994
20081
832
12472
21012
2153
3870
21268
16225
20636
24185
25702
10120
29971
18058
26384
15663
28787
24497
14599
12614
3956
25877
1252
12245
2709
14219
18744
6648
26639
1977
27168
8487
14855
27515
282
10171
3335
25221
24343
2734
6831
3658
29906
14499
5288
8477
5471
14886
7130
18582
18183
3892
14303
5944
5715
1534
25271
12624
8039
28394
31933
16672
16785
20955
15577
30269
12578
2226
28920
5174
23421
25365
8889
21622
20845
14191
29801
8044
11196
1335
18994
24809
7681
3190
5007
31689
11193
32387
18691
8405
13209
11281
29195
3304
17699
21612
18257
29265
29816
31232
17698
4473
8301
24603
16930
17606
24288
5620
24127
958
845
13035
24035
8560
29596
10258
17774
18959
16189
19181
18659
993
11383
32118
25569
14167
12285
5988
11734
638
707
29869
15983
23446
18959
19786
13907
18175
1491
14906
16400
9309
14650
3017
7509
22260
385
21778
5219
19796
3848
20675
20926
11323
13481
800
4648
8375
328
15691
10447
7563
6059
26050
13766
2004
14476
10793
8370
5868
13037
32330
11206
27535
11948
3162
13041
8764
1367
31357
27477
25822
7489
10637
14076
16300
31446
20759
24774
15694
31787
7335
21670
3649
29402
11846
10254
16252
4108
10816
1704
17492
22231
12331
22343
22429
2251
25892
11549
30738
16583
29532
22830
1015
12305
8916
12292
14332
12710
28516
22437
5477
10191
16386
12738
29544
22517
9025
13873
16342
14518
13592
20894
13054
26169
4581
7293
31439
12478
31409
32322
8508
31097
3766
4309
12773
20896
15902
22592
25331
4035
23054
8875
17731
20316
26083
9355
16328
3751
3516
9494
23082
24243
26168
20218
6835
22969
22913
31054
31596
21422
25993
31945
14979
30996
3987
26930
2544
20501
12534
12055
25176
20434
285
4546
32050
505
211
30057
14888
25237
10941
23973
29632
29227
3368
12325
1851
11778
12550
4004
5054
25282
29234
25368
13487
3393
11516
23853
15202
15769
25825
6129
11253
12414
18586
6353
376
4814
14169
20676
32081
9066
11087
27846
1503
10053
11633
2696
22622
25530
13948
9574
4619
4899
8502
20377
21640
1959
4599
2990
2433
28755
30569
23094
2448
29804
2188
20416
10846
6404
25597
18180
30732
9420
13431
865
7633
30249
32410
22410
16868
32650
31723
9340
22684
24056
10013
17587
13013
15855
23951
14237
19351
620
14869
8527
6386
25159
3323
29303
25644
28611
5447
19601
27935
15972
24383
30302
23772
6912
27691
29842
19348
2585
1884
6861
23993
106
27757
10445
15456
2496
8905
18402
27882
21003
12909
31906
19427
17589
5616
24797
12074
13874
3520
14804
29522
19417
14510
16037
30793
5618
5549
8970
20791
4112
21206
14915
11177
31649
3504
18001
12783
18627
26799
18277
27842
345
6650
24472
26667
27230
22385
7900
8096
20346
17391
19251
30063
11475
16844
31007
14688
11046
20135
2137
661
8726
19554
22725
24758
5316
23405
19366
10315
23711
10824
25871
24169
30334
24131
8602
1937
9708
31113
21595
24021
25282
25180
8471
12860
17660
28578
26290
32104
25285
7841
11751
25462
21716
22023
28732
12070
21755
23085
19252
2108
11005
22172
29638
26918
23457
8401
32270
6110
19972
6205
19779
9746
23347
18320
16361
15491
31737
11063
27719
13739
2294
16675
284
19362
16625
17869
7822
23874
2416
17015
15203
3722
7557
20660
27251
18496
7914
14122
5213
23258
15696
17303
31098
18591
26613
1554
4111
31498
15733
20884
4807
26479
11746
9654
21344
26336
790
26044
9636
17746
17224
211
30363
19452
8670
28567
25599
19200
29314
10968
26608
26189
21112
32670
27881
10692
31791
25706
24051
10394
30998
13247
1816
11261
9648
28641
23067
13562
15339
29661
27494
21918
22446
13769
15172
9563
10673
32333
8016
21678
19601
14691
24622
9215
28708
17498
24440
16841
20234
23841
23035
21498
8836
5826
6692
12445
2185
30509
11957
2486
4119
8759
31164
4205
24520
13794
11206
21359
10917
15327
32592
23698
26430
21585
18558
20920
31995
32212
11536
7413
23469
7870
6289
24564
12648
13221
16593
13974
12949
18209
20118
3293
10307
5842
32399
3081
14526
2469
20105
25344
7779
23380
2789
28147
16562
8492
20554
319
25509
3091
21911
23441
24896
3017
4636
846
8554
14190
5129
4914
17403
8005
6950
14903
12566
27575
19397
29368
953
28059
3574
13526
658
948
27897
10267
6933
31099
2809
6237
4811
17183
31991
12773
25325
15051
8964
18641
29233
17191
20659
12215
8420
29473
22990
24971
23353
12013
22344
707
9697
21066
14451
32184
22747
20488
29811
15952
31886
27335
28659
20698
32021
27393
27414
26681
10202
30283
2992
3909
10086
27607
22455
2414
29047
27198
13300
9891
23379
25212
15102
3698
18525
23612
105
18032
9958
20311
5179
30683
12101
13975
23199
14462
6442
16320
3038
23253
15151
15569
28810
2418
18608
14983
11773
12703
8669
24611
14082
325
27149
31853
13521
31756
22614
25593
31809
27588
30298
1193
25401
12292
16739
21107
2663
12560
25011
29028
28469
31232
27669
16613
23033
15903
25016
11326
31852
19858
25149
25688
21598
15674
17423
26311
9896
17883
1779
30215
9825
7805
21728
26374
7253
22034
1296
26595
8882
28762
21847
9206
18693
18948
19892
26896
13413
2070
550
12804
4078
5774
9920
14950
24946
31305
10752
32658
5738
31269
18781
21232
23859
25443
21535
24951
7799
27983
4211
21616
10985
34
30399
28541
28981
25383
14131
20441
20534
5661
15777
12513
22890
23005
10126
22996
6052
11324
24713
6359
11777
15155
22715
28476
25373
4925
2496
21251
27783
3329
15797
10657
3698
15921
19602
24577
25517
29106
17338
17353
25045
27389
11217
478
28105
30917
24782
28202
5214
6874
12369
30877
15188
16205
12854
29553
24201
23253
3946
3763
11629
24689
11005
11519
7350
23631
24953
30091
16469
13805
21107
18278
424
23934
26719
29186
1521
26767
4777
22257
22791
25066
26113
22764
12363
20666
5878
15385
23006
15089
710
23438
11281
9959
14964
22545
2333
24643
17436
9249
19221
1055
1668
4411
11288
6247
4851
16982
32459
12930
16710
10160
19206
28981
21056
26572
8910
19908
3106
22971
17284
2138
1403
29852
22363
13226
4674
22623
27408
9175
1826
21454
27605
17553
18197
3021
16782
6786
20276
10208
22847
29672
13518
10223
13253
3203
18871
18246
19653
10417
23266
4320
28131
27608
15666
2277
16948
28164
7310
3953
15861
21713
16692
24727
11901
29580
16207
21926
1648
13973
17611
19370
14902
24071
31080
21302
16555
19355
9485
3425
3096
26570
4192
23055
3939
25138
21395
15218
9090
20795
1920
4816
24885
29946
3321
6790
17141
8534
24153
16717
8999
4969
8031
19132
27286
13865
24381
22798
800
6727
16619
17446
25264
9559
32193
25040
17004
15410
30277
9034
22063
27800
17730
11267
6201
23066
2330
17826
32037
29239
22364
21834
9244
11206
3737
13852
22345
21908
31348
7422
28812
14413
32249
27035
30323
4000
14384
2219
1382
7838
22257
19317
22817
25443
3065
22674
2664
11769
22590
6643
21749
7801
8576
19494
31158
20083
17953
4820
4405
10640
9014
13967
25176
14710
16606
28618
4426
26860
6355
25385
15033
575
11070
13052
20290
27876
21968
18950
17193
28254
8462
17282
26190
29283
30700
5224
30812
7738
32158
23020
19780
13159
30123
28999
5610
1418
29251
15547
8477
1925
15570
14801
10445
13277
11477
19686
32632
21603
24813
26085
12774
27923
3633
25174
28950
20028
22985
20632
22648
4577
28857
30826
25693
2143
20986
19633
11435
22609
32463
10869
14293
21937
1366
2348
31242
21568
6493
59
21677
31015
12152
17850
10758
20446
20048
2679
22839
9805
2622
22334
13937
29745
24345
20312
21351
20930
23628
31826
11267
16787
22315
1792
2904
20921
6023
448
15577
22575
12927
10243
24008
20089
1946
14090
25329
4232
5139
17390
9879
734
4212
13027
4783
25586
3174
13245
15180
19670
31944
26548
32091
9495
28670
5220
30096
3557
23692
2072
25504
2163
15843
4935
19889
23457
29562
15199
30734
31961
5665
2754
1312
54
14227
8718
20890
21484
16458
28322
24819
19172
24471
10846
28185
15014
16881
2217
29796
12412
398
13497
17608
468
1328
1295
31568
15335
16706
2112
26823
13976
3875
20219
17592
20127
3778
5960
15258
2790
18027
15630
11588
12595
29920
5080
12199
3592
18860
3544
10683
29640
30644
21549
6842
13594
22031
13409
24973
7826
791
1846
6275
13199
15808
29858
22857
12895
26921
14616
32023
9130
28273
20489
11559
30989
28876
10155
22379
32517
2006
16889
23423
9743
29735
26363
989
26381
551
19527
8016
18156
3875
21960
20139
15748
25761
21438
23226
959
24049
25094
9849
3326
3077
19612
4484
12216
19331
7518
24271
16740
279
14098
29591
10650
28686
8619
664
12405
24353
27592
30593
3131
32654
17790
13989
29248
19054
14423
1267
12039
18498
8346
11304
2475
30415
19405
12099
30333
16684
24697
9017
23791
15897
29485
32747
29873
10386
27845
32085
32281
18084
9708
20744
22984
12928
23520
24538
17291
14798
25206
14300
13439
18243
14173
26252
12409
2678
23206
32588
676
20975
4228
26131
11628
19329
28753
12899
4507
7899
25810
15995
4290
5721
444
14029
11995
18976
21111
15794
30508
361
1569
30557
10351
15901
7382
4621
27695
9891
31279
7815
7541
16885
264
19652
25252
14842
7303
24807
7842
6160
23130
29810
32056
12263
31295
22456
7868
11414
5834
10134
9965
29672
19299
27486
13086
21495
31630
20244
31639
12029
8047
19933
9272
6502
14733
24756
95
7722
22998
1375
19980
7513
20963
12705
11331
30968
32382
1714
20658
1035
19041
22764
16532
26611
20033
24519
4309
29690
12811
8711
29047
2861
13166
29236
2100
9322
30105
3915
24165
4281
32326
15795
26146
31711
1015
27762
23211
23345
29055
15009
6
16039
17093
28957
1514
14385
7877
17536
4572
19790
21207
29520
13464
9946
4916
5238
20146
29479
9398
10737
10365
11856
21471
19403
16684
17610
23837
32588
6455
17468
10828
3695
31745
3729
2429
29586
3255
17227
16630
11633
6779
21274
9338
3925
32706
29101
4042
24969
4346
22984
27243
26126
24177
6039
6314
5519
19826
19778
32222
10391
19633
9665
29677
16642
10216
27122
23569
18354
16067
27624
11484
21123
8954
15494
8570
9856
25020
24397
28215
10839
31828
28787
7744
23818
21511
28981
32430
9448
3387
11886
15040
2748
11743
30055
3432
13636
31494
2801
11274
14564
22997
6321
20096
3996
14240
1212
30817
19768
15696
26468
26499
25542
21000
4945
19390
3149
12552
25555
11251
10172
5841
17782
7245
11297
18825
11479
10695
29211
162
28599
7919
30354
28599
13390
1513
25765
30902
27361
2998
31716
18756
1431
10423
9920
26461
25225
12908
21823
28987
7192
14978
28661
5242
13187
24333
30511
121
18873
28690
8817
22531
23147
3656
5155
26159
11622
10015
30087
6788
29216
29186
3822
4193
14736
21209
12332
9628
16963
17875
32073
25706
19117
14434
29561
17535
23997
29575
14926
1910
19892
31567
5421
13426
20790
1950
2303
30470
30369
31275
2600
25938
24991
30156
18109
29039
1783
31476
24817
2574
23209
11641
11729
11867
9273
10139
19506
31016
27979
32323
10215
26439
15984
23176
15671
23863
7744
19575
12430
12292
1705
15124
3698
13672
17542
5532
18361
7990
30067
10765
15865
9720
6112
17640
29761
18135
24933
32310
14342
6332
20309
22473
22112
31925
9622
4292
12663
11674
20400
21086
18999
29424
22563
6626
4684
31501
27134
1018
6730
8317
4269
23854
28715
7845
10771
7080
16895
31142
16089
9786
6367
7557
13573
3234
16419
30856
4302
5388
11477
5347
14254
17112
31077
30099
27066
15006
18845
14987
25903
10095
10968
20494
26701
1374
17519
11612
1384
30015
27765
26256
32060
32175
29860
5577
4993
23893
17302
24456
4543
21095
3641
5721
27748
31599
17789
16822
15892
13647
3151
3112
3392
6786
18891
23727
4090
1958
11181
8036
25095
18743
11529
349
24886
22174
30013
9169
9201
15978
8995
2684
15890
10205
22667
18757
18424
3498
6632
13599
23513
5629
22089
7213
32089
11196
11147
18729
8028
15628
15053
22022
15385
17176
8485
4564
13169
30478
26769
32229
25470
22633
1329
9774
12142
26742
12979
22767
26770
16145
17934
407
19890
23728
18291
10978
5284
23972
26752
27716
12828
29339
10936
18058
21446
17000
18992
13247
16530
6407
16522
28236
4944
2011
29735
13156
892
23355
26521
1183
12379
2349
32087
11493
8775
32113
9141
3214
30278
26306
32019
28871
26594
26968
22612
31288
11573
23217
3474
22244
22852
27281
4879
21328
14478
23880
24175
1767
23524
15155
26149
8093
17786
6533
22316
4307
27711
24647
21239
10618
2410
12702
18858
21884
25685
22093
17546
3671
4239
21370
13490
16139
21037
3509
6665
7991
7264
7478
5744
18815
24141
14182
16704
4400
4632
20898
20211
23335
16962
24891
24865
32239
31030
23745
4783
27945
20254
25217
5187
13361
2555
10316
27898
1022
1013
6266
13150
22602
19439
16431
21138
30707
13407
29405
12240
21666
17501
18186
17430
3498
16122
20564
32283
6707
13522
15026
136
24215
21477
11004
4197
12556
27042
2222
18385
4484
19269
5353
24823
6353
6243
29370
11581
25357
3011
1183
3262
31033
20080
17223
31227
32292
268
29082
32205
8846
28519
20985
8095
9358
8785
16583
9689
24113
17324
22568
15007
10084
2245
264
18620
3860
5860
5472
9433
12179
5665
30644
22259
8766
26234
17377
6156
22109
11043
32021
22560
20298
8221
23839
24666
3542
28170
10473
25992
10472
28736
11842
7885
22887
8476
20193
13461
32090
8344
15527
7118
22094
2336
19237
12630
1784
1698
31326
10671
5148
25573
7886
10490
27822
539
19115
5923
15670
28345
23658
1113
4729
2950
22149
12737
3925
31986
25724
4715
14829
21162
12570
22661
9222
7785
29177
25294
29361
27921
19528
7758
2347
22010
30412
12357
23297
5258
15653
31841
10615
24582
18515
23347
12331
30119
20600
5348
1270
2289
7135
29732
12051
3648
28478
1380
14723
5028
21304
22085
17583
7150
21286
18768
23376
12299
6423
20967
3724
6801
2837
11387
7521
408
19883
26368
11079
21195
20388
19870
18961
13759
17172
4010
23317
30851
10141
12500
2956
10872
18923
6818
28732
22882
23681
25117
1108
9408
3512
5578
3991
7001
16132
10203
14268
5912
16762
18599
16661
2841
15247
17752
17008
30724
7203
16099
20539
31386
16062
19774
25323
10381
9497
25293
31902
12181
27104
1053
20990
27328
20662
10196
31337
25098
6010
21224
27472
26669
27848
17680
17117
19130
12227
18808
9689
18537
23826
32697
13516
16813
19753
12552
23654
22412
10186
1453
1309
27822
12491
11960
26136
15540
21017
22511
32588
32203
1789
30218
32485
16512
3230
17699
5607
470
31688
2920
21
9109
12267
29715
17170
16102
8039
5788
26822
1309
2310
32300
14595
8918
6858
17750
13928
22851
30186
6658
25222
16836
13335
15785
3394
28600
20995
21960
13178
25748
8996
8334
12524
2610
12982
25048
18771
10091
13823
7264
19666
743
29654
27441
23446
10292
17766
3935
3256
790
5168
1524
31840
17694
31055
14893
1328
18814
25088
10215
10464
27420
23905
596
27685
229
30585
13042
10712
29796
17785
17598
8532
9875
1857
4005
17440
5873
550
14395
1742
212
30963
22447
14626
25345
25901
24575
10615
9594
21916
4200
5983
20887
5638
3617
14730
4184
1086
30024
23273
25338
13918
30237
21266
18888
22096
21102
24039
19764
22163
20306
5746
7462
25659
28442
6420
14996
14906
1925
4319
24403
14815
2099
13376
6189
27804
1372
29921
17715
21260
23234
26317
29780
9524
31460
8918
18991
26634
15989
10292
27942
31795
18444
366
9908
2577
20509
12414
12032
28413
27944
9776
22194
4049
11312
18635
773
13482
3439
19955
12317
20972
14664
27598
28060
25222
381
9574
2416
14199
674
13902
23790
24721
31186
24969
28709
4732
8864
10151
26476
11775
12624
10289
28478
19579
15688
12871
6728
30136
12225
18568
26047
25316
2754
7218
22519
29401
7247
17290
27954
13215
29150
12159
18102
9522
8202
9354
20514
6533
12939
15064
20225
21958
22630
10667
4256
22756
8289
25086
10781
27471
22970
15464
32449
23551
27928
15938
143
3767
16834
14860
24349
16267
783
20237
6307
8096
23070
3130
8530
12083
28614
14937
5351
30940
19152
4454
9855
4628
24164
23862
17069
1270
23746
21850
6090
1858
8755
11334
30860
8871
19518
6579
19674
12866
20766
25665
1247
22882
11124
11873
16990
22414
28218
2674
11333
24009
21752
6698
8324
18708
9274
15672
14367
26165
28225
4903
20866
8887
4089
21638
5398
20274
31275
18246
10257
22220
6900
21091
402
4096
31606
29895
5613
2718
26061
9067
19523
32531
10052
21183
29271
17131
17097
12108
8860
26260
10143
18839
20627
24677
16467
14665
28499
26846
28145
31630
26217
27698
17271
4283
18659
13570
5514
7475
680
13420
12904
4491
28683
2884
22046
7660
5023
14497
12027
29881
24140
4508
1604
8306
15778
26196
24873
28889
25710
30774
11768
17235
395
9595
20881
10896
22779
28145
10522
14702
29494
13567
21492
29979
22210
25827
23021
12922
4
22335
439
25289
2902
9940
27545
4992
17754
20109
17508
9596
5517
14783
9385
32604
30495
10671
28713
16172
29698
5205
18829
12097
22081
24671
28247
611
915
8825
3865
6962
14128
16332
30692
25282
3555
6596
7428
29321
6240
10007
24554
5499
26585
7683
8298
25715
18636
5079
28199
469
8223
13748
28235
14449
7790
32405
18811
427
15780
3725
13834
14041
15560
1872
29292
29165
3610
4597
17390
24916
27487
29178
19877
4894
1145
18825
21412
31582
31802
29433
15986
14804
10106
5016
29372
25289
16999
19368
20806
20283
4125
10151
29479
14394
6263
14036
30262
8594
30756
27374
28096
22442
30461
9535
19324
1196
22677
5337
21696
8422
6930
18976
30708
17009
6204
9096
5704
4112
15572
30624
5538
23386
18983
8272
20186
9756
21987
19294
11306
5881
31784
13367
3040
8531
30690
10989
15190
25711
5463
3196
7716
1491
13052
4177
21908
2803
17549
3853
31831
30221
3164
9862
19062
10834
32490
24334
13707
23366
1204
13817
24880
2921
3663
12633
29624
24087
11959
24844
8989
16557
12261
28921
3642
12013
21919
12438
13882
5796
17044
13230
11345
7817
13224
28769
18346
21609
1421
32364
30624
1665
14483
23466
1584
19500
26305
23003
24238
446
24612
6565
11448
15279
24935
14040
26473
29948
6308
2550
7374
31946
27770
8947
4510
26444
14688
24889
2341
1512
31032
19695
18818
10901
2344
5499
12306
14984
421
22853
27180
21519
21712
6846
9743
3005
9990
1698
20504
1223
5554
28538
12345
26798
24678
8804
31654
542
10283
30998
11985
32535
14613
19745
17305
7754
4634
12403
6078
19398
7971
3872
6041
28883
22884
7778
266
31518
16873
15582
21169
24343
27250
10280
15201
6552
129
11146
7633
29895
3761
11265
31893
5181
26697
13705
25165
3176
29457
28058
6685
2349
17253
3827
19549
18386
16007
21142
21393
26652
14138
27156
23963
22708
14476
28426
11567
25295
29427
27628
3976
6414
32667
25089
23129
11683
28159
28847
1543
29622
20407
505
14357
4103
13968
8262
20960
7380
22754
22884
22412
17661
20510
21196
17214
6758
9639
29480
6283
11165
8675
17682
19505
7357
4497
30495
21509
18322
30045
7452
29485
9981
20401
5783
5775
4506
1231
16034
21897
1953
285
18643
27363
6154
6591
28559
14850
8437
23403
22408
13406
28488
15225
19589
13110
410
24378
15202
6530
29264
28043
3415
21033
19717
7850
18557
32372
21296
32328
6541
26818
29696
5087
10987
3966
31627
25925
27876
23631
15656
1922
13108
23438
15641
12767
19404
2045
7534
1855
29394
32438
21029
2482
18408
12129
24726
27720
10417
23722
11791
14115
5265
243
8635
29136
32181
27461
7624
18392
11092
10381
5064
23441
4404
3333
14424
15162
16495
29168
6656
11335
21879
31626
8027
16634
1880
31551
12408
27699
15421
16923
3967
1929
18230
30594
9368
32665
13112
18465
16648
6814
16230
292
7581
3395
28814
27561
6221
20917
23543
31861
29978
29947
3930
11238
9785
20106
14894
2601
24434
22036
31784
25517
30922
2978
32003
2520
25696
9698
12669
5112
15253
31426
29090
11388
10095
22077
17484
15972
10304
13173
1003
5878
130
3075
16514
20403
18182
12683
754
5257
25678
26003
21883
6730
32567
9109
13696
22877
7386
20818
21130
24756
30645
18794
16016
21757
20998
29738
29558
28701
18296
25253
20947
5338
25089
8198
31991
19159
30219
11556
14381
14022
2514
23127
10557
25305
19469
29579
9269
27513
24016
29330
25705
25659
29617
11199
22201
2320
4650
10416
22802
4028
26942
9579
4920
11657
4959
25517
19650
9532
15248
18558
25702
29000
28359
30729
19574
24130
7317
25515
12459
10645
2824
32330
10530
30839
16849
2792
7844
15131
12450
14711
17450
20520
5338
1519
18848
31851
25188
3487
11242
2760
13276
20160
17957
10359
1524
1616
2095
20845
16919
8222
30313
24855
23628
27937
22203
6990
2140
5133
11993
16776
18999
28712
30661
2123
26004
21082
10902
232
28888
22660
2679
19301
3897
20243
20466
9403
5667
20693
6511
9538
8666
6411
17655
17257
23906
15295
5950
28330
412
14424
21473
22205
20401
6763
10988
13068
2739
7380
8095
7784
13442
774
19570
23290
4589
7327
10326
4732
14874
10048
12606
26281
13608
667
8158
26097
28178
27341
2226
14450
31703
11503
3651
6436
1496
2535
2214
28499
18305
15236
17989
7251
30507
20427
18914
20847
5185
20107
10712
546
24738
23864
29860
18058
2375
21749
16037
16921
16934
32499
15648
25230
22870
27386
4743
2851
1395
5189
12283
8
29508
18579
28687
9745
22171
1403
20175
27308
637
16384
25345
26645
19587
19045
31914
6605
16256
19523
3284
13640
24932
216
14991
31461
4193
12194
18742
4900
15180
4908
13299
19476
31045
8745
8837
19210
17562
28351
6977
1688
23785
4133
5719
7357
5253
19056
22103
22874
3355
26794
10740
229
10134
32037
31495
13153
11071
31758
20183
31630
26665
25669
7063
24157
22732
27244
5936
32422
1776
23103
25409
10525
14285
8739
14948
23683
9072
15617
692
8729
15200
28244
27020
19034
17538
1153
27793
25065
18490
5480
29682
29385
8403
26936
25070
26060
9505
1927
15255
6222
14180
6818
20182
31266
15216
7457
31152
18381
14347
1471
30407
13554
10135
25961
21284
6926
15345
11157
28979
102
6552
1237
15631
2877
19986
1964
30208
13641
1419
9120
12611
21352
17344
1680
31241
17808
9243
27720
12993
25348
25887
3155
7066
30414
17159
6672
8772
24681
26026
2825
24311
11454
26018
6015
25271
15186
11437
10570
15062
17341
13651
11488
19898
20318
28106
30899
29921
31565
16918
16064
30753
5777
4468
15460
20021
28819
4857
7282
18037
27603
28023
16260
32741
10458
1696
24206
20849
23920
19822
15289
1911
11278
962
21870
6790
3990
19275
20400
17254
12098
31145
1968
4184
11994
30674
1435
24478
20267
12469
16567
25406
29364
21278
27054
4612
23202
27354
12074
10694
12287
5403
12449
9963
11558
21534
4979
21806
31610
17930
28210
23968
6487
17180
32320
30188
23625
9985
23456
5343
25468
18819
7942
20520
3700
27240
11824
18268
19454
5271
8825
16445
21863
15485
32172
22587
10731
7599
8470
28475
24176
7121
15071
12184
5493
10934
7578
22375
13125
456
13850
9984
8816
7851
4999
6330
15483
23325
13746
17909
10967
6689
5542
7518
21520
20572
7296
20078
10567
27583
31872
3636
26594
24166
8287
6485
9090
20672
9443
5969
11317
16113
4274
17159
9454
1396
15972
31868
24114
8453
11483
10200
18707
9662
10711
32177
5730
12672
2757
12428
22049
23956
26584
2977
11063
29586
3419
28383
26471
27010
5958
19504
9091
26946
27407
2558
10205
26408
962
28406
14591
3047
17492
31500
7324
30135
17461
20927
27334
5296
18980
6558
32608
9847
26951
29963
8151
5405
29819
30783
10509
15684
15337
16526
22934
24452
18650
4332
3111
16653
3020
6065
30283
16269
12484
16793
16216
23636
3559
15887
930
694
24644
6315
6126
3504
19189
3065
8490
20687
19558
29052
21595
10318
7668
29426
29398
21630
12730
24794
22195
9323
17063
21044
9087
13245
10964
29064
28465
16348
29717
6953
30559
22616
22223
12475
14002
28295
6921
17907
28312
2160
4037
2718
31032
6887
3216
5605
30635
20218
12632
30415
12393
13964
22654
11783
12801
13376
28460
29920
3598
6809
10217
30102
16486
18015
15210
22743
5780
14404
11179
19585
11145
29127
15679
26542
19342
6489
6885
4078
21629
10686
22363
17363
26161
12471
16759
28339
30523
24798
15987
10665
8662
31441
7817
3549
15646
20882
8127
31749
5756
28206
4869
32044
24421
5789
22397
8370
9028
15338
8218
31637
22964
5012
14188
11502
26867
24627
13754
3007
11411
11614
23890
25067
21619
717
4381
22662
12270
21179
6518
31055
14674
10126
11068
27003
30100
21690
25894
16821
31810
12003
14167
10082
15288
3906
26931
2857
19863
9801
12656
12467
28531
24970
5232
25519
29644
26837
31950
32282
16192
30368
16951
9149
9726
4012
4731
22263
15742
24038
28899
19132
30320
12940
16326
5598
4850
29584
2135
11147
19717
30785
29889
15640
16706
6440
12406
26876
29129
30512
8899
23328
30075
15883
14249
16982
10089
26064
10984
16166
27275
14313
2396
12241
21942
6956
23692
32144
23496
27464
13441
20253
17446
24419
980
17524
1896
17409
523
8155
25682
3112
2086
32
16646
32194
7028
4130
11385
32066
6827
20370
5156
15498
16696
22779
508
20748
29908
18688
30371
30000
4440
10982
13280
30966
9938
3666
2893
9693
24024
10835
1359
6659
30236
12706
29771
24205
4929
15401
18455
15689
19437
27075
13743
6546
12064
8771
1834
20597
13252
5815
10220
25618
18053
26606
16668
30276
27106
5687
31321
22148
7300
7788
12968
9994
31183
26671
17841
23862
18616
26996
12588
8495
27862
9024
11926
20682
28091
23471
5416
10669
2180
14652
6153
24244
32687
9021
13507
7315
7469
2989
26100
16829
6840
1582
28230
19845
25703
20558
20384
19075
27008
12042
17054
14394
28557
17809
16959
14327
7090
18762
32734
252
9789
14103
21348
24542
27775
28124
31675
17708
21723
21051
17286
10065
14620
24482
24079
15292
19211
19080
4224
19262
10050
6131
31575
9651
2619
20030
6164
30948
23468
8985
16180
3756
1047
19153
19043
13914
16540
19666
9966
23895
26899
362
27767
6921
23639
7375
19436
13302
1764
27492
27322
22573
14245
9016
32317
8418
14087
28367
15227
4440
21586
5414
28435
7940
23865
25329
20848
1263
13232
14631
27458
26204
30205
25792
7727
1195
27922
9150
9669
3197
13594
31594
9396
15897
21586
17376
4666
29966
13338
3277
7134
21274
12364
16248
20321
4683
12492
8703
8434
16996
352
8163
8609
30082
23490
31687
31254
8191
22516
20085
32131
12183
14036
30498
26839
7625
15088
24819
8757
384
923
16832
3236
25587
7745
13847
17416
23754
16887
24196
21841
14722
26966
25103
18162
13330
16010
31239
1428
31951
3494
27390
2316
7053
12602
3861
17803
27655
11560
21882
15637
14721
27571
23342
17717
15787
20697
268
21742
1737
6115
8967
28404
2321
12090
21683
31773
24404
1660
18183
10770
32481
719
15201
8778
25255
3446
10186
11577
29081
28834
28795
5572
9303
30346
23201
24825
11786
32445
7262
11773
11407
32183
11792
21061
9177
6835
16597
1545
18576
24513
32335
13558
24062
12312
30116
18212
11052
30893
22985
30279
19272
20229
29953
809
23882
29255
30112
24408
22232
25237
30741
7963
32358
668
29223
18347
20641
30570
25471
19872
21774
14976
28519
22442
9710
4649
17361
6529
12134
25610
29083
23327
27100
5625
6673
44
5028
28947
5556
9146
11740
15112
30778
7218
16532
31162
5589
31630
10803
5383
28088
24521
32277
19170
7640
10132
13945
10665
17391
24395
15771
1202
28615
31271
4637
5928
2741
11189
2731
18709
22627
30087
31967
19135
29907
15657
19298
31288
29601
32342
8021
18225
1161
28012
20719
2319
16680
7710
17255
31553
2055
617
14356
21456
2261
21961
23763
10295
26100
18604
6569
5238
3896
39
25001
22626
14827
15848
2840
24383
6676
17516
29392
26000
16632
19314
28386
12590
17634
6319
21631
3992
5664
4291
5401
3722
9550
21612
14021
8913
16087
15865
11236
12637
16312
21250
19970
11928
1927
32343
32766
18422
19380
9782
15211
19405
12304
29377
3383
17256
18571
22702
17802
29527
26690
15425
24305
13832
25017
16503
24764
25756
7268
5765
16549
16883
9069
24960
1970
7177
4529
606
15964
6022
32524
24605
25584
22928
21206
66
30006
996
8109
901
18001
14117
27765
23243
13286
3955
3742
18516
28544
20288
31141
310
27443
11359
10206
778
10368
29534
112
29157
28281
29974
24225
4746
11045
29312
7764
13533
1062
31435
20943
8859
23193
28587
1218
26185
17982
9203
12421
32362
19417
18534
17826
20725
21208
6858
28307
29446
7733
2879
28621
6356
19614
19407
18685
16867
9172
32326
31633
30075
11089
29764
6778
9048
23085
13712
1840
31907
23618
16559
32759
22817
12943
14774
25442
31915
13018
31580
19733
20702
10905
15955
28622
26387
10515
19161
20647
22161
13507
26762
18325
19202
28669
120
26933
22308
28884
9597
15816
24513
20538
30416
27003
13025
13417
4311
10733
7998
23170
60
19691
8184
25460
27459
1150
28810
26656
25947
15399
7421
6331
8435
21353
25180
27507
29582
24968
29543
7765
24602
26257
30091
4206
7037
3482
18962
13872
16242
25675
30616
11544
8083
11165
18366
12942
29878
9698
27938
525
21117
1542
17806
24195
6953
25620
3183
19195
26031
23291
4489
13945
2574
13203
18410
7973
18399
16603
16668
28844
15150
20869
26783
8676
5000
23220
5014
21935
16725
16388
14529
801
3433
23755
25771
26853
20181
12958
15909
20444
13059
24855
12018
24840
19458
19158
1220
4777
22814
3014
7784
28837
32180
9377
31037
17453
23108
32695
13034
24222
15304
13035
21328
2981
21828
8958
29374
28327
14239
27664
4196
20320
31665
13155
11531
6602
21149
18019
32259
5440
28769
10979
19548
5859
1195
1194
21593
13117
13807
29742
14625
13092
21174
21151
24760
20449
11577
28455
19502
31378
21806
12657
16406
13005
9186
17768
20794
12422
20104
13377
10637
25907
29392
3771
6497
6189
20924
3237
18650
8794
11440
17825
7587
3337
30920
26409
10463
6173
23661
3023
12643
27502
11051
6089
11810
30572
21437
16044
17640
18694
29802
5752
8524
21706
2453
23509
14304
32077
27279
19356
18858
22733
2223
13721
15320
31253
9381
11408
6063
16545
28171
30589
18117
29699
16701
10272
24432
11909
30571
31417
5502
23312
31980
25361
8998
19020
8661
27321
15935
8969
22731
17558
28080
12766
22549
14750
21288
23567
20725
21212
15631
14772
12601
25786
5308
6936
8973
24447
31976
32096
16147
2327
13410
12909
9398
1043
4357
16387
27835
18416
9960
14890
10776
28316
28628
7380
27914
31542
1787
26817
31842
32277
19686
1952
14623
14861
1968
15223
24642
12013
21362
7492
7902
11596
30462
28389
11375
22406
28880
17461
24428
13313
20545
18296
28704
13493
12030
7417
23989
22507
24249
10737
10642
17988
7966
17067
23783
4606
28681
998
3205
31603
21494
23419
20212
24290
5817
1087
22719
12146
27759
31019
13075
9076
31924
9146
16520
30185
11798
18835
1087
24900
17866
32104
24365
14193
12190
5918
14262
15125
559
30510
16254
7704
4956
6475
19324
18785
12538
14917
29264
20960
20937
5421
25814
16082
21159
31674
13563
1344
5124
19947
32463
23753
2966
5358
10204
20898
7758
17729
10423
14299
22154
27671
5332
25572
19084
19453
21662
19535
18219
11453
17863
30935
4808
25218
13789
25250
23684
20542
27423
10691
11184
26953
12174
17411
25478
30283
4679
2273
12054
8539
21263
16087
27010
3432
11312
3551
22126
31960
28292
31542
16051
19312
9167
21088
17747
16244
11089
8044
2226
30223
1180
7801
25603
28404
15524
17529
25856
31558
12565
17717
18910
5046
7657
14994
7040
23019
10553
20754
14315
18726
24915
7581
24826
23078
24846
130
9042
7753
3674
14777
10649
5621
10011
4715
20451
17974
4152
16307
2925
20904
6894
25255
31374
6296
13419
18834
12522
9318
13208
22148
5097
25133
14646
12045
23400
28838
22060
6469
2734
1354
27679
10767
30113
11447
31812
10399
9785
27221
22642
19258
13878
31545
27260
12605
28942
16458
1469
15969
21034
5026
30452
15165
13137
3383
18003
24333
16229
31418
24530
9905
32077
3775
5577
7417
1842
2847
12734
30751
16878
27290
1915
12437
10433
19905
15972
29953
326
12052
17672
8071
2982
8807
8950
4166
780
9098
7378
4389
601
14376
24232
9935
8472
26864
8319
29436
23732
22003
31026
3059
8680
27213
21371
27980
2680
29448
14673
26107
8991
7485
26996
10122
19912
8060
27462
23206
5121
4718
5340
23773
32172
15545
14165
2982
16375
22052
25962
16546
22671
1532
2119
25377
26897
8374
13977
13032
26306
26837
489
12338
29311
22287
11816
17652
27895
11691
1931
4965
6935
23341
19097
3518
28358
28725
21122
15166
18387
11429
434
20082
16683
26626
6310
28851
24144
22813
28414
26352
11526
242
17108
29614
12112
15568
4685
6732
8602
17338
13165
10124
28984
4878
7728
9039
30479
3684
7382
4000
19090
22201
22142
6388
16625
7373
26614
7088
27788
29385
32466
8940
12462
24869
10939
17527
15736
17097
22794
32283
2075
11378
11926
30754
4939
25432
13257
20760
7152
9998
1786
22227
32286
21161
2294
20657
26183
6436
14304
16161
8879
24835
11324
13413
10529
823
27718
10902
9441
28994
2440
31464
8417
1691
15531
23087
8759
2388
29582
32418
18127
7674
1429
21215
15453
12989
580
23088
9110
9680
19980
10765
13216
11027
356
7394
12743
13552
15900
8722
4465
25730
28398
20283
20564
17661
9559
5820
25318
22090
2469
18292
17685
10993
4432
14797
825
7484
28557
19961
20295
24474
29729
8060
30279
27713
19571
4587
18952
6167
23270
6899
21266
19667
6245
28060
24284
11871
13376
27343
15935
12161
26166
31511
18475
22971
9939
13732
29849
19568
16892
30869
9152
14151
30664
22135
25996
21461
8081
32008
21836
8822
331
31041
23979
28283
22805
31892
30945
23947
14606
1907
16682
3651
15722
7441
25975
2592
18117
25708
22116
3743
11958
23179
16235
29090
10920
31236
8279
9494
20709
31682
6907
7635
29684
5381
18723
8643
18469
22186
11979
16711
1898
4525
7311
32726
1896
25836
5731
28648
30158
22574
4740
17938
12006
10339
9391
10098
25194
10542
27024
14157
31384
24480
18045
10231
31112
14919
20836
21235
16574
2663
29954
7260
30460
8839
9558
9603
89
15919
14422
4826
15511
5873
14048
26897
32690
19110
14835
17790
30901
30458
10271
30146
31441
11819
26426
12970
23728
10509
22101
595
25095
23122
9198
1426
25451
18184
21608
13458
10341
18531
3256
20159
10184
6845
30048
483
8770
24027
18849
3215
19250
27250
26348
24509
29625
8425
28827
947
27668
5473
23518
17451
3881
15603
30712
26544
11359
56
18091
30283
17331
22287
14576
21343
18441
20890
9196
11986
23487
12938
544
4461
15240
32413
21728
2182
19320
9572
14854
13532
31323
10058
2535
16578
28491
23762
4486
384
13698
17184
15624
18422
23148
29115
18024
9346
12800
7569
15468
8740
13649
19772
30168
15584
12128
8835
17633
5988
11317
23844
32484
13291
24110
31441
11352
13409
28054
6264
29954
26056
26233
30919
7271
6874
14519
21488
8839
6640
32344
21673
23752
8738
31775
26231
6961
19376
4194
14637
11736
18337
1049
7599
24222
17065
29236
8188
13081
28496
14642
620
2770
31569
10991
32310
28081
29760
28349
27956
7861
24432
18871
16619
18152
2324
16722
27334
19603
20132
19509
6562
10926
26755
1355
28815
23706
30430
5398
6869
12819
21975
17734
24886
8032
31971
29322
9331
24012
28016
20646
24850
28762
29900
13510
8285
24757
17730
23057
31406
18534
10886
21634
3818
31305
23891
9715
4940
24642
14930
10619
25444
24876
24638
18682
12127
25362
31046
12530
12424
15778
13234
30361
1807
12510
11722
25644
9481
13333
22771
24453
27321
12562
6172
7920
22542
32659
7512
8251
30572
13565
19148
5644
26032
7245
6860
16247
7022
27218
21313
24016
23420
538
2126
15550
27317
23978
12851
145
29943
28401
23153
11990
17262
3327
9263
9512
10261
16755
13276
29257
17017
2610
14870
17777
449
25439
9674
26597
2027
11655
16797
29900
21080
17435
16523
17214
19339
22564
32206
13983
10798
25394
29698
26923
16725
18069
12166
25809
9735
27344
16421
24133
19963
29515
28150
9809
2975
23112
13696
17772
2910
2328
20258
30093
13859
16527
17843
28225
7449
26037
24677
14076
21174
1726
25583
29612
21751
11325
28395
24468
27885
19092
30076
27224
10104
26543
8245
11092
19283
18674
4662
7986
28752
15727
23192
25532
7141
22621
5388
26094
1768
12229
32190
13904
28823
29567
31872
30595
8923
28765
27428
6937
3022
21414
6953
24746
4218
17094
24219
19235
31972
6979
6196
98
13641
28403
5831
18176
3239
4205
16351
5742
25727
17341
19875
27972
31193
26460
9212
25045
906
10591
250
8455
1458
7406
3188
20322
32392
17400
2799
102
20570
24869
14273
14370
3279
9740
2679
11010
1392
4519
27507
12265
17766
4867
7130
6271
22661
17468
21677
25549
906
20905
24885
32519
20897
24916
14501
2216
6955
3757
23291
18884
27069
20095
29991
22938
23916
20258
4207
8042
30536
10483
20754
9862
27942
29441
2091
30890
27299
4105
7385
29328
25445
18341
4253
18112
23204
32704
8963
8870
17385
10829
22661
10726
24854
15160
26796
15348
16807
15005
22392
14303
18231
18233
15874
12909
21318
7454
1632
21101
569
29866
7881
18249
6050
19897
26617
3547
32706
31514
25303
30593
2637
576
24918
10100
17004
9018
16025
31317
2056
7398
25178
3081
20038
353
5004
20423
9038
11969
24127
28271
25937
16391
4293
24350
18634
2639
5139
28159
5124
31306
9065
9572
13276
26094
10038
19733
3528
9836
14134
29671
13080
3683
2013
14225
22908
4179
18168
16060
15559
10580
11154
6489
19954
25608
15636
31543
21348
1998
5553
1237
24176
18488
9217
3701
14880
2240
12268
10609
14129
2230
9930
19410
31070
2941
29384
23071
10722
20727
24974
883
13112
29246
24095
9170
27173
30357
512
8381
18424
13470
16796
29700
6673
21453
14311
22748
19104
540
21826
20273
9903
12800
30111
26942
17763
29852
8677
5978
29822
17461
150
26133
20009
21223
14767
25219
23537
12694
20943
6360
27407
25383
16540
24885
30188
12271
18018
28354
18148
19819
17662
21757
14410
11826
8187
30546
13741
3625
26618
5867
25178
3830
21847
29385
2338
30903
22025
11796
14686
29427
13002
28847
13616
18896
3961
30224
5387
4999
19132
32335
17525
18966
233
21884
15371
11573
13863
25910
7366
138
27600
1145
4222
31264
9498
31160
5036
29974
7927
25388
3188
15508
16185
31083
21219
771
32506
24636
3701
22910
21563
31146
3290
15235
24267
28503
30201
751
23659
26131
310
22569
10287
4013
4080
29341
18727
3849
20814
15724
21567
25203
21308
13409
9572
18483
9392
3368
13288
20834
27954
186
1576
5884
7579
18716
2156
17718
7709
10057
19214
28945
7555
1389
27615
27695
26042
2387
11974
2789
22929
11041
2474
4243
32701
9283
10130
13872
16160
19109
9995
32553
12363
11301
6091
20588
10305
32328
31635
32191
24701
13867
20058
16727
24631
23741
22951
20902
2788
29484
22335
2420
30716
31645
9984
22065
30719
31264
7181
24714
27322
483
9515
9018
19143
8870
21611
25635
4691
19054
2570
17309
23843
28542
18069
22030
27609
5763
26704
31675
27764
2319
22489
27357
11287
20552
26633
8184
5643
18402
27931
10344
9222
23882
20240
31548
9134
20260
6993
21576
30041
248
22935
17782
10263
14120
10248
29277
5874
20262
25251
10773
27508
18403
23005
21321
10602
11915
23692
24205
10216
17263
6405
13042
7053
27459
6529
18648
5640
16521
24518
26372
7899
22861
25603
13811
18783
5395
31483
7533
27657
1806
26469
8285
23787
20626
6803
10975
22398
32716
26707
1691
28574
18097
12819
26962
13782
7732
19784
20918
28894
10684
10512
9855
4194
28373
30485
19387
15621
13605
23477
8805
10662
8867
26977
9786
2530
26627
27459
7624
20954
4468
17188
4296
9014
20366
24204
30893
2922
19590
1835
24445
30519
24997
4727
24800
32629
16632
13463
16759
29457
26440
31360
4206
16978
27212
12126
1877
12128
30494
12597
7211
26630
5356
30920
31164
27831
32752
22714
21038
26831
12450
14323
16342
24604
25388
19269
10320
21917
13086
4687
21966
20361
8035
7074
15024
23699
2676
21539
4949
32365
2763
26033
23089
7563
8091
26887
16928
27177
7614
28387
11002
20111
26862
9320
17512
22164
19769
5824
21238
12385
3247
23047
19305
10871
30046
5988
14418
21236
4992
18041
7651
7185
21490
5630
20482
10736
10984
18344
28316
11669
4832
848
31804
28978
30676
25937
17116
31143
25268
19506
31483
24905
30995
10629
26863
20450
9505
23054
25725
13306
31193
18728
32423
8533
10107
25445
14789
30909
5181
7285
2007
15618
27965
3145
794
14654
17339
26487
5337
23645
2693
22241
32390
28125
1970
29330
30985
32723
3731
25576
24152
16943
5607
29432
4424
6976
32334
814
6051
10619
7425
17204
6778
4728
24255
5141
16572
17213
5899
27555
6152
1471
20372
13846
32704
4006
11253
31477
19039
28241
13726
18746
2316
29722
9234
11953
13679
2779
30036
16033
11715
4017
27291
27566
14124
7167
15693
14590
31307
24502
8235
1691
11792
28884
24777
32024
25808
13355
15682
23672
12184
17252
16937
12875
3008
29763
17603
15130
20163
25901
19827
29445
1102
13031
1653
6571
29334
15264
719
11594
14575
4914
29061
8487
15515
3237
4365
21297
22495
31988
30466
1249
32604
6932
29
23396
20893
8499
31840
11004
17645
4926
27540
4516
26475
20133
24054
9459
25952
18274
19758
14146
18895
5688
384
30737
11598
15416
22342
29607
18197
16266
30878
13817
5205
1386
24416
5325
2507
3441
13139
25887
916
29206
22688
8132
26435
21108
17030
14669
11313
2382
24144
12590
15892
21840
10884
7200
28115
22167
20062
11715
25753
1396
17788
1416
19753
1645
29659
17102
10097
32645
13826
9291
31329
21182
16765
13998
22525
25051
27021
22146
26545
16234
7198
2390
27365
28930
11001
29211
28626
9930
13627
25805
9876
3130
17670
23894
3200
5670
30070
23983
25015
29176
13527
30536
7419
31293
30485
938
20930
21603
27763
20571
15497
7104
4224
16897
26987
15831
9544
13003
10482
27607
28359
4109
18221
17765
17059
31530
14595
8347
16410
29111
13254
4945
17464
16605
25356
8603
28238
18431
12474
13714
18593
20125
21345
17496
26975
29049
5838
17494
8151
27384
4828
22728
488
15050
17549
22140
28090
28877
15705
1494
21421
7983
23750
17944
23695
14292
18489
30176
16402
22775
5388
17651
24445
19731
22752
21304
30881
16900
5173
16648
1295
31593
11064
5285
6536
1102
24795
6407
22965
9224
2091
6623
21528
6751
24543
8406
23107
26355
19500
6165
10568
8152
25313
30219
30320
7044
32175
22122
13360
29163
18120
9331
9048
6376
29613
14964
1166
8159
8768
6799
32251
20129
3105
9404
2372
11151
1079
28177
32188
11523
29325
7490
2776
6635
16992
28772
14051
23991
30326
20470
13810
21366
22449
4897
11547
19515
29155
22847
13794
21702
21220
7323
13812
32352
16354
25207
24344
12039
21753
11348
27490
15563
17155
3693
27049
22648
8114
3973
11836
2933
31708
13794
15313
19692
13333
26010
14526
29227
12163
29709
17516
32331
238
5299
16648
5391
7703
792
25979
5390
8523
3620
11165
7445
18743
26784
28325
199
11006
25334
19941
28806
19081
29240
10164
22679
3359
10340
16555
15232
14901
487
27412
2997
32391
11359
17055
18548
9575
10917
20567
25070
31829
31243
10965
10407
5329
7394
26291
19487
22637
11840
27460
11442
8998
25344
32642
1213
22516
7177
9032
11522
9120
28116
2242
78
25046
16680
16929
8793
22651
28968
30611
11757
15680
2704
14706
3658
14712
4156
17083
1994
24615
26858
16323
13249
19035
23104
27941
29607
19903
13585
8959
8057
365
5852
8286
29532
1284
25749
10998
132
15866
25256
22295
9556
32564
3644
3036
20678
20180
7092
6054
5390
15955
15996
26824
19834
2255
7682
16004
23453
27558
7170
26167
16300
27971
20487
22736
4136
1592
23599
19590
5309
24717
32558
3787
2155
8536
1941
14971
18147
28814
3157
7770
26932
13081
3710
26557
5542
11051
26701
25991
1766
29393
11622
30551
3684
1227
24670
32000
5626
18331
8572
23098
25806
20188
15041
25239
11129
18133
11557
16824
7017
15950
8996
13248
3459
17058
27769
8713
31757
534
26410
30742
21452
26729
31172
17609
24681
27053
744
31702
22554
28501
25094
27512
19070
7054
32105
14947
30408
22227
26996
505
19743
23483
5419
22720
8005
13590
8181
24852
17527
25145
15519
12313
13461
5526
17829
8436
24195
16784
26285
26683
15823
26509
32597
31657
29588
23884
9006
8727
26270
31865
23304
16295
11982
28798
2929
12867
20416
5789
9336
21062
1708
9275
32439
27512
12170
1919
2448
16960
1402
13852
11958
30997
16994
24171
3823
27190
25049
11965
31769
18843
2884
9967
21611
9003
26430
10303
8958
2351
25662
14173
10636
1799
11891
9414
14199
11291
24307
3917
29197
17173
9749
29946
29194
2382
29979
17944
23134
31365
27413
11914
19505
1239
2306
2398
23589
14571
28983
12965
27867
19054
13829
11137
4792
29887
31638
17535
25833
6123
28952
16935
24484
8667
25885
12242
15281
6092
31042
21692
24362
21504
14607
32602
19327
19379
6175
6894
11452
29009
7041
17240
28175
1766
12893
19247
30597
29910
475
26640
30996
30926
10304
31030
26334
16634
15195
7243
2740
18297
1567
1150
20185
526
18833
18390
9737
14872
1253
5830
13498
8388
2275
4609
8098
29569
23184
12943
9081
17588
10507
30753
23040
15533
23221
20898
20546
26330
30100
29710
21018
24379
26362
4999
3829
29718
28257
12966
31705
4076
12186
31759
5799
32683
12327
23112
28317
26917
17381
16843
5662
1473
11502
24921
25014
30065
29373
11410
6233
15844
13459
29891
30955
18940
31514
1023
14598
32130
19784
28273
24823
12569
3207
3568
10505
10864
23571
23508
15367
25788
6051
7432
764
15718
7499
5217
24125
22784
28321
12078
28585
21630
27935
24593
23088
5795
13768
7181
6802
21945
24590
11743
23913
9605
9204
21394
30314
8570
11120
23118
23784
1837
4883
11377
20889
21769
24043
1504
4509
16708
24745
17056
15036
7441
26623
31648
17648
30744
7756
26073
13603
6179
29819
10137
27961
6426
4648
6172
15697
18737
4357
7517
6728
5472
1917
7211
7551
6676
9879
11903
12767
11300
28444
5133
4634
28166
16892
4377
31795
17731
20462
12172
15936
17448
11351
5703
111
23486
1901
27319
28743
27133
21404
28842
12592
30781
23081
23649
13878
15853
789
2790
26890
15239
21572
5280
16969
451
27614
28196
14081
30988
31222
2894
8050
15664
32105
14481
31505
24923
18441
7819
13779
12358
3579
9180
21159
15532
1118
8505
8004
22014
21293
7100
21798
13655
24167
31102
19411
30386
10861
25704
8291
12891
24491
20294
30271
19107
12666
20765
13609
16856
11333
19135
26749
11380
12011
2716
9142
5013
4965
25307
4147
23469
19113
26026
2108
891
28622
15314
25408
20282
5744
18830
22368
13336
22614
5533
5170
6121
26194
9878
31422
14621
8297
19068
5837
21231
31028
31890
15716
20960
10374
23920
29835
11364
29008
29015
2130
13275
32449
6338
28950
29122
7345
30525
28417
25899
20287
15482
32464
13418
3513
930
3033
10002
9405
15593
844
31776
926
21861
11449
28789
30985
4384
27602
2442
8937
19308
20339
30815
5511
4470
4575
10420
32246
19230
28237
20604
17326
26118
28579
5007
28023
14057
7297
3999
19849
1327
9345
25709
14577
29886
29373
3132
20022
16914
18834
6278
3901
1168
19364
9967
21098
27415
5666
8823
20232
9945
20556
9459
18667
30825
21554
3262
8019
4884
21694
6828
17172
19061
9460
11327
22516
15940
1145
26142
1365
30831
5458
25282
14868
12652
24303
14707
26544
11981
616
29043
30895
28693
1030
13689
1597
7626
19973
23392
4375
28363
20632
5153
16807
30692
25390
22527
29552
6560
19188
25345
4013
94
2715
21925
31541
27303
24411
19923
7074
10687
3896
3088
14258
4218
27780
30964
14062
17489
12965
7902
1161
9397
8216
27622
6538
15524
29110
20499
29230
29305
9014
3023
29319
27144
6388
17047
32362
19690
5872
9719
18568
27926
10522
19638
7387
30129
24781
2638
10820
7720
2969
23198
3954
4987
18245
13795
12037
3036
5908
24805
3827
14456
24136
3438
18219
2453
25573
24320
17273
30941
17335
10183
23722
19961
28822
29133
3312
4450
11241
10349
17288
8564
5737
30218
7065
7621
15912
10753
31328
7348
19921
15067
22666
24389
16689
14536
15073
30508
17142
17481
7723
4903
6071
23852
23119
26001
14901
7613
16570
22837
3297
13883
31233
2144
17566
15497
26312
10810
28871
9254
2018
27221
17524
29279
12730
24199
1273
707
3825
3829
16816
28632
13896
17521
14585
29708
22465
4358
3710
22254
17665
18128
14012
15006
22777
20753
15295
23938
709
9090
16172
9275
30676
13287
23941
32728
20810
12774
22185
1097
6306
28953
8090
17174
1944
14690
16771
15953
32582
29055
10746
1993
31373
22494
20610
24704
32694
15794
21844
27743
21849
30790
32095
20009
32382
31889
12173
16302
16899
22796
22344
31297
16702
448
20541
875
25058
8867
16223
12769
3879
27684
32047
32436
5669
3589
30011
30408
8577
21609
7909
24711
6220
6958
29542
27094
25640
2940
1299
29256
25261
22430
7134
17810
1547
26897
31519
23104
26864
13531
13461
26790
22956
10782
11431
28184
8339
28397
13296
28766
1442
24414
23035
5474
22886
737
23883
25388
1306
27600
23711
15376
26128
13639
11636
27430
30802
4917
31690
21755
5256
10419
5931
8326
17692
6293
4330
27742
30365
1087
4009
25642
1889
27835
31773
19032
31343
10760
27414
18962
20891
27828
26809
9581
21235
32173
2320
5092
15706
12372
25030
25862
12403
15059
20779
15211
19393
26800
13950
29676
18700
23459
32620
3347
5638
20133
11988
8913
12590
3914
16589
21103
19957
8528
4074
6855
1055
16504
8125
3252
3693
13460
28825
24519
23673
11234
16540
16188
31713
3992
24045
25388
7335
1728
28227
18948
13528
6982
20391
9781
1900
13648
30330
21549
4718
24781
27833
27783
10333
4433
22144
18046
14545
22560
8141
32424
3169
16521
14215
21985
30661
18037
31679
31876
19000
6975
15157
7650
31520
11462
28702
16364
23281
8897
6180
19251
19279
18003
19887
20243
17011
2016
1635
22058
7631
5918
6890
24335
2037
16751
31731
19777
30133
2670
14458
26206
32389
12999
14666
12182
5159
8525
21953
16222
23941
25158
9684
22377
14560
12553
13650
23252
10537
16332
31853
29857
12975
12727
16758
614
27387
31549
18408
5958
16376
7339
28840
11041
14936
27393
12171
18952
16178
23298
31257
22516
5360
647
5009
15543
12136
17432
23085
3122
1865
22717
31142
32457
185
11282
9979
19988
9532
16026
18799
18903
13528
597
13520
14645
21111
26005
22783
23584
20364
13
2733
8468
23289
5675
18787
25349
5937
26280
9925
17302
23449
30301
13079
30091
9525
20056
4864
2945
31360
24623
8846
7900
18075
1172
18811
25346
28586
18474
25775
30919
11388
31383
26885
5671
23914
13275
9042
22075
27777
17376
14756
17766
30947
16465
20935
32208
20842
9392
270
26645
655
14499
26959
29758
31626
12431
10032
24304
3771
15464
30113
22243
20809
30920
10922
5782
7689
30270
29031
17985
16289
19176
25937
14860
1517
25156
29374
24702
19105
32579
8364
30008
10544
9375
10170
19427
28141
22383
31351
18279
112
28665
8927
20829
19772
27847
6435
26056
29343
31741
30633
1791
13529
12009
12372
11758
32128
3036
9989
2686
27170
29240
21858
10322
11821
1227
23510
19380
19468
3675
9176
6863
27027
5250
30577
26398
17309
3261
12792
11044
1267
26559
28193
4190
1136
26379
21814
4470
11875
28865
29603
3257
7477
21944
14008
23243
9548
15822
30635
15769
22574
11900
14300
15248
17130
24494
29277
15117
27572
21201
9906
29204
21199
24621
213
32324
31408
11893
17022
14602
15200
18588
20896
7190
25890
17899
4151
18955
30294
14417
24897
3963
26781
21754
32522
28690
22846
2850
1709
5137
4296
32044
23768
10750
11769
4078
20431
4250
30687
1104
6836
23828
6973
20245
11781
4476
22320
8952
24934
6010
23826
24827
29345
21312
26527
25340
30187
25277
19798
21641
7017
23828
4642
3573
28146
9804
15418
9643
28439
11081
28742
11203
13408
6651
6339
17363
27097
27093
7336
4360
24013
18561
26954
10357
31186
16082
21373
32170
19717
8698
5116
32137
2967
9469
25355
19285
10121
7781
30554
21516
26291
22072
27693
11255
6667
28711
21178
27263
23076
17928
29394
30786
27893
18054
32452
870
14556
11287
15999
3629
26851
8239
30198
19402
9793
7860
2761
16244
2852
11697
11553
20920
12973
15694
2011
20499
2620
17408
15338
2752
18415
27389
10998
1231
10853
24307
21833
27255
26056
6393
20204
16813
25098
13254
4109
2293
11886
8480
9380
14457
20043
21400
32599
22872
17165
12405
29594
10048
30588
24046
6938
28735
28737
16796
10844
9942
26021
17198
30881
23120
10909
10079
16142
2385
1284
5925
21257
690
23335
10027
24550
18572
23174
29570
25539
10643
31705
9108
29616
1190
2130
27225
2836
27300
1058
22221
27212
4736
8766
2209
18580
21400
9571
7472
23851
6722
21079
26806
946
2728
22387
20412
32725
17879
19806
21719
9262
1298
13595
11922
24678
32620
5958
31145
31390
19862
10394
23416
30733
16373
6071
10418
30954
23287
26658
25686
2956
28072
32398
10975
15056
30336
16986
23996
23483
19071
30810
8959
24160
12925
15066
3417
9732
29371
13024
70
11393
28861
30386
9349
29928
27484
12696
203
4458
30999
30947
2744
16505
16554
29230
17418
25898
8162
12004
14353
24286
13487
24835
28003
1057
31867
19743
8144
17618
32186
7593
22168
14213
12226
31601
10972
5669
5341
3946
21075
28126
15005
20909
16958
1593
5232
18881
32414
17289
25716
9242
27044
2183
9869
16607
10089
23353
12724
8177
27103
20760
914
20008
14600
1649
27213
14304
2917
9484
162
1204
17074
15884
12340
24713
24784
31510
11811
21967
2307
27317
9697
7427
8541
27645
1601
1400
10362
32111
9425
23384
4974
29469
11114
28389
18428
22543
1029
8453
1801
32484
14032
6398
23375
1468
28290
1918
24662
20822
5867
6878
30112
17270
18895
2215
12836
12426
32244
20566
11263
22668
11386
7004
26725
26410
24683
24169
2013
16165
25747
8170
686
5367
914
2001
2452
7352
3631
7316
24248
20290
7151
20856
15071
2708
14823
18959
4834
4468
31694
30463
20830
11865
9046
28678
22700
32135
20924
12091
24852
8828
30622
4503
1853
27787
30478
16563
7912
11975
11236
27091
7646
20258
20056
26148
13095
20694
25552
14402
24189
24068
12790
765
7169
5275
26638
23901
30764
6780
29319
10212
8199
15580
11471
18194
16799
7913
25964
26415
20659
15280
26697
11588
945
16190
845
31083
7393
31493
14642
7752
21471
31106
5781
12760
29518
29981
23881
23401
32459
13905
31217
17130
29984
7436
30670
1381
698
22873
26325
21194
14430
5948
26629
6382
6679
8669
21495
24531
6771
16873
12215
15146
21998
23350
25554
29974
8879
3494
27056
22067
18546
23885
25380
11991
29894
9686
20546
1432
16248
23842
22385
3854
21327
26931
21441
21210
3833
3401
7550
8678
12870
12874
16645
16879
27540
3687
6102
29249
22923
28669
30699
11714
21770
12217
27976
20018
5984
3584
12756
29873
4288
32654
22375
23426
751
11613
22564
29966
13376
11208
265
31788
20162
11504
27332
22943
16312
12895
29896
736
11081
491
30369
13855
18553
25053
7044
14212
14680
24659
7211
29626
13177
10723
19168
11182
3238
13185
9687
3476
32722
15267
25536
24364
15951
26275
11933
7491
8514
31332
209
13436
3923
32056
22650
14160
27305
15361
13569
13652
6933
31639
4848
6074
2189
22890
23043
10011
6621
8041
29057
7796
2969
3874
28364
28526
13142
26666
4663
7138
793
11711
1561
18588
24848
28588
5152
27999
10112
6765
17639
17962
24831
4756
7626
27066
5347
8043
28921
10576
14330
26843
29643
7604
5500
3212
3925
1402
17469
3662
7996
22660
31783
10168
4807
13512
24552
15118
9272
2131
3816
28008
6749
7310
4990
11281
18530
26305
355
8494
16361
16853
22631
23456
26972
30046
32610
11819
30338
11737
27502
2519
25425
18993
18259
22422
30980
8841
12099
5416
1901
11317
21704
14652
18571
7945
7930
8920
8799
32727
6901
6138
15100
13363
20618
6016
4830
889
20277
581
6524
10514
1871
24461
28704
23538
17285
16547
20215
28517
22153
1984
16484
28940
20743
5679
9882
26658
21467
9647
16234
6660
21121
20761
6745
30705
22989
4162
13558
6670
11996
11043
12651
27565
23114
26679
23377
27854
29605
31269
28361
11494
16674
28831
21960
25312
32655
12426
20402
18018
26249
14175
14123
3665
15599
11729
23082
14487
4503
3504
6222
32548
27711
24333
15222
7730
2758
20639
16012
20430
32412
12133
30369
8340
15991
397
21055
442
71
18581
8954
15440
28525
11952
9545
10693
4903
9067
14996
21934
31055
11152
2446
27843
31046
26698
30917
7466
9003
6539
14200
19449
12112
8107
18600
17398
494
16466
17521
16801
5911
12951
17307
116
27373
13929
10605
11625
12818
15150
16321
25277
30303
22955
22878
4339
27609
9508
28289
31005
4576
6084
26557
7255
29866
7743
2821
17556
8944
1717
16136
2717
11239
22234
6333
32086
14706
19796
26430
20035
6806
4708
12761
10060
21038
23497
23652
3517
32224
2017
26066
30353
10575
29714
29956
28656
24978
4712
10209
1014
7398
639
22697
14518
19103
12708
19846
20863
8037
17975
1637
13662
29084
23123
7427
7907
14884
18866
27467
31016
3395
5834
27615
3600
8159
11068
2293
27085
11505
30575
19812
6053
20278
13688
11262
7157
9000
21310
20769
20342
17708
18395
12937
32703
13
22597
20840
30987
16297
3885
25273
23869
7146
27687
20945
27681
4088
3596
20791
8437
12717
23708
28085
18728
32074
30056
22447
30817
2408
24560
22196
32195
14129
19720
6995
15984
13007
25984
25392
6475
22565
27651
9047
14339
20413
13888
11471
29005
30722
16712
32627
8304
28336
25911
16125
5639
20104
27671
32356
1538
30024
4097
21864
5871
26074
9349
29802
30328
6860
28493
10882
5932
23808
29692
4556
31618
29349
14172
22018
12826
14949
15801
18768
26439
1760
18568
15203
12235
20058
5965
18116
28897
688
12219
2148
2433
9617
28956
30072
8415
27882
30451
17286
15925
2978
3808
5824
3522
29320
17861
27282
30482
7562
20519
26743
26753
16679
20951
8464
31739
27687
18641
23415
22789
29065
8036
28369
30721
11965
10643
23074
10925
531
4540
3686
3566
1396
30839
7901
18636
24912
19393
19366
15549
19415
6490
6799
2854
2156
24683
29228
5151
31574
9836
27430
21111
9657
21317
19414
14583
7621
6323
25106
29931
22318
26862
12103
14815
20444
16521
6856
31399
29923
18329
7782
13218
21429
3609
8513
10815
27543
26509
29918
17855
13137
10726
10361
25917
10026
21414
9884
22252
29459
23876
20720
21665
3363
14802
3668
10641
21571
19165
32556
25947
1835
19349
19451
16457
10125
30509
16949
5330
7567
28293
13134
4708
12159
8455
18967
3425
8642
15567
19018
4200
4878
27150
28259
4821
26842
21936
22450
30859
24594
20284
17583
16113
5646
32252
397
31546
7621
29023
18194
3562
30014
4251
31653
12181
28488
11670
2729
15082
25963
16135
17929
22513
17950
1496
1556
27793
21306
8656
31628
30293
9391
22894
26617
12656
17270
6424
12355
12542
28871
28021
32128
19596
28043
32023
24587
1755
22036
17757
10454
20961
26124
7831
27905
21521
14507
19308
26539
4828
22829
6009
11784
9848
14212
18747
27059
23264
21834
27439
3398
25116
16121
12343
14121
31682
9566
30528
13991
13757
11083
12834
26439
10829
15245
13255
22105
24399
31517
10640
26319
10943
11163
17396
26446
16507
4599
21099
20101
19785
13682
22154
4542
17180
2757
21103
18866
14995
24479
22111
6562
3523
6741
4526
3235
4150
8661
27359
23866
2099
477
25357
23336
19776
8042
18570
25479
12262
4466
31941
7958
3764
29141
20849
31442
15495
14994
16611
3782
7176
822
1468
26403
5237
12955
21961
25491
17317
30926
17447
8395
4422
9553
3755
8287
1898
11651
23168
8923
5186
30556
9234
26639
6440
15453
26155
18858
27363
6343
15452
25611
10023
6924
1183
16723
860
26499
17466
15039
30880
17503
21479
1077
28943
8674
5937
5660
23106
29390
17185
26993
16661
26909
30746
14871
23214
27377
13058
17263
7867
21454
22946
11049
22266
22023
26192
3674
18431
4214
30411
25806
22322
11376
16998
11935
21015
6136
15209
8198
15058
12339
24500
16242
15850
28701
31909
10711
13645
30585
27196
29001
23700
32270
381
18889
6793
1808
21014
30815
998
26845
23362
14441
31584
31978
19437
2866
4836
3068
3609
9670
4641
19099
8576
28933
17990
31171
2427
20471
32525
32734
21026
8287
23800
3567
28853
10643
21722
9488
827
28042
3226
4126
13160
4151
30004
9651
16580
18709
17920
26196
30218
4868
15671
19180
3534
3667
18867
22393
19043
18718
502
17926
17660
25050
3182
24025
14353
14382
23800
19181
18693
8196
27554
2467
5381
19169
18613
15028
1331
23409
12787
29546
11780
22375
3357
24080
15846
27524
27576
16039
16167
13812
31761
12250
12562
2785
2943
11316
15451
26435
32232
14225
1725
1525
24198
15570
27105
19214
28139
29653
4482
31086
20803
25509
17615
26263
18138
21741
24336
8383
990
18611
15245
15139
8037
18242
6315
13469
11953
7016
13913
11385
30387
19938
13226
22917
22223
29973
28611
30567
20703
11519
29176
7731
21114
19308
7474
14397
9078
9325
12948
2604
7595
29446
26462
336
4602
14887
4625
15414
32399
12765
13012
377
31330
5322
23318
6362
31236
25043
14453
14995
20888
26136
18142
2281
6175
9001
28150
18433
20474
25975
3513
18420
30889
7944
15969
13605
28121
23151
18314
17107
14238
23036
4755
25578
12285
14128
7239
1567
8621
5747
10685
827
17438
17161
17532
15543
14523
18243
16867
5514
28013
21746
22985
15935
2144
4641
4192
1866
16649
7684
30559
11676
19048
25131
2656
21877
12938
1019
10886
10106
23379
2655
32100
17415
28794
3003
13082
198
32469
30754
30657
9345
4311
21448
5130
5428
29783
30138
289
11367
3474
7884
29656
9658
23412
31955
8961
23490
4371
28181
19739
18195
26749
6398
16690
29598
4787
11285
28416
24638
26869
23086
16984
31885
17216
26336
19909
14588
6166
22329
2158
23843
18813
6833
9020
6229
17226
16477
14655
120
20127
3173
24398
29459
16051
440
22254
3241
23249
13310
26742
10822
10660
30159
10352
10583
433
14114
11329
22974
805
10248
29197
22054
24273
29594
32725
13972
3699
10031
32226
20799
25143
6611
20583
32162
1917
26613
29794
3535
27869
22368
9155
29190
10088
14189
1232
14982
15665
4470
26824
27555
30989
15757
24006
22553
11158
12142
6121
30112
32118
4019
30130
24513
14050
30023
9133
31975
8292
21277
9044
31161
24798
28194
14640
3751
31948
28528
1601
17347
23241
26308
20640
9939
29013
20786
16227
10148
469
30743
3521
3745
1243
15440
31095
16803
11176
8617
28777
19211
6895
11928
16781
22287
17116
29740
21765
6993
30805
21056
12171
23734
13184
19444
17682
1909
6021
94
24234
3438
10133
7036
6053
32446
19755
21357
13816
4240
5009
17889
25060
1589
15527
18895
213
12408
4832
2406
14218
30507
7309
30789
22390
8454
5214
31214
15206
19890
19237
19576
22373
22048
22238
2949
32732
1823
13037
24436
11262
27182
13734
11480
14179
4238
32530
22568
26355
5276
17648
29112
13574
17758
8187
24039
10442
12380
15979
19866
15588
32177
8126
6890
6490
21089
15800
24090
9392
11501
18089
20172
12369
28709
19694
17780
17457
4158
4026
28940
19889
5668
16663
5386
13763
27921
27943
25487
8782
11871
26288
18401
26324
24475
23767
13595
26706
22234
32300
19747
30823
14672
19687
29661
27577
18462
2161
8862
28565
28524
20519
4068
25301
19384
25434
32580
13831
6509
8858
19875
5835
17080
13876
3497
27261
32663
32249
18547
23572
15411
11841
13960
330
14703
15920
1295
23294
7105
2872
31551
13526
23617
21983
5142
10280
20479
31683
24654
17947
14746
4827
17549
11529
6414
18943
26588
3368
11726
12971
26202
24682
24339
22528
7217
22945
32371
18187
7370
20199
6325
27722
10813
9021
18660
27244
16652
29554
16802
20057
3088
2631
191
17522
21683
24528
24842
13082
17248
10269
32359
24181
1080
13594
8226
31087
9223
12212
7555
18433
14710
27709
28835
14000
11906
24082
27517
2902
15916
28283
17224
4900
31346
15058
26117
29160
28287
32232
20052
30348
12575
10404
18827
6367
31605
28141
25609
1177
6128
17866
28616
21913
15739
11208
22834
26992
10996
7325
15926
27171
5856
5898
31642
30253
18269
9222
9363
2500
26199
10776
6291
3421
26111
4101
11106
11634
2425
29355
4976
24451
26069
29229
4714
14427
28481
23120
3083
30612
26237
10789
32565
27741
14991
16105
5440
6011
12983
9769
15250
11918
29861
23337
31599
25750
15082
29575
1043
7093
20397
32540
6910
25655
8095
7971
26256
27855
31025
6301
18133
18467
19460
26100
12450
11147
31904
3038
16097
2838
8298
13700
28201
14031
13776
23524
13970
23870
11463
31859
30663
5937
21367
8967
27484
24764
31540
19189
4450
9086
27057
23414
19257
13862
27248
17232
6310
30006
5245
30642
11045
22791
6236
23135
17281
11533
10816
19214
3489
19549
23678
26641
28325
1900
32320
16950
31026
5914
21118
2027
31753
16623
13098
27557
24287
4260
29867
18818
16745
19173
7565
20525
4278
32085
18039
12546
1729
20435
13917
7026
18503
31484
3830
1961
5334
2032
7537
5231
15655
15705
9060
31820
21421
23978
11269
26096
19310
6821
16796
5073
30994
25120
5944
14102
10809
26632
31393
27060
18194
4518
8847
5079
12842
9761
11545
16515
23169
26693
25200
9595
13283
32130
4045
25186
2421
17976
3752
15136
24207
2866
19499
20871
20937
9328
25830
8759
13913
32041
10436
18622
22428
6416
6974
20228
6898
32471
17358
3047
29647
11249
25255
21794
24079
30109
23971
2163
21130
31520
31101
12285
27113
3409
13120
17899
8632
12123
19967
23382
30652
5311
26823
9832
20358
16536
12498
15298
22088
10787
1021
30492
22760
2686
6012
22315
16467
14256
30413
20680
10260
12522
28394
23886
17189
16397
14787
18500
772
21611
32235
60
13578
31442
30354
28410
2553
5831
22451
7385
15316
16655
17038
9067
17907
28532
24153
13152
25430
18885
26931
12713
18234
20511
21849
12253
17386
13931
18076
17371
21464
6440
1043
689
14572
28523
12813
8892
9756
24099
26697
2321
10045
20642
30826
17948
15128
31321
30885
17799
21441
9699
26301
13661
12580
30022
30513
26736
18913
30581
25780
14328
13914
14105
21469
10364
21001
9872
7968
22006
1816
3382
7933
27442
30763
23012
17015
10359
31873
32439
3016
15721
8763
14867
17747
31278
11003
28903
730
7120
14001
32306
17137
14306
4274
7110
17586
2919
21259
18508
26035
12527
21524
20104
7221
515
4680
20958
24990
10179
4691
1045
8490
7886
25453
26716
32477
12898
15847
18314
2748
12997
28675
14762
13372
27363
3337
26807
4603
6456
4759
28836
20910
28656
30777
159
25690
24653
23865
8599
15048
13642
18617
17916
9779
16766
12286
1734
12611
9282
14095
12728
1343
27158
24447
3302
12158
3137
6535
29557
23326
5048
27480
12194
21241
25409
8878
13829
24533
27864
17577
9751
22235
22098
12249
13299
27723
20800
9367
24409
7789
10774
10140
7160
19659
21133
29388
20205
20381
27461
26707
17799
9093
4271
15347
2381
32124
28458
18076
13634
23308
25196
14398
12391
25281
9252
7131
29058
10458
19933
25056
12318
11331
12838
25781
9939
8136
20720
7059
19143
21379
27447
28566
7285
21142
31205
26387
30125
2336
3059
6955
30940
1641
20433
11168
1422
12128
19464
9448
22065
30024
2846
3200
11036
25774
16057
1923
9936
8350
7688
20347
16253
7702
863
26999
27080
13243
3361
21342
24779
20939
17891
7042
12125
30291
6094
5752
24212
12706
3909
10024
28041
20221
12488
19744
30299
30100
26137
27950
9335
21941
18077
2093
24598
13888
16132
21535
21255
30299
23597
27516
10926
22374
15683
1738
15181
9010
28973
29806
26754
621
17189
17090
30481
5985
15014
20583
11236
12511
21132
14045
23632
10613
11127
17232
21402
18151
15728
29109
12730
11741
19663
7702
10078
15834
9819
24618
13106
26989
26292
17705
17503
24235
20718
23518
26193
5084
30847
18174
22974
3189
16987
18872
16100
27207
349
653
13586
7925
12777
18530
4969
20907
6352
24020
7908
19725
18803
28363
24982
2414
22316
3154
1843
10051
13801
6822
25298
28119
3610
25996
497
8768
1998
20200
28858
19089
20760
19340
4997
12625
25528
8782
14749
15660
19959
8541
19783
28905
723
15829
17664
10140
30044
20880
14855
24861
862
27456
18459
12984
29504
25786
6790
12326
2348
13205
19034
24764
30577
10228
29179
5347
11813
3488
6621
12232
19982
25434
25231
14677
17091
7279
4089
19551
18446
8332
23010
13601
24213
32212
9653
21481
29625
304
3460
6161
16575
10470
22605
10033
9517
9582
18300
1171
119
23681
23986
19687
20187
8818
709
23096
3466
7617
10504
25631
10760
2286
22476
28727
213
18059
16166
9936
12109
31637
14579
24552
15565
9220
23322
31831
24343
21921
32529
24393
24056
9496
25251
7153
23080
24910
17904
11132
31601
6388
10933
16196
18963
7773
6349
839
14184
32140
3064
25815
6596
6290
28380
12691
8095
24087
18249
8853
32246
20022
30657
10221
24046
16782
14904
2126
19899
9877
14360
10504
14528
10544
25480
4662
10999
30849
30190
825
25492
7936
14258
11109
31461
8398
30022
23289
8061
21574
17763
16469
11921
10452
1173
1383
11170
20490
10745
24935
23388
31984
22853
29380
1471
11676
22026
30046
9084
13059
15414
10485
31394
27407
8669
31713
28281
24818
1593
19972
1710
18361
12783
24574
29105
804
27795
17055
1628
12981
11119
23202
2261
29447
7552
19608
14005
18785
14530
25890
24170
28043
11438
20835
1498
26080
24064
15285
25672
10661
20413
8347
13180
15769
7541
28664
7198
32461
27333
20094
16740
4022
27681
2920
12269
7041
27856
7788
13292
25510
30264
16875
23176
19392
31836
32108
8835
22428
13219
13384
8218
20368
29659
3238
6189
32526
19581
17066
22176
16760
11827
15338
17409
20790
19863
28450
32363
3335
9022
29736
31146
10132
11509
20514
27295
30027
21578
20982
486
19562
7759
4866
14775
11098
2202
28686
15114
6463
14224
3710
7679
29901
23012
16844
2428
9565
25946
25910
30232
25152
4305
32180
6200
1107
12160
14381
13687
5587
20864
6122
26956
5235
19850
26955
7399
6572
6147
19641
13915
23893
2869
28123
17154
18035
1248
15117
8477
32338
31985
12558
27836
14805
31121
3832
13278
11530
1121
1654
13784
23809
1284
15409
12795
17375
9439
11403
2417
31534
8220
18576
14440
24695
10229
24361
27251
26643
14895
9875
11820
4670
4580
31248
3103
13933
5510
8157
1251
6370
26145
11107
14986
32381
29664
20401
18748
13013
15315
13866
4894
13447
4847
11643
888
31694
8791
17617
3352
3924
30938
10056
26609
23368
21948
19366
21000
32433
4281
19529
22417
770
17223
31582
26196
12782
5916
1876
12374
32125
24048
17296
8630
11872
22148
26979
28117
19586
17123
25913
30649
30175
13287
1043
6580
6041
11776
5431
4160
15688
2865
21541
3118
27282
15963
11982
12288
13053
23486
15361
31891
1024
2749
30246
28929
21856
17633
3630
25029
13242
1569
27338
19232
22875
21089
10203
8892
18776
13368
10794
27792
8412
6390
7002
5891
4796
11750
25115
25172
16721
8912
27296
22329
27270
30146
21330
4294
6704
11280
20934
23953
22174
7322
25580
31764
31601
12109
8586
30290
13998
13805
16873
24766
23570
16913
10703
88
678
7279
5548
7193
8339
16729
13336
32145
6454
1672
17533
25807
29047
19993
3601
29569
7767
27349
17160
21340
8649
6581
9223
7102
27075
13477
30683
14994
9620
649
11115
25717
1400
18558
11755
20502
6250
98
23891
16611
15417
22678
5904
9442
21470
24834
16633
18908
14349
2394
24196
28097
5642
21664
1594
11848
12478
26091
19304
7126
14346
19046
28696
29601
10843
9371
29503
17685
29823
7410
20280
1655
17335
15220
31857
23752
15885
3797
3173
6892
5351
17586
28874
15371
9693
5911
17163
23864
7624
13124
8184
31312
21019
32177
27581
29221
17527
22351
4624
5596
1145
18449
5807
18324
25559
12971
2570
27721
12459
30106
13884
13559
27150
7524
6208
770
8937
3105
31074
27605
1800
14906
15603
8137
13936
29809
13889
14409
27379
15137
6855
12597
7169
9927
25760
4483
5313
30146
14658
1836
12384
10071
10344
31302
12458
18424
22352
23405
25303
21190
27687
12648
1703
19540
19906
10762
11185
31406
2958
12885
30967
24218
458
23014
4799
21021
3571
1421
4766
28737
26496
13627
17878
10774
28880
24865
9698
11511
5217
12822
16206
32270
578
6457
31436
28443
25035
2776
31877
20592
19339
24721
3501
1088
8066
9911
17498
22298
2960
22776
23958
16817
22062
21052
32178
30686
16732
29647
19166
26856
6618
18371
5623
5378
18075
8848
1440
23573
27767
2046
30612
10688
31264
22341
3131
8862
12375
626
4219
14023
31328
21772
14800
15769
10931
3576
26783
32440
28660
20634
25799
19539
5669
12605
18554
4777
26651
24757
3403
204
17710
15170
28551
11941
16181
16056
7113
25657
21682
11229
23241
26154
6985
22291
12149
27521
28279
27703
6979
8362
30336
10696
31941
23488
7081
22348
15486
26124
14760
31471
15348
32456
10073
4718
15110
31528
26290
21299
10112
10139
4345
13762
2797
20046
21300
20563
2732
1777
3810
17600
11846
13247
29416
17826
24575
20408
8398
30391
23467
29233
12843
11400
32707
11151
12894
20296
13496
8016
24703
25854
24199
32587
19862
1767
3214
19512
11018
17941
23454
32626
23900
17245
15953
508
10004
32368
8094
5314
32764
8264
5034
3618
27789
17606
2785
4267
27047
1945
15174
7973
16517
22625
13319
12753
22255
23060
20309
12530
20401
20897
30322
30859
3917
26580
27660
18795
30957
17018
4297
19303
30619
14533
22051
1255
10164
9970
21366
27556
13466
9512
12631
29359
16042
9636
24360
14774
23918
15891
18153
16771
4627
8255
29521
18885
15901
1518
23582
15379
29273
5127
19625
18478
10771
30967
6333
5510
18058
19027
5033
11776
24225
26047
32148
1527
14039
22798
23313
17793
30073
5547
27380
14067
26391
29495
11875
32423
26420
17779
14128
32764
16705
2401
12390
5023
7629
28070
21793
29449
20470
14899
18851
32073
5923
23332
2725
14596
10485
4840
26347
14266
6010
6051
14107
15946
26532
8144
18383
22201
27642
8747
10729
12079
14222
19662
23847
27202
15663
30618
2295
17527
28383
5592
14220
13062
29064
27424
18225
24542
14570
1914
1501
9961
8152
20164
11016
30865
20644
3924
9150
17795
4568
27614
25842
22451
19238
7319
14356
15520
22178
19354
13798
9433
29231
4235
25483
23744
25911
20347
9696
17038
11936
32524
32528
23959
20219
6614
19043
31440
766
16137
27223
29326
564
18003
7410
31632
5619
19204
27222
12096
7311
29296
24982
9014
19661
29076
6088
15358
19866
5629
7516
7451
30205
21990
23980
23115
18763
11169
7379
19981
922
16440
1987
14689
19063
10579
2706
4303
21980
15964
24853
6826
9564
18658
5552
17046
5537
5179
25196
17992
27160
8302
10314
8077
7915
31824
28888
20366
5936
2796
11777
28498
31584
14376
11305
10628
23562
24742
27258
375
27848
28905
19832
2919
27507
32697
24540
31234
1939
26568
5535
9510
24089
9365
17749
28141
23889
30353
19388
9191
9490
4737
3477
20390
14136
24611
19378
1664
3155
3092
32081
11152
24737
28913
9384
16894
19770
7100
20929
13440
395
28546
18312
13857
12549
11323
30499
8258
2326
23794
17793
29150
17241
28966
20278
21522
10250
1391
7814
18396
5308
8037
1983
24867
23374
24765
8141
13047
3355
30133
264
20763
1649
17075
21072
2752
20037
5416
17500
17044
7716
23483
31055
2043
9837
10660
2700
21916
25278
2389
8396
6432
4780
25184
21102
26678
10935
30357
15374
1755
20860
14954
1880
8920
15661
3233
21534
26764
1343
4388
14249
21739
15458
13108
17997
26823
26294
4802
23360
8527
8252
24861
4781
22997
1931
28878
10755
31444
16580
31936
14995
6705
9415
27301
602
28865
28839
3220
12059
18700
2396
9719
24498
19280
10168
14244
20388
19145
157
22346
24826
30768
15724
5647
30800
7554
22720
14967
24361
18178
13149
20872
8325
32129
30051
23340
5046
30173
4040
5590
2415
22984
29188
11624
20254
3530
18446
20821
31867
6281
21640
30210
16225
3913
15158
17779
6622
11183
20405
803
18054
28362
15466
26419
14092
30036
5560
13511
24851
24884
11638
4014
19777
31816
15008
21825
7317
30818
10572
31885
30715
28816
9952
16820
7710
4001
16003
8336
894
32740
6609
25242
14530
2099
14803
17418
2895
31280
15406
29760
5145
21967
154
30051
10425
17941
17046
8008
25281
23327
31579
18837
12620
9573
8206
24870
10457
5696
4153
27823
1369
18858
18556
17571
4742
7493
11648
597
28279
14496
813
27230
23153
27317
25629
22078
3585
182
19792
24902
16455
31241
4641
23733
23445
15761
19576
20257
3897
13359
7490
792
13206
27784
20766
26888
13434
11273
15705
20572
30123
4393
26909
15336
26051
10990
22245
21895
13118
10675
564
17666
22482
3368
25991
28212
28159
29594
7304
23148
1254
28277
30340
20755
26206
7
3359
25487
837
9862
13127
28774
31252
6229
20582
24999
27574
5507
31708
10886
4763
29333
27820
18502
20488
16517
4469
19036
9137
13834
25765
9681
16777
15898
20713
22504
14809
20397
14824
7169
26511
29381
32048
14525
6361
5803
32624
10339
9715
7547
6633
8322
27198
16610
31775
15576
21393
13351
21972
20851
31699
10088
23862
10262
202
4135
1368
11486
3630
23301
30943
20005
19970
27340
11518
5031
13092
2227
8356
12515
21026
10718
7155
5829
15439
11813
1013
18561
4374
31766
5770
30658
14735
7741
8869
11268
592
17827
4280
31038
1926
21908
20333
2501
10052
23717
30871
32621
28186
7926
17000
28657
12778
5557
4324
149
20215
2019
15253
25865
15167
8283
23425
17809
25611
9488
13657
20579
2500
13206
5107
31312
3592
9956
9978
12967
26621
2648
14821
3671
13029
15867
22309
11859
2803
12295
11171
25915
11357
20390
15977
24632
2227
7421
20639
22312
18031
31337
31162
2043
24269
8968
21488
348
19933
27260
19695
148
2262
10731
28366
26284
11949
32330
13636
2258
9958
15324
17176
24575
8875
15093
3032
23510
13339
25092
17870
23758
28644
4304
14384
6547
19732
20738
14743
29610
14124
28644
29362
32596
1654
25960
14652
17078
21145
11372
5931
28726
21355
28732
21035
8232
17414
13145
1866
19882
31774
21369
12021
6860
13202
3790
7459
8181
9280
28299
20944
19074
32286
15013
11693
3759
24967
23254
24342
28859
21458
18664
6980
10567
25129
30768
30660
26880
26264
22105
30759
32637
9061
18787
9212
26986
10400
20202
14587
2535
14330
8364
19843
4907
6875
582
30535
25197
7854
7230
19012
21252
11136
2118
17398
19661
10441
29375
30411
4557
9353
30077
2520
3863
28823
4042
24778
13552
10806
24493
32
6706
24554
108
408
28398
18826
12879
11495
597
18069
12199
2221
24537
5833
21263
30632
18319
242
29426
13864
1496
23553
5709
19395
28224
11869
26294
17737
32166
22398
926
19195
26526
30647
6867
26359
4883
2643
27208
4087
18993
26084
3865
19515
8577
5848
17866
196
23126
18509
32720
16579
17513
12071
29266
12625
25280
11103
560
21856
22484
5021
12613
22002
23794
24330
28905
6793
18658
8543
32186
17886
27079
3395
10397
27349
13894
28883
12543
3505
6634
24706
5217
17796
24775
1059
30483
4586
1630
14916
2623
14583
27585
1470
4906
16750
14584
31114
30647
23860
28066
5846
29741
22532
25823
20824
24121
24163
20590
11747
6455
12503
28435
12088
8109
5972
572
1310
17944
10487
18147
12725
6892
15351
30134
6407
2006
4568
3702
12000
6212
5089
29341
14048
2343
13265
4931
19150
1527
17614
13890
6959
14072
24734
5785
7703
1213
11545
25614
8256
13546
5598
26136
27737
17470
20038
17915
31904
8656
12182
17461
27315
12184
18297
23833
4515
11314
10925
8378
5707
27103
24572
16906
18912
30413
30574
8515
6857
6808
8637
21894
1968
19728
23561
31170
18649
2621
973
16600
9138
10144
26386
5373
7340
3772
9442
18015
31562
213
29184
3339
21623
18424
5590
25102
3869
31035
13231
29658
5875
11334
13350
14828
12695
19474
25310
27564
10716
25841
5236
24213
17765
5071
26802
3989
14451
31415
32006
23479
3067
24217
9010
11263
10748
21066
28740
6293
1039
4812
14281
18215
2112
30928
18238
2184
22556
9081
30151
31133
30219
16483
23588
11129
23776
5348
18656
5831
13743
11409
17611
24168
8158
20740
15275
9566
16255
11997
7471
31721
1501
19463
2596
10223
26709
13117
25067
19617
31080
30924
17451
13660
6158
31898
23235
18381
10572
3431
3
24921
4104
20819
5403
9148
22301
6048
7379
29936
16811
30650
28285
13904
13744
24948
5416
30461
13533
661
12055
9601
22434
9619
24946
1202
32396
28062
13370
26585
11728
5088
27266
31252
18216
2564
10973
5369
5597
9717
3091
27260
24869
15080
23064
1555
30896
17308
10046
26904
28542
480
32169
18030
30963
14167
17667
8551
7213
23416
12402
21477
12693
29400
18631
16320
24244
27564
26361
12136
1097
9097
13009
10700
21144
31343
31206
15738
30724
5894
29388
1799
7648
16423
16521
30385
10115
28574
19016
6467
26522
559
15186
26681
16323
10455
16185
25893
24151
32595
20054
1105
3718
27623
7798
10918
20138
11352
3025
17100
8405
13370
3644
11667
18860
16498
3743
4498
29049
17395
12456
19982
23419
4555
25793
5405
10113
26723
22080
28938
20919
16898
2526
14588
25791
3732
16491
14547
4611
15018
29120
4179
9290
10177
29684
3460
138
31175
8915
1624
10493
24027
7051
30095
30327
11861
24745
24280
31735
6150
31300
15929
18556
9409
26232
1712
31514
20249
28183
29723
23884
877
12698
13397
30604
12834
606
11170
21537
22320
23565
22605
25657
6880
4697
6543
15159
28628
1777
23987
5198
21063
31661
31608
22095
3222
21772
15031
2495
9471
24801
20549
29997
22697
30025
20763
21442
18405
31712
24756
23066
14260
15669
7863
32082
3209
123
6102
12387
25168
21377
15862
2990
26030
3812
11152
4824
21131
27267
13911
3287
15310
13875
5403
8781
103
2740
7405
13845
4499
1764
22916
11292
28251
27955
1247
4723
30814
13655
8748
24738
1489
26177
16361
16702
21700
19535
9545
6590
17319
24515
28377
17546
29452
28532
24163
12629
13487
25539
25106
24493
27571
11729
5848
26576
16942
14063
18957
1474
22504
25686
15961
23196
20064
793
14291
22567
22032
12375
4970
2729
8434
4533
28037
13567
24131
29195
7142
29420
9095
5726
32468
21937
26317
24335
28025
11998
28212
2385
16777
32103
22702
9440
17956
12538
9220
4593
3582
14224
21531
7012
29885
2371
8053
321
20386
9823
17658
1890
4460
15291
28409
23661
25977
24906
18282
27910
1583
9965
8566
30530
21146
25483
23609
29278
26454
31332
25286
7857
16048
2722
28011
20959
7176
15665
26679
21328
18042
9425
8890
23776
22205
25706
11532
5080
7242
3999
1553
3614
24001
31141
32506
14248
30857
26198
30735
11318
9143
20865
23212
22849
23090
16517
29834
31790
12308
21022
6208
20680
5971
126
9994
1005
22432
18848
26568
16007
15759
12761
20298
23743
17657
21680
7626
9581
17055
30703
30138
5586
20751
21754
20417
5513
1228
3168
28672
9915
11177
30640
16537
26259
7030
19854
13682
29169
21470
19461
7478
611
30608
23839
925
22353
24733
27059
2286
16247
21537
20095
21186
22168
6438
10102
31242
19313
30405
25947
6739
16877
23950
24975
26185
9623
16427
25640
25978
84
24383
20546
16221
10578
3220
27290
14227
24636
10614
28249
16236
10416
25690
25645
16557
31218
31172
28574
1425
5858
31847
1696
25101
8747
26765
18276
600
17086
1721
24692
683
27775
24971
16127
13382
8509
21221
30577
13235
15848
27724
7239
13390
10238
16017
30498
9477
28487
17584
22554
4701
14274
30200
28500
27061
32735
17260
25815
463
5870
1130
8859
3212
22488
5770
1251
22007
31757
13513
25805
29829
6845
18919
12584
20124
10315
16909
2437
6481
2559
8115
3985
13430
4603
22465
25250
2004
30576
14580
31119
17845
7953
25220
20165
13990
18376
3588
4759
29306
28584
12425
22486
10898
1316
14094
28322
26972
14462
25111
24959
27418
386
1173
18604
29669
11635
10762
26544
18161
2374
26605
18741
8978
31758
24144
19737
26751
9656
11200
23747
19415
22008
22637
14771
14945
28547
31883
6749
21400
2943
9719
2360
7143
28983
16670
14866
19633
13844
2331
18854
26004
6601
17183
7024
25327
29389
18710
18880
15777
16142
10119
23566
6164
11492
21180
14221
15483
12355
14116
32258
20567
30774
10485
20183
24896
22664
30485
7787
12002
31684
9531
6061
22086
29025
4434
15337
16979
27702
2078
13538
1428
17716
3361
3360
315
5715
22976
17035
32102
461
22434
26425
5794
31115
6745
17541
9389
6876
7236
13409
32385
29293
17075
9453
16269
15478
27981
31304
29254
30001
5295
17061
17374
19856
15446
28834
9555
22575
15295
4054
32172
648
8908
10153
20864
11878
15722
16489
951
32668
31345
16026
5012
12790
14796
2189
31732
2928
17881
10804
6096
16038
31762
27444
12297
20876
26862
2876
5733
23647
23298
6293
29140
13531
12652
5371
8185
22959
26993
23724
20453
12846
12133
958
14886
30279
30411
7605
6656
21175
23998
9045
19450
7549
24464
27317
13725
11918
6832
26005
23160
12491
11729
6641
16999
32560
28744
2263
5397
25166
2486
30581
3776
16891
11496
20086
12860
8008
31227
911
23611
27315
19396
16724
7115
2718
29807
16721
29728
9728
11621
3158
27540
1883
15988
5394
3052
11246
8234
24803
14301
21291
7553
13037
31183
8811
14530
28010
12256
12513
22435
7488
14636
4044
31410
25561
2124
8945
1015
13103
16156
23881
20693
4134
14273
13815
11058
20255
7915
27004
21976
32458
856
23342
14362
30011
32410
10983
27834
13121
23321
21242
14346
4595
23387
25195
10578
28299
1667
10079
27506
18552
7704
24017
2248
1454
8456
13959
9812
20801
32749
19012
31258
18482
26254
19776
200
26761
16041
5845
13977
30371
20464
20859
22393
19662
8529
26358
27242
18707
32634
31950
7206
19795
19613
5376
11526
1430
32112
9971
30242
26783
26489
17581
18874
9924
17544
8263
13013
31484
3973
1438
22567
4666
7787
7244
1592
31993
7573
1495
9411
24344
20537
11303
7004
20969
14898
21566
26966
11397
5890
18723
29924
9826
16919
13087
21886
2087
29773
28460
7559
24254
31413
31403
26412
25771
19093
18261
10383
5533
5807
2932
4901
8259
18886
25171
604
10849
2655
20723
15746
6947
11205
767
4322
24497
12367
21506
560
24067
16613
30936
9255
2551
15809
23907
19824
20641
19571
2687
14022
19938
1832
10295
17496
60
12587
28729
32366
28388
5292
9351
32080
30233
28097
24176
19556
11701
1706
18879
2198
7682
26969
8242
15868
14030
18994
31021
18618
15554
4111
16816
15652
8431
7559
28807
6947
30378
16240
19136
20698
31642
25762
19554
20617
26127
766
2396
15793
28053
19887
6844
30073
16842
8368
27681
30288
25452
17806
32115
27348
5046
30064
27857
23538
19949
15444
23755
20047
32566
8603
2770
20199
28842
14792
10732
13045
6060
1413
21933
3858
16506
16871
12642
10656
18179
3570
1935
27753
20985
2400
32156
6532
17446
20638
12235
18297
22531
31256
18797
26788
6535
30902
27990
25055
12861
1958
654
29787
15257
861
14665
32463
2956
21464
23577
22997
12118
19496
16739
21392
2204
9005
28944
3731
16570
27042
21124
18430
1626
8537
30420
18666
18758
22984
21299
1800
26746
30149
32686
14468
1662
32398
19994
24368
30706
10252
19786
3806
106
27225
3205
29453
20861
21631
13110
22473
25
31875
16614
14796
25625
12450
2408
8681
5658
19930
16723
20395
32650
24492
11958
30521
12545
27937
20998
5756
29397
5899
7003
9604
17385
27533
32732
9768
15045
4829
888
22253
31980
14665
2776
3370
16489
23160
2449
31337
2988
20979
24733
24847
10132
21731
268
31808
30669
14621
9975
7933
11612
11611
16566
20111
1912
18124
22098
23593
5788
2000
1341
16841
13786
17404
25665
18015
11890
1381
25527
11569
14755
22299
32249
29822
21697
6387
19482
26465
7048
16522
21204
1785
7344
11142
7105
3783
23745
26399
28366
6231
31529
4319
16366
8739
11660
13477
9483
32180
1371
19440
26690
26890
13224
16986
2639
22334
16185
9059
18758
11366
24795
21872
32645
28857
31224
1556
28390
16116
22892
11149
19513
29180
17045
16274
7921
21956
27305
5964
18717
24433
24653
31906
19354
12476
4451
27833
6791
27288
25379
8123
5626
4885
4205
15832
31473
4741
16989
25995
24716
3037
5921
26399
5497
5214
2823
22897
29103
3700
30682
27639
28767
11230
7791
6657
9767
23311
28283
9023
26506
9172
167
28036
13213
14136
30439
13257
14082
13989
14087
9845
31514
30283
13191
24796
5495
16069
13992
22533
27536
20986
25543
9904
24249
14146
25322
23191
29778
4811
27289
9973
20030
3130
7151
8261
1943
2197
25840
25932
18847
15200
23837
22873
11514
21254
20550
21452
15131
17531
27552
26837
9213
31264
16663
12158
31763
27111
5349
10476
5761
22199
10596
11489
20364
16658
32032
32646
23375
19189
12081
29800
27824
4863
32200
17088
18579
19158
4871
28407
6478
3271
5142
28009
5724
13484
9843
25194
21589
16403
24457
9094
20765
31132
21125
24077
4188
29603
12389
1744
23599
5663
11857
30501
32286
17354
9775
23345
1101
23171
9586
21862
26358
4848
24114
31562
8726
871
11906
3962
5991
18959
12798
7407
19599
8770
4515
22401
22935
26934
1508
26025
7070
21981
16121
30603
32719
26633
10107
20276
31376
21204
13614
7712
32508
26175
15390
23551
2708
15385
30701
31416
6449
11299
16235
7087
5438
19313
5735
10820
6179
31507
4549
32668
3844
18933
16849
29603
6060
11780
5843
32593
10692
22674
29668
21549
24649
10748
25599
3344
30525
2186
9563
23596
20892
7830
32504
23116
7057
17393
5240
23389
23786
5762
11313
27694
4042
1584
7040
23924
3997
22531
19808
17
29777
25733
5947
30358
11716
5487
20480
16390
29560
26241
23925
24541
23694
28082
11215
18256
13298
11913
17280
25559
23763
15563
29008
30441
23382
29270
13487
6918
21899
15437
26697
6651
8352
17269
22748
30818
11860
29663
15942
23144
28335
10184
19171
9683
31216
31165
17685
1347
5832
515
24356
12471
28869
821
16713
8020
4881
18991
31237
1634
31580
17707
18615
18840
22807
5674
30318
16537
19683
9366
12540
30142
15433
29221
7244
16918
3499
14080
3573
27307
24698
2341
9998
8967
5546
4873
16453
6391
15459
7554
23595
28047
14074
28901
5074
16238
11295
20843
12698
10820
6232
6874
28232
24465
5038
16225
1112
15535
8101
11715
3477
530
4466
25272
24294
4047
27753
10640
22123
19291
16565
20505
20424
4757
25163
20931
12993
24583
3105
15874
20488
1129
17306
24052
82
6503
4165
23876
14768
4517
23496
31310
3869
2559
3607
387
20051
16405
14826
6159
12260
20999
28013
6586
19845
11133
31545
3596
21165
17387
20355
30901
7007
4627
9619
2348
13635
22731
12664
28053
30460
12544
4603
19688
8630
29947
7889
11344
16638
28899
26389
17361
15575
31875
29685
1582
21002
25166
9131
24586
25789
14240
12463
29261
24903
2631
14634
19401
8003
1858
23214
26142
31459
32456
13861
27098
6280
27021
28680
32229
1679
21312
210
9757
12653
20056
27059
30013
24062
21776
8584
5635
7706
15280
19979
28562
29546
6159
7495
26901
5241
16982
21328
4261
2062
21254
24624
10605
2746
16957
4644
25867
29357
3125
14345
19514
1485
32525
18449
6830
30218
5580
24250
4672
30699
1187
10753
2379
10093
23154
5330
14422
12046
23438
18116
2803
25893
31170
19459
30694
21364
3475
31117
9354
23808
13512
24994
22385
30241
31274
27765
32331
8917
10889
26920
19209
12121
31487
10999
11330
22267
25721
1716
9429
19754
22642
17523
18128
23759
13058
22918
21904
4576
3608
32428
21290
8497
23043
30341
32010
654
24376
6217
31706
28936
3407
29370
19110
17804
15182
6999
6461
24506
15658
32211
11738
4339
29323
16325
2563
15796
13008
3233
22194
10531
14931
24039
23475
7912
31982
5018
1613
28478
446
28916
17188
29002
11302
20824
12126
32683
5655
10632
25861
9042
24463
10520
26284
24724
5984
4131
28246
23165
8499
3388
9107
16488
15564
14247
31980
14796
4752
31178
20609
17497
26948
32734
22513
14404
26903
32490
11130
26335
4067
26610
30818
1900
15024
23403
30357
26163
26746
28915
24975
2514
6708
10047
30844
17109
29708
4181
18846
22918
1009
3579
19696
19974
20818
12911
4617
24221
6697
6488
1346
18511
24889
19709
4123
30128
12691
2997
6363
4089
15199
414
9591
9818
11737
19090
9653
24466
29338
20567
10385
27070
11801
22806
224
7278
10609
23055
7475
254
2405
25226
5886
13604
30369
13073
15610
23493
6978
21724
7367
4109
6553
17805
20438
3774
24620
2846
3974
2504
32510
17431
21645
23067
25105
2052
1434
953
5416
11302
31033
16399
29905
16489
20214
645
28835
22678
25541
11092
17093
30154
26017
23703
16560
9255
19060
9638
10549
8393
11831
30879
5057
7163
23642
7749
25824
27563
2150
7182
27648
16924
31201
16503
3704
15579
12146
18843
9160
24564
15685
23044
26402
20837
27313
12225
8746
26835
21272
20920
29947
26492
3599
10046
24426
27757
8895
11749
28558
30965
19083
16789
14720
6489
18164
10975
31839
1481
20153
26509
6295
20371
22082
24958
15203
28311
14142
1969
25489
17147
31628
32159
9094
24352
20311
21710
17537
11732
24198
1187
12068
18633
8531
5240
15664
4933
23609
11246
22672
27932
22292
32132
2969
4572
3972
16233
26256
30791
27282
9871
24172
17926
10646
6145
2270
11163
9816
1142
22927
15512
6773
8742
17577
6158
30212
30940
27288
30025
2426
29773
12562
26810
1739
28840
27988
30005
7634
30062
943
15709
14323
4740
8260
26972
5887
4999
27916
5335
23383
32095
26907
22816
13653
2583
17701
18350
17895
5867
26945
26827
29309
14499
2029
4749
12326
27168
25170
11271
2549
2357
8650
12480
26282
5560
27296
2149
20878
26328
3095
1722
19103
19120
29101
10198
25069
17437
14752
23696
8772
23245
5298
31541
3851
12697
21289
10364
14700
22293
17179
19643
12470
1125
17384
26970
20991
15954
13064
25224
15117
3229
5639
4398
25719
15250
9677
12577
9991
23521
7971
32668
12387
29866
31859
7661
10988
7127
31951
3182
7399
26798
7221
20919
17115
29862
24850
8722
26937
24186
8964
6960
2370
893
12004
26650
11558
25389
27652
24937
24425
24842
26293
32186
10635
22697
25613
9821
26088
14340
25319
17485
26845
5140
11818
6501
17708
27554
25679
14800
12194
3162
6173
14786
17911
20001
28343
25445
15605
6312
24281
2327
14812
26433
30047
18386
23302
16114
17159
19947
13255
19144
22391
31232
16279
4718
28034
26156
4211
32510
11431
13180
15488
8727
9178
10663
20210
29488
24968
32505
16428
30508
19669
23697
14632
1582
9256
29388
9754
9134
17641
12801
23632
7373
8329
31599
22365
24805
707
24179
20854
18533
3362
13823
15132
15836
3012
14919
22012
32083
1885
23229
30483
24032
14462
29760
13333
22904
16408
14224
16
18181
18748
21510
31564
31416
30756
14978
31351
16545
19063
3236
2302
25981
19657
3135
27326
16847
18785
7946
24796
31538
21568
15001
13809
28653
22623
19596
21867
200
2615
29447
29232
11550
25478
6498
132
13620
3153
19745
1836
14025
21797
24358
3027
30702
9891
9509
7854
21528
2620
28505
18780
32628
12344
1653
25872
5242
5885
17886
7153
8133
14222
9751
6593
7714
23378
19324
12221
8423
32535
27956
28613
3206
26454
10337
701
9569
18872
5017
15923
24288
12250
9882
15682
8385
30541
19001
182
30384
4834
9372
23152
24088
28964
30121
10253
9784
11301
6078
8386
5753
26238
30883
14986
20223
31121
7869
27268
6014
22801
3716
17558
4175
20421
9271
15959
31171
31112
13774
6444
1463
7829
4400
14257
26472
21505
10918
25178
5513
1417
3983
16218
29331
19598
29014
451
20317
14430
23714
5103
31724
27573
28876
16672
23180
13188
11158
8803
10527
31472
7450
21178
29878
16542
6144
11897
27486
28974
12788
8689
61
19205
10327
19276
5597
12112
32053
29624
8903
1093
24696
9160
1108
3244
14683
22294
29632
22687
25633
4910
20864
13198
30726
26023
15061
13190
10614
3475
7586
19890
7293
21530
15995
5154
15231
22625
25854
203
26153
21169
8806
29135
3239
4821
26205
15103
2839
15811
22034
28830
22846
3711
6540
20328
25210
7741
4926
26067
6648
30662
13787
25237
7975
31260
27755
11366
1645
20065
18591
9991
6680
29941
27489
18819
10135
11743
23472
27061
11498
16494
16299
24842
31319
26143
11243
28297
7263
23746
32022
31248
8688
25561
28593
7392
4828
10561
27190
4955
10890
26900
11623
31757
10988
17613
24289
2026
23472
5549
8692
32726
2491
15966
12978
17259
6867
16343
14150
9462
2459
5503
15240
18114
24005
7317
2766
23962
29827
2767
23556
31881
11582
14401
1023
19940
20107
16513
8718
23946
14171
16137
31442
22635
12401
10972
30032
25927
29210
5485
28229
31416
12824
20668
21945
22131
19935
16578
19159
31179
25860
23567
10748
20343
30706
8114
16654
24212
24287
31321
7695
12014
11518
29369
11250
17019
21494
3376
4525
18472
7060
13481
1935
27608
16828
10945
5844
26538
22182
17192
30583
14971
10567
28233
71
10157
22540
22317
23869
25638
22990
6300
13
5275
4867
19846
32507
270
19249
162
22000
8597
5801
16213
15821
26718
2161
21461
3583
27888
16514
27278
23636
23731
10803
9925
20236
21683
32502
27259
21812
2209
24898
21908
14639
23323
9168
16440
16790
19244
4362
13434
21570
23319
18113
11063
20390
21584
31262
4161
3682
3276
14299
20925
18710
4474
29874
32458
19060
23058
534
14692
10650
27149
15138
32647
32414
756
32207
3991
17770
19422
17513
27647
25290
4661
29508
16921
32707
1976
11947
14414
12071
8646
19737
26494
4454
32217
14764
929
27303
28497
23254
30639
24343
6771
20822
30910
18817
16561
9062
21610
24608
8747
10294
32378
7089
6263
18330
8641
5323
20125
25087
14401
19315
14950
29860
28311
3308
15063
19975
22163
27596
32760
26269
11558
32341
8154
12741
14209
22273
31959
31487
31611
27487
24860
9049
22323
23838
29541
21291
15351
22887
26888
29700
4197
625
6453
1764
32208
5967
21884
10924
11494
19980
11151
26322
13711
5113
29770
3673
17944
10310
21488
20225
17808
17616
4024
16571
30066
18746
23688
2399
22149
7231
2816
26785
21761
14150
13498
16450
32755
4151
20176
27779
20450
21902
17823
223
16563
12462
1483
15609
17098
631
5764
19924
18290
19994
10503
12098
27775
17964
16743
16799
2866
12282
23693
26558
11868
4381
14205
16676
13254
23374
7132
21620
7377
2683
21935
15915
21082
26906
13926
14221
24544
28349
18713
2528
27113
27878
7185
16855
25505
32285
17290
14161
18373
27457
31159
15684
22719
31516
7
3571
11283
24633
9639
18280
1273
14586
5960
3102
16971
21989
23586
7166
25506
14911
9273
31116
27069
2780
19423
28515
5666
24373
14458
2527
19975
10427
29319
22809
9330
9323
8415
3864
20384
2723
18745
20037
3492
28980
31217
15392
15440
5048
16648
11314
10328
30246
5227
30530
22453
5539
3960
21196
21320
7067
10686
15535
13248
18193
19204
20262
30141
51
24717
4345
22837
18994
22427
5621
20504
1872
8498
921
16431
17211
8990
19986
7242
30617
14904
16746
6298
32484
12772
11004
32348
10616
21726
14123
25271
10474
31543
22355
17640
17820
14746
17408
22428
4750
5588
28510
31133
4983
25747
31729
8625
2325
13422
2950
16832
22465
27174
31338
25908
15430
29228
23257
3749
17139
11107
17593
6326
13551
28454
19849
7738
28621
23181
15508
11676
23392
15596
20330
19325
29137
20381
8848
2206
3566
6912
4727
12033
29637
11455
10411
19019
18290
855
26957
3949
26165
21204
5315
26499
21960
1755
12718
8700
15855
9710
29468
4604
8272
31212
20224
6910
17029
8663
22751
28862
32368
28890
13515
3670
27854
16011
13973
10407
7695
3181
319
8186
21862
9401
15024
13543
31260
5726
10155
1143
13097
12870
17410
3973
24837
28123
11015
20842
27068
20170
25668
10713
2881
17414
26732
7687
10244
4113
29329
13583
16838
10359
29078
29590
5804
11931
11752
15018
5267
26037
30569
3568
5796
18972
28589
1279
8488
11713
17513
27655
3997
32252
28200
22454
26889
5772
18240
12380
20110
17881
3845
30797
14399
26235
11580
20871
29746
12800
18899
1684
7126
12522
3279
6834
29575
27640
6789
9522
26720
17063
8205
31774
8273
2807
1012
29214
20593
24178
3889
11164
19861
14443
8794
20263
2849
18820
19224
5397
31774
9331
19929
31341
2701
10245
30660
6916
6395
19042
19698
30437
16982
10644
26331
9974
19455
1347
5902
17625
32288
1474
8742
2577
22080
29776
9977
27238
18453
18583
1554
11658
153
12153
23906
19452
24416
28428
27698
4909
6696
19427
29532
21730
16050
21392
26043
9689
1744
12390
31968
28591
12992
27268
1542
23041
23992
14863
31560
20178
194
20158
15634
7724
6090
12444
32726
1290
7413
7689
16896
7030
20021
2818
24107
28143
28955
9635
3477
17933
2284
1002
28368
26216
13046
24254
25787
15797
7460
32304
25009
21810
19153
15104
29440
32325
7130
14691
8349
863
18935
16643
29974
24615
20555
22088
16839
17621
28985
30934
29521
26843
20090
11095
2632
28875
18284
10362
3116
27509
4525
26939
155
10831
16361
24678
20164
31003
10992
3926
3871
30915
28940
22531
9564
8584
32657
12348
13977
12379
23221
6704
20439
907
6050
1587
20655
10913
15562
447
28225
11657
31867
22457
25198
20210
32179
1526
6983
19958
10037
11262
32452
27390
8412
22288
5818
13280
32560
20326
14599
23371
19767
19129
15
8037
26766
10248
10093
946
25527
6294
8418
25144
25269
23090
30097
6113
9686
26298
18287
20512
14033
15586
1781
13271
27664
9778
12568
32633
13903
7758
10618
17516
27750
16250
1250
22961
2403
22621
22506
16326
4316
3845
24055
31691
3460
13612
3182
11749
24059
12730
26149
26336
17387
9099
8984
280
26960
8561
94
153
20503
15229
19547
16005
24555
8570
822
25526
1612
4795
3981
30373
7393
31511
872
138
2575
24881
23916
3525
20426
2557
11858
3453
31915
30079
12951
21639
13123
6358
13428
18313
15280
31098
18960
28767
21357
3522
17397
701
12143
1705
24512
5142
25709
26321
4893
2749
10623
2760
755
2123
10474
1675
31452
21312
21306
31816
30936
1005
26770
20584
8514
30865
11329
24269
12035
21698
30357
5464
13317
4110
6388
6063
15851
22499
18472
20541
13055
18604
251
4730
31595
16957
6916
12908
19117
23409
32192
13678
7493
14609
11237
48
16048
19448
6386
9727
27546
14965
32011
15686
25680
30961
6916
23893
884
21970
11452
10594
11508
31903
27052
3277
10556
13412
23487
3241
16555
23896
30308
21111
11076
29117
9186
21556
10407
3592
15597
15767
21567
17474
7798
32404
2492
16046
20935
8996
28100
30124
31438
22600
28389
31965
185
16971
21199
11144
9412
2120
9152
9276
31567
14573
4671
32695
31540
27774
7949
7943
5975
18461
8537
26863
5759
17992
32051
30348
7524
26787
7747
29496
7945
14072
2747
13231
10059
12156
8842
18545
13242
3156
24275
3943
3753
599
9629
2248
24705
23830
1484
29502
27483
7193
28496
29509
9421
30060
15260
18900
8707
24923
6745
24128
2578
4985
13916
8029
650
1255
9942
32742
19018
29650
203
4639
30361
31806
7366
1720
1650
11778
25802
4853
16414
17428
16011
524
3337
24839
26078
30159
18382
29906
19311
6794
12436
12243
19378
21039
31645
10004
21020
6832
11804
3532
15506
13229
15687
10281
4898
18255
9134
23372
26609
6772
24779
32406
29556
2060
5850
21026
16611
19394
15083
16018
32491
24544
2869
16911
18596
29292
16301
11915
31426
13719
10455
7497
26895
3929
12508
15264
2073
27733
29406
21756
24359
14850
23688
15909
22130
19468
3561
1476
13714
12536
27522
3619
26167
14856
5789
29748
20249
14942
16353
26581
23346
16739
2084
22866
298
21610
25472
8235
24339
27537
12969
32536
15958
13800
1661
10571
5101
26838
16861
11509
20691
7864
3516
26379
5817
2250
21365
25674
9467
30795
12642
21369
4562
732
7594
27886
9163
17962
11098
29523
24440
3788
9656
12714
7525
26223
30164
6799
15437
19760
1631
27837
17294
8777
6592
212
2523
32752
18021
9306
13361
3708
3415
9727
8460
4810
16146
30501
5082
15327
8851
1695
13488
29646
4786
14521
14396
14300
1458
8313
17403
15331
13079
24101
25259
23796
19383
18181
7428
10048
30740
14954
2723
29497
4329
18416
28487
24052
17923
2815
14399
8402
10066
24472
28195
3167
17472
21582
28355
10874
21825
32146
861
19383
9132
3636
10003
1025
9161
22823
4507
23172
29995
8325
23097
12490
15680
21970
18154
9507
4134
12165
7138
29771
23488
14276
32569
7751
2314
14448
17634
21136
18345
10337
14044
26483
14279
32243
11692
24760
26141
2753
3338
18818
20049
17584
30939
25974
22403
8240
22111
32031
32547
24510
28076
18833
9733
31917
16219
17229
13239
3367
25217
22629
1042
19311
32481
19937
21263
8808
14175
20576
6876
25435
6328
30723
6191
2293
24689
17286
26843
11151
12301
20144
30881
2739
131
18414
12360
20443
27119
26939
6895
28283
5000
30786
30115
17730
24530
4551
23853
25757
10517
17475
3629
7806
8717
15822
27501
17243
12003
4418
15983
12409
19036
22174
26184
4970
19281
10920
26801
1749
7775
20951
6492
27765
18399
623
19332
10340
16920
6638
16840
8602
2996
16807
20537
11184
31345
18093
25778
15850
9753
10482
26984
7029
32692
9648
13761
20717
26876
16648
362
11043
24593
4842
3492
2844
4974
23348
30942
15197
29212
8478
28809
10853
3109
25045
13608
11900
22348
4710
9382
13995
11259
30942
16109
3340
3709
8367
22708
3652
6253
28246
28824
31309
5743
5691
23151
17017
11806
31449
13529
30899
8261
13854
23831
17416
31569
21013
21793
32359
20998
29890
20466
24485
19058
846
22567
22980
6431
100
17608
2677
15501
10714
28774
26075
3295
6548
26214
32402
29653
28069
31388
3824
24826
15288
32540
10123
19999
21423
3148
9979
26631
5513
3902
24289
12132
24201
4669
2600
9730
20884
29606
30858
23619
32476
32506
4950
29387
11963
7216
8049
25724
21473
2384
24731
11429
26802
21053
500
7542
15338
31442
26559
31416
28803
3889
20069
11451
13528
3672
23229
8079
29962
25334
32650
8822
3235
24188
23622
23450
15225
27254
31006
9212
25046
25628
1085
24493
18389
22052
29773
9792
29711
1243
13371
20351
21879
116
15419
14429
17539
12704
15373
21548
8077
5215
14974
24080
1656
5397
20017
16052
31126
17376
21407
31291
24521
21033
17501
14970
14313
3705
5022
18788
31078
21134
13304
4037
26671
6063
10859
27700
24530
9532
21151
30274
23012
3465
14445
504
13219
27884
10913
30593
30426
7957
27390
21283
10757
24222
8067
24948
27574
739
26861
3018
23863
20500
17021
18675
8305
3465
3835
1574
27916
22101
30459
7226
216
22557
31839
9494
28524
29739
26397
17769
5389
30398
28483
16027
12497
22692
18488
23811
27139
16139
28996
5722
17610
11669
28498
27759
18950
7850
21493
26653
26235
30226
13738
16506
17713
451
32093
594
10522
31991
11566
19412
2550
18818
1140
28810
30836
21347
9474
6543
3482
21145
7594
13820
26982
24376
32256
20387
1206
3003
22368
6144
23141
31132
20275
16748
11191
7202
9837
30868
25591
7547
23130
4650
24414
6666
17051
16602
6455
9730
20588
26496
1345
20788
21288
23448
6229
7461
26126
11253
17480
6500
27461
16311
27411
6682
14366
24951
3377
15587
22170
2756
14153
12252
44
979
29453
28414
13759
11122
16226
27562
6395
31550
21441
21124
27332
7190
13021
25477
21252
7887
20614
4172
21931
11561
20173
21685
6388
18178
5737
32173
24809
24522
20057
21061
25641
28727
30411
21253
24041
20538
11069
898
313
27953
20450
29234
12680
12382
11847
29312
9323
10648
17718
15644
20634
21056
20443
27285
20027
31863
18469
31785
3172
17038
26735
26332
32731
2750
28768
21703
12064
29466
12559
4275
16301
14785
9323
20454
26748
30040
5083
20029
28106
12728
4641
28795
2587
17635
19588
24801
26750
28733
30510
23039
5138
8697
22739
5065
201
27345
14739
1773
4460
31738
14626
31332
16095
16727
20518
3911
17575
27629
224
16101
30377
151
31503
32530
9268
16122
14097
194
11330
29884
19532
15574
9979
4337
1740
17205
18555
3030
45
31
24789
30402
16316
27582
7512
18521
9689
22526
28433
14595
9888
20639
14992
17309
6088
16777
13551
7790
5578
22367
4625
16476
17478
20054
26664
18015
28067
9032
27770
19767
17911
23300
28004
4954
21798
21481
11679
30513
19533
21939
1218
9603
19041
21396
26888
3122
21523
5255
18004
25893
759
13793
18034
28037
12262
15400
28320
7468
7329
9769
13901
29274
24758
13893
31520
9642
7592
26124
30268
23109
15946
14349
5827
7766
17772
23531
26008
20414
28601
22708
22122
14600
11488
12655
10734
31391
13298
14324
17771
5182
14091
513
9084
8873
31285
13449
16914
9627
20873
6479
12728
25087
19096
12980
10779
13410
1289
16845
18377
26537
32387
29369
22329
25599
21965
9010
20748
18962
18739
30561
27538
20095
29740
12535
26000
27018
4155
31865
28224
12051
15635
10459
20122
25286
5118
32081
14290
7313
2687
8546
23330
4443
26678
19262
11977
21491
21509
10321
1108
8774
15473
13336
21532
4822
8011
28980
25104
13927
29839
14525
8116
507
16524
5080
28522
5377
4421
21388
11505
12234
27416
23249
7979
28220
26781
20202
14115
6858
4561
8693
16462
11684
11892
11201
26129
19498
6063
17631
12932
23719
19706
6140
27254
572
20541
7534
27313
5402
3381
29964
27262
27380
20506
4675
18284
949
3967
28262
15950
28270
3449
13638
13699
31378
5123
8195
31866
2405
20641
29217
9332
5042
4932
19678
22156
14268
29806
19651
19189
25464
9878
9594
17796
28409
30414
12255
15214
15148
16547
7769
1618
10437
22853
19307
18554
31609
13800
22150
26206
32110
20841
802
14697
30448
5429
3597
24576
20069
18791
27906
20161
25731
20528
11389
1800
192
12412
24526
5816
25098
13266
22380
17720
18361
7036
4493
4539
1730
12521
6387
26309
32557
13647
17929
9963
1481
29844
5678
30426
5662
32623
3409
26778
24739
20683
21950
27668
2353
25196
4663
10450
10680
29908
5703
9479
27953
3688
30931
24015
22227
30159
13554
13495
2442
11163
19711
22144
9125
10027
9196
32544
718
23247
216
16138
1088
17198
28900
9647
5428
1509
31555
30021
10140
25457
23441
17351
24340
79
13926
11581
2582
18785
31786
31549
15213
30612
28203
26034
6124
30400
31212
20700
11359
13264
24257
11416
24514
5666
20888
22754
21937
10289
4890
13208
21792
13169
11251
13184
1868
21370
17261
13453
8945
17513
17476
22878
22462
28803
17334
9736
3590
284
24281
14357
20152
30392
561
16333
26513
3183
20354
7860
8080
27286
5603
20307
4011
27803
4116
31291
29632
32305
23825
23624
1998
21421
26343
25123
17765
432
11207
7434
5467
14343
7513
29908
18881
9167
2642
15151
29717
15581
17993
1069
27577
605
967
26623
6308
27320
5277
4608
22104
2748
1146
16629
788
14327
16828
7314
3914
10851
18567
1089
8531
24905
1044
15136
8546
20319
23116
5448
16823
4659
5526
2645
22293
14541
8429
20771
5493
23952
18997
26837
1276
5986
32463
13084
17195
1549
13931
950
25686
32228
29
18740
2391
5801
26036
13057
32131
8622
6471
30880
28893
19259
8464
9781
8842
27440
30077
4679
3973
18667
17797
24772
31124
22124
21817
14149
23163
9911
10907
1684
5999
9082
31922
3436
2253
17904
6366
30847
10764
22277
12906
17341
1521
31419
20576
16596
13057
2764
19873
26355
29756
1169
7988
20436
21000
3618
21727
1529
16236
22207
2036
2102
8062
22127
11374
9839
16159
12518
30780
7075
5861
16300
21725
2345
26969
1916
3885
14138
4451
7403
14719
16048
5378
15434
29675
13
20544
6348
3818
3007
19558
9964
15392
24483
5996
26121
16760
7623
12211
27987
25206
8308
22519
16363
29641
3948
26495
11334
19744
23152
27286
15059
3391
15621
10047
28637
25682
12152
23077
25778
22657
26912
16337
31749
14532
22499
15903
13713
12793
12539
16883
25855
14900
32506
9512
20490
18006
20748
12489
30689
32225
28541
3972
4556
24842
14715
17499
29459
5392
4124
31133
29724
19149
29347
15381
3795
29579
12287
30337
15438
14360
20884
16710
21938
26141
9022
23137
31824
18347
31891
22945
19732
6423
12137
29971
25376
4360
16281
27070
28084
11982
18434
23697
23889
17141
12496
18330
27678
26138
6910
18297
1418
20990
9497
23827
20787
20697
27975
30603
25863
14065
29833
23150
25256
6762
18237
13357
1045
15712
3815
30929
23432
24115
28976
21738
19098
25122
24623
19656
29869
3612
16360
23534
12427
16850
1298
10436
15691
26897
12574
8332
15989
5967
20340
3991
17254
388
22528
2489
24053
19003
6893
14074
3158
21480
6576
22670
31295
3452
29001
6664
23882
27959
14789
714
28827
3517
32520
7104
21442
8557
14025
7502
20706
12270
22494
14726
19987
21002
30394
22175
28166
24512
2868
19874
9192
17556
17290
359
16008
28202
2213
25024
11963
2323
6046
12020
3328
32743
21634
4463
8800
28820
14930
22967
30872
3061
3150
31906
13690
5031
11379
8135
17809
27160
15171
18994
6660
26848
25796
3420
32188
29013
32459
14938
17865
27481
23674
30548
24834
9847
31496
18745
2796
20783
27584
26033
9694
31373
8013
24915
98
20993
30260
3609
2525
6506
15010
7696
14963
32116
26472
24148
12837
18468
24644
7740
21308
8625
32610
5842
23531
21398
7202
26246
17200
16869
28444
29987
23803
3806
30562
21505
2450
7360
17668
28285
29748
25055
19674
7846
9468
17143
10621
31289
27145
26560
28055
27600
23516
15810
27485
27734
257
7531
5465
28862
21746
17759
23661
24564
13880
8207
12053
9492
32723
1933
32236
12763
20956
31647
26994
1371
19817
32274
32012
2802
18353
2384
6988
25980
14449
21813
32627
31432
26510
24095
30772
21321
7675
25156
16315
8718
24029
18761
5358
2292
26093
10768
31219
27931
1054
25297
15346
28566
31617
30572
10268
24167
357
10749
4588
12714
5570
433
3756
26896
15064
13273
2620
23951
20499
9021
6415
23384
5170
27059
11126
6154
4776
8176
1569
22821
66
22429
9186
24257
19211
31662
25781
26240
24941
2799
11774
23233
29848
24799
24593
534
14888
194
17655
17145
28929
5874
23664
20410
11646
9334
10548
20156
12492
2261
25470
21217
20368
24108
13515
14403
11216
23423
24799
14629
17936
12621
10
20265
10683
5223
11945
13507
14533
27394
21999
6893
23183
20490
29158
26396
4619
24761
30896
3443
16160
2153
18195
23351
3920
16038
13877
17796
24984
27528
16035
4158
8599
26175
19608
24905
24051
16880
10621
5117
7673
23744
7852
24788
14979
25902
13689
11622
15903
18853
14451
6296
4205
18001
23015
5904
28873
1331
9126
13292
1066
1136
5128
18867
31306
14063
3121
18315
3592
4898
29587
22189
25866
1060
13492
29719
4774
28933
30514
21120
16899
20066
15108
6289
19323
28216
14594
20306
14660
505
11432
5347
32592
736
27415
26476
27249
29826
27484
7254
2753
13735
9205
22460
7489
21335
24977
6172
14528
4664
31512
10835
16895
8727
1771
6600
27410
12228
30061
28903
16905
18723
13506
24017
4816
18304
16855
3921
8276
13347
19106
24083
30951
23332
17835
5648
27110
129
8907
29773
22169
27502
31027
11461
30298
15340
22193
3235
15866
16029
5167
3253
30816
13015
21373
26654
21107
14071
2640
2891
24123
20216
16010
28456
20802
14660
22459
13459
577
1481
10728
5137
27128
9040
7564
30143
11102
22282
6365
17804
26362
21100
3664
22438
23953
23357
21599
28978
9729
14830
10890
18752
31341
25129
3996
5630
24730
2476
19759
31275
12697
8536
23666
26319
17575
25733
2090
17706
16721
29337
28663
31978
23772
9945
20697
10913
1763
8831
14066
6773
18754
15628
31886
23322
24371
20191
14944
31997
18359
2567
3342
20930
22328
21846
21489
16369
3180
23990
19734
32492
11388
20928
12936
20261
27238
31627
15569
653
7584
11458
11966
26960
19454
12538
20067
30399
2773
14914
28511
12941
31585
31739
29281
19007
26212
26602
24043
22238
15120
16779
29782
10991
29991
31656
27415
15525
11873
5163
10048
84
24334
25137
9034
18217
4604
2655
25105
30233
3995
3449
4896
10519
17503
9520
19503
5770
26214
25404
31722
18174
7771
18091
31220
29977
14234
15225
22572
10705
7060
14432
22831
26845
7285
28401
12318
361
21253
16868
28065
22286
5068
30125
15915
14081
16250
20304
23936
3467
29318
5493
25461
4025
22548
10175
19959
11604
9244
8282
27727
24339
30921
13267
4004
9488
15135
17197
9410
18809
6881
21553
6938
15240
20914
25605
15625
5813
23930
18432
23901
10794
14859
4285
32277
5239
24069
9070
21608
18311
32502
32115
19977
2258
24774
22060
31658
16853
13395
4875
1215
13503
18776
16877
2180
26990
6035
3498
4161
26265
25383
24810
30412
2895
63
11067
26960
7328
31220
31841
25934
23450
8305
27117
22497
14199
16980
29458
16966
28692
5464
22195
1947
15525
4657
4032
18407
19112
18360
27587
27739
10519
26952
28598
18648
29666
7272
32536
30385
21404
18858
31040
19633
9588
29907
16624
6240
24424
24635
25133
31874
1205
32631
19022
6369
16018
32054
18004
24396
27933
22633
15225
14816
17558
23719
19980
26246
19147
31183
27259
11197
18643
16111
25778
19098
1279
31844
8611
21004
22798
20803
32550
14181
30880
10232
28164
22550
31726
26157
29262
18618
695
21486
32244
5463
894
32266
22930
22240
6898
6076
3981
16894
28590
8074
3423
4879
32290
19310
28463
31600
24785
52
10661
29687
26814
22563
1532
6340
6688
31967
9305
29242
24925
22670
30811
20296
5174
25146
29683
5357
4927
2422
21622
9979
8083
1349
17904
19995
14533
2615
20668
16145
5914
11221
17745
10049
5621
27967
6751
25202
8850
17684
28955
15827
759
6290
13270
27707
2344
29183
725
4021
1691
30279
25437
31804
5099
24038
25869
6083
208
29960
12657
31609
79
26351
14803
14922
25902
22678
30548
28841
683
5780
28988
397
1390
23106
32143
9401
22715
27168
28641
10817
27628
6517
10858
5962
27679
27446
17757
17
17964
23593
16502
17199
1242
6218
29394
2587
24402
8046
11524
13040
3027
7462
16741
1904
10920
30694
26283
25929
23895
23399
10430
15256
24092
16969
23495
428
11157
17149
17801
2828
7359
9186
28916
23739
28961
31406
24567
26554
12615
23312
3991
19663
29554
22676
574
3461
22670
24518
17493
20084
21860
10906
7956
3778
7185
21515
28057
30954
14775
20227
18488
12476
15474
17531
31251
17062
30094
7395
29930
6193
11255
14532
14132
5582
21232
7332
22638
17875
6408
5162
12211
13505
25418
4226
18573
25288
2229
17923
6667
28301
25068
19727
13331
23850
302
19003
22266
9078
9863
25008
10578
21640
17480
31186
3
6518
10166
4383
27806
22114
6655
11097
1517
8376
3442
6631
7887
27313
10990
9081
24386
2076
21403
20203
29634
28765
27353
21868
18130
25014
31862
32735
30936
18885
4900
29569
2605
5966
21290
12748
27509
22843
11609
20380
26668
20193
15938
10129
8066
19845
11686
2996
32617
7967
8750
14941
30188
15965
7516
6740
19650
5099
21442
566
25379
6386
21874
3866
14810
735
6837
20085
1436
23653
18688
16187
15256
12229
17443
28231
19535
9805
24516
12797
166
16670
17676
18734
11577
3891
24736
24891
12275
1183
27859
18302
27612
22294
27674
18917
14129
943
10176
2784
28602
25064
1754
19582
10584
26603
20862
30419
10974
1040
13360
23964
11553
12194
6045
2342
4179
7910
8332
1643
31628
12889
27665
638
6826
3386
23555
13610
28251
30024
1969
24278
25208
24525
9425
23980
7829
20443
31929
7675
17622
27094
16850
27097
4868
24626
22857
23564
6623
7550
27911
31275
32438
20386
23012
14848
31542
14437
19991
30257
3968
26418
11249
5663
6782
16411
1228
27919
19574
29726
16446
5256
10207
20135
17298
17915
1140
31831
11640
30634
18568
12036
31227
16578
19609
17153
8884
18634
7463
18847
3901
17985
3782
7411
27113
20611
22643
24794
11442
2285
10276
5435
31347
24385
26019
7564
6232
30028
6043
24984
7058
26054
7923
27519
8015
29305
15452
9982
5865
23974
5158
9712
4189
29348
9304
3605
31488
458
24831
5139
18029
21391
27334
10170
28098
22256
5063
13708
17164
3858
9889
8573
3839
1065
9163
24311
22763
15256
26920
18977
27371
31578
30683
9825
26208
23712
19548
26144
31901
29115
31947
8141
8164
829
4485
21540
16530
10331
19446
27056
27286
16022
20398
398
22311
1179
25014
2421
18103
23655
12836
12019
14114
30894
25581
6137
18988
31102
18171
1178
28714
15392
30847
15888
11007
25151
23945
30464
32074
21579
11222
255
23006
17184
29928
31572
10099
27875
26460
24319
11419
10541
14969
3067
30711
108
30725
15297
6314
21126
6236
32013
15118
20671
9411
7396
32166
20188
21497
8406
4692
12168
21775
13953
32716
28664
15482
15446
5961
5835
18279
18336
29311
2612
26958
19393
3536
4442
22474
18111
21186
1279
2216
5888
9905
29536
22077
24146
20929
15197
15869
5679
21015
25306
27978
14654
28489
11365
4234
9756
8722
12313
6268
8029
9291
31682
27084
3278
15638
32322
10981
25085
7517
16947
9222
19964
24699
15309
26008
6241
1336
11786
10431
20369
29435
27401
7727
11327
24379
29616
8001
20015
10039
14998
30021
13888
29159
3616
11034
8617
11826
28138
7421
10883
16737
20328
15007
20872
31188
5581
12154
21786
6643
16683
25956
31111
3944
6364
5477
9867
10892
21794
23238
32278
27166
3082
31850
20560
12091
26006
24674
4314
28042
23322
23995
12631
11192
1511
24730
1324
26660
16679
5260
4739
13787
8968
2327
29846
9670
4381
1173
13098
20514
29697
31042
13145
4657
20029
20627
9621
21551
14955
201
5354
27528
5276
8391
31619
27976
21240
28192
112
1235
20900
31093
17063
8918
5609
27902
21832
6269
19602
8550
20773
29415
1941
29916
8065
10967
32502
6247
25112
31916
22761
18297
7264
31891
15671
7624
527
15099
14306
32601
3805
3401
12044
18141
19339
20173
28693
11841
25636
11765
6148
9601
29571
22977
23336
3005
10261
9079
28671
32398
9696
26776
8534
13210
18884
22802
19378
4198
12801
28087
18927
29804
12282
8942
5415
26990
1849
19369
7125
11785
7602
4247
5178
20109
332
28570
19968
16396
26269
20347
18206
12721
1269
31709
2043
2131
29599
7535
2774
14410
27747
614
12901
29058
5967
19243
5052
20942
17336
20304
6001
4478
12923
20169
13822
24115
21896
17241
21350
22514
10402
26186
32284
25720
1888
15969
5408
19661
9336
18961
6507
22812
1596
6639
11917
24258
11365
28518
3733
29861
17168
13228
30001
16839
1798
23284
17942
6683
16192
2022
29346
23959
28587
844
25280
19850
10536
23566
25869
19504
6871
17248
27193
14979
18581
31034
4015
26709
2755
23816
15736
19100
15178
30372
23388
27661
13275
2945
24907
19436
380
5161
18172
7970
28992
9705
5844
10128
23125
9418
10249
5539
18756
20932
17415
10280
28789
2351
15123
32354
498
17786
11310
20570
22124
14879
1084
375
1411
6870
30821
16718
21314
25354
32700
11963
5865
12681
4126
12593
32496
3199
8797
31822
22088
8613
16798
29107
12004
22198
10752
21778
5496
15907
14975
1672
12929
17415
15895
14126
31877
10077
20524
19435
24476
4977
24617
25228
32303
28052
6248
11542
28416
11028
11346
5978
7274
17259
20935
27339
10475
4791
27072
25741
31967
16490
7218
29134
24974
32323
27446
1625
19817
13181
360
16744
17809
26694
16268
21690
30873
1394
19832
25062
30349
15473
12846
16879
10803
11134
14152
27416
30608
4634
7065
26874
9134
10681
22801
6867
27037
30395
481
11297
24760
9629
30944
31600
6185
18545
2349
25456
2992
2187
8470
6730
21920
8318
13369
6964
16938
12871
2281
20036
10205
19911
29908
25217
10606
15223
19682
3648
17589
24407
3168
10670
21241
18471
30557
22441
24173
16090
15444
12500
28922
27208
22796
9450
16447
23331
18109
1618
23255
5164
12660
29684
15066
25254
16056
5452
24998
6923
10094
23740
24799
3583
10490
17447
29876
18818
4519
14267
4964
31337
27721
8974
5633
527
3873
21613
24181
5192
4608
10865
7874
29078
28591
16338
9614
4512
22159
2432
21470
20959
27773
6896
8226
31899
2552
1204
19058
15382
12422
335
9751
19975
16467
25671
7245
2889
12572
32636
19527
6101
21067
29367
27764
20206
22116
6534
20737
16283
11679
2888
15263
19802
29655
24964
22662
18707
30114
14463
3257
5707
4290
7693
31116
12442
29628
25255
22884
9567
198
190
6591
21938
22502
3663
22132
5274
19545
27832
6715
30080
18738
10954
2159
24292
26947
19743
21523
13647
17984
28845
10260
12937
17186
31644
25805
15627
21962
20565
22224
21431
5095
14044
19172
25031
1817
28767
9034
3844
3159
10511
21061
24632
17038
15406
24025
15333
19594
32361
20690
10039
27162
617
15624
20280
11375
2981
13026
12867
18886
9082
21017
32187
21575
1149
22462
29692
22572
20496
19839
28306
9509
16947
15910
20650
18171
22429
4962
32197
29044
6668
202
10420
25464
1753
8223
3776
1393
17359
8913
29481
18168
5693
15557
28370
32685
20554
11350
26682
22374
10377
922
18350
31117
12237
5862
15293
6083
22847
13460
8685
32713
18605
2563
26540
18593
23333
23008
30601
23280
7619
26532
1700
22695
9927
15454
22115
10210
1258
10419
15975
9489
14579
10275
4799
16469
28037
2446
14939
2605
24891
246
2499
29521
14071
1670
13833
17374
8310
9939
29691
3508
5928
10339
6046
7708
5951
10860
18392
12975
4358
8413
6765
30067
1141
20898
11309
1094
31490
14116
2411
1920
21433
27664
31408
7124
5519
1114
2481
4983
15348
30593
21119
21124
12711
20
29950
19104
28110
5237
15000
23002
26438
23773
17458
4308
21048
19104
21599
9256
23533
13491
2516
3333
22755
7531
7709
7449
6432
1415
31886
2484
22214
28785
17787
12842
29416
32193
4524
9593
29852
15363
2571
11051
32337
6330
10144
21374
11619
4517
12223
21187
6125
2880
16512
11268
23775
28814
368
28393
31312
22
19590
3292
24085
27179
25433
2412
25746
9329
1167
2543
14800
5789
30105
2156
20688
1148
21662
11704
25887
22839
18100
5854
15019
14293
22102
2500
4053
29953
5651
23820
30151
24078
23427
5945
776
28984
9855
2323
5197
27437
2193
26444
3987
19916
8362
10083
23914
17452
32531
9161
3220
2016
1446
19267
21454
11129
6206
24463
26094
28237
12652
1866
19502
32119
12140
14097
15048
17951
27991
13799
5059
15612
31897
16598
3084
16150
4774
4569
9928
28625
32489
19962
31465
14375
15613
7864
30463
19253
30496
31403
5969
21497
3301
24939
16941
12378
29225
3757
15996
23912
31303
26799
30873
30950
25488
11735
2404
31750
14069
9623
13202
4979
20487
22675
19271
14484
8482
5126
15334
28688
2020
15457
8232
20877
17892
13110
8299
15550
29089
21589
2893
24476
29625
20021
23674
29171
25692
22933
9666
18977
23807
5218
3695
12058
4693
988
23765
2992
19067
501
15914
26386
883
6649
16536
18066
24019
6260
13201
23723
8126
21073
25187
10562
25620
26431
23820
28460
18918
857
17231
8945
14381
25605
17927
14031
2491
9244
21180
26626
13681
4940
7540
28995
18099
7355
31947
18063
14873
237
19526
15913
4711
26344
18661
19170
14784
2198
7159
11160
790
32362
2098
13309
24549
28230
27907
4761
7713
8605
5155
14355
17005
18133
32107
17324
21133
25071
7401
6412
9246
12393
16179
833
900
1123
2043
2309
18213
23298
16100
22079
8917
12818
24212
24269
20368
24815
6667
7809
23407
30885
19507
6761
13781
28502
1464
1876
19433
6876
11545
14737
18762
16048
25856
16890
20734
12554
11471
23602
17067
23370
28539
4650
24585
6551
29853
14570
26263
15814
26566
10894
29069
14717
27155
24974
14354
13208
25090
22851
31664
3275
32132
22439
15109
6025
6740
1117
31931
1829
2182
28913
18106
23096
23395
30304
5531
17474
15476
3035
26720
23188
29917
31432
13411
2157
8429
5130
21901
3683
16882
19074
20168
4356
8786
22229
28343
31422
16343
18544
11428
13564
12363
10186
20922
31890
13381
3561
17012
21851
27714
21800
31829
24864
25591
18231
7130
7612
26598
27747
32429
20094
22832
24600
22043
5327
29610
20132
15816
31765
14898
61
10913
31959
32068
5446
17939
15137
12232
22478
2426
1066
32302
18010
11741
20276
23485
15332
17368
17844
31272
22819
2009
5811
24419
4877
18064
6516
3508
2715
26016
855
29197
4556
25755
13565
3225
492
27181
25261
1941
18198
12695
7158
12385
17656
27743
30358
1751
30934
27718
24731
22235
31953
10619
24008
4147
20586
30990
13370
20634
2626
1959
19532
21519
22307
27768
18359
16243
27204
26736
5118
31059
17097
9650
31753
1283
27274
2885
32015
5100
4629
30989
25274
16678
11766
32762
28294
11082
31030
27263
3691
24705
289
10566
26299
20705
7756
30754
13133
15098
32471
20293
17371
18091
9712
29875
6057
16955
1176
16886
23655
13732
4010
29203
21593
16434
30489
3006
26549
29773
25209
15306
25933
9619
22209
13283
13933
23851
10575
24959
2567
26709
9260
4370
15117
13637
16274
20865
30239
29233
5291
11226
25190
8873
28060
834
20928
7975
5826
12591
15389
13031
21819
12759
2601
19448
9897
29928
29483
29076
11826
9849
29228
29869
29388
1088
5725
3784
21175
4870
12979
25358
20554
18521
12500
5536
7155
31873
2870
27948
32634
14517
12933
12990
3717
13710
25158
17368
16481
7611
10427
2756
22271
26871
9734
20777
14141
25400
18064
8413
5735
13353
31916
9978
8446
31451
15736
19764
32440
20919
17668
32105
22471
20152
26039
17274
16222
21463
26350
16730
10098
17350
14053
10596
16830
28384
29659
13042
29193
19553
4209
15659
13739
21458
5972
5148
9294
2760
21019
3083
28146
6862
22387
26375
31284
928
17529
14532
3279
15770
9575
15526
4963
24687
20851
21020
117
8734
15860
4911
22455
16930
3271
14683
20362
13545
23025
17565
11202
9096
3205
6349
13737
5037
11977
1326
30022
19413
4500
27204
4063
18367
16122
29157
28604
20768
43
3475
6446
4248
31385
12041
20688
10981
10329
28436
30477
15959
12236
5796
15586
21635
24190
15907
5605
7228
19278
30469
2951
32703
25552
13217
21910
27438
26863
24895
23558
22336
7895
26738
1520
27702
13330
1960
31195
20753
9200
15359
13115
31490
6189
11354
4407
4386
3534
19125
17071
14435
16716
8117
13182
23494
9716
29827
24316
17615
27790
20187
11207
6199
23869
29536
13508
2784
2214
25139
9056
25358
5204
451
32540
6611
9819
27623
5704
12491
13372
4394
25614
4106
14601
9829
6067
83
5834
4244
8474
5514
10014
17122
26250
7532
16166
17158
1968
26238
10910
18386
20968
29507
25165
9737
18872
28082
416
32626
28061
28391
16274
26666
5643
28441
28366
30270
5807
29132
18712
28537
1271
16968
2537
2427
18388
21577
7257
28683
21695
7416
24642
1455
15866
30746
19107
4729
30232
28040
25922
21795
27839
27359
29078
10847
26797
17784
13027
15976
17145
6299
9127
31965
26523
21487
6709
13007
16175
3637
8352
5913
26102
28726
986
11503
21534
19450
24093
13498
23363
13371
8330
7971
7477
10265
24593
13934
24572
10000
27024
29194
25369
16678
24895
10342
6671
30569
29003
4870
28706
152
19393
22741
31071
17953
942
4797
13532
11595
389
32373
17473
181
5824
21402
15495
3583
29898
28418
29696
19399
2845
18509
29080
7127
4263
26044
24922
32156
15475
16967
12854
17627
29061
23017
16641
10399
25094
20543
13501
15990
28065
25937
28699
13788
16172
11440
15422
26616
28043
15041
4290
3974
9169
15448
7421
15637
5289
11400
30340
23410
15605
7354
4337
22628
14772
17149
25316
17817
13609
17053
23624
1505
12090
25335
4568
23194
9494
10379
16865
25963
23578
1107
5705
29238
21494
3412
18384
7495
9227
30834
1686
10706
18456
17032
19422
7324
8214
16568
30993
28408
10080
2816
26630
28149
10007
29966
20608
6614
26565
2390
9976
6594
9792
14945
22685
6077
20434
15976
2202
6359
18838
18721
12951
9635
18213
6105
22146
22251
29810
963
4495
6818
30451
3728
18557
17690
2562
7487
18204
17016
14978
21815
30988
31844
1477
20371
8135
18437
24493
5821
10721
28716
25618
8766
3983
12239
14180
17620
22631
12474
23186
16581
11878
25217
30250
30324
8759
15801
24769
24882
1202
18279
25749
22102
31140
26809
2161
14992
10190
28404
24529
8570
10800
18350
9799
2928
9863
19773
10781
13730
11540
14191
19004
12391
17823
1148
2892
12245
19900
28216
2077
19086
3149
16269
16710
6876
7752
7721
4108
30209
8378
7284
16517
11720
15372
10181
5885
4192
29829
9941
17560
6762
25617
23668
3897
3921
16705
25210
12451
27610
22418
20737
12510
26364
21746
26065
16349
29937
4224
16412
21085
141
11924
1132
1552
20175
17919
31961
4347
16566
27284
2431
16412
26453
16615
29999
18769
7722
32596
613
29813
8108
67
17530
24524
18467
18859
6427
25505
31420
11733
22010
22829
23773
26979
32451
18619
23478
25232
5970
17162
12313
28089
26147
27123
21643
15133
15114
27723
8603
20961
3620
30987
1138
15447
2829
28078
940
18815
23635
17371
1638
1998
19243
580
4504
23855
1891
13518
28582
24648
11160
12274
30257
22270
20905
9059
24115
32315
19307
16369
25163
32494
21407
29869
5973
13396
19233
1870
13118
10103
22114
3027
13846
25588
28439
32618
10599
2560
15923
2705
27078
16813
21011
11899
11943
29546
1273
25013
17526
27081
10172
24585
11491
16518
17598
12707
6525
17604
3869
11634
29826
10905
21038
31441
27637
15309
29991
22119
13042
25567
26395
7755
27967
15689
1836
26988
31011
1029
23804
11825
2939
4432
13668
15452
21002
17582
30569
3636
4113
32302
17771
13539
26911
3567
16032
25629
20011
15587
29889
24834
16608
21203
27139
22598
24888
15780
11081
24463
31052
15832
23192
9758
31595
15448
15819
6322
9833
11632
9608
31913
17465
9499
16498
18025
14014
129
11936
12030
18143
18622
26959
19716
27098
13029
21203
13512
28890
24900
724
25514
22219
18922
8886
31430
8301
26215
28249
3283
679
4307
11523
842
17183
12818
13978
24267
1799
9557
22807
22206
1082
29924
12855
7222
18567
21532
20851
17434
2892
31411
13875
7302
15687
17732
32319
29039
19114
16135
22646
1158
17261
30943
4034
15455
24040
20891
16971
20179
1953
4981
6379
27299
30819
2783
4835
9309
31632
31360
14796
10884
25527
4217
20944
1259
23657
16620
23065
25442
3657
10687
29066
16276
18787
25501
29613
22064
10687
25662
25069
15175
27189
21993
27910
3574
22914
2103
12985
3908
9628
24089
964
8269
28995
23836
17937
27553
26585
16876
18222
15847
17267
15895
4861
20934
31024
17172
8877
4869
32714
32388
30696
7408
25706
27575
30798
30718
8641
7794
7459
23218
27988
10992
19268
29119
28439
20262
26464
29551
5950
16716
31332
581
1616
18328
31287
8930
15229
32077
2728
18725
32049
26868
19109
16534
12265
18409
429
29701
3910
13082
16775
22638
32095
268
20533
32544
23644
2335
28196
4894
9793
11282
19621
17862
14087
17865
18593
28336
31985
27726
15751
25305
797
8215
1162
18177
2650
20871
29706
24913
9273
24502
29519
11841
1127
29813
30333
15545
31801
24973
30404
5494
21641
25416
15064
12720
31169
27699
929
17658
11829
24097
28979
24169
14006
21619
13312
9464
13667
25495
24140
13099
9923
29135
27106
22003
13585
3380
17926
13010
21975
25338
426
6463
26047
15349
26085
844
13989
8796
5280
2438
17392
5326
32659
19997
291
27282
19312
9029
30383
19747
29533
28891
8460
27372
16552
7500
17927
18256
27318
32179
13406
19437
29501
4417
8586
32546
4787
3042
6620
974
18695
29725
14027
18011
26254
22588
3981
31484
8512
24238
6116
20786
2596
13737
24891
149
30473
9748
29169
4817
13431
19875
9973
3823
5093
17476
21395
27094
10796
12474
5005
24593
21052
4231
878
7378
18446
14096
21275
21047
28634
18428
26283
9933
7561
12509
31096
7251
28781
26130
30582
21440
5936
26348
196
21127
4106
19727
19329
11545
14647
27419
22497
15019
17833
16012
10880
13882
27130
14559
246
28877
21924
9207
13483
30971
19572
9662
16365
23468
29756
9999
6463
25124
10953
8660
22772
28989
30740
6763
23805
28147
28860
18511
24320
19238
7348
12788
12458
9372
13881
16370
4677
2886
21768
2918
22413
26308
22989
27541
20159
4138
11742
1747
7668
2565
11049
27300
2733
31129
16492
28448
24495
17773
9636
27036
25873
32010
13511
29318
7827
28159
15029
17041
17457
2600
21612
27410
10488
816
11388
28074
1049
16213
11452
30502
20540
2923
30778
16803
13590
11812
16760
25078
12094
16526
20693
1099
27196
28637
20297
23563
227
3179
10581
19204
6114
2557
7738
964
1685
21832
20330
11077
545
8884
25660
15824
32447
6751
5603
15131
15192
1381
14241
23989
11091
24671
3896
24995
12971
30505
4514
7756
26692
28137
22529
30610
21119
23372
24793
27202
21004
22547
29053
14254
12031
10191
11207
29848
31782
24296
11276
32594
17562
10724
17231
8484
14229
6630
8629
24302
18051
6773
1337
15630
26972
29823
16545
31364
32048
670
11953
1876
28932
31385
26014
14892
13532
28718
16070
2375
7961
29967
1693
19089
15365
31274
26859
16140
15277
22061
27957
28018
29167
5450
6008
4124
7379
30264
286
6690
25887
14458
32298
6084
19749
8163
8886
28169
480
20826
15519
15781
16959
27867
5503
27936
20673
2238
4315
7733
9026
29244
31390
4729
17685
22319
6598
17213
8018
15641
23390
12468
7025
26984
10668
11353
21528
7928
17323
8843
18482
21722
10428
10106
17473
19028
27800
19271
30197
7208
1929
31079
24061
16153
30426
26441
5149
940
16779
22072
4481
1836
13642
11394
30033
13808
28575
10714
30597
17121
1895
15099
32251
14390
27267
12430
1990
1410
17361
23886
25290
12017
32091
24426
24454
462
13007
6442
30512
29257
10288
7382
6151
1656
6346
4052
3045
29339
29291
18704
11539
19108
20688
11937
23906
27895
19806
5801
29559
2670
30483
12156
4711
28576
1723
13061
8068
29539
9063
26982
19062
11919
19227
16095
23437
24837
13255
28913
15445
10224
14456
5827
28267
26955
9936
2244
25744
6308
180
27538
29180
14623
1604
25115
17396
16573
7184
11010
6559
16606
24968
11588
11798
30725
2997
14363
2234
12508
22567
31266
10186
4728
11311
29626
14645
17885
13390
26797
21932
5317
6124
5394
29180
26013
5453
10609
31387
14545
6594
21031
19840
2889
10780
19979
1592
16948
12134
22609
20535
1028
31700
27055
13164
8889
7158
5311
3864
31587
18481
421
14047
28386
2672
19697
26144
22513
27671
19911
32130
8803
16441
1853
16079
26539
24074
18692
31494
13474
24471
17227
26283
23685
14516
4576
2146
32061
14902
664
30140
6372
21859
6898
21073
26756
13223
8439
17679
19490
30345
11108
22481
31739
13276
32011
30003
24333
570
12151
30885
10969
10670
28879
1215
12392
19633
22780
5077
31372
7512
6670
30410
8552
29387
4060
13865
30514
21241
29419
2417
29240
17546
12946
22705
30753
32021
14939
31829
28278
16276
9899
12096
13409
32533
11430
26395
27060
6578
14669
1772
10028
16322
3049
8170
3064
23377
20397
13456
17525
3022
30871
12784
28220
2564
26519
4938
32094
2124
6643
25565
1774
25344
26602
4861
5312
13618
5784
20070
26225
9630
16665
22224
17319
32734
23793
707
17306
28125
23979
25517
11732
25998
15297
16690
22581
7902
25276
24259
9785
9703
19100
16242
3454
23910
16506
23556
17280
1391
8812
32584
30887
6751
4777
15528
17541
8211
26094
13566
10072
11607
20768
7593
17623
19361
6706
15839
15403
32512
20553
22084
16699
2639
20254
9916
23340
17326
4516
1662
27688
3379
6124
17003
26207
17884
25669
13725
21068
18120
21415
20546
2618
16551
21842
171
20230
3440
17842
12960
6694
19026
28806
22775
20714
19948
32321
13669
15618
20160
20656
21139
28225
19941
4830
25716
27041
6653
53
727
18822
32359
9957
29240
13127
29366
10634
28380
17898
24161
17417
11805
26159
17595
6074
2562
3025
27942
717
2834
29704
23428
1766
17514
23890
11503
779
13838
12403
11434
17600
10621
15034
13655
13424
15496
23943
12906
8463
3683
22282
21981
28414
17149
2125
22054
11823
20621
23669
18534
23433
19309
13637
27363
20878
9260
227
29624
11323
3039
23775
14283
9263
29367
27249
15872
9488
21721
14338
4780
9003
18793
25582
28493
29786
2024
23689
2680
12331
22465
24928
9234
23358
7710
10689
8643
25071
32256
21629
20392
9781
16015
1260
6472
9418
27567
20786
20170
30093
25811
26049
19045
11044
19990
543
2583
21989
6024
13034
4506
11767
3781
27929
10388
10420
11981
28292
18702
32082
8719
1959
21031
23747
10951
12962
21257
24793
25994
7045
541
30382
6687
32203
13435
18499
3729
31524
27045
26983
4226
20344
16244
19419
10434
1576
25170
16051
11553
5271
19882
31999
9345
32233
28829
4011
12591
25610
2807
1700
30067
10738
22113
19772
9829
2856
20440
7632
16643
19589
13661
22696
5505
27195
3054
16926
7392
26390
16822
27651
19650
8449
16513
20030
23933
20171
1138
21174
13934
2859
2808
22643
29840
4354
11774
29184
16204
3297
16226
25363
24467
10187
30889
8559
19755
12092
4849
23818
9798
32361
6950
21355
17753
3274
22137
29271
26923
17878
19214
3500
9005
3598
16629
11405
9
6460
20316
12735
7805
30205
18947
25427
10346
29309
8944
5510
25128
16002
5219
31973
17437
28332
9996
27573
21134
17659
26748
32401
10164
25233
26074
31829
25619
18105
16087
27963
30983
16169
25827
11588
416
11652
23202
32218
7599
17955
1945
23219
801
11285
29742
5624
14732
3684
463
32679
13320
10906
29553
7222
15680
22660
23100
11897
27081
822
14980
6341
1202
13135
31996
22870
10844
3711
38
9710
1419
28742
24078
27327
25278
32766
14904
12427
3516
26651
11223
11786
11632
4786
6207
2188
4598
3896
4509
2015
10486
1421
3558
16755
3121
23096
2573
32444
24153
26613
28025
25304
27174
29293
16822
4978
14246
13892
4715
26854
3029
14936
2444
27045
1645
17992
7120
5340
20991
8756
22886
16464
6723
964
14052
3468
15533
19564
25216
14911
26432
31982
31106
20448
6567
544
12793
30355
15490
16111
19629
28496
17150
30628
25430
31042
2728
614
26379
9837
28035
24832
25341
25492
14935
10213
22373
14170
1869
22129
16571
31911
4793
1138
7977
7245
9783
2279
4671
2540
12281
32264
23784
2067
1631
18054
26013
30631
2504
30739
1752
13961
6313
20261
17356
20851
2524
4087
13651
3363
8506
30929
17192
2748
12907
10634
32086
2921
26109
9291
10736
5955
21684
19349
23299
2933
27937
390
8393
21405
22390
19544
11295
21110
19353
9258
30009
15797
3447
19971
14997
28976
923
26644
27693
32069
7167
2877
22257
29818
29474
9683
9332
15457
29018
29601
742
26047
21100
14124
2370
20460
19290
6204
11208
7037
17020
19351
21678
12321
19922
26640
29971
22985
27545
3264
8756
16652
10524
15508
4834
17097
11213
4872
4404
27406
20628
13873
13433
5944
21863
10753
30576
860
16667
26823
32444
18150
32122
25845
9106
1152
22421
22566
5813
20790
23132
863
12196
5847
14187
17557
15377
30110
12839
9584
25494
26897
16650
18255
29604
13354
22843
20620
10172
22709
6242
16129
16865
7673
16570
17355
1869
27290
15208
3149
30051
30142
5387
7288
17125
4975
10388
7754
359
8257
27736
19093
29443
20532
5475
20226
26703
25819
1295
21845
14988
3774
13526
4083
13856
32254
5221
28577
2375
26167
3569
26254
2821
31146
9422
23700
28255
8092
25150
14523
13770
27129
1159
9215
31460
3645
9288
26963
24162
26004
17420
5861
13385
14400
32288
17572
16482
22588
17570
9216
5863
20255
26587
15600
30083
9026
22223
31802
10362
30757
19985
30447
20515
3599
26844
1844
6815
25845
18528
9800
17861
1693
17754
10179
32092
15364
24551
14876
27021
12796
24986
20590
407
20761
26060
22908
30405
19662
15411
26610
19358
11732
22967
12270
27483
23499
19328
32190
21918
27172
24660
2540
12896
11326
31776
20087
25131
21711
18900
16740
24202
9350
16244
6261
32447
27631
10348
31289
29875
25750
10789
16453
5683
9583
30421
11968
18008
13941
8859
17701
4935
1938
20171
3140
23579
20159
8071
1418
4896
4460
12175
8067
28738
23842
30297
21405
10181
29543
21605
20783
31030
27874
14795
22969
10913
6079
6934
12910
17412
5461
10324
20207
7940
31494
31342
6490
7903
31335
10934
31619
9378
21665
2239
3457
5020
7448
25201
3437
31250
3914
4700
1126
12852
31737
18509
15576
3920
4492
16415
28158
27462
947
23252
16550
10300
22090
19941
4405
31378
20352
23765
4842
3864
21816
20748
14439
24959
14767
9187
1389
22286
15199
3836
11751
29078
15396
30420
9770
11944
29598
25499
2171
26373
8406
31811
29649
16982
32548
14295
18397
4894
592
14606
25160
12012
7671
2080
16700
5845
7216
7896
12069
1057
18288
31466
23481
11589
27563
10888
1590
22290
29372
1840
7402
1579
8199
4808
30201
25788
12125
10988
1371
12393
23328
1671
13348
17541
3495
12704
15624
5253
16867
31607
12830
10932
22339
2769
4068
32552
23766
3216
388
15092
6064
12422
14933
15263
18574
26763
2213
27349
29885
7629
1462
15965
13879
20584
1798
29771
22288
21815
13523
24439
15376
9705
27103
22573
25250
30551
16497
9510
30188
2580
28828
28855
16192
26950
25539
7753
30131
2997
8541
5129
12555
2850
30966
19681
991
26074
3446
18086
249
32395
9638
8339
12287
20053
26096
32246
13651
32036
22375
297
12599
21566
24583
29380
6709
16152
4157
26897
5822
20078
27050
960
6673
29074
804
4060
18526
23045
11773
10238
26155
15684
136
9409
22264
26852
27098
29045
28446
23777
13006
6424
7421
24628
4172
8066
11606
17315
10954
31455
12022
18141
16146
16738
14741
21446
15430
24376
7165
1040
802
26811
13679
9483
10882
23785
32322
11710
27940
27668
973
23350
9390
5850
23431
26398
30195
14680
20845
3216
4722
22171
21924
20267
13087
14423
28000
14438
12391
14044
11012
32547
23406
15685
29067
19848
31899
24051
1830
6410
6998
2874
15142
16586
29456
18521
8989
26149
14724
26288
13120
13190
6717
9005
13840
1407
2905
14344
26426
10777
24460
14000
13755
10856
14696
15877
28999
21090
17371
24775
26348
27377
21497
20558
12531
23110
22523
8060
15879
7793
14216
12785
21401
22062
2356
11133
3970
19458
16711
29659
11498
14215
15807
8860
4201
10500
21400
26465
24429
21313
16714
16973
9948
10138
10900
8378
21754
30801
376
12843
2700
5417
135
2434
1854
5680
6750
24180
13634
18652
625
825
6202
29529
13063
25224
9048
25122
5254
6594
15043
29647
10737
878
25661
5933
26287
17893
27396
28564
4494
14926
31477
4981
22791
16333
30455
6451
31940
20216
3735
26164
12383
24971
22256
29751
7021
604
27342
232
6843
6545
22035
23473
9943
18704
20569
17876
978
27959
2776
6327
7749
5582
5514
9854
14738
2873
8078
2271
21356
13298
5835
21042
24730
28215
27349
21704
18167
12800
30484
29822
14526
3892
22563
13970
21764
23580
12406
949
12678
10264
8256
20577
12709
18065
29843
8044
20143
1582
20937
4830
13664
26699
23844
32512
23721
27815
10673
13237
31151
17756
27762
28685
29975
1813
15291
13336
17793
10619
24029
25848
21330
27632
27394
30522
18871
29312
18008
4967
30951
12052
12914
26837
11688
27369
1259
8899
8724
1089
15692
13221
27549
13401
815
27325
2639
29082
20389
2027
32085
16915
17878
16838
191
4647
32487
29163
22658
25475
19745
23446
19648
26708
14927
16495
15178
24246
17767
14246
25188
16495
9069
31553
18632
6877
1941
8117
26349
9005
13992
27060
30088
23246
27048
13895
1364
22565
17335
10524
17422
1923
24373
5409
4804
30804
13865
21330
20816
2713
27106
31694
800
4248
11742
13617
12600
14545
23018
3614
11641
21557
26507
5403
6947
19603
24221
8866
24729
24403
30010
2420
26212
28774
26333
8497
18299
2429
18119
24358
22209
22905
20898
29030
7632
18467
613
4124
14581
29214
28279
31007
13435
8474
11543
18887
20269
5193
19963
11008
17942
11543
9015
924
3467
21526
25185
9454
7020
10807
24819
9620
9894
23104
28656
24212
32764
7802
6859
16043
26632
20138
19844
26593
1660
2627
9748
19297
26286
21210
29963
14216
7508
10970
12664
3132
31627
3193
25609
2431
29471
19691
19827
27715
4102
16341
19476
19840
11053
12036
17623
30597
14968
31327
4953
9612
25092
29722
17738
24976
10927
19757
9493
29795
474
9733
22467
7163
26221
6009
4636
31756
26396
18431
10512
31965
21993
24864
342
3156
21738
31017
8787
30034
8269
17700
28733
16711
14745
9990
20864
22525
22582
27690
17249
20920
17200
20478
8673
12161
30776
5885
9956
28095
17388
21981
25746
9479
12120
14601
16126
11573
26300
24657
10501
30396
32143
8928
10362
3642
13253
20335
25984
32336
8270
15545
18742
944
25823
15919
28570
18295
20212
20716
28839
5054
2582
5355
17601
13931
18265
26232
18515
1613
32298
11236
8887
15977
10823
11133
5206
9102
11023
32189
28688
10288
10236
28610
17374
627
7790
27134
29877
26757
31914
12080
20910
26417
28194
1939
25189
1713
15607
11349
29854
12740
27836
1866
11567
4865
29309
6882
8218
23659
11775
9817
13305
11589
2122
23085
21663
2600
23397
12501
14588
6994
1889
16304
16449
9537
22680
5180
10821
28545
9015
29064
12071
3522
14330
492
14902
16173
5687
20727
19469
22520
32542
8617
18434
26936
20031
29922
12482
6903
15181
21531
6197
27783
26913
13396
18088
20245
26113
1357
23850
20097
291
16633
30518
15470
6509
3888
3987
4501
18815
20900
11385
31070
5363
11286
5877
15281
31459
23754
8590
30985
4524
31032
16937
27851
4082
25348
810
10711
26341
2352
4060
1372
20930
18833
24595
9200
32412
1663
18192
23776
13404
17617
27044
26564
6663
26121
24473
2135
831
21195
1101
11398
26125
10644
15008
12487
24029
17832
10256
16044
24522
12876
11043
31160
1052
24118
4358
28273
2319
9026
20083
30646
29399
30310
16343
3667
27872
21480
13493
14035
20570
15310
19013
406
29685
21143
22882
20771
10473
31272
31651
23230
2362
30473
27591
5438
31546
30161
17750
2585
3663
1247
26501
15553
5366
22091
32602
7219
8200
24092
32018
13004
16189
8380
30912
2143
10990
17833
18998
27270
15135
17004
22568
3893
20412
12751
25231
17813
3619
11083
19532
10511
6115
11968
10254
2726
7875
30825
3189
1163
31239
20750
29560
27627
8430
11899
10500
5388
11903
14386
3301
7576
21125
1117
11242
12601
21465
8454
29764
31845
2015
15754
2352
16764
25427
2123
31190
17424
2118
5286
24432
32387
30051
23845
9902
21976
14967
13813
2137
16323
22065
17306
30008
3842
8486
18913
31024
23024
27159
26390
22958
12120
10103
3960
29514
3463
25128
23786
6820
20389
15750
1771
1170
1349
16550
5832
31102
26682
17631
11280
22537
25772
11658
25929
10996
26476
19719
16609
22081
26245
6913
2664
8085
22548
8178
10236
5601
2905
14825
23556
7233
6157
7819
20257
7205
22518
15959
30305
8878
7866
27951
10678
27995
9201
29716
32423
10724
21373
28722
15174
28006
30750
8988
30050
9921
29761
6232
12797
4158
32025
17438
6400
25718
3057
32605
4398
23151
31169
1279
22615
11527
30975
21614
27598
12694
25015
7511
21789
16847
990
6318
12022
31975
29668
29426
30317
9210
1416
11186
31845
5546
26864
3664
2888
11529
7673
10245
5372
1977
12748
24357
32018
30545
31410
4004
21312
8707
17961
20698
4625
5756
11575
18563
13787
22284
766
12042
16370
8199
4497
26887
31259
28011
6406
23046
3651
962
17612
21642
18033
74
2879
19281
2298
13396
11130
10202
25844
20458
15724
27173
17132
8116
2095
30138
3548
25117
4756
12268
26711
30641
8707
21343
16903
29385
7042
7368
24921
19051
31507
13556
13687
13420
21827
31756
1143
27351
5888
6679
18897
24723
30635
30912
22807
10559
20846
2649
6368
6241
21456
545
27142
23488
17542
25026
3857
5390
17036
30
10226
14026
16245
27979
5621
10341
8960
22492
23537
30116
19691
22371
20161
3397
26892
16436
10744
21221
18845
25707
23761
2081
15320
26160
9061
20732
2756
32569
16417
22400
9294
24977
26998
21161
5275
5528
16338
29822
19357
31052
24528
897
24804
17606
25772
9033
18871
14343
28409
4206
13668
22005
918
21413
980
20641
22238
12332
2658
2763
22559
20841
6893
21160
4429
31694
300
14819
12024
17663
27202
12001
17532
5943
27283
15177
8312
1000
5589
3012
17793
10657
23914
9473
23319
12597
10477
27133
10967
9754
23819
22401
32243
11791
17556
6380
28384
25601
4049
23090
846
23088
24089
31525
8797
1934
1439
2035
15118
9319
3470
6896
12023
14919
3672
2966
21820
27417
27722
3786
10682
13196
8293
11361
31877
11451
873
11747
13717
4364
20274
27279
188
2136
19015
5279
30171
32589
20913
27597
4438
3601
13577
30997
4293
12840
6357
14269
2029
24472
21269
20371
16878
11595
30232
17526
17085
8372
32148
16151
31957
23734
20982
21249
3882
14273
5623
26071
8031
32062
29296
7133
9272
24109
21615
28090
13394
21772
20874
19325
11538
251
9843
28893
17883
15391
973
20165
25476
28996
7486
11792
16393
29894
11974
28561
14976
25777
27727
3414
25423
21543
3973
16685
6301
17922
30695
29800
18182
15035
4382
23774
8851
21899
29582
27442
27625
23759
29484
28248
5568
6577
4239
4180
24215
23301
73
4165
12966
8049
15479
23971
27157
10961
21655
30917
14187
2777
28570
15526
23113
20220
13370
30184
27224
30605
2958
27417
20096
24613
29148
14902
13403
10564
18862
12141
7145
25915
25896
31015
19333
3145
14744
23878
16407
31748
29007
21419
28044
1530
20400
10748
25475
20889
7046
5284
10825
5452
923
20763
27656
27367
12678
15719
15931
17221
32452
2275
8037
15663
10
25151
32003
25472
23258
18120
21951
5767
6485
22249
19430
9389
28752
21490
15388
22104
11177
11033
11343
28943
13531
12735
9961
30174
26577
30452
22090
7932
10744
20028
29813
24747
30616
30611
25353
29024
23396
2224
32628
7460
1104
31623
1891
26682
28066
1553
8572
17666
19788
8015
24144
24861
15481
21901
17803
19922
20070
23012
17262
1968
2419
25858
2688
8565
30330
22830
15744
5679
14943
17798
30109
1697
28136
11915
30954
26088
10191
16352
13580
22879
27926
19279
21045
20415
31643
14605
29271
5003
8940
19775
28817
23723
8028
26300
13550
9558
11095
6933
28750
17974
15090
21459
21668
7623
5574
20735
7522
18177
17151
13544
31794
9014
31664
32032
15847
15165
5994
3272
15283
15312
9996
11277
27802
4403
12764
8435
11046
26134
18647
17746
861
2493
25670
15901
7408
350
16274
14314
5557
18635
10073
19631
24663
1616
28097
30410
31565
13791
30989
13637
5128
3946
8302
17751
27249
11409
19227
5422
2194
12669
1443
21483
8851
32012
386
17135
13033
9262
13043
11349
9930
15503
262
8895
12004
14966
15346
28246
2126
26093
19884
19212
20927
11042
22713
23589
16638
18957
14656
30965
19609
10579
7267
14059
7642
20586
8655
21710
24311
19710
15250
27463
14729
1940
16430
1696
6463
19310
25323
3531
1748
1454
1649
6822
12094
32702
7573
10109
27433
6382
3700
13776
23203
17247
19390
21079
26905
18465
6229
6724
19842
5784
10519
9672
23258
8996
6391
31704
13522
6400
25427
29489
15558
25451
22658
9370
19183
20998
16556
21097
2010
23678
8414
26952
31256
18794
22109
32313
7224
15479
31803
28120
3826
28610
20265
224
15269
7301
908
14833
31492
22262
16851
12433
5131
24940
15623
7536
10041
15044
6051
31728
23033
27651
2727
25828
22113
22844
744
1688
29470
6581
10410
24083
6063
6981
1392
5528
12498
5376
15379
11379
18748
3351
1810
19442
6797
30201
28969
28081
10883
9918
31781
14106
18542
12998
10742
11821
32484
25757
7174
11133
19893
24610
15561
11643
16417
12265
10134
28919
13129
16861
17077
29412
24804
5930
16313
16220
563
11098
30223
12772
7991
22205
19416
2800
24097
12303
8436
32426
26378
12629
28767
8431
12260
9224
7105
21146
17585
6261
5440
5126
24563
27748
23449
24782
26467
9464
31855
30935
8421
8150
4323
14993
13244
24457
26724
29305
18938
30502
21960
17379
26171
22827
21148
3830
16787
3501
27833
30712
17861
5043
12824
29644
30646
29149
3816
32184
26145
14921
20957
23148
28811
1462
19146
3136
31354
10730
14194
23742
24290
12114
29340
8032
14304
18921
6501
4506
20138
22874
6874
31771
18375
13417
26054
31057
24443
17295
10441
1323
19078
12004
22698
14882
3854
9027
28910
24442
27097
29352
8874
11461
5055
5084
26005
26282
31583
17749
8033
14564
18194
22359
21836
29069
13085
24928
7154
413
8235
26307
14693
26286
26106
11923
11647
25090
15956
21186
5239
8390
23617
19082
6067
14744
891
29708
24797
9032
13346
24888
17209
2267
16049
27628
3894
7894
21553
21856
17475
23993
26284
29889
5347
17865
28133
14620
28932
4114
25670
638
2701
28845
4122
5722
2102
20031
27900
13098
23196
4802
18831
1881
26517
31112
28016
3937
32704
32380
23401
7985
21089
21164
1000
6865
21356
31236
31663
8776
18400
30300
2764
13502
27734
9142
10188
3806
27098
10688
13100
18558
3321
9889
1808
30082
29467
30449
12087
19965
8724
16137
23855
8602
15861
6526
27845
6715
20776
3816
3264
4575
23228
15080
24527
32713
5885
17001
10687
16607
13896
32549
23793
16208
30237
1131
7180
15737
20598
24864
1007
18442
13655
17157
20970
4964
679
24375
14893
18502
11838
17404
640
937
22079
30652
13621
3560
11176
2382
91
3364
27431
30070
5429
14055
22576
1451
7147
17671
28236
3101
3966
12750
15540
8438
5633
32599
8222
17632
10503
3643
20183
3272
8792
18286
27410
15074
232
7523
3968
26862
31241
10359
2592
10169
10975
25228
14681
14310
32276
17908
16198
16366
6606
21394
32593
9062
27102
17467
6659
24449
6715
26978
23322
4309
5550
245
19932
1634
23758
130
27564
1488
18735
7070
6363
9464
4311
2439
25536
23718
7665
19976
14859
14493
3782
2461
2134
18652
29160
5336
30717
14368
4784
27395
16176
11178
27115
10247
14150
20546
1745
7565
11604
14460
1079
17250
8447
28730
24069
1824
25998
26994
15081
16139
22852
9778
32333
17465
9964
17377
13959
30710
17845
19399
15184
14438
11072
27856
4216
2156
25592
652
24792
28363
1442
3451
9607
20619
12340
136
19793
19103
4331
2003
30820
20164
7064
11443
7245
1964
28219
31484
9251
18524
4818
2941
24834
2771
4979
6093
24251
16876
5273
31560
28874
645
27068
17748
2953
18401
22564
16617
15779
22347
31742
5456
24010
1788
944
25642
16557
27711
13674
2229
2852
13523
29437
23627
29870
12177
12273
9259
3614
18510
3537
3196
24721
31491
4810
21647
30883
556
11893
4197
12771
17517
240
9073
22148
17787
6195
22686
26453
7738
6049
15252
8179
16419
32222
5943
2876
2025
31969
15729
15368
25436
6218
31794
32276
3725
32245
25525
4927
11315
19663
16900
20729
15693
15848
30654
12792
15369
25546
2584
12332
24037
29706
5666
31478
16660
20252
2380
23957
2339
14955
17192
27105
11996
169
1137
15163
1899
27748
20301
26052
18111
20699
7375
26061
307
5391
3008
9103
28782
29981
27807
24348
32647
28106
20198
6294
25197
1632
29583
18591
15495
27833
18647
32016
6807
6041
21314
11758
17380
25409
10207
24218
9880
23616
23501
24391
25447
11405
3326
17073
15473
24275
26683
23565
27498
27660
20584
22843
8952
18257
2826
19779
16220
23536
5638
16127
27221
12736
2731
4117
13889
11185
12787
20521
29830
5287
11782
20560
19248
28297
23808
2759
19932
14228
22772
13029
7636
6646
14641
334
21883
14744
30916
4202
17132
5179
9790
23829
13790
10182
16567
16280
25803
21214
26130
28888
11601
9144
13955
28622
13272
2347
4431
23351
9845
6666
3795
5005
9998
26288
23496
14645
8383
2268
22981
23290
3197
26048
10501
26810
26873
22100
32619
15967
27079
10736
28867
23313
8640
14106
3147
6315
11429
28317
29554
30571
7173
9435
19935
20973
11104
1379
16053
3418
32652
25798
16150
6621
30040
25767
486
22358
17264
7698
17617
12883
29568
17935
12943
3388
30364
118
14950
18893
22752
21764
241
1737
22611
31407
20001
26093
25361
27959
7297
28195
16554
254
11710
24057
27333
26905
18534
593
22793
25511
752
25946
17469
97
16381
27071
9389
13683
16349
9758
28624
13963
27477
5307
22825
16943
15263
27510
6763
22867
25523
12282
1760
5419
7877
23608
28171
3902
18447
10004
4493
4028
8144
17757
12869
30225
24981
14083
30907
4026
4023
29828
15551
20823
6181
4264
28749
9730
13923
8814
12724
18656
14035
2886
18679
23797
32564
28032
5236
14141
104
26373
10435
3832
30074
25669
10209
2117
5087
8048
5006
19698
4348
8169
7923
10131
8425
19960
17288
21713
21109
28351
7477
32517
27754
7279
20920
6150
12306
3771
1862
1342
9465
18317
11893
20996
20981
30712
9049
23590
1892
12655
27117
11972
7861
14132
2485
32613
21290
1042
19618
324
6107
22607
25910
747
3839
25565
16360
2563
1639
24784
970
24939
7499
12821
1641
19847
30537
23136
14069
23259
8363
24422
17570
31448
2025
27981
1101
25333
12398
20064
22883
25090
671
2824
9727
8121
23834
17911
1618
31383
19259
10407
23368
30698
1253
29699
26728
31274
7039
2404
2301
12684
30780
32702
16499
31445
4000
6428
10755
8300
28224
11337
2963
12724
713
22224
4055
25752
18755
2855
27581
13672
15255
20264
29448
14563
11087
16064
24634
21653
26782
9963
21432
20835
23200
19680
20009
31844
27874
13704
10783
18930
30245
309
22777
12033
31839
12177
26376
9392
31235
24533
2800
2590
2178
24891
17489
22655
5138
10165
19879
23919
31918
30943
25967
28549
18526
25906
12940
20780
19128
24955
18408
13742
26023
5260
2910
7314
18283
11570
984
30504
18913
21607
21172
19554
22277
4040
23661
20197
30389
10313
25719
6496
27064
26919
8298
1309
30206
19230
1635
20182
18473
24541
23207
32201
3661
4535
16522
16654
12276
2971
21136
14121
18278
23878
1489
21468
16423
12215
23714
22591
16064
7651
11377
4370
13762
1451
31473
20305
19465
25867
13944
20233
30782
6036
19877
107
30111
2076
27205
26398
30211
10932
21367
986
13592
21210
15119
31795
20720
14832
31289
29874
3004
18925
351
20778
23255
83
32588
20297
26374
32097
913
12142
25086
5001
8231
24506
21798
27428
20055
23914
19871
3685
6871
16484
2434
29067
23862
9487
2664
19291
32377
26728
12592
20942
4871
27219
18172
12039
19394
18990
6013
17031
631
20908
113
676
25976
481
6761
4663
1671
30361
24272
24214
20726
5102
28457
22978
11021
12826
24984
9441
18092
15241
13988
16110
25905
28979
23611
2991
4764
18728
25078
18151
7154
7020
17055
14286
17631
4358
26353
14526
158
2388
17822
26415
12830
27041
17559
4069
14173
2809
16263
11112
17432
14908
22432
32437
20391
32370
28827
13363
6691
6494
32506
232
3273
30294
2961
10733
31139
31570
4164
32287
32357
28738
4626
6168
3733
28837
7251
31838
26862
6999
317
26585
31751
29866
941
25227
32304
11961
20005
27259
15516
19449
23312
19186
26054
20497
12878
29674
21261
29420
8172
26052
5537
2572
18483
1337
19107
7201
15589
27539
31368
21210
30659
1821
1983
16123
24146
8152
28819
8880
13023
5231
26706
13856
5825
25453
2991
6726
478
21678
13413
28156
21361
22291
12317
14681
24586
26234
24210
9021
8406
3566
31475
9514
26656
23066
5257
12630
16152
20484
31385
32510
20691
15352
8076
28924
1684
27841
14157
19100
14666
12064
5363
9900
7257
7542
2976
25810
17821
6084
22184
291
30380
30677
19702
2544
2908
21946
25516
10211
12678
28791
17418
27723
19977
3836
30865
22965
13073
27991
30056
23228
2969
2599
32766
6946
8238
26708
14833
30495
22774
6397
21295
29944
8434
8626
10075
31956
3712
4836
19058
17100
29988
25241
18606
5953
17543
24420
7594
4466
22720
20373
9928
18509
8147
4269
5328
3462
14455
19221
8409
24295
28189
3599
2157
487
13869
26604
5352
32125
4755
20096
12833
26166
32122
27603
22604
12422
16983
8985
19743
32091
26666
25060
52
5368
4353
4505
1711
1025
29373
15648
31264
3794
19736
16096
16043
28437
231
2795
29798
3988
11421
26997
6146
14923
29201
13707
5806
27842
18817
29698
22840
18074
1494
22189
2677
18021
28201
32723
7396
18619
4231
6623
21390
32138
12785
5978
21040
18349
32679
12055
30876
15040
26023
26797
3421
11059
11888
19754
31642
1182
20491
4102
10301
23124
2636
17494
8787
26171
14934
29250
12982
27099
1885
8377
3818
9652
19632
10084
13126
23253
25846
23768
10324
2730
15031
29967
14202
26902
16927
9241
21209
13505
16383
22799
13429
27060
533
9545
30870
547
27789
9168
14191
14729
199
29974
25086
1531
16731
8933
26163
15285
5979
150
24148
3834
7384
23427
20384
26651
28839
4031
15411
15829
30564
21764
3113
27103
11704
22508
4614
11204
28632
29540
11862
19951
23118
7774
22160
8452
10236
25031
832
16759
12638
27321
18789
23383
28943
3313
8984
24682
12687
18819
11119
25727
18499
11724
20897
5120
445
7849
18283
30919
9022
25574
11954
306
9593
2042
19049
32122
3226
24561
14005
1856
391
20393
27727
1897
4198
7745
4907
20012
12383
28367
26711
29033
30883
12625
15141
25917
9901
8167
17804
723
22984
7231
25548
29053
10193
336
28497
9731
28478
15691
16602
27707
2655
18382
7642
11993
18404
18523
5406
29065
19616
266
3761
12603
17036
20858
4861
7870
30991
26125
3378
26513
23164
26453
3308
246
23261
15817
19216
10567
17391
15805
30198
5005
621
20369
2254
29007
22673
26664
12860
20136
6617
26011
3654
29852
21511
9263
14192
17836
2411
24453
29477
18600
24676
13329
32089
21957
27685
21709
14189
6640
29365
18735
15955
25697
21561
18264
11250
29298
30582
32398
1996
11698
24466
26092
10974
4149
20250
25432
6855
9007
7242
24246
8237
19393
6792
5467
7261
23059
15665
16837
25137
3747
22424
27529
5687
2525
7756
29580
23055
23019
19866
12406
18197
6862
6483
12132
31809
23726
18896
27870
17227
17518
10802
6664
4370
6788
11246
16924
25918
15368
25482
25623
19748
8714
17057
21683
3563
29481
13101
31894
14829
21345
30726
18121
13664
26149
30373
21355
28214
13998
20014
17063
19265
31378
24494
11235
5787
25240
11168
5434
26437
28107
10423
32557
19982
29389
30679
22677
18871
21358
6500
28380
18004
3709
1984
11885
11253
9183
23311
18281
16518
32477
23102
2716
24820
23234
7491
4783
21906
21926
9382
3487
17850
9605
2624
14958
3767
9108
12099
28440
482
8660
2938
15048
19980
16103
466
30796
6172
11299
24090
25798
1785
6629
24583
3749
18091
15911
30587
12500
18109
10581
5638
20017
14309
23901
14766
8513
3303
23302
5355
13346
694
6530
30710
13505
29660
7238
24387
22861
31517
6937
19276
26859
10583
28779
17809
15531
21165
16873
14045
19642
14052
5966
29386
7642
2317
21372
7303
8976
6757
17355
18649
26524
11385
14753
352
5422
11918
25155
3356
10839
27199
20714
8752
30014
25448
28442
25829
9876
28483
18223
22513
4298
18129
23865
8698
26497
6268
2569
19542
4930
23802
3212
24341
28015
29556
17752
32321
30841
18664
20613
27748
26708
3788
29118
5707
3880
17652
1687
3082
586
6837
29473
2880
2922
27467
15549
32412
14862
22904
18221
5792
10559
20078
26609
24485
19841
24559
17360
31008
24329
25011
10933
21027
13355
9738
26044
3879
8210
12738
11149
32008
10675
26443
12009
13649
12035
27929
31618
22458
18536
21322
5392
31983
110
15497
3233
18067
13244
3634
48
12421
11590
27574
14458
1890
21188
322
22797
10315
30050
24987
22178
28136
6841
31565
10156
28332
20990
26884
25393
28763
27001
8506
16857
13514
6201
18706
13637
999
28679
11908
2465
5880
11160
11707
17789
18728
11527
1467
15320
12607
16514
24647
1150
2225
30531
4354
20117
986
11969
20436
16754
32648
6184
29327
24497
10170
21511
27091
8324
31655
30281
1327
13131
21250
1639
17032
8549
18557
20444
11455
16966
11660
5848
3470
13770
27499
1336
30387
22729
30050
25526
26193
26604
12360
29533
2707
17599
29510
31553
26770
4359
1501
24172
27257
5205
16170
19995
6375
8155
10857
27691
916
25727
21689
29134
7480
28462
10270
11906
3752
16243
30668
29508
17730
11336
8611
15872
16524
2860
26870
14669
25368
19829
28304
25687
19115
2024
27129
30492
29597
6279
2037
22236
11139
24234
4686
11978
5900
14673
17619
264
20265
16313
29601
17362
22897
26669
26273
24314
32707
4383
3666
7572
19245
8311
30153
26610
9740
11563
5622
22995
26997
26384
28200
2263
22996
12528
1491
3894
22227
8412
15250
11954
17022
23235
1384
8138
25508
31044
1611
24881
18304
30913
7395
7038
26264
22709
20367
27941
4326
26439
14761
12966
25910
27423
24075
7940
22479
8056
721
14457
3157
13942
31329
3432
1774
21946
32169
13715
30884
16693
31656
29582
11019
10297
560
2676
20259
18646
9194
7128
13183
23907
32666
8702
9639
2139
19620
23115
700
12907
4304
13307
15194
3784
25418
5906
20162
14790
24813
6037
313
9639
13760
26873
20907
18864
24513
9692
29332
18307
3810
16371
18977
31400
18002
11332
15762
9837
8957
8085
19426
13808
27478
28452
15274
17018
19540
27032
24643
21518
26554
15416
14890
4162
6044
14427
30377
19278
2847
3359
4788
12131
8320
18782
9490
28222
8280
14814
5053
12540
15902
30664
14474
14896
493
15196
14604
28211
32647
18146
5558
13755
32411
32228
13377
28335
30787
31898
26957
24378
3537
17318
17739
24351
23755
19458
10394
11084
21556
5942
25328
6065
28429
4046
25084
4946
30748
19979
13130
12955
15084
5337
23910
13300
17941
6913
21572
12950
8893
29856
3295
31645
9567
12504
29729
14686
15308
32709
19715
26874
23663
29874
14837
20020
31444
14477
30080
22911
9580
16537
32298
13403
12426
23907
14746
26594
4786
13815
21244
20894
22035
851
22695
23198
17234
8220
23805
9417
10633
16528
7827
8818
26512
26300
31635
19500
6779
26351
13406
26847
5475
4206
16757
7195
1642
20073
16537
11949
27897
21806
15665
17776
17740
12189
22509
31334
3377
16604
4521
3079
1548
3660
15764
5849
22559
26043
24209
3393
31496
13275
29661
24985
1931
7922
30962
5762
22162
14804
7340
10620
4466
25359
29611
2996
6000
9317
10744
7452
23684
9855
30699
24001
9565
3295
24140
18778
17572
19991
28088
4380
15749
23608
7494
10198
28524
12686
29803
21561
12044
5514
3099
15735
28838
11776
11057
9745
26504
12435
529
18665
16084
18541
18828
3231
20354
1075
18692
282
30632
24631
2000
23397
30457
16624
11745
25533
29836
29096
22438
2536
4576
31605
24878
5064
12060
26730
27789
6703
17563
18190
10112
18421
30119
525
5204
3912
16517
24622
23043
18756
28595
16517
24481
29635
12397
26346
14070
375
29301
27818
6765
28726
29972
10620
557
6548
9564
10422
5253
29111
12721
32448
30093
10343
30344
4809
14858
24677
10349
12474
403
28926
24395
30568
31730
26079
26344
30478
24013
12587
30895
5114
2182
17355
17074
390
26975
6
24559
26954
21474
14929
9682
4752
23424
15464
27388
7688
28792
32413
11075
10686
17402
2928
11514
29000
14220
16737
2930
15940
23470
26370
19136
15618
16825
17744
22721
2429
9485
15427
8028
2192
12139
1444
3079
24934
23712
6687
12429
11059
16740
27801
24846
8993
14721
28612
29511
32398
16696
6640
787
11636
32224
23332
24626
8488
14800
14701
2378
27464
22399
1910
22571
18670
32746
26969
17239
28202
4150
7093
22722
9648
2711
12545
21974
6349
3696
14623
186
21408
7100
1844
9940
22918
9644
2488
25741
24022
14481
26825
6740
29903
14077
24261
13029
20686
29221
32535
7883
24516
8586
24401
10531
23784
32217
22140
2468
10921
783
18091
22492
2279
7648
9431
17340
31586
18522
13030
14167
29811
22982
8205
17895
6138
3535
856
3089
10903
1766
25735
25962
285
20452
18204
6969
1091
8433
27570
28799
7325
27557
15248
12084
6859
29294
4734
6868
28657
28466
23256
27674
19047
3381
12256
14859
27313
14908
31320
29751
17585
4851
15185
21052
16667
28300
31038
23691
13098
19881
844
29295
22161
12412
32502
29003
27061
6188
29651
24867
14361
14203
18867
19037
10521
5799
27883
6345
9948
11917
3309
12256
29060
16148
10524
5193
12967
25801
24542
20130
25859
12743
13298
27516
25709
19930
15364
15527
14859
25060
28798
16305
30915
21119
2978
19881
15859
3555
12246
30760
10851
28939
18494
14227
26488
2067
22416
20122
3242
11749
10532
1796
31031
20244
6219
11183
30233
21512
25058
25554
13366
30300
13351
21382
31448
1412
28875
9605
6748
24243
21832
25137
30510
7163
32116
14296
16629
16055
29782
6198
10762
22822
18233
20283
13103
31576
20224
30479
24446
26446
9145
27988
25759
20573
28277
11691
11070
10707
3414
13689
13244
18653
15849
21739
13093
23976
16822
4407
31843
1991
12566
31781
2481
2517
28741
9423
14930
24667
31416
1444
6274
16371
30897
5043
15277
16046
21264
21287
6879
11444
14700
5389
25468
24618
20066
16990
10289
30809
28205
22585
31786
23564
17271
31088
20101
30521
7791
14662
6663
31716
16924
887
15630
10817
7153
17785
3527
25625
6561
15618
32417
3950
4405
4042
26370
3170
28507
4242
17464
16981
8193
21861
1714
2126
25890
798
16240
27804
4064
29226
16824
8125
20436
4239
3339
1662
3234
9517
4951
14180
32208
22596
12142
26443
29912
9527
24503
2381
3451
6544
6435
9701
14425
1347
18019
11604
21439
55
18265
18756
18112
26882
1228
29100
21127
16629
27743
18675
3563
2392
26820
856
16196
1526
10797
23953
2173
2269
21251
26290
6507
11103
23771
8529
23645
6236
18854
16360
20725
19396
29991
122
2358
27479
6827
27514
31965
7343
25332
31208
9973
31873
3702
26301
8614
6944
4038
12169
13390
8770
10831
2139
2003
2055
26951
18145
30007
29495
737
2256
8812
13515
31684
6534
24938
31408
7869
23279
1408
8135
7344
13733
8935
15664
26837
21595
27805
24776
9504
11899
9328
3312
13057
9742
20825
26001
15438
15581
12300
11869
18558
9429
4557
32343
12823
12208
7557
19605
4201
25042
10005
14916
27005
11377
4330
15854
16457
4857
27602
5112
21285
16303
18702
6255
7811
19348
29352
28164
30682
15756
32263
5716
21731
1215
27840
24429
4872
29248
20399
19086
21274
30189
8263
20527
15682
8854
17446
9537
16698
15713
28396
26039
9916
23660
22094
18501
571
22709
27750
16232
25042
5943
5197
11174
18042
27990
1260
791
15743
9341
19983
4644
11829
24838
13243
14735
12263
28762
21442
19892
31760
16985
18836
31502
20685
4604
17496
21500
22419
312
17212
27589
25629
11302
27657
8922
8105
30562
12282
2140
29796
7601
13006
29918
19747
16614
10268
17004
32083
518
6887
17868
25907
25770
21362
27907
9793
421
20309
10012
31729
19687
32721
31012
3237
29345
16993
25721
18138
4010
18321
581
7839
18722
23571
30789
16204
1877
18448
10959
1392
22497
14524
20499
21771
15132
26669
18593
8190
24752
30573
24875
12479
6024
11982
24972
3409
29936
6269
3338
1652
30455
10586
30680
18201
9752
27655
21983
30744
31258
25151
9919
19493
1589
4202
25360
2049
12406
26478
3821
23277
30821
199
21939
7012
4324
24794
4870
15369
20826
13190
27925
3295
16913
14077
25631
7352
18397
18642
31543
20208
13055
18771
24132
31066
13640
18712
10571
7803
898
13532
13553
6134
9739
29580
3131
17736
15555
10910
28569
4789
14888
7332
2339
27778
22976
22049
13858
29285
21944
7323
2514
32570
8138
21489
28006
22775
8548
19951
333
7394
18182
14368
9140
15362
23275
7139
16460
7123
29421
9409
19789
12094
30115
8446
6587
7111
31436
28782
20712
16137
2800
21898
22330
10335
580
23747
25646
23269
6863
19991
32157
27551
25035
23777
14398
20471
7246
2549
24941
28781
24361
27628
30250
21386
24080
20925
2917
29973
13820
29582
2937
7562
14030
9673
27894
19912
28725
17009
18083
4874
1489
15543
25795
22296
3737
4808
17304
191
890
4586
4902
30846
320
8391
10297
25986
25018
1032
32425
14037
28697
20774
12509
19666
15514
893
2190
22236
21349
26531
3277
14671
23220
20727
12616
4023
23607
19837
2761
8000
15800
19433
11519
19822
11515
26617
5505
28430
744
20744
18448
877
25067
32481
28
12231
5020
10449
7050
3842
27035
13056
8885
10652
9662
1536
4531
10723
11631
1191
18137
8292
3151
5146
14977
27813
2592
27179
25610
7703
22497
5605
28705
24902
6202
30308
11327
19795
18203
5099
19315
9636
17569
3888
26722
25562
1849
6906
26764
7683
14599
13294
9425
7441
17545
2726
31539
14220
5239
21508
11741
17539
2798
29638
13157
15048
29646
13658
23630
20573
30305
1779
29137
11817
19005
27356
12764
3055
13163
4877
19548
18561
2504
23292
17848
21041
20396
5045
25245
29577
7114
22061
257
22588
23127
20435
610
24155
10607
15721
11087
1996
21684
2066
7210
8185
13368
14508
18220
27077
29341
13663
1961
27076
32378
32118
16022
8363
11009
22382
6216
18949
17375
9549
24446
29480
6244
21302
418
32360
16868
5177
10316
26250
10589
24943
3080
22140
4185
28487
25689
26947
8470
3355
6398
9780
18917
8967
6259
3431
26576
16890
30651
18537
1151
31245
16221
21297
11101
27412
2477
12629
6646
17267
22092
894
20387
8500
14066
4378
16490
2390
14699
6736
12064
26983
13024
1593
29392
22357
20568
16717
11105
897
4222
24603
10610
4373
2725
23102
3465
18584
9993
29068
25197
22719
11352
6544
14032
6534
18033
29499
31281
1408
27243
12502
8449
23915
15321
30267
21509
10760
22348
2373
12027
4138
9754
26245
21120
11020
8030
3638
19761
24807
6720
7539
8209
26052
5495
1960
25131
24719
6156
1095
18296
26222
3936
1212
3842
16465
20080
18082
7242
11977
4696
22071
16359
8221
12310
5389
29553
3227
20369
6403
3229
27948
22490
30580
11177
43
28849
20654
26875
20599
15691
12198
1541
12999
13394
4586
9579
11582
14638
11222
20072
32064
23171
15627
16238
12163
23034
2333
21516
32361
24901
18572
533
27277
2141
9718
12799
16795
4366
7050
30345
1894
31670
17600
26528
30004
22858
30791
9348
860
32409
15935
16679
12564
31957
30377
8918
32388
847
17436
4122
19743
3714
3769
30689
6706
2131
13153
13273
18365
15767
13093
18973
26499
19670
30461
29203
15453
29262
31677
24724
26067
21819
31302
8014
27117
14934
24569
29543
4423
16284
11122
5987
18788
1360
370
19528
324
26691
3612
1536
13369
12627
1637
14078
5878
24114
24006
32549
6889
26473
1075
16869
15307
10140
16465
26535
19317
18447
31204
20075
12277
22121
2182
11695
18401
26552
23199
29075
26859
27830
2193
20796
11446
6987
10291
9334
32744
4434
29825
15517
10113
5280
7570
17597
12395
5186
21706
27896
32081
20231
26960
25896
26293
17215
2242
27334
8509
19393
30760
28171
24142
3635
22823
4692
23260
7813
20344
3531
20609
31679
6808
11332
31948
18941
30656
31077
13019
28087
24599
22026
11052
27718
30503
31975
1456
13732
15757
14960
12833
15220
23541
23541
12950
31042
6726
6674
27733
21003
22298
582
31464
26368
4977
9186
14707
19335
26278
1061
30276
14979
28322
7589
1196
12501
4175
28400
8461
4387
7247
23668
23349
13527
11247
27036
31466
3691
19030
3388
4806
16613
15875
9519
13638
20637
1654
19775
29
20806
25132
7492
29134
13612
28881
4752
15737
8635
17842
10379
4341
27969
32369
25755
288
10741
12796
22855
4211
25143
19391
25755
986
27161
10009
11726
31170
27167
32525
9762
30579
1859
1595
4364
24736
19516
15118
22421
3388
14336
19510
11008
29072
5512
8537
15021
3211
211
23557
317
4185
15661
25834
27895
31031
16561
22854
26474
1669
6413
27808
84
18972
3461
4793
16323
16867
8763
1472
25466
12189
24749
31941
2966
8965
2431
9840
6770
27165
4987
15347
19399
23491
7126
16445
18200
12421
11188
16240
12621
23990
30447
8854
414
9921
30740
27536
7602
22718
3503
27982
264
25667
31945
21574
29591
18813
31918
4894
5041
2687
12276
1964
14125
6105
11960
27681
26565
27501
1579
26753
32445
17790
20814
22615
9158
16394
20217
6310
13089
11354
6434
29218
20231
28375
24924
29600
8265
19743
22174
20684
2612
25176
6214
6426
21943
11717
23133
23295
6088
28566
7965
1888
22275
18437
10672
10571
13460
19614
3643
17893
7256
2014
795
30883
16447
5888
22383
8125
25333
23060
13014
11488
13761
27217
634
28196
19885
19116
14157
25405
29671
1706
14738
29429
21863
13170
13728
5338
21970
1830
9698
17203
2462
31347
15907
18745
7032
10343
7176
16772
8418
24707
24798
22724
8737
7954
6294
10417
22870
24505
4622
16197
27883
32334
3219
9768
10544
6637
24227
32364
32070
11849
31223
1146
16189
22337
28865
4172
31609
29364
24626
26077
21338
5269
25663
27102
12060
322
30885
3755
18171
8721
27434
3453
18331
10284
17190
16353
5544
20896
16963
11625
29881
1200
25217
8609
5499
13679
30077
24132
20235
18830
18674
15792
1955
28274
29824
22936
4217
5513
13484
2553
30948
2783
30505
20559
7361
23020
31830
776
29205
29873
12807
19769
23028
20739
11144
22160
30881
28710
23263
10122
22774
1181
28498
7653
24326
10817
32041
1369
19970
25745
21173
10371
25945
22345
7825
28194
22819
27958
19240
22149
10688
24904
13175
27972
7868
24041
5397
815
26870
9869
25456
17540
12290
32650
24665
32613
3787
18475
7619
11912
17277
31487
19655
7217
5794
2167
32236
12637
15755
16304
13990
17728
15345
14734
28
242
2268
31242
21294
11110
31428
15309
1463
29083
16118
6653
7439
32534
24634
3159
10709
31375
8371
27006
4331
15083
11014
25490
26049
18538
24255
13061
14807
32290
15344
25514
1405
24492
12826
30735
3550
30493
22097
22285
27708
20279
17564
14237
6781
24033
12443
32493
10471
29397
26988
17588
296
32409
21710
29122
23193
17840
9607
11483
17347
21521
20740
2501
25891
17624
2112
11936
24874
12860
14311
25462
30088
25025
21434
16403
16810
174
28981
27671
22145
1218
30063
9545
29574
1315
23107
46
5371
8087
20141
5851
14195
15862
13942
6663
29844
20448
19732
30820
23836
19627
28620
4144
13346
4511
21273
7942
28575
28774
10065
25595
8748
446
28806
10214
12813
4209
5546
8191
367
12423
27383
24236
27630
22202
15246
18071
15706
1066
5727
13316
1467
23122
25160
20578
28306
11067
32129
17439
30050
23023
27703
15041
12143
7985
23159
27955
31430
1643
30030
9820
16509
14056
24367
30198
11324
23875
17300
1438
31997
18720
19944
17447
21263
4889
1957
23348
8033
24316
25018
8966
6141
3635
27951
2194
21971
30339
1803
6615
32696
28922
31606
11374
9902
21794
25627
21091
14182
13435
17872
4419
9475
27176
12665
3958
12577
21225
27689
11215
29974
16713
25227
13154
4215
537
27521
10646
8415
1308
7690
22139
26347
32260
15977
3933
15497
4509
1668
28057
16499
25417
19850
26543
23286
5804
21208
153
32760
6568
12318
347
21049
19084
14013
28892
3033
20104
15476
15860
20507
11365
6972
20422
19048
32626
26736
28752
16023
22210
10033
17728
28267
5268
31241
19209
30813
25107
6094
1591
5020
2880
1994
24319
19795
22316
26904
23323
11050
12394
18769
10709
22287
12740
20073
13921
14390
27437
14291
13423
7518
29431
31468
23297
23639
5958
32406
16762
2753
17349
14883
4856
13334
28567
15222
3044
12523
10129
22628
30152
882
2214
3936
5472
23876
16034
23384
16115
12893
23324
32474
1251
32104
6309
2683
13444
6462
24134
8825
5418
21417
5930
18335
7558
7533
12951
10089
4914
31625
24611
14185
18570
7610
23588
8169
27838
15937
24680
14802
8741
12006
3366
9165
20180
14141
24117
12967
23408
10280
124
16634
21568
18589
7082
8714
8326
32681
25639
15341
17424
24501
2378
3311
24330
30473
21452
8244
24598
2446
2172
13727
7327
6104
25397
8435
17257
22371
15885
9272
23917
29
14544
18785
20709
4901
29869
32555
6819
32467
14382
32072
12710
17400
3950
13245
18671
103
15494
18825
25489
692
3144
28295
28424
19259
25392
1173
22475
7780
5783
25590
19493
3110
26154
16117
8512
4298
10651
26827
3715
13042
1686
963
13085
17113
17143
23196
6626
7900
1850
26927
12119
8506
9522
22610
24072
6936
14078
28923
17698
200
10810
19113
15677
11082
2930
14591
8058
21267
9692
15538
718
10254
19270
31654
25501
10977
22605
1108
27019
11121
18640
24687
16271
4264
28836
15047
12873
19830
11401
7277
2197
10005
8029
1304
19040
12434
20368
25287
27066
8073
14552
11432
557
24112
9766
9529
8781
32406
26584
1965
21393
29485
14896
9361
21601
12423
28677
12719
14448
7261
13752
20787
25420
28117
106
5132
4404
25348
32108
31637
25129
28594
5623
15989
6983
18782
23326
21700
4694
29826
28160
3951
30621
14105
14402
16093
29174
5213
2237
11474
16680
13781
26739
28052
23152
25999
15304
19533
13153
32171
1007
22193
12015
28953
21666
19424
24774
20898
21014
29326
6880
30509
19246
6753
31062
11323
17391
19610
24694
949
1076
28664
8471
15335
32418
25561
14121
21196
9183
22179
22160
12172
30207
23394
14899
1347
28735
691
26959
21252
5878
31456
26386
9502
17352
31564
101
31645
541
32530
11273
31252
4049
4841
12517
17562
22062
14923
1694
11795
28439
12246
9321
7089
2693
1266
12829
16826
18488
25780
20365
7563
22950
32258
26132
20701
56
22776
14449
16967
15285
7051
9429
9988
15614
364
19771
23031
28925
2863
6648
9196
14296
10413
19091
22817
7274
25255
2262
28677
8179
18348
12837
30015
28174
8252
19215
242
3300
11821
20771
4415
23968
31566
24325
28172
291
31563
22209
31236
29944
1232
1630
5343
31882
26097
31415
29412
10900
6090
29830
3500
7898
21858
13250
4648
19479
6614
3371
28646
23094
18867
32291
28047
30916
2979
12991
26293
13734
5196
12830
5835
11271
26997
9465
5493
8085
24682
27260
26627
22509
23458
28500
19511
20563
2976
31498
8271
4007
14103
26511
3135
15508
20049
30488
20543
16907
19921
15403
23685
6128
13368
18426
5716
1043
3941
4849
28213
26465
25824
21387
11141
27484
31097
14185
4399
9160
15404
12965
16315
30887
22600
22884
30856
27752
13009
30634
9813
4700
22306
23411
20230
18793
5846
1279
21157
3842
24809
12653
7080
32342
5147
29579
9330
20424
20629
20205
30236
27808
3279
2364
1140
27392
29105
9681
2886
1561
16889
16258
20699
26270
20700
13500
29120
20345
19440
22995
6600
702
23625
9621
20052
29405
25314
3109
11730
5147
21567
31751
18564
25155
30545
12663
30339
28312
2970
21503
20227
2575
6802
4680
9432
24507
30792
12337
11322
5001
14156
15134
11717
14637
5069
22674
27331
14172
6655
25345
5806
27452
3007
18655
2545
8217
18810
25085
4591
12121
16971
12053
582
23730
12131
14244
27477
17050
7854
31223
6652
25343
4276
8585
17570
12345
11709
30604
2429
8765
22072
16838
8717
11283
4701
926
28650
9610
9490
21879
18112
32042
17931
17980
6040
18026
18230
31548
24921
30755
10582
569
2702
28485
25581
2491
2153
2505
25696
29610
30472
28134
2134
30236
1784
20872
5985
15980
25592
22014
32736
19084
30975
19442
23332
27804
13696
29599
31953
11451
14316
3390
4487
32029
377
19905
4290
29789
5922
3012
1535
533
13294
14529
29985
20909
28790
31363
24082
20336
929
30941
9133
997
179
13211
23004
14684
13958
29881
16125
8135
5142
13011
25739
25291
13892
30685
19194
26135
723
8212
29922
7157
29879
1332
13664
10782
32143
27116
15802
20691
8304
14735
11841
18473
10724
28684
11900
1957
10546
15904
20610
11272
3808
15818
17320
28524
5239
19200
6748
26512
20870
21664
10065
32369
8681
14761
13789
22810
16715
1707
8607
8380
16362
10108
4452
25089
13466
24877
22859
30366
20493
10300
18472
11560
13649
9995
25639
9000
15258
2193
23218
1393
32066
23376
10132
10929
22542
8327
14174
15431
17075
23464
2313
24916
7065
13836
4830
8213
21726
2790
28307
26992
8606
28534
4279
716
2162
2943
3920
16934
32566
22010
15298
20577
29712
2572
5106
26078
26541
26678
20140
13645
31950
6092
1858
30915
8452
15528
19574
21772
12983
5407
5786
1858
18541
13364
26870
4254
32073
11276
8810
21647
26322
15522
16725
23817
6135
23228
7861
14624
21839
8990
25743
10709
24229
3581
17297
4400
29107
30390
11254
22415
27182
19392
3498
15165
8963
31455
25518
15942
31969
28059
3775
9866
11767
10737
17202
17425
16127
27464
3619
29086
22907
18343
13774
903
19262
13604
31037
6339
25391
928
29476
581
2890
7857
9225
13448
17383
11232
26535
30572
25663
22805
22933
18496
17452
28495
27939
8736
13104
32152
15493
8321
24761
12345
21299
12298
6563
10282
30607
16806
32511
26316
14280
13271
6675
8666
15871
26189
29089
5021
12201
11191
1133
7008
7221
3545
19705
16932
16110
6110
12947
30613
6178
6896
2961
6972
8580
8455
5340
9717
8655
510
683
1956
25516
20204
3729
3364
21462
1969
9914
25216
19068
20175
8818
1382
999
3964
8166
15320
3164
18933
28463
25381
9028
31252
11916
11032
22922
19493
31727
4463
28485
5110
24508
12686
13463
14893
21709
15477
29140
5086
4537
11504
6887
22621
30550
3085
20978
10577
18556
22995
32053
24842
3852
28209
29745
6933
21041
26165
2061
11021
486
29055
27448
30131
15289
5108
15440
24641
19662
12215
14403
18940
5414
27477
22452
17417
12321
18495
23456
31617
1602
32126
3393
2504
11315
27298
13618
7962
13065
14075
3541
15206
19912
28940
13554
26976
28714
16957
24736
12242
19100
2768
23401
11570
18314
31254
2985
4474
28124
30435
2615
27188
19649
27711
3143
29908
21675
20062
9359
27467
16795
27603
8105
32473
31390
24320
32697
29987
2711
13265
23375
7045
5696
5546
9103
1193
29548
6557
5519
17497
17807
30945
23296
7569
17279
20351
7697
22233
2684
13135
5264
10449
8815
14115
18002
31502
5999
11842
4822
25380
19593
17432
14885
6660
27585
15403
27900
23433
5972
28241
10285
25677
16448
21281
24387
449
17926
13479
14949
26749
17327
22364
27517
17620
11789
12116
24217
14764
10051
30138
18833
16780
11144
12922
24298
9719
31527
3645
10234
249
26058
154
19021
31999
23289
11914
15432
18156
25566
3357
11532
26216
27211
7276
9117
28795
28926
20175
6468
18524
8483
28752
4913
25219
20762
8799
32613
15877
26747
16327
22735
2081
17751
15584
22197
7702
1729
22534
11094
24888
24717
11851
5582
4419
23640
2153
19257
8431
11209
29691
31515
14533
28693
31980
29440
23600
6857
6959
9567
25815
19396
10416
6084
18474
20610
29579
31790
23355
10401
16509
31158
2256
13213
20887
26738
11702
27615
17722
1177
3928
21238
24895
23784
8336
29476
7798
68
2236
6684
2130
11936
8469
12554
17634
4385
23612
21972
22787
15744
19478
6559
31957
2225
14810
2198
5227
27842
1128
24294
8391
1541
14557
3853
15621
27505
6500
32085
31702
26182
1615
5275
14640
19696
32102
6229
13380
1326
9086
22484
1457
29043
3150
9926
17911
19853
13439
16126
30766
16004
25090
28536
3320
6597
24230
15511
4532
10111
16618
21938
24564
25678
14095
975
24881
1559
2162
30126
15038
18483
16665
3338
30203
17103
15244
4379
30923
20882
31974
27231
25160
19841
5931
19354
8117
7712
1500
27676
19891
26074
14537
14146
14776
19875
16679
5439
6078
13276
21730
12572
16440
17015
7221
24574
2634
12379
32119
3496
5689
12810
23352
21056
7201
23937
30860
5462
4838
1376
30631
25122
17260
20298
9898
20749
7179
2447
3773
10868
22589
1032
31070
9896
20634
28739
24568
28473
1799
3296
31160
17780
17194
8251
23452
29226
21281
1612
24269
25267
17523
21963
16686
5939
10566
24727
13365
17948
15827
4952
19962
22772
536
30819
4237
9817
7116
25055
31629
3394
5272
32550
23542
21895
18564
24942
20027
31140
6320
13225
9877
15802
13892
10666
13210
14294
6569
27272
3857
11638
31226
31303
28933
27209
22709
26293
14616
29751
30135
15251
8730
16545
16231
501
21466
20202
4913
20204
18236
19510
25142
9569
12428
9329
3649
12100
25618
9364
4861
4583
26855
4643
20326
24996
11783
23546
894
30918
5542
18506
22081
13735
19144
17375
30682
25621
5388
13988
13335
22010
7880
360
2331
28476
24923
2274
5715
10467
11199
29171
30635
20346
30558
29484
24833
183
32551
24464
3545
11358
19680
20123
22867
7266
12478
1411
4699
18509
22323
1469
24608
30691
28935
25795
19143
30978
8618
20757
15456
27853
10185
26749
3609
28682
29727
17304
30129
8903
8846
23186
26416
21316
2414
10033
16086
20493
21285
10261
18257
9575
22007
10558
28723
18925
7712
30158
18594
32379
24096
22288
4689
25931
14679
1210
176
5214
7377
27247
30816
10014
6755
26248
25322
4929
31223
26132
27312
17648
29988
541
13092
17961
20738
558
24887
30050
19004
26641
2069
3951
1894
26845
19983
4261
1425
30513
24024
12608
13085
17082
30709
258
11471
20731
14447
26141
20771
4941
25803
851
7652
7716
22075
18780
3065
26005
21526
14216
23938
8981
29318
4005
4644
18564
18817
291
30112
9322
6138
3958
31915
7040
10072
14268
25594
7026
807
6560
17820
10979
22797
10110
6284
15025
5376
8648
20103
7291
3511
25000
1051
16993
21854
14054
30465
11275
654
23821
13996
9453
1404
19401
17186
14281
23921
26260
3595
31605
17018
20369
4615
7390
5984
25016
29765
19021
14298
5684
25682
25577
30466
22793
11822
5502
25094
4346
12965
15740
6944
24234
14812
17731
24776
22273
21547
20125
5416
15569
15658
23180
22992
32186
29967
19783
5035
30283
1079
29567
27441
16745
7426
27878
7391
5877
4068
8178
11748
32169
17849
6878
22814
21571
13401
1523
18500
30182
365
2821
28005
32189
18305
22080
4241
28129
12634
5157
26070
15741
24457
4303
16238
4656
19520
23675
12342
10418
8549
6471
12898
12475
13541
22074
9839
8224
8011
7045
15962
16703
8337
3080
10512
158
18229
16408
4645
15823
3472
15744
18888
9111
24932
12485
10487
19279
18868
19375
1519
12169
7896
27908
19687
12791
2256
30103
4349
14473
14297
28289
10609
9686
2878
25775
12049
12477
6769
7581
28148
24396
21594
2400
8043
10464
10479
5610
53
910
28933
18314
5874
24770
2149
15026
16090
23846
20003
29437
19119
10182
32555
7024
21488
25713
7965
7169
2640
3426
25435
10325
5991
6176
21600
11214
27302
24994
6483
14021
400
9655
8667
20756
39
1445
8758
21976
11685
25104
5509
15477
10605
3102
14954
29402
27713
4569
15829
11526
27061
10709
2075
19914
26084
530
24649
19665
21345
30243
22967
15839
19825
28816
16352
23894
631
31610
29808
17918
8879
17533
29599
13317
10015
6107
29374
31045
1227
5846
19727
1734
8233
11613
13018
12164
5332
2795
20157
2162
9604
8877
21828
2494
26686
30435
12986
21847
712
13192
19262
18093
2912
23605
281
12216
25005
4419
30030
26427
5110
12336
13939
3146
9362
21315
20928
8970
17312
29811
31334
28344
20728
14214
15137
11500
14945
8054
26129
5663
2564
13080
14022
18283
14624
21759
23194
31123
6912
21151
21315
10563
29738
28334
26536
5273
4570
27344
5876
12771
30126
21618
16873
939
27043
6390
32376
28145
4160
9489
18830
28855
17681
4978
2864
27587
24919
11941
8394
20384
14590
18998
25028
24550
25551
14105
21079
27323
9959
22345
30879
6554
4712
5296
2033
16211
10094
16199
22126
18259
6725
5758
20696
10790
1241
478
24741
2874
7533
15597
30802
25574
17808
31314
14842
24490
1357
16953
27687
19897
18083
4089
12520
19380
25909
29428
13092
3513
26177
14015
15917
26524
27862
22148
29592
31604
15938
16292
4941
12634
27338
10144
2522
23661
28319
31033
14605
12570
24333
7382
11969
28826
30708
8231
15864
28091
7548
264
11818
20196
9733
8104
29917
12627
93
7146
11638
4522
2614
8715
17231
7594
10967
27270
521
21310
1553
28980
36
4283
23413
10168
6092
31334
26052
10010
25078
22839
20135
9394
26540
22236
2720
11848
32165
15105
12609
29049
32281
3535
9628
4700
21715
17330
8954
21862
4488
22112
464
8331
29799
28439
18670
6054
10481
1573
24314
22555
8971
7086
28701
6075
21074
28074
23548
10984
8110
20269
16362
13817
26922
1259
29019
3552
28675
19195
31900
3081
27902
26587
31682
22918
16127
28853
23009
30058
26584
8928
22142
31346
19295
30378
23878
26603
25795
20309
1536
29135
26144
27743
20672
7218
30288
7
29277
9692
261
3852
17702
1592
19732
32184
12753
621
19732
28189
9396
7626
24104
21407
25400
26983
26905
24498
21898
30473
6568
11237
6291
29511
8226
17696
27691
10987
12596
31785
20873
32667
14337
8045
28158
4025
28274
510
1508
5511
20429
29656
9169
16783
6538
3944
16400
5186
20066
79
31825
31455
28584
10083
18335
13206
24796
16374
32403
15598
10622
27228
23495
21604
2336
16295
19598
18516
4543
21173
32226
8477
15443
17005
13726
25985
11173
16709
19438
32330
4449
13831
22787
32051
26988
22998
27403
19205
32631
30572
22624
257
29397
12197
511
29054
11401
26433
6717
9171
31652
16869
17333
18295
19406
20068
7301
25191
10786
18493
2490
16072
3135
4709
22280
23502
3483
20294
32447
26076
5915
14855
11770
31213
9441
9486
22809
14386
7782
16835
29810
27132
29896
5527
9540
16093
31589
16454
32492
25866
11944
30552
8284
260
23843
23278
17864
18552
26334
1979
8866
17507
1775
2641
6089
32377
23371
6046
6654
7624
7900
11958
23703
13977
18900
2003
5239
20887
3136
29849
26429
28211
22240
5535
23228
1094
26166
2348
22700
18680
989
30526
6814
15074
29212
7889
4662
14703
13755
18525
8596
11144
12821
16801
14355
31088
19311
18079
10038
24044
904
31720
17375
21160
17521
24089
10178
7126
19871
19110
10010
14104
30527
1494
20122
12704
16329
25103
32167
10645
22488
27732
28868
32441
8249
16908
20558
30282
20034
29701
5993
22054
10853
6840
26426
15154
7429
32719
6743
12027
32135
228
11387
16542
22445
3980
19071
9446
6943
29332
7813
8629
26955
11402
11383
18597
30063
11135
21168
17646
10996
9740
17144
16523
3582
18835
1974
9368
2625
7623
26977
14591
9238
16751
18488
26451
16334
25703
15923
9468
29510
8935
7481
18581
5563
9735
7571
20114
480
11651
20641
20774
15918
26300
11211
14180
32636
13568
16315
24484
14799
20235
28617
18728
13171
21966
15799
255
20043
18543
32159
22058
31589
31120
1577
6398
3281
27092
12545
27081
22964
11167
16265
23224
26776
13342
30667
26872
5126
15752
3505
4380
23895
7843
11384
703
25031
15241
13410
14186
9675
29612
171
28856
10917
12568
18879
25015
565
31992
30634
1938
21778
15708
30928
30061
3801
57
28894
6033
9413
30641
21504
12745
10880
2965
16981
7435
10553
9257
14240
2139
27895
4647
25408
16621
15405
14342
15458
17802
11662
22651
9845
10548
4130
11841
14814
2317
6554
12566
1261
6517
20193
11270
22800
3699
23283
2283
30791
25430
18418
30005
14040
17820
20087
17383
25924
10002
12070
12514
5753
15165
19077
26982
5705
25593
27406
32214
9243
20832
30082
8379
17889
22765
29569
22284
18250
18401
11352
32173
14648
13542
16410
18485
1396
5363
30962
7412
27297
5999
18103
29237
29806
3481
6337
4288
17424
24871
2555
24483
15600
24109
4922
7474
27040
21569
14285
10573
11540
21213
24662
17633
5135
1285
22488
27313
23259
28713
7952
9559
31549
6732
2569
1669
22184
23398
23531
9105
20657
24071
21779
15153
28099
4926
26473
26755
18964
7609
1262
1872
31959
30765
15509
11665
15284
23289
6484
24114
21109
9478
30586
22807
17154
19441
17475
11357
8591
5996
23466
27362
276
11233
30846
11271
1021
10329
27320
14516
25891
23453
2060
2461
3324
21658
2750
31428
1806
21002
21175
22591
27562
21841
15576
10300
4566
23717
1166
22082
7563
2162
25511
9146
15905
12285
25700
429
12551
10567
6607
14287
23735
18484
12878
31933
6121
22764
6265
25475
28935
6530
5673
16993
2530
30420
11729
30415
23459
4274
7698
10942
30468
18754
17289
32545
5312
25506
19692
16300
2631
30160
30037
987
30391
12743
14557
24887
15368
18923
14189
4821
6278
29863
14801
14879
29829
21333
3342
7382
14416
16478
10230
1112
15970
18594
20217
8735
13785
21530
10814
7563
2343
16827
499
12001
7435
31390
5345
27539
31680
16479
15683
10178
16500
15043
22488
4353
22267
2205
8503
26204
25541
22514
32099
29081
26637
18779
23967
9661
30292
8875
14467
1746
2830
5330
18512
16104
23963
6401
897
1114
15736
10511
930
13650
20407
22300
20069
19599
16556
2164
13555
4966
15850
22453
15744
13575
19566
25141
19234
5890
20249
1182
30691
6922
20836
19163
21781
11768
27215
5944
1509
18451
19354
17604
26675
17038
20792
18682
16289
9810
9473
6305
5866
22526
19111
21489
19318
17708
10219
32247
30507
30455
23824
17211
11397
11706
400
5023
14569
27161
6415
5002
24886
1862
21645
10310
19614
19069
29663
9127
4532
3025
23392
21230
6597
23595
12772
29932
20076
19600
6893
23403
17761
15010
24866
15305
24210
18026
9468
29414
2165
21844
25539
16449
7836
18043
27321
15453
5770
15399
2709
3690
28357
7828
7986
9505
5164
15350
16265
30448
12683
10681
10717
3415
7533
19213
16437
24466
23089
8354
10511
16504
23648
17840
26707
25507
2878
15931
1158
15825
12191
31381
3136
17546
17660
13348
4064
20739
24774
1893
25470
10819
9210
28465
15649
31364
27382
1344
818
13276
12171
11243
24369
10268
20819
1334
26791
22521
14405
23309
31836
15721
1414
23758
5065
5456
18050
22024
12496
27740
24124
17027
12715
29485
6370
25472
8483
23994
7589
14913
22274
20976
13000
