4747
7842
25814
11009
17818
18480
15423
21458
15432
5636
11621
8119
27860
28918
23316
20063
24573
10066
24755
15011
15885
21969
26476
11030
11542
23752
5773
4318
25724
13728
25390
10435
6579
15494
789
12934
10826
16995
1750
12916
10025
31503
24382
28986
9495
7106
20978
11771
30335
15819
8532
13984
12915
22916
27558
23152
11505
28037
1394
27360
17509
9752
21289
16044
10352
6381
26122
27430
32232
26895
24645
10190
1056
26391
25697
4132
8041
416
5083
14266
27864
6650
24848
17549
17226
4387
14428
917
17830
8434
17540
11163
27234
21910
21073
16971
7241
15167
6014
22410
22651
5147
24789
2826
28085
10884
27540
4123
16594
4984
28181
9156
14994
30025
5038
10514
17051
9877
28631
24496
27581
14713
11402
26808
13690
18178
30704
3529
1734
3812
30009
32346
17931
16239
13515
30541
12912
31166
30624
2247
25179
26162
16873
28224
2868
27935
248
11478
30317
26564
18524
27623
18367
23937
27214
15326
30902
8516
28492
16205
11631
25413
12547
27197
18081
2803
7282
19394
21722
27949
24397
5586
20747
12982
1183
22358
15943
739
17588
7298
6344
18071
3126
26978
13875
6001
32406
17078
31516
12100
30637
14592
2509
27592
20644
10715
20035
14991
27665
11150
2938
314
19810
22241
19947
21996
16255
25392
26450
7167
20139
18621
22452
22774
6571
23882
18337
21939
15915
7912
30647
24555
25693
8458
18791
16342
11747
20445
17660
13867
3055
32220
16600
5707
16553
28575
3585
20668
4049
23027
19933
474
25253
1584
21818
22729
25349
4295
16529
27310
20949
30235
7564
17951
7331
24978
19909
23256
30345
29419
1745
2479
30805
28114
4989
28874
3048
1969
14935
18447
9948
18378
28017
25052
6250
11651
10081
9208
28298
4352
6540
3274
13915
29175
4005
6345
7110
10432
11376
7220
11358
11692
25548
25859
16779
27288
22000
14621
21992
19138
28661
1227
18921
31963
30101
19821
23489
7005
22578
15468
22147
12062
32537
22127
15495
16422
25865
13010
28943
26813
12015
18260
9514
7881
8180
7183
3033
10071
3769
31662
6513
26744
16353
29658
21056
3406
18897
14837
27763
12390
26035
18443
18743
72
20929
17925
2335
4685
10432
4896
16326
22449
21194
926
2741
26857
29521
9916
3975
6967
30817
10467
9547
5243
12069
9762
11561
20812
429
220
24137
20807
16878
4286
2288
23975
9739
15860
5356
7703
22995
23709
16179
28612
18826
23676
23239
12981
2540
8432
6364
351
367
5414
7229
1652
14025
20621
23532
25853
26802
24458
6408
26280
21227
1134
27636
25699
17535
1189
11446
7465
27465
22063
15005
28444
30902
16725
26407
9941
972
19092
2081
22776
19563
30942
29968
31243
17363
19458
29648
10376
32359
30568
22651
23856
29361
13569
23693
30115
10661
17534
28997
19758
17450
27328
4430
22500
31190
1424
21918
29680
29945
1937
20895
25897
12254
28786
31372
12007
14157
5480
7710
16405
30292
19932
11369
9608
28488
22625
22784
13967
1542
3048
22368
28620
16254
10551
13964
28738
6771
24727
8180
19630
25980
24525
32155
11547
13903
31820
19321
26801
26174
19881
6175
5070
14338
19535
30873
13400
2744
18548
29592
4177
15913
19788
10193
19115
11342
17532
12704
16990
23572
28113
5105
26553
20828
32562
10336
31733
7750
211
23199
28432
6575
14764
13080
20441
24312
16426
29908
583
31497
804
21148
12302
27286
24336
32606
10100
19873
4983
7634
7265
29761
11430
21340
32694
10401
13735
565
24800
23115
18031
28358
3501
3751
16985
21588
25694
15038
23251
11490
3069
27204
10839
12371
1777
22486
31646
20176
21455
23168
4368
10857
4211
19586
126
21503
21328
20308
30483
20321
12036
4327
31112
8885
5167
30254
29848
29978
1414
20189
12724
139
21027
30321
1015
23302
18975
1648
16732
23278
8547
32242
23599
6831
29883
608
12481
24480
9517
7548
23392
26669
32136
7329
10886
25909
22079
30028
337
8881
11128
21212
15923
9111
22881
12694
31211
13566
29379
10988
12980
15490
26073
22271
14268
17898
25442
26466
26839
5128
15349
24353
7797
14561
10133
3074
19922
30990
11141
9482
15724
32354
4701
12867
23994
7629
10846
8637
6683
13440
15875
11731
13837
24658
31448
30895
2719
5987
14991
273
14377
25343
25169
21579
8250
16837
19538
8593
15314
29960
28584
4719
8657
15733
14941
3227
20912
19190
20931
16621
5743
25559
11527
11180
5582
1832
15881
27147
24512
3682
7275
2291
4637
4685
26345
12547
25751
5920
20200
21462
12527
17386
593
16004
19305
10546
26527
13675
16253
23258
24631
32047
17615
24906
1272
29951
97
17866
4372
9754
26119
15918
28446
27794
19996
15289
7268
7504
4980
24892
22142
19801
19857
9342
18215
7760
31514
7904
8780
13371
12424
20801
27235
14474
7971
24352
20222
3669
2093
1280
22944
7141
28765
19985
23759
19830
10127
19724
22890
13627
30905
23647
20029
27811
5665
10634
9683
6875
5581
4041
13963
17556
4667
1523
2286
18694
17235
9122
22592
12340
9114
404
341
11890
30120
31057
21415
293
15836
2062
30885
2251
1102
22738
25933
17467
29445
14807
2556
4397
9323
307
13445
22012
13821
9399
22657
30891
29511
2328
12775
18215
11536
19532
30173
13515
4306
3895
1485
4393
5229
647
22714
7176
18971
15069
3797
6825
12455
4141
25419
21071
21466
3175
28770
3069
20791
11607
31172
1410
5352
32202
12570
29619
25335
18930
10461
31224
193
29451
26985
15114
4776
9791
23636
26362
521
31431
509
27254
32622
15188
9576
9032
29956
24237
585
15903
32079
29593
4446
8594
12828
1023
28418
2658
26551
13132
4096
15615
10335
7189
14501
28750
1015
12542
27161
21930
2046
9434
14831
25129
29633
7699
18426
15648
31951
14668
18018
30697
14254
8006
18424
29411
30924
12800
18631
5051
16824
5411
9451
12522
3730
5532
29095
22143
6081
13451
27825
18463
23523
22876
30160
25674
1546
28467
18089
19679
1061
29070
23766
30947
25020
11302
19001
4990
15073
12822
24464
19526
23395
20542
25929
31937
24132
32490
22167
18212
24941
5807
21189
4705
8609
19606
14539
1889
4784
14717
8479
29582
18413
28857
10701
13461
16609
27136
18634
4458
28225
17031
6277
9356
798
6503
21184
15242
26204
2885
28062
20422
22629
4402
3837
31865
8478
18128
18949
5623
23067
23478
23297
17973
10511
13334
21870
21128
32390
31901
30802
28335
11478
13723
7376
16660
27474
31076
29432
31823
6594
502
228
12780
22544
12764
6144
17006
17988
9298
13481
3731
178
2217
31738
19930
11378
19693
19426
11843
10257
23494
4474
8534
13446
29084
22934
31334
10856
19710
20379
16919
3934
15941
7824
25374
8150
23156
26743
5192
8442
21859
18397
9150
3807
18205
4016
1927
31488
24710
15697
22350
12012
21313
20714
4966
26427
28880
2
23819
15046
17661
30286
1003
536
12153
6346
3301
21279
16580
32521
5648
25895
24140
5833
15359
28938
29145
9675
25667
24992
10280
7650
4402
26749
726
30537
8935
19164
16769
1337
10634
31446
26153
30907
11474
20696
22748
1468
3271
31059
28306
24159
24525
27317
22358
30871
29150
30617
14246
20980
18711
20794
28957
9661
21366
3630
24143
18752
8674
2385
1525
8806
21611
11519
2378
27786
7124
32390
20916
16267
29774
32218
16807
3360
32135
11659
27846
2156
5091
22261
6988
11219
3849
24247
7339
20747
18850
15718
11635
3958
22109
28802
29812
21679
1591
30632
23335
27491
9209
12810
17738
25698
2306
12317
27595
5621
28486
19857
24295
9587
9367
10118
29587
20239
804
17149
8219
24564
21311
30604
3081
5780
31331
29271
22344
23868
7029
25915
23689
4844
3146
13900
29414
22119
17514
17282
29381
1926
10515
3759
512
29393
23169
26036
27459
23376
26221
23285
1205
22175
980
8714
27098
12097
15353
9400
3256
16694
9389
25631
25144
1232
4046
31284
11728
15298
21518
20338
12383
29818
4853
22733
15960
22449
8234
29160
291
29760
28142
10119
26560
32053
8937
1607
2734
11814
15657
16781
1803
18885
26216
18108
5372
26293
23949
4267
23887
32412
6518
20310
21087
29562
2293
14291
4152
32569
5144
4232
2044
16773
17070
19868
31366
24541
11270
20907
1612
27626
5114
9918
19594
1040
22828
17274
29085
25156
6288
12439
31916
19741
10795
8852
23182
7981
23322
23465
2024
22673
2261
27134
9878
28359
437
5658
589
20160
20148
5534
18558
17718
19061
22067
30589
16704
10628
29889
18658
9508
22494
13538
6960
6508
20404
3222
7860
5692
19820
6200
18864
5858
1257
2736
22457
11183
15372
28139
22622
24069
28282
18312
4362
6834
24224
30164
13868
5756
14325
22777
16276
24829
9855
7282
23584
6578
1945
13506
18585
31566
6131
25958
3544
12628
17114
25352
27181
11236
30394
26101
27137
26069
8929
16593
29625
20741
17029
20362
19166
23789
6409
21130
20091
19321
892
2609
30407
18454
867
9858
22020
29964
26296
24348
8359
25358
12594
18284
185
9999
10951
13090
14461
600
14192
16097
22611
20696
23596
20795
3036
12731
5447
10204
16991
7742
25052
17669
13932
25281
10393
20797
6335
11805
22978
17731
25190
11065
29304
28742
4647
22744
17724
11864
22812
5045
11183
25377
31392
1746
1435
3280
25455
30221
10551
855
15368
5876
10407
14296
31318
27610
4291
2138
13968
21803
1305
31681
18270
19708
23861
31229
26941
230
10016
21633
29988
15893
13094
13047
27240
25500
3292
14386
20445
20235
1378
29540
12350
30532
13030
29073
13774
10634
2409
835
10560
7387
28870
2688
22484
20352
31728
25849
9412
25314
9595
18052
18910
27039
13662
6092
2930
23517
13303
11591
25454
9695
3663
27241
26568
1238
20384
9496
28700
9721
5140
23903
16023
15319
6352
7526
12307
32236
3377
5538
14211
18035
2389
18761
10386
17020
19934
24329
5511
26686
12530
27129
17516
10158
23686
16080
32623
2385
16861
10581
17544
12110
26187
5654
6236
27847
27967
1117
98
26473
897
21600
26692
30530
4023
17848
30344
14547
19502
14868
5231
1383
11735
4143
11549
17827
15504
11007
26619
21085
16549
31024
25178
22450
27031
4304
11353
28242
21020
13132
3336
24351
1382
19867
20941
17655
27048
18617
11527
205
13271
15959
26610
13311
18606
26065
27595
13539
12020
19808
26164
12707
30465
13201
3289
30028
15231
5365
17492
801
8046
16922
11854
31797
28010
4539
25319
825
15409
820
22872
4754
15456
25912
17367
30895
4989
21702
25276
28313
26682
10329
4833
31947
1016
7008
6990
8773
11659
19949
32278
29148
8509
27825
20604
6612
18965
5416
24154
2480
8281
18961
7364
10825
20817
3105
12264
23582
5198
27384
2104
12267
20715
8788
23244
3453
31379
6021
30977
15556
17731
19233
19303
1322
6033
4856
29658
22307
24046
12362
23278
13317
9000
5688
11409
18459
4659
29817
2027
27380
17704
23118
26249
31233
1422
1464
32443
16736
25049
13032
9530
26354
15408
32759
29198
2995
13939
14551
11439
5963
8061
8074
17259
25056
17830
1169
20999
12335
21132
17320
31657
13787
5140
30896
7158
4612
22187
237
4983
31260
13522
7281
13121
1782
32729
17368
3029
22560
9706
1590
9029
371
14666
846
22168
30440
31964
22021
27248
27310
6631
790
3818
20857
25368
16390
23238
284
18635
9819
456
7514
25222
9993
19037
18169
12742
21037
1666
16665
511
18173
5090
196
2526
24575
10046
23238
12753
28538
26386
17343
9161
8235
6518
22134
2111
20024
26946
5232
5237
27754
1653
5314
19966
18838
9688
5411
10112
19036
9182
8517
23225
27412
20175
17510
9152
7686
7205
31010
16781
23001
19767
19339
24508
27727
18196
24955
19854
25903
8626
23849
9777
11650
12872
19963
20033
7937
5368
9115
27278
12239
31153
22349
13344
1636
14420
16256
19832
2505
28693
16802
32025
16907
13861
22073
28999
7402
6030
4912
28943
27345
29278
12398
7815
10251
27143
15022
11863
26163
31494
26762
14456
27116
29123
17880
1596
20691
18616
10554
399
21426
12758
10225
10620
30967
20260
31730
12275
19300
24234
4156
9417
26887
23949
10088
20992
32365
26235
20610
11593
531
20297
7703
711
17437
18907
21391
15638
9802
3141
31933
28300
4136
17455
9141
32702
29572
22910
6366
10054
29989
17457
328
3780
3514
31112
7999
18723
14096
13420
2336
32286
31112
7435
17003
28418
28105
5059
27418
14517
1714
9025
31025
30455
14226
24042
12439
11496
19100
10873
19748
5834
31637
17386
4859
18697
10960
28824
14618
16504
15452
13474
25135
18398
30588
914
6061
22193
31319
13633
31520
19745
5617
16885
8638
12633
9818
2509
20030
20993
15142
11103
31981
29191
9244
11679
30206
24991
13875
259
23073
10376
23738
7140
23896
9617
19158
13864
9222
18269
24881
26654
30281
16995
7153
12457
15754
26680
7399
9889
83
1041
9737
22902
20576
24708
6179
9494
24312
23182
18889
32017
11134
9690
19088
29435
67
9792
26238
31763
12702
653
32190
14881
21311
21634
1176
19365
22464
6687
16289
26413
20093
19489
4143
17927
13222
15817
25872
8728
1682
10719
9084
19212
6742
4343
7239
5808
21655
19699
24923
12443
20124
32201
3942
3348
3239
13190
24528
816
16262
31123
5872
21051
17509
10039
8831
5721
22246
6494
31821
28781
10612
14745
9522
25914
22484
30309
19528
14281
26620
4272
30295
17162
19753
25241
14737
5821
8492
888
24960
23443
2052
27934
3900
17041
29106
1630
10721
950
11849
14028
13120
12253
2117
26564
21717
23013
22813
5806
14586
23310
19484
23681
1113
13990
17260
3718
935
24806
4980
23647
24976
27927
2148
3911
30957
26360
27149
20123
5949
23396
29175
3482
17235
21552
26541
1641
23628
19283
22364
26201
9412
22857
5788
3949
3658
8889
2958
4887
22800
18773
27175
19011
23527
25601
23499
11926
2155
16952
17694
22776
32635
32428
7703
18768
18925
9517
4182
23438
2431
28620
20407
3567
13840
24384
24871
31868
15120
12937
17334
13781
2357
467
12270
19756
28783
156
24931
19860
22047
11033
7820
29308
7044
25302
29393
18806
18549
16030
20197
8510
20054
4506
854
27127
30533
28092
18787
27319
21908
9567
19981
28742
18300
4135
29553
22819
25359
5935
15444
8904
24175
19555
5632
23599
18494
4394
29775
8597
9301
4169
29701
1406
16569
3844
30562
2809
22218
22917
28920
5413
19646
20098
20667
28660
11086
19995
18263
22063
7087
4097
21446
6331
452
9437
20257
19226
1682
9968
27318
6452
9972
24054
21596
10840
6800
23121
29955
13694
9993
19299
32143
10959
13175
5436
13799
5735
12308
26997
16968
8281
9783
26459
21216
19955
1159
1873
29080
26692
31592
21871
25137
11228
32186
16239
18578
9683
14787
31178
2400
25101
7785
16414
6352
20155
16549
29907
11193
31013
13620
25598
32494
1960
12944
11653
10442
5370
3870
6789
10508
20662
28585
25072
10981
2324
14863
8315
11600
503
8250
1975
1442
15662
22354
2173
28770
6131
20273
31888
9306
25016
32280
4990
7150
20516
5280
1735
2221
29784
11763
22849
9510
5494
20539
9659
22781
5220
20827
16609
25406
15565
29662
12896
32496
10089
20524
18762
13806
4479
24068
20411
22002
19880
12838
8637
15347
12757
17488
11113
27057
9875
20844
4687
6542
15246
11784
3608
17567
25940
7430
13418
20227
18524
32405
15372
20083
13639
27488
31563
7963
14949
4101
9628
15016
28283
23752
3202
1443
22724
23945
26546
1789
6709
19955
26742
15851
15365
15863
7247
2548
18285
23160
25310
22855
2733
11848
31492
4435
12111
28500
27465
26002
1455
11291
18810
4261
10683
28005
9622
9126
25848
8241
7148
24506
29126
23535
21117
19941
996
22767
26023
2339
14902
11034
2053
28340
24006
5344
22929
10423
4618
1649
14859
18170
23141
7472
6815
23057
6383
14180
4802
17573
27257
28721
15453
14095
972
6088
6957
2341
29746
31706
4969
26196
28984
5202
13222
32752
4017
26691
22009
14791
3582
16159
23643
1276
5005
29227
3153
23827
2464
29231
19916
6984
29008
21874
20813
5157
23249
485
24910
13139
25079
18335
25310
2481
21497
32649
18827
419
25206
603
644
11693
1973
3015
6911
25920
49
24051
9689
9171
32085
14637
9340
24118
30084
31707
30470
16931
13660
32432
6056
5143
5692
294
9547
8031
32259
14888
378
27766
3099
24846
1404
12686
6071
17103
4800
12653
25432
14194
639
31866
10646
3014
14492
18456
26397
13139
24015
20530
1526
22160
1282
30487
19976
4439
16379
6025
16094
30101
26428
15632
13994
9798
6439
13973
2698
7841
13414
14123
29707
31119
20874
31024
30700
19810
32754
6037
10788
28612
18927
4474
29477
13805
17445
11262
14947
1306
11317
9813
6672
18234
23193
29723
42
6122
3023
29159
24760
15779
17593
18468
23889
17202
22084
28700
1501
17769
17480
3926
5792
18709
5039
7458
22388
11568
17370
1650
85
3415
30528
17387
18211
10366
3928
5692
31396
8162
16314
23727
20169
8767
23681
14845
15922
22339
26611
31591
9459
8003
9060
30210
30873
31534
10071
20051
16744
12479
18151
24091
14567
32502
16997
11380
12703
30408
3395
11293
11295
19478
11056
13331
15683
13020
26757
26209
10678
7339
29152
31032
23222
27225
3854
5698
4119
26103
1327
17460
29579
6403
25620
3747
28960
21215
17132
24600
30986
29570
12320
16998
3747
20078
22651
31035
18608
14817
10638
10998
9958
7760
29523
3000
24749
6673
19728
16062
4387
3416
16766
25070
25700
8804
1579
30639
10761
9722
16925
8958
28910
17427
10168
27071
4153
31954
26082
29008
16791
26040
13412
26980
12489
2843
32659
6415
9312
1492
30513
16925
9156
6457
1166
20136
15995
27979
27634
31978
22696
14640
7487
32079
8402
29155
30675
14030
4839
20778
1452
9594
11393
18632
29135
1876
13927
13812
15850
19300
18263
26891
31544
30472
25603
21890
2725
30091
24665
32286
10291
1529
26119
29031
17820
15154
17471
27226
30777
16958
27831
26974
32290
25312
16885
22905
7831
28270
6857
5572
27038
4319
7963
25372
6894
14374
25062
12827
9228
1471
23685
15686
8628
32391
12078
22408
16506
27856
19132
32480
21681
10421
26545
1878
10636
15019
28283
29235
19331
3161
13558
17777
20984
7082
13619
30577
27675
25632
8568
17132
13579
29291
31111
30508
4926
22074
1315
6268
10018
26193
22481
25821
3332
2779
16860
4346
30258
514
21147
20830
23900
21182
20470
997
23104
25066
18215
3440
22663
23965
6846
16349
13801
29367
12776
23607
2968
186
11504
1321
9948
16348
17158
13753
29946
3418
11584
4147
26203
21006
17118
6498
3306
14148
10962
13318
31166
7626
18048
28803
7673
2886
14786
1239
13040
460
13359
206
28044
30128
24477
4729
240
21913
6116
28380
13403
22743
20453
13031
4176
2039
18379
20648
26357
13204
30865
23742
15290
19824
22725
20497
20026
22467
24203
4544
19558
24274
25316
23899
28640
12484
18992
22867
2725
18353
5618
29102
18159
6653
17364
19199
7770
17636
7659
24982
19525
17749
24635
10484
16251
13060
22398
16258
20243
12731
23841
2690
13972
3312
21648
20037
7517
12701
3507
5790
11588
31308
12472
920
31870
369
5908
20068
20159
28157
13764
6805
29089
28208
31961
26512
14410
21679
20531
13885
23113
3030
32141
14083
14786
21327
21434
5108
21707
31716
16173
11076
26133
5521
4031
19968
30927
17374
19373
22268
29639
11372
13280
11790
24531
13261
23922
2937
28015
31896
1133
4012
32167
23741
31702
813
12856
15639
24298
21200
18674
5952
26535
7212
18016
1449
3726
24143
13227
6634
22440
8881
29628
27990
28871
12903
29601
8147
1294
11161
14898
14569
27059
2870
6900
7960
2052
32486
4157
6511
10408
4929
153
3930
1064
4670
29549
31420
15534
9710
30938
16445
9484
4970
18660
25062
30975
8714
24020
16363
27317
727
3546
23495
10638
19523
26615
20878
17952
24088
22554
31615
6013
16815
22154
29657
1464
23138
9859
26865
23973
31299
26660
30592
4577
12047
393
32577
3346
23389
9012
9660
31088
28699
27569
31580
8581
23099
28281
30408
20016
30890
8728
14960
17904
11906
31115
22630
20831
25984
11500
2160
26877
5304
30033
1115
28719
8071
16369
32402
8584
8394
7304
26351
4166
30285
27389
29136
25376
8327
3138
5486
11327
19076
6781
29034
650
3618
27749
21673
16422
18560
26606
21858
2621
4788
26664
12149
1535
12988
14948
23807
24295
6327
30362
7467
576
15446
14087
23883
13287
28301
29466
14375
24658
29582
401
32660
20433
30967
1504
1097
7956
15434
19666
4079
8430
30111
23666
17783
3416
23189
15148
23472
8633
19854
12848
26137
5733
3356
3863
8180
3427
30646
10441
28059
24179
14256
11166
2071
25679
27498
28867
1775
12082
7623
25824
15422
16535
8928
16887
5896
13379
11514
8336
32718
31365
11702
9235
25440
1981
22408
18037
24563
7451
21354
1814
18547
3753
32466
234
29211
10892
17889
11224
66
9607
28125
19807
8824
12480
25569
23679
30929
7367
25555
23767
4737
11732
2967
29963
15017
1360
11906
17512
1905
17559
32018
15307
24407
19709
21724
32190
26823
16655
19653
2533
6123
11035
20853
14233
20164
27890
26121
17362
17274
23788
23816
30282
8432
13357
7577
8671
5532
12839
18675
1081
17558
6496
21524
18606
19694
26997
27062
12898
23363
31328
10367
12723
31121
23798
4472
26836
4427
9395
15040
25527
21418
32442
6786
1841
31812
14872
32292
31577
8672
9545
449
5425
2441
25853
7130
904
12257
10268
4424
17182
31928
23815
25973
7690
21725
19489
6860
14937
32308
15246
22382
31736
2569
58
16935
15828
14756
8221
11168
9791
4382
27070
22486
6806
3187
9462
31690
5664
10967
16631
17275
26682
17486
9100
29713
7601
23927
32163
32347
6512
28072
18696
5499
8283
19264
21363
7648
23674
12857
31429
2165
7002
6397
32399
28184
19376
18299
2772
32590
32320
25721
24592
7221
28157
27948
15480
10426
21362
19206
27268
28939
1888
31695
6315
12880
14505
32759
24173
7062
14700
811
4759
23307
10098
29478
22211
2929
29641
30922
31774
5581
3502
1903
9582
23391
13489
30331
19027
15319
13843
22834
32716
19398
6515
2256
10750
20307
169
5333
31537
19759
16115
3489
25628
19915
27471
23872
22882
6856
29223
8839
4700
4783
27187
16992
9497
25826
12444
9058
9123
18898
4189
18341
7812
2931
30959
14548
12425
29165
2085
31363
30662
26773
27477
30403
8154
28443
23480
6388
24949
11012
14867
2779
6935
11611
3479
18421
26394
16548
27142
31498
21234
21266
280
23044
7092
20730
25373
29698
5077
902
13027
9641
5684
18350
20698
10170
10843
12644
16758
27626
15874
28431
21205
15342
6101
315
17826
20181
26488
6799
32057
18586
5831
15359
31500
22522
16482
24899
10565
26243
28521
20871
14509
3822
3204
26724
5580
19886
7207
27407
14674
8137
12820
15824
22453
999
15905
3510
13340
4520
5691
17034
6780
6971
25003
19713
17664
3373
18840
9525
12463
126
4813
3414
9545
13050
1213
27805
29809
22982
16836
22146
13329
570
29872
4655
30715
29934
30592
13876
20172
20248
22380
11388
1558
17941
23077
12928
31166
18757
26717
10682
29346
30236
394
19549
22655
4726
7399
6723
15123
299
7100
4647
30334
25828
12512
2836
30446
25901
24956
16925
24443
18891
785
28751
6224
24655
23229
31972
2060
24555
16826
8121
31848
16261
29479
2051
1561
12810
26379
23357
19448
15621
24215
8293
6496
7536
1451
27495
11223
28361
19868
23770
1009
18537
25909
18922
15730
17682
29179
8341
12979
10439
28341
23579
28487
6368
21292
7599
13789
6749
26928
15731
7528
19067
29403
26531
2430
1413
1562
6672
510
28653
16744
5585
11766
5531
15837
6453
30148
4997
25192
30204
4219
32640
31833
22470
136
597
16674
20171
17301
22552
7518
29389
14765
10933
29970
12875
1953
31436
14643
8696
30891
2751
30313
24683
9042
9
16659
25112
21901
11985
8843
14719
3115
17342
27563
12195
31090
16398
4240
16574
24327
31714
29085
20787
16142
8924
13763
11972
10385
24300
6656
12805
8998
9575
23078
5136
32204
23130
5854
19579
1303
15901
23788
2951
25741
22827
12725
9370
14159
23088
18686
31984
3068
6756
18422
21133
24530
15384
14711
28534
21782
6030
6025
7456
10422
27150
3624
27689
11054
31542
23367
9286
16552
11410
28692
28797
11367
10093
14206
7060
11109
7398
9716
28873
8763
19526
30320
5315
25154
17296
14517
27337
18936
3674
5333
23090
17573
18140
26613
2076
27966
15687
7764
22881
22665
10584
28298
20679
19074
6700
23054
7543
23294
6230
5883
28081
19854
11823
18196
22973
8358
19053
8197
31525
6142
12535
26860
1057
17977
28152
28951
27475
22981
32562
25615
32692
12546
10134
7894
30927
31142
8465
27246
22317
24416
8360
16282
10512
3515
24775
30697
1892
2374
9686
4079
24306
9202
28942
24278
22999
4283
21899
26390
32052
23178
9122
9344
20264
16986
24180
31617
6395
18586
12227
11685
6556
26067
19973
30554
15438
13963
2231
15095
10142
7785
28404
23804
14488
9882
17478
13723
15930
7026
14268
15224
2345
11607
4413
19374
9123
6363
18715
13074
17845
6696
15851
23739
22958
12193
31893
18882
9427
28614
20135
13894
26708
30296
751
4019
3711
11454
9288
8260
14388
29096
4788
5063
16025
25586
12971
14753
32014
21707
9907
10257
30564
9494
18225
9401
12361
4624
19583
30298
17415
13620
24382
991
7023
15196
750
25757
19215
5928
3772
17881
29356
12963
10394
18826
12524
25636
30357
16993
32594
10867
31331
28935
2671
29741
19260
9894
23127
30314
8684
28842
24403
22172
27429
12745
14037
11195
21529
19520
15537
6815
1352
16736
15497
4525
32663
27210
22409
26549
20387
11767
29269
25115
2900
22651
16192
26165
19893
30602
14527
23029
9475
24635
8221
30664
9988
16908
21616
6589
8089
27430
5579
16362
3479
8675
2229
22028
25043
14222
3546
31853
13436
14442
16897
22539
25774
23797
14910
11766
22083
8301
20585
19962
16877
8340
5070
4222
19330
10929
12838
27564
21142
6615
27847
25554
12623
27241
28183
23304
23925
9950
4934
1044
8137
4546
32317
31882
21912
12541
977
21048
28815
7768
19005
30656
10449
16701
11215
27783
5447
21950
12769
7118
7735
25818
15371
14111
32281
4603
10135
4075
17574
25026
2869
13425
4145
24071
23280
21473
28986
15132
2145
11714
11329
25170
29475
4241
19928
1471
15751
11179
17660
8510
22920
14445
30629
3254
25089
16025
1436
928
5149
30715
11661
17859
32015
5965
2141
13634
12292
30297
3773
5593
6230
28509
7424
20836
15363
26035
26921
26017
605
16817
8009
24374
21251
25551
6152
1526
8463
21255
23937
7776
13969
10882
29267
25704
21565
2672
3828
9083
31072
4152
18761
4029
26649
6609
23156
17557
14789
22639
30446
3179
6075
30307
27861
21936
27706
21564
31879
31007
8095
8499
8047
13635
13787
21190
12575
826
24613
16290
11935
10424
22252
25030
5
11087
4112
998
70
2285
9553
24077
14156
22950
32520
25991
31305
16051
5909
21502
26186
17083
26648
10723
26895
3922
23780
12304
19482
7104
21552
15531
30214
14595
3216
16205
22042
7959
3236
22627
11806
24436
23439
32725
11885
24793
7595
32486
6220
18504
27004
16732
23162
29521
26850
16864
23561
26516
6802
5543
26987
23426
18374
23378
30672
15459
564
4371
12976
21917
15933
5650
1955
32051
23912
23311
9337
27020
15630
1608
7047
5238
7511
3741
8767
20330
29797
4594
7684
27922
462
27349
29500
9224
13904
18784
19110
3809
17344
21345
16621
28010
26948
4025
13438
2865
20418
8450
9623
28487
2712
4981
23713
14661
4238
16906
19136
20365
16648
5856
22696
17106
18817
10976
6066
2779
32564
2206
2351
131
284
5759
28668
14597
13855
27681
24663
9846
31623
5879
496
8595
6065
4660
14403
16573
17673
30187
9510
8258
26934
8564
14750
32734
19601
25873
18679
22914
26076
28369
21012
21843
3633
32437
29443
16118
12600
9746
15060
24587
19869
5686
19884
25591
22977
16974
3861
10471
24752
22664
18072
8722
27476
22132
29326
12094
2536
15536
15667
3461
4526
9668
18428
17753
25317
17483
16683
14790
19190
3156
30624
15607
22254
3079
24818
19964
10800
14220
17854
25546
11628
11304
2111
27011
10699
11945
14623
20472
9324
26885
28301
22637
3604
11070
4496
31900
6945
13192
5531
6140
22464
16814
20065
13890
19552
31154
22506
11048
18023
22964
17639
22382
6435
18196
1859
16159
27395
30427
18170
21782
25351
13655
6958
8128
19061
20742
22904
6948
30414
11446
28540
31776
4096
15593
31424
14581
1757
29822
4798
31494
20428
25742
31031
24028
13758
5013
9419
8046
22884
20434
22983
9631
12448
240
17726
32009
6713
15589
20059
13561
22994
9243
4597
15546
4125
18637
15460
9751
844
9653
13715
28955
19400
26596
21335
17691
14630
4081
1535
15095
855
11861
13101
7324
7198
16150
13028
15821
13511
26787
8929
21028
19479
8703
1071
25683
22655
1058
22262
21168
25236
19101
10388
29937
9156
18300
18414
20275
32065
20080
5128
30274
23362
23342
6356
2324
22635
30482
28232
25494
13705
8712
3507
28332
31107
17068
4433
12658
19854
25008
4637
1993
27039
13438
6118
8719
9510
15135
20389
12845
32761
30044
31758
27095
14222
29475
21605
11791
15470
17452
17811
9195
7142
2779
18809
31385
12800
13929
18564
5792
14258
10303
14722
616
340
18594
29620
18429
343
20117
26404
6160
25397
16123
12088
25151
21156
26365
13192
17046
17167
21931
19181
26709
19270
6374
5338
23027
26997
16765
31984
14948
17235
29334
7372
29592
13979
80
28708
27204
19904
24998
3858
7908
27869
31127
25263
24577
19178
31619
2020
29103
2870
28377
21629
20059
2833
5615
12927
25795
14281
15409
17852
30534
217
12158
4004
94
14940
26831
1374
16491
968
10266
19480
22706
1752
1910
3995
6053
8906
18815
10018
23141
22475
26364
31852
10117
1712
8127
26896
26385
22758
4813
32273
23502
25772
8639
27058
16836
24959
9064
28555
13818
214
10680
9949
19329
16144
24288
29475
29107
16555
15799
27369
4029
4022
10589
8417
31067
19849
10270
820
8419
11443
17817
17686
10885
18228
24609
1693
17617
9453
25955
11987
27257
1620
16969
11274
29017
18284
2591
3695
2740
28405
6389
12514
6337
15839
13636
25605
32102
21253
29908
20371
17987
14104
26844
32244
23026
25817
21868
17934
2701
8588
30728
1885
12657
14761
8597
27718
14402
30164
10106
9896
13104
23567
28671
23221
28792
4399
7672
11264
8493
28300
8104
8406
32568
8189
9440
20434
5278
24068
16487
2988
2049
6213
14494
338
4714
9277
19300
31802
581
17456
26936
17654
28589
6755
11165
19977
1514
23692
2755
8953
1592
23431
5731
19877
26570
13130
13803
9689
14607
14107
13275
16160
9780
28161
6255
26841
18666
13176
6014
29837
9577
20584
5538
13952
30901
8280
2201
29830
15392
5855
14059
14104
528
14684
6861
12455
4098
24807
27718
12080
22991
22664
5776
19473
16942
11174
7361
19995
17531
14530
12715
29160
27575
23653
1792
3183
15055
18518
6074
15317
27169
23313
29113
6791
7740
2933
17070
10373
31719
15549
11321
24321
15718
3761
9038
8744
11512
32285
24285
1344
10404
27011
6578
5363
4917
19981
11162
7146
22148
20677
15815
5534
23285
26632
7797
17259
6212
14648
30670
6119
9090
32434
28171
27761
24154
2560
26845
13581
11161
13903
3083
9839
19694
24355
9052
597
19949
12105
1463
32282
8282
23566
13193
30600
19877
8366
13415
27631
25009
3599
30709
25971
29401
687
15878
21162
27445
24283
18948
31847
30489
18723
26003
3536
15583
5898
30321
25271
16871
11778
11168
4135
8411
28823
1480
23356
30008
3050
16087
4664
8202
14689
21738
31700
18935
18589
15472
20692
18046
1452
32140
29662
15489
20352
16572
23436
14337
29344
3769
25280
2346
7198
18334
29496
5263
30921
5451
15970
30902
21667
23820
30833
11479
20118
29814
18864
31969
29794
7570
27158
1726
23258
3646
6939
7384
1616
1743
29643
12764
14158
15355
13081
12734
28551
6135
3189
27645
17164
5852
8865
29480
18883
16975
9408
5537
17686
4193
16816
21409
19944
10676
26009
30332
7885
23264
30150
11558
20090
13588
32436
20982
3706
8705
2153
15787
16931
28403
1287
19373
457
4929
3489
29589
24113
13800
24909
7150
30792
13939
23163
2621
16661
15646
20101
5184
30189
5690
2951
30324
11494
23763
26736
29657
1422
14481
7001
8953
20956
13020
18966
3111
19302
26435
2315
32005
10453
4895
15425
13641
10134
18547
3770
20672
24019
18455
29697
4755
26786
18198
26628
30153
19068
9044
24870
9997
3568
19316
10385
19377
152
24056
3273
14836
6733
17322
8839
1664
25751
18747
1988
2871
30311
31787
23828
19247
22537
20200
26933
22523
25428
18490
6888
7213
29732
16862
23807
12056
32010
31346
28856
5595
21569
32401
16969
5531
19684
11582
27580
31503
28767
23430
23037
31554
27684
23393
18482
4500
1951
27098
1354
32514
13931
18543
14297
20136
6854
1467
5155
900
3138
14674
14454
21373
30398
14061
9150
5028
9621
31943
31315
14777
20245
24902
3349
5873
29747
17374
22203
12278
26748
17715
25448
22064
5711
19069
22143
26179
21322
20529
697
20441
22786
20446
18549
19105
13815
15700
11855
23704
19143
24332
26611
5511
10145
1476
16180
9164
24061
26474
4952
9822
6794
8507
25270
24588
7016
9516
4740
12293
22168
5769
26858
29597
25777
23004
27994
13646
980
23568
8996
19709
18145
21718
21061
21887
17643
2120
21120
7004
23786
19404
3249
26835
25008
21052
9821
21278
16927
836
2957
27895
408
25099
19165
602
5302
18197
30672
16781
30269
29032
1894
30046
2125
13037
23281
13484
5596
15386
27940
11048
2147
19150
21869
24413
9686
16508
5509
6638
27354
25484
25925
21023
21811
20478
28859
17303
12923
23377
15485
4453
18202
28579
9277
6720
24946
8729
10142
25107
11610
2177
31046
13497
23502
4662
1076
26116
29412
26692
23380
21253
23042
6349
18257
2183
30287
4524
26283
13021
27495
11863
5129
15070
21587
23818
1744
13357
2232
7970
25076
190
16974
26823
9487
19861
13972
9165
13232
19665
30915
23004
26357
20714
14336
18895
23900
11575
11733
27739
31958
32691
20706
11249
23325
18432
8144
21477
72
28588
6279
31439
14237
10164
12193
27698
25254
16198
23582
21851
647
22475
2905
14732
27534
6693
4410
29018
22284
20789
26798
14676
18275
3489
22612
5093
29281
14036
20346
636
9676
11590
3911
23017
23102
25085
29753
13835
26675
1876
29651
20648
4961
16123
8847
16284
24648
26943
22042
24118
26633
31115
14272
26079
7803
29743
23333
31228
15996
31073
11575
11030
20613
385
20320
13624
32642
11938
13056
32153
12256
22341
2330
4987
3303
11879
23118
14419
74
11455
23303
13098
18428
8001
20469
29507
7750
32486
5822
17918
10263
30127
9968
9212
7579
13544
7995
22916
24846
170
13021
3622
30675
5283
2909
28574
6592
17945
29308
1019
19133
1837
22633
26368
12941
12125
2612
30410
9963
11597
11397
13235
7129
1479
20110
22391
28213
17408
10558
26517
15501
16157
24247
18168
16948
22773
19971
2775
26773
6681
20226
5850
712
20242
27303
17534
26467
2793
25444
6586
23699
13037
8675
21219
2667
30640
23031
17357
26491
24403
31698
21555
21413
17667
17784
7000
21804
29124
2164
24303
11278
12909
30665
31032
12180
3828
4651
27245
10791
1772
31855
6492
10085
30540
24641
1877
26740
3442
8981
31558
29334
27496
2400
26661
27646
24933
6663
4750
15075
24727
22039
14766
6866
2847
6328
18271
7240
1374
13148
19348
17024
27759
6716
18168
13194
5620
13573
2258
11933
32022
10190
9260
15534
199
10318
16436
20289
22346
13132
18402
16768
23286
13910
15579
28554
5175
438
12694
22541
9429
5794
11965
31767
30841
9651
2006
28969
24173
20889
25378
22926
28835
2572
30917
14058
27641
4869
19752
19222
23995
3119
27292
31531
19049
3224
24128
26845
12731
9901
31780
13835
5091
26725
11950
9875
23570
11196
21821
5227
21565
19299
30221
27118
1569
4022
18267
5747
11653
26606
21449
12580
8127
17304
15875
15886
19577
8262
26531
18804
15285
8068
32594
19817
11535
14605
14896
5534
15426
23871
15479
5496
12014
7117
30043
25701
20377
8884
29236
21617
31219
10608
27870
22292
15454
7279
6496
9294
12973
7366
30413
22518
32300
10275
10088
31056
32481
32002
5131
8413
12818
3876
24266
12407
23048
8253
26835
20893
21266
20718
28568
11787
14796
15858
1329
5773
18080
32156
26619
3094
654
4481
32134
24332
14633
8306
29870
22759
19426
3245
21255
9210
19081
14931
29055
26000
29969
6685
11326
15931
2708
19531
18897
9321
2454
28638
23944
19768
17806
29191
10524
6028
30115
29151
16789
11614
8371
3160
31595
20311
2713
9332
25068
32413
1712
31669
15837
30957
21395
11988
28516
15082
25639
27318
7974
31924
14812
28059
2732
23741
13359
10393
28683
11480
31092
5449
23748
5523
23762
5056
25577
967
25999
25792
32641
5229
23437
5168
8494
29363
32021
26570
13837
23632
16852
9748
8670
16404
20259
18833
30053
10947
396
29752
25615
30243
12169
14117
15577
28244
2446
655
27246
24928
15178
20986
16015
19731
12843
26797
3256
7949
11552
12903
22529
15125
31138
7246
6210
15280
501
31272
23162
8434
4267
19405
16498
24981
28011
30428
9117
4680
14064
18606
24387
5961
7764
21640
1502
5174
26511
533
1477
3617
21307
24595
263
29666
21914
3916
23706
177
16089
22984
19125
11508
14486
19009
21626
8533
15521
22487
9944
24600
26879
31237
9904
6315
21813
14548
4150
22911
19651
3406
9627
5143
4846
9782
12521
10079
5058
25846
23854
25662
9816
9945
10972
16494
17493
11898
880
11148
23219
16765
12370
14955
6084
20092
14588
7342
23155
12100
27743
4246
9934
23362
6530
18712
17345
7736
15213
31283
26148
10036
7237
32640
3321
963
13240
20747
29422
23394
17564
14945
14634
32565
32210
2026
12101
8700
8817
7801
23704
19522
32032
12578
11960
24791
8900
2380
28989
17793
18524
5382
29384
1007
12328
12191
31556
30446
29201
22640
30571
22496
9029
19453
32140
16489
8482
13117
3980
29803
853
23861
15916
2101
31043
14028
4489
14071
5800
29914
23273
32121
21373
9346
21428
19725
17184
5570
11713
27331
18095
21576
30931
20187
16052
8839
356
6272
8
11019
3233
27059
4081
23561
5557
16261
27534
8507
28746
6793
24181
28650
29773
2953
11418
22861
5874
30840
4979
5905
5369
11688
26201
17977
4655
3901
18994
17448
21047
32482
21581
25084
28298
18874
4237
25118
11709
12953
13002
29719
24579
27765
30580
8870
25842
6423
30585
26639
16010
8214
29545
23733
21875
29190
23001
13291
21126
3053
3333
31496
12687
20214
11193
20153
29009
106
24945
31388
1227
1499
447
14090
27066
12707
29421
31028
2143
13197
11235
2417
16514
465
18764
21462
18359
20038
32245
9992
15584
23507
25205
21838
5363
18470
26643
27626
17662
7593
29412
29866
19816
16818
24372
30138
2681
4859
30247
9148
28188
19537
5536
31258
1764
32656
3938
11675
30798
15566
886
11573
18502
14807
14796
9507
9708
3546
16165
14391
3479
21857
18735
25456
28186
21126
9714
16335
13127
23908
14956
5735
22962
14541
21624
31412
28600
7995
21493
24365
10175
7176
28451
22556
24510
1249
5712
174
16897
10104
15029
13894
25382
32633
31899
7703
364
2240
1218
10482
18733
457
3330
2396
17064
12903
23603
20452
19716
2745
14667
8628
19090
11866
6598
15717
25171
16345
3915
16920
31418
105
14476
27842
20914
6105
14702
16327
21987
6342
32362
18635
9521
5391
20274
30916
21638
22153
29848
16980
25810
4084
30124
29271
2384
6702
12325
30392
8970
4519
20483
1928
5535
26645
27250
26193
22852
15977
16368
10151
28169
6913
27058
15105
5214
20511
30276
9415
28373
9882
14705
7852
28969
8403
21346
4670
16512
27115
13066
8635
26861
17715
6081
13095
3129
4580
22062
12699
28131
14097
25707
30944
101
3033
29028
7997
22457
4065
2944
4492
9500
2050
6788
13715
8210
21310
12468
1682
170
3065
30523
24601
28419
18789
14796
27420
3087
5439
21898
24905
30615
27065
3877
6809
30591
19383
5190
6438
9292
21821
11310
1852
16099
17448
23450
23474
5011
24861
32745
6267
3670
21184
9600
22392
25684
12582
7534
6544
30377
28044
5708
3075
21096
25161
15463
14331
29152
7937
9506
20581
8990
17692
2453
4606
14259
2166
5242
27057
25015
10328
18250
21792
25101
29864
15011
12673
27625
13148
15853
27819
24976
31284
6717
19568
20063
20649
31865
16430
16911
11809
19134
28833
28983
10340
26878
507
16146
26195
12526
15415
5251
10968
8479
3498
10326
3097
1898
7131
7369
10993
10898
22164
5707
32416
14117
16697
12163
2241
29603
26201
28308
1405
32738
10627
8096
27647
9137
27483
14475
21287
28860
13292
10753
3715
15280
22336
16826
6011
12447
18478
508
5835
1701
3444
4706
8759
5836
3334
11741
633
23085
8613
12792
5503
4952
11954
13152
8403
9974
9797
15267
10331
26541
13690
5176
7490
22852
2827
17088
31030
12040
27684
6795
6612
2414
2930
1886
28768
14073
22142
30067
22970
31838
11577
31426
12941
10215
14295
9599
31690
29717
20193
5092
9045
32137
10630
14640
17662
20516
17971
29680
30642
20334
16739
22909
31474
32308
3767
23238
22661
26998
18505
9807
20074
14976
2110
27514
5393
13398
154
25350
21963
8277
17752
16597
25982
28184
31931
29426
6045
2713
27103
20946
15703
12952
1427
9690
9487
17473
6507
9762
11789
21513
4368
21625
17523
2265
30171
23209
22898
878
18594
19708
11197
21760
11730
30206
29758
18721
8126
3973
19209
1769
6967
3311
22670
19792
31325
23211
10002
20187
29108
14075
10336
28795
25467
2039
17339
28594
32057
21206
24
13303
21400
14441
7818
20316
28790
6888
14590
29294
1850
20721
14632
22364
17252
2510
15293
26716
25961
18167
13283
9547
8637
3799
25318
3219
30257
15571
30764
2898
27007
4745
28011
14521
26915
28245
29465
24754
14701
19226
292
8645
11221
27967
24548
8764
3982
24823
15694
8325
4190
11718
8810
25305
30636
25409
23815
18971
987
25365
12717
3075
18902
3146
27091
22651
21740
11209
4690
28233
30943
22044
32282
25327
2615
3702
24867
8655
28892
24307
6055
26259
18660
17952
28047
14028
1450
7614
31275
7897
19232
24259
25637
13835
29030
26274
8632
11783
26267
8652
2333
29035
25331
16247
17734
5556
8969
21150
719
9311
7287
1097
26930
32590
24741
15118
13370
25710
8670
23512
442
21655
3753
2023
10110
25011
30550
31768
9602
10275
29143
30055
2146
30558
28625
16050
20498
28123
31475
19392
11983
3122
2951
1409
13397
894
11590
11159
14675
17157
26225
28438
7964
2331
5405
10888
14239
31555
14031
23349
27033
2456
20040
16289
25865
8555
23458
16213
31717
29486
6812
32738
29451
20368
31539
19236
24442
24554
2162
10948
25538
15834
12682
23808
25017
11821
10533
1711
29808
771
20216
18047
18021
26925
22423
3458
6138
9434
9870
24809
2598
371
3757
26895
363
30915
27811
29113
13576
21851
20431
16284
15983
21557
9554
24351
15609
2455
6505
20579
25049
3386
8954
13440
30799
12716
28012
24594
15902
19187
5308
30453
8255
18547
26573
30028
12247
9746
9472
18888
25447
30873
25861
25895
30786
6493
10225
25338
2117
13600
14480
12204
10178
16946
23036
20416
8125
8667
29550
11354
6235
28926
11861
2305
18327
19446
15013
1699
30775
2500
11634
22489
31998
12908
11709
2669
25636
13468
25486
2586
32515
7823
23875
16530
4627
24113
24359
30406
16664
19588
20806
23393
2970
2114
16256
21141
28054
25540
8157
29467
30835
27170
21280
21621
30775
16284
5023
4727
30971
24888
18001
10757
16541
1965
25129
4894
4276
12672
24994
15386
17609
6253
29340
18991
8388
5640
22630
17210
25508
15268
13340
1212
29299
8564
10035
11299
12153
12528
1106
21580
20913
28282
611
19525
20601
1602
9707
11095
14221
8295
21654
26180
30518
16479
18199
18893
1215
13208
19758
32375
24361
21343
6154
31119
19488
7682
32466
32620
24877
27441
29055
6900
11564
16298
3564
11874
5633
1046
2864
326
16007
9005
28459
28620
2249
21281
16991
8002
2165
3642
13825
23509
31117
32445
28752
923
3936
25107
29478
8919
12217
10023
20685
9592
28246
19472
8979
16866
23707
16112
30881
241
392
17948
11400
1851
3561
13181
23581
918
8396
26422
28423
26331
12344
25990
26006
18665
27164
1008
24919
7916
8582
29082
7141
9951
7189
7924
16385
11343
21425
18585
22757
2658
121
10618
19414
3865
32509
6201
4089
9170
26286
5075
6247
24337
25747
898
9347
25471
11837
11746
27276
12339
8444
11090
20590
17969
24915
22429
9950
18224
3754
1754
6821
29089
24387
400
20540
7660
14447
3102
23962
8445
5890
32090
5706
14335
23556
10361
24000
24935
20905
7727
29677
18229
31875
2326
28689
7798
3319
10580
24017
8206
1262
13177
12425
32436
26060
5798
227
32318
31398
28148
18601
4127
4784
8467
4311
6446
16372
30770
17909
17577
28234
10015
9891
2169
26244
5040
118
16055
4585
23393
12034
30832
4581
23614
4408
28069
32766
17668
26867
11926
27146
28803
22733
31297
24223
4166
29751
24101
7628
27254
5577
843
16902
12028
28630
19591
30053
10214
2884
10748
1809
18700
10394
17886
29943
25331
14171
28284
15808
31985
22419
24957
3843
6802
6575
23657
9145
28731
28817
5740
26354
19213
2532
1879
11975
12300
173
8168
9104
30337
7715
22347
10071
24989
7361
12768
20876
32094
8601
9535
21241
17079
24555
32122
22009
18155
6902
10146
12005
31290
31246
1420
28880
14783
25327
11988
14964
14489
20049
17187
20331
1097
19133
12718
20899
10331
8606
6655
12044
13641
21147
10744
6035
11932
22820
7445
3924
9300
28747
16625
28939
31626
18646
8972
29900
10836
26002
19403
3829
27369
4586
10944
15200
10757
9911
6188
2269
13455
4442
4034
30943
26746
20745
2222
1909
27881
24166
3798
28540
13718
12630
352
32532
21876
22800
6772
4176
25747
23156
9283
31282
32068
18591
32584
3542
5247
19388
24013
29677
12673
2588
22706
32365
18617
10122
16746
17031
15845
20184
21830
3802
20857
31166
13814
4582
32064
27365
19277
17603
1093
3646
29252
28178
14836
13208
7490
20789
17533
22386
18842
23995
24185
28173
28245
29470
23504
25798
18483
3249
30170
19875
9964
27092
8900
26924
8123
1642
31798
636
18717
30605
31026
20887
25559
128
32576
22526
5430
29668
3784
27521
5786
13615
3775
25429
32310
28251
31621
7014
1297
19931
32014
16878
28240
24787
10305
9031
29624
23944
28573
26622
23407
29206
1826
31016
6914
27489
16239
32505
11180
18509
7208
11666
29654
3378
10650
21531
27098
27530
21922
25106
21516
4589
20426
22242
18939
14400
13494
20408
23284
15401
2239
10130
32200
25029
17885
23961
11727
3230
202
13744
22829
1239
26980
18253
1108
7338
10836
28295
18123
18965
27629
21361
1325
2255
32342
31655
3188
6273
28396
6694
29303
27443
3298
4449
24498
22532
8490
23441
9798
26143
23961
19788
19008
17386
18246
26201
24350
16001
8243
9411
24208
19810
5167
3628
23675
1642
11514
25444
15427
3584
20907
12858
19274
22416
21839
14738
25780
19003
22739
21432
622
7628
1060
23284
24430
1006
23188
15455
3900
29085
11904
11508
11953
7387
30767
13546
4606
676
5118
1346
5105
2339
11194
19356
27252
4646
20302
30798
9303
4560
158
10935
13391
32141
14002
14289
11582
10059
7191
32518
5044
22760
3202
325
26806
17382
5559
28244
20927
6502
32681
7272
517
24148
8163
7667
18685
20447
31782
27069
27169
27692
84
18742
8689
29515
19340
267
31800
29802
22679
26615
24464
15176
1411
24540
29224
12781
16013
25874
15301
2713
20549
10238
10503
17914
9452
25831
21486
27041
28961
28166
13724
31415
5053
7132
9565
4332
11515
6089
18660
5553
12508
13529
23000
935
30921
19169
25743
14935
6266
18379
25625
14883
31256
27438
24448
23676
1438
24610
27726
23638
22405
10578
14928
17113
19104
4946
3226
3162
22853
8499
17355
6537
6573
10069
23954
16620
22941
2173
3441
5260
7494
18727
21185
12270
1387
27934
12279
8772
24769
21321
26405
18661
27803
968
24516
11771
2246
9280
6576
16251
25266
1650
20852
29275
23507
1299
14792
9727
12103
8919
28248
23540
6841
8144
967
6112
3717
30966
22772
31673
10525
1543
3452
29750
427
10641
16768
2435
1528
18252
680
10297
28556
29870
2663
30349
5143
6074
12673
2504
5391
26649
15563
4087
12955
1643
26418
16867
17840
7647
19711
12611
9593
17409
7258
18225
31741
2772
12044
1755
19964
31009
29065
26747
14873
23822
15149
24713
13119
11506
31686
26414
14909
27240
25171
5117
23219
15267
24843
8670
28466
12033
12961
28490
28831
23778
17607
20158
21720
23482
11249
15209
16538
14949
1115
17960
4259
29883
25677
20149
32275
5733
17310
23836
25112
32751
31863
12142
23754
541
18777
20408
25428
17283
25697
17974
31061
9296
11211
15301
6534
5227
28598
8343
4508
4033
19750
11050
21872
13533
14927
17275
3421
10681
10257
11895
25577
17107
23743
3506
22184
8324
27684
1883
3678
13965
28872
10864
612
29171
27247
25390
27469
28942
26083
5068
18632
476
20979
9576
32456
23195
9660
9538
19939
16534
15399
16936
11000
4415
2227
15921
14869
24958
2421
10414
28824
10057
6749
29790
8852
8565
3514
15841
32630
29131
11776
22127
16872
7519
3273
26314
5877
26397
17179
15985
110
14501
1769
8983
13965
3417
14812
13395
19673
5043
21843
14233
7753
30941
22440
24681
17580
4731
5813
26822
8008
23243
7062
3562
11458
29425
27569
17720
15422
8076
25332
15730
14790
29581
862
44
6640
7497
24001
18305
10427
2509
30662
23556
16315
21105
21297
3833
10102
10416
31334
9414
10253
13366
13868
17316
3359
5947
20658
15002
8426
3344
2512
13484
25267
22263
8334
11344
31848
27448
5610
13089
15237
6769
3286
25047
4404
7982
27521
1143
23992
19385
8663
22215
2827
18996
14667
25861
15046
8932
4564
25816
2882
31952
28725
6791
14333
19595
16770
7785
6463
25934
14304
5789
18173
8265
9356
14586
25341
3643
13087
10569
20027
26433
27152
1970
19852
11499
5242
17269
24961
12949
31007
1499
21902
32757
686
18795
19051
16880
15681
29024
16315
15794
19754
30043
24812
31229
17135
30038
6494
4801
28819
18905
13255
27374
9239
25712
2262
12422
27457
5212
278
26358
17564
905
28182
27558
25024
32704
32455
10447
24275
25630
21285
27277
4944
14021
29465
2613
24583
20177
11422
25576
7782
5774
7460
19048
5366
15848
27185
27947
5416
28962
27982
25774
9810
26571
22305
22796
25077
24558
3543
30415
25921
22922
19141
9734
31707
9793
15182
14232
26589
8532
10503
31959
27423
9167
27929
32088
30133
2305
13031
16131
7608
22319
19953
21606
17482
24714
9976
9550
3028
28765
1124
9625
914
22667
12770
28230
11346
29497
19281
27854
14968
27848
11999
7351
14662
27142
23151
32614
29530
24229
14399
17973
17528
10220
7879
25285
14474
16300
2020
29078
7141
7030
17205
13012
24782
3083
10181
1396
32317
12564
2283
6272
11233
21779
29295
18095
8035
17818
28654
20537
12015
31675
25472
26345
31985
10431
12183
16500
4380
31514
14379
8969
689
12191
32532
8233
6142
17137
24503
29113
32549
22330
11748
11606
1054
8735
15359
16872
26623
30451
3166
29562
15739
16682
12787
18761
28329
785
9259
8730
20487
11453
2581
25297
25791
24385
16583
29504
14377
28709
8446
32061
28816
16659
18436
8695
32569
16338
26583
6538
4513
8825
25223
28880
10247
13276
13536
22906
29994
17483
29769
16480
27476
4732
25580
7702
6807
16581
25879
13760
17495
10894
18146
13863
18441
11783
14611
28940
19769
15894
26174
7356
20178
20628
31025
21476
27546
31928
4495
18343
8188
24019
27578
22510
19722
3646
16374
1535
12482
20113
7372
30034
13200
11542
16557
28319
12053
16766
14040
6460
4647
20690
15230
24230
1561
28076
11043
11358
31036
26790
327
2038
12965
9491
10822
10603
21297
9709
11389
4021
26567
26383
27822
17309
28893
22180
4517
15567
830
736
19228
7472
26122
20462
32733
13937
20990
18985
10022
3557
13813
26766
20817
21135
9391
21361
9140
31104
20434
880
19399
29792
13358
19622
11652
13898
23365
10785
20756
31453
22027
23957
21415
911
21738
14161
24484
16197
265
6771
28674
4129
31438
4440
25333
9115
8610
1623
8142
4308
2292
29871
21532
12582
16000
9661
3096
26368
17873
20083
10816
18161
27908
8453
577
22274
24272
9957
6938
22601
5571
30450
23679
20155
5326
7149
11131
15170
2308
16172
14938
15376
14495
27538
4038
1842
25412
31934
2352
29544
30600
3715
23666
820
16818
152
23730
9777
30658
25233
1673
9382
18099
23566
5988
26971
17662
25907
13355
7595
28255
25432
25377
19419
3291
32257
23820
31658
13058
16400
31125
32041
11122
22841
15089
21965
412
5047
15553
963
1995
21053
2615
2947
32354
10800
8059
936
16484
28179
6733
4863
6458
15427
24043
5342
10161
26084
11829
22455
29251
16923
1551
10732
4247
16765
11527
10469
3659
21960
20536
1633
27376
465
8813
14345
23382
9662
18314
17739
12298
23413
3880
10085
1310
30549
17024
28608
7976
291
2442
10368
6541
14663
11110
9049
18944
32312
11770
10916
32069
9781
6365
18610
28987
8502
24435
6496
12313
30498
13914
23019
12536
30274
22533
11014
24978
9718
31911
14634
32073
20902
2387
16174
21867
16380
14945
5911
28340
27216
19731
19761
6164
18532
27769
26975
24243
1106
26001
25263
819
10946
26291
28977
21557
11104
20012
12810
4638
15758
19498
20932
16411
32085
23512
12520
1634
21666
22473
14031
2491
1199
11674
18101
23615
25535
29907
2831
27488
8974
27919
2846
3882
12552
10077
16069
7881
3001
24293
5272
11850
6021
17615
7733
22950
19993
17248
22231
16636
22945
31846
14376
6686
28731
1751
4439
31567
940
12213
21611
17227
6483
16948
19927
17032
24155
6943
31310
2492
19508
2936
28376
415
28995
20063
1830
12274
12760
5684
20002
19904
5473
29952
21707
4836
29662
9233
27456
23243
6037
28389
28698
1659
9991
17738
10751
16340
27426
14530
24437
534
17848
26924
8435
2980
27696
9377
31038
7432
14972
16029
30707
10550
12875
25183
19039
23317
31359
25746
22167
5179
29409
22572
3269
18680
12307
27287
25281
23959
29639
19215
11745
26848
29999
8523
20241
32738
3508
22367
25894
28399
7659
15073
31087
999
16069
14666
23181
19898
4870
15264
6533
29992
19704
25938
23828
4811
15456
14948
32579
9816
30897
28875
10554
4898
31616
28955
24921
17887
16184
19039
16261
26543
13839
7496
15296
16986
11576
17035
19197
14809
28762
12420
15922
32537
16706
25631
6062
24571
30677
20728
19117
22687
24136
7361
6442
18914
7571
10725
1012
31013
20002
13674
260
15697
206
3100
27662
32023
21517
6888
25942
25213
26981
24198
4805
26518
20263
30299
30524
8336
12889
24221
21544
26357
27892
5560
18775
18986
17488
12528
9994
26940
27612
9288
9803
6619
8210
16803
31616
167
28074
13098
30529
32427
30990
29933
10599
6183
23055
4557
14949
14483
24534
10137
28380
30688
20765
30327
2409
17665
31903
32646
32450
6570
11724
30401
12289
7000
22978
3111
7999
19857
6265
20505
21093
14701
15933
14083
22591
11861
10594
62
9170
11
6195
1077
12784
26090
6955
11719
11529
24432
30568
8941
836
16889
3420
24733
8910
21453
6086
19950
20594
6237
22240
2684
19563
12746
31706
31758
14710
31655
26760
24438
31275
17152
5976
24761
30860
16283
16262
32368
3039
12925
2451
15470
28857
19888
26611
27043
1884
18756
26630
32064
19522
18836
3913
20252
16122
31435
6350
12119
11059
1446
9961
8509
2071
16763
15661
15725
25050
18298
5782
32570
402
19251
11272
337
18249
23640
32504
28060
27216
30148
31849
9319
5079
32189
3099
24258
1979
7030
8191
20518
20383
1496
22509
2907
7230
12162
3481
11928
20735
29711
23748
6893
28107
10903
31663
15070
19227
16760
30677
7249
23637
18262
10969
25002
27736
1376
31678
20020
2133
3797
16470
29123
3298
27079
21245
14231
2377
13600
12423
23684
27942
28642
12918
4176
13361
17843
14704
18013
1112
1176
23537
31111
29201
8193
27966
26448
24302
25862
28826
1595
9841
17392
19643
15221
3363
21243
21375
5050
9696
28250
29148
887
8565
6524
7189
29228
15469
1422
18996
5397
16167
24897
6324
23817
17452
21965
24958
31650
14528
21814
24855
17310
19383
7629
15383
26757
16010
5883
30941
24972
19626
27450
16769
29626
7444
868
522
10057
29222
18224
14049
11343
2993
18169
32646
29342
28495
12994
18818
30952
2807
17016
10141
5927
26062
29558
10576
18491
21312
16207
18045
14037
23632
12231
13150
4501
21292
29730
12476
27247
17669
23458
11361
9555
15901
22859
17871
14861
5154
29929
2866
19818
10938
19796
660
26012
26207
4083
21328
15839
16749
2431
9161
32093
14201
13321
32603
21839
31461
26175
22674
19046
10417
2027
31642
11625
28308
28604
1271
1823
22348
20041
12406
31599
12594
19027
5220
26566
17169
12874
7421
16569
17208
26387
23591
29420
17614
25609
353
19250
3942
2114
3574
10741
5331
1299
6518
1497
31038
5590
14950
412
24950
25834
26423
6465
31622
16892
25461
10861
30093
3461
3393
23569
22218
32148
7937
10569
28407
8142
14678
4996
20440
15539
18767
16358
1299
35
7900
1002
32322
2848
18309
9548
24391
21205
347
20774
10975
28887
23087
3673
31611
18604
20227
12078
15947
9866
32702
1597
9371
15200
19236
25230
16226
6683
26372
5887
31000
6690
18611
4325
25033
17186
29114
16886
360
9745
29900
24935
9317
18285
18171
18513
22145
32453
12587
27993
32738
28539
30150
17296
22626
32456
32433
152
9517
27392
10111
3593
29835
26648
30693
10770
19450
25957
25198
31588
31872
24742
23408
7243
4415
27205
23615
24862
3146
16090
9888
24026
26039
6641
23681
28426
246
9741
16359
18922
3169
11757
12071
22475
32531
29453
12633
24761
10494
19824
9994
18780
2360
30877
29489
26652
24214
12776
12388
13704
9852
3058
17996
23545
32243
7027
29527
27250
6396
24887
7852
11979
17445
5479
1636
31503
9305
14346
7671
23074
10492
2763
12532
30631
25656
22525
7670
16160
15761
10972
15827
30295
12992
23830
19222
22270
6846
7562
23984
27538
7967
21583
20202
13189
24481
2040
6558
21147
29701
10262
2727
20373
16413
24831
21910
9741
20007
23758
24998
12193
9049
5547
25331
10323
17085
7501
5094
21040
21055
32188
8948
31792
5637
5980
10376
28766
13822
8231
14653
3384
446
10298
26705
3673
9865
18323
20055
18517
2989
22809
26667
23525
18709
26332
25131
9284
27676
11167
9124
25816
32415
19860
11915
31253
1110
13926
10094
4511
25188
11388
6569
11694
25900
4477
19421
30647
22631
27151
14494
9801
25971
4837
32620
31285
11246
18168
25061
5873
18564
23316
8504
14910
15877
21143
20445
5897
29883
12662
27524
22415
17402
12160
21323
2757
14840
12519
28211
247
5599
10236
5589
23471
10273
17466
6481
21720
3340
4742
27784
291
30110
29365
22411
4522
29338
1615
14930
22740
30171
31890
14514
5752
32233
24506
25225
20293
8138
18304
11324
13153
25371
5345
19299
22608
9311
6944
19394
18968
29078
23054
28796
14242
5394
11657
13699
15972
17030
5699
1363
6461
6752
32709
30432
13984
30552
10163
10188
31221
14921
2641
1758
11324
2112
30790
8880
24564
11987
14752
20647
19515
8885
25113
16424
25398
19591
15000
19977
10163
6128
25595
11334
1549
30959
5908
12790
13392
23408
9713
26493
23966
12574
8801
8962
7378
4473
19891
18724
2658
8232
13761
1512
24970
11664
9006
4598
167
17829
15595
22534
18657
8448
1280
3733
8460
11315
4745
6620
8144
6489
11518
18946
8456
12273
11448
18833
19049
20204
17585
20519
17252
21764
6540
28014
9293
25424
18901
77
24764
11797
19337
11872
12596
20448
17113
28582
16386
21201
13867
634
7528
25658
17250
23493
16123
26217
14943
26481
3658
21697
16583
11553
19136
11792
25351
11551
17100
22812
13974
2453
10302
14207
29050
20481
1013
23221
6926
30435
3255
3956
14850
25528
25952
13115
9123
3372
1599
2094
20573
3468
21949
31521
22910
14714
13375
4083
1084
3812
32590
26653
32250
4151
20470
6026
11719
24527
30827
15274
16168
12211
1267
2242
18967
22911
17407
16774
15435
12961
6555
19689
26554
28872
8713
24116
23133
12954
26537
25429
25395
166
12317
11642
26760
23193
9385
2015
29559
9396
23008
12516
5294
2429
31357
26979
1649
9141
6543
3648
12258
1163
28633
28738
28031
27151
2168
24097
17132
14825
8390
5344
23027
5195
16255
2652
29385
4900
18210
17958
10642
2455
1946
15502
13608
22443
4894
24576
792
9796
23126
23700
21742
8018
21439
12768
17075
30280
12880
7953
18099
21712
28510
5434
13956
32700
11197
9195
19779
18496
11304
5126
11041
7519
29922
9422
28190
20900
18590
8001
18453
26898
3741
13224
13817
861
25622
21868
15454
13915
23770
2347
19771
27829
14136
22795
15086
7394
1822
25422
23680
27734
7298
14119
18219
4854
10496
29644
16665
4816
26821
24013
20847
6153
21163
24228
4490
5398
5029
8845
9096
28463
22878
18584
29195
20225
12317
22780
7481
27044
30700
30126
14600
21964
13561
31026
16568
16707
16188
30642
25505
6807
5466
22093
3886
784
22218
27825
23082
7396
10550
25836
13626
2478
3364
19839
1195
11549
26069
4532
1902
2025
14445
19506
12129
16140
26197
10191
20177
9006
26334
17061
16188
19553
17447
18280
25947
7694
24384
12535
13919
18223
16271
27696
8828
4799
29043
19465
2212
7279
14376
988
6037
15771
5867
7171
16405
18044
30046
5285
7292
22431
25389
10959
29044
28566
16114
29639
11261
237
17494
17053
180
9312
17785
3074
4180
15178
5013
15453
13693
5729
23262
13340
24500
29857
30124
24136
8108
28294
31451
5469
18627
8574
2930
19032
19408
12190
9092
8721
12060
26516
29268
31947
18350
10461
32188
7178
6092
22584
5328
23205
30398
30810
21950
11035
26069
15075
19193
20522
13996
7569
25494
926
26286
26547
19190
32616
21464
7137
25509
7407
11968
12779
27010
32427
19927
11535
32544
30703
17899
25199
10861
9990
27632
962
1169
30082
9215
16969
8473
29393
8607
7684
28757
15633
32068
13607
8446
27685
17173
10184
17692
13065
24306
25562
15911
11106
2486
27998
13421
32602
7097
30424
7603
26026
26778
24064
5919
9208
2107
24763
5718
2916
12556
7753
13793
9054
1933
14528
8405
30394
1806
10937
25011
14086
26553
9545
6285
10779
9683
2611
23658
5618
3647
22107
19436
7865
29764
4222
4400
19238
29840
4129
23798
8972
27004
12487
7426
7212
29841
17767
29122
18765
16715
24605
10032
32655
25886
16928
13562
26108
183
2036
2528
9056
1668
26081
9822
7770
19062
2211
19084
948
16134
28259
15170
1776
886
19430
25215
4387
10073
20997
20236
20999
18261
26461
22364
26443
26408
10823
25527
3629
11497
20235
9112
4939
24976
11856
12883
29878
23225
6103
28410
27209
12709
15721
2946
18489
27522
18958
5922
28652
30444
31104
2044
17167
8883
17375
2047
19683
29151
29094
2316
5591
28913
11230
25687
21852
28780
23698
2321
30197
18580
29570
32324
8077
2678
25371
15358
15374
16936
27047
8113
10799
11858
31426
32730
4750
4333
23821
8929
4862
32075
20518
7488
13346
18264
20183
23272
23867
30751
16781
22496
14910
27536
13580
19504
18474
31616
26978
20221
31640
23537
19737
13557
13715
3220
14513
11758
31403
908
32334
26057
8261
30069
8621
11421
25653
24229
19548
27154
8847
12721
21035
24586
7609
20275
23006
135
3269
10955
32292
23241
25598
16740
31437
25526
3009
17593
14903
7551
31119
8215
22281
25217
24415
14948
26148
22377
25913
6496
7383
18588
8448
18987
10066
30422
16528
13064
17246
5904
6665
12896
29515
2472
5737
12042
23849
3260
10849
32201
10811
28118
20833
16406
31400
32463
16118
8224
16756
20973
14933
3602
7343
335
22584
25236
32236
1419
1768
2708
14069
24469
8347
8262
16061
6627
30721
5481
17046
25806
4890
21197
22436
21052
2122
28946
24722
29820
12719
28338
31619
25713
10930
1858
3148
29427
19420
4084
14048
2418
6380
32097
24075
32220
21798
30341
31332
24001
12781
6411
23933
29878
19348
21195
13660
4599
26738
29842
25647
20816
11828
25121
59
27453
16759
888
4118
20560
919
23380
22294
5075
25281
26358
17929
27055
28752
11046
25638
15244
12630
4728
17476
6458
23928
206
23114
2127
0
16414
17639
30482
12077
10869
24451
22168
19917
13628
12405
8237
2830
16827
1910
18934
5266
22235
24661
28372
11969
10288
24045
11658
10083
3638
29013
803
22126
21467
342
9358
8476
32062
9762
7052
13121
27575
19778
10956
25308
791
22993
15699
29164
13361
5352
25890
8837
4249
601
11539
20770
19371
28064
16901
2365
19663
17174
14136
18461
14076
2408
27130
25072
2427
3912
18564
15641
15854
8546
31
22475
1936
23698
22155
19415
6078
28756
12960
17602
2999
25980
6198
7195
26528
15655
6979
4107
17099
31729
3651
18478
2360
30056
28637
7329
30300
27585
23491
21341
11554
22474
730
18371
4400
27936
28315
12407
17771
11938
5049
30578
29629
10021
30723
22611
16918
6762
28557
14582
6320
16973
13578
28744
7576
27710
24957
28506
2410
2805
1809
180
14683
4194
29508
4587
8829
9187
23627
15222
2623
2234
32178
31421
10291
18622
26692
21107
5397
30544
2346
17702
11016
8337
11351
24084
15138
14547
32291
15425
15403
8269
20533
21446
22178
3858
9639
22892
29185
32068
19045
3193
10051
23428
31190
21194
15522
12206
22719
23330
3749
27075
18020
14786
2650
1319
18672
13114
7392
18957
6422
10622
15401
17199
4345
24380
27902
15298
585
1389
27204
22953
14255
18219
20861
10217
9580
18370
30866
9565
3389
18185
20687
11179
6529
24563
31535
17014
13213
5473
29146
13013
6560
8506
27372
28420
30499
14782
22648
8794
1396
16663
10701
32123
30451
4913
12791
4815
12731
26060
22409
22323
7557
28368
29082
6894
2250
17632
30222
3814
26920
11825
23831
10772
31495
20893
24058
821
1148
32243
26903
29378
16238
31634
804
4387
12023
7222
26041
25888
25612
32017
2321
22168
30049
12062
31503
14709
11911
14770
10111
1247
14935
11092
30111
2736
19604
11470
24285
17192
3788
19076
25315
227
21631
26629
31953
8455
23172
4576
32201
3010
5543
8633
28849
6388
21655
26779
27444
11560
14592
21392
28682
8905
19444
15983
18042
21395
12687
26870
27421
22087
16347
16920
32228
17571
31985
32152
20828
7569
18529
10199
32561
6047
13268
11243
9714
30639
20208
32752
13331
16367
27260
27555
25656
19212
5829
7469
20145
10147
24896
60
13376
18425
5488
2904
26147
23019
1290
30581
28494
23336
7000
5572
25337
15773
16347
14287
29786
12337
19508
24005
15284
24499
6469
7954
19600
17424
26515
307
330
19914
9966
12489
8144
1957
24917
20716
15271
164
19732
21697
31023
4659
18991
5967
5671
22182
20227
9614
23411
25570
2091
28353
23581
7770
12193
20230
9627
14398
24357
10284
17744
12526
25059
31940
18261
26805
18768
16763
4728
7348
18773
22695
17797
24348
8111
27679
31173
24481
2710
6480
3781
6187
4764
9101
25432
12750
11225
8359
8159
13820
29253
21438
30152
24569
1381
10838
30805
8848
18218
4013
29343
13829
534
2637
24282
16970
15008
22493
25306
31093
12250
31548
30166
13938
20305
28881
4973
29685
8244
32028
8166
12211
27065
18833
25020
3538
6333
17319
13402
20638
10411
29228
22563
30845
5022
13531
949
8229
3530
8752
6767
26892
4120
30587
11313
3104
30224
20276
8802
25273
13052
4494
15928
31692
25162
21326
19507
4449
14131
5854
12523
29255
3994
9117
13068
13318
11831
26490
9887
16661
24564
5825
23947
5965
4247
32308
347
19102
4770
15198
14913
8193
7799
20260
18267
21677
19648
16029
27702
25998
4110
13860
22417
27379
29120
25259
26467
23687
5671
30034
28191
20866
19432
1336
23862
4384
10913
17296
30941
1875
1231
13816
30994
29108
12527
27399
15321
22720
28131
23845
27852
10561
26264
30624
17874
522
6374
29180
19759
2535
9143
30090
13501
25044
16492
16700
15992
1901
27516
16311
19008
15270
94
17322
28891
16828
19626
24158
20538
2668
24187
1167
27901
8034
4631
30075
19769
25332
8914
6200
12408
30736
17199
17226
2305
26227
73
8821
6746
20252
29809
11984
24844
17665
3353
27931
10150
7680
26609
26194
27908
20504
2895
3714
32721
11993
32212
3548
29515
7449
333
8200
20806
1769
29911
32188
11636
14280
8775
1164
32227
24854
31432
4356
23751
25803
1734
16116
6010
14440
3339
1035
11969
29742
13608
22695
11345
25230
10519
25324
29074
9186
31262
22548
25506
14938
19702
2053
6301
4665
4397
18217
27164
23105
18377
10874
4347
16491
7470
18908
11872
26332
23106
31920
26104
9493
28878
17574
28036
26986
10024
23250
13717
20149
9999
4867
3987
14923
29654
2384
29956
5679
3013
19955
21515
31622
14524
859
1327
24907
21529
8828
20062
9028
476
22890
5938
30005
9993
14374
12915
5715
8014
8119
24796
22779
30182
10109
28962
21156
9661
27843
8498
18451
9429
147
9402
10702
16104
26574
29932
13522
847
24956
19839
2952
18978
26464
31478
23286
5281
7375
24100
24626
19666
8131
18672
25117
10348
28716
6230
29517
13044
24966
12206
4171
17190
19120
14641
28159
24470
26620
20409
3176
22167
9091
30152
24977
3420
14267
32204
12480
19037
24651
18337
25072
32508
3357
30552
28033
21609
19381
2359
12335
32707
23234
26368
15169
8576
7155
25207
29954
13326
22540
14622
7541
19898
2361
1347
2885
14802
8098
16444
13563
11526
29759
14834
23155
6420
24046
10652
25233
25509
7363
15309
16688
1137
3999
16817
31067
20138
26628
26003
4032
27032
20519
2211
353
15489
14151
11767
4749
20939
14398
5839
2575
30052
20054
29725
11429
4706
19549
20805
3252
5095
18940
7201
569
19784
31556
28232
24323
11630
9866
31632
13088
16764
11381
18897
13717
19121
22101
5612
9554
27537
24246
2572
13924
12351
26678
10540
24429
30254
22163
5082
6993
30456
15880
2618
29491
31374
23770
20301
25760
29842
21294
20851
30729
4353
3357
15407
7031
29717
4874
22315
5498
12650
13363
22140
9314
15967
16263
38
7602
25535
16056
19171
8658
29345
26512
23072
14340
16524
14216
31561
26265
11999
28055
2118
7013
16752
22088
21318
30832
2164
7695
32699
22766
24991
7645
27813
8818
21644
22002
5140
13918
3678
2803
1000
6046
16552
14652
21468
6294
26506
21111
15555
9560
15133
31085
13585
32283
20497
12317
13980
30185
11157
11275
4516
2455
20087
17627
28945
25338
31629
12574
29693
7256
15699
1388
114
22557
28373
10675
13173
207
19408
14542
4675
17732
19476
32346
24794
9491
20012
1733
16827
8520
21825
30119
751
25948
24124
5718
15432
31844
4139
23221
8937
26248
19430
15436
13832
8887
24306
13214
10483
153
23973
14774
11857
20165
26763
2052
2219
14645
24841
2663
1067
27638
20800
14219
15779
20004
2868
17269
23248
26902
17198
24668
6113
20438
10591
443
20019
6868
18117
21924
22623
19419
8531
26711
30582
11843
27468
9747
7563
1897
16880
12076
16754
11100
16218
12894
8136
18905
25513
16737
3379
1914
6494
21437
15851
14122
22789
27616
9850
18396
12312
4718
22976
14973
12064
7128
2105
13350
797
27696
1155
151
15912
11580
28954
6369
4951
10953
31591
610
2529
18753
18425
6646
27522
19072
29714
8044
29217
21732
20581
5431
30897
28835
14622
18534
13141
28514
12067
5335
12999
29187
5785
14759
14074
190
16043
20972
5374
26995
5766
17831
13349
22590
13224
18164
26212
24141
3419
12164
8187
23278
4476
21069
21080
31468
30337
5504
28217
16924
28347
26812
20754
21299
8407
27521
8622
27098
2475
22503
24600
15109
11056
1424
11452
12160
11466
6363
2762
11466
20688
12890
8667
24615
25416
12935
17111
16369
1522
26034
13334
14127
32137
11326
2245
12137
25669
29453
1932
27834
26020
4153
25709
28710
26474
22533
20976
21550
17382
32275
11645
22434
31096
5847
19209
2743
29520
19787
9205
21081
20344
8420
27954
13762
17941
16325
22698
10828
5610
20788
1499
20867
6685
17482
26053
23935
27966
30446
5639
3953
15749
18692
30533
1147
13915
28641
716
17605
8988
7682
9081
18637
12060
21246
5591
26878
26344
26554
4999
27525
24270
10972
19941
9312
8863
8578
31720
23479
21171
16435
32586
28272
4654
12310
25833
23806
10882
29793
17518
15481
2101
1045
17196
15860
29925
11241
15947
16395
12937
19587
24613
7867
23545
18670
9456
13687
11953
14665
4766
18295
8657
13756
10241
16980
28265
19889
18227
3794
27892
32576
7989
25596
27682
17130
22742
20599
25819
32651
2774
28176
12160
31370
14668
29591
7796
6227
25669
6384
8667
263
27054
359
22689
32113
15988
8260
12990
8253
17129
19359
2233
3940
13930
29046
19563
491
3647
8957
14086
17869
13250
27189
6230
25142
28099
7616
11078
10737
31020
9972
5029
21028
5345
28206
26922
24891
1258
24937
29622
2594
20692
18703
31962
18359
16724
24334
23193
19583
24878
23599
5999
6807
1365
28580
23442
22510
8276
21727
31607
12978
25836
31659
20376
27144
31743
30325
14709
20224
20909
8938
31192
20936
15804
16584
15454
28448
2877
27373
31795
4621
9068
9909
9757
15826
24537
32130
7100
5148
18373
21660
31760
2941
15567
30524
21819
27163
23248
1763
9096
22698
3843
17904
16813
8599
10857
28786
11853
28806
29547
5947
19137
9727
31426
12598
30488
4964
14228
22266
12124
13095
11999
23710
3607
12601
10779
15823
22550
22470
16667
4129
30061
13343
15157
28579
31676
2040
2978
6582
11696
23251
27943
10783
5068
16316
24821
11866
4713
9015
5327
817
8443
13687
29802
12430
1687
17616
27161
14222
16306
7279
4778
1750
28972
15177
26762
2346
3213
30545
10800
572
2446
24814
32697
11713
22747
31404
9168
21706
29719
6450
5073
19794
12064
32628
2862
6163
11925
2857
19985
4255
10134
1408
1859
25515
19659
27662
15692
16302
3240
17931
8924
29611
1263
22975
18025
28746
20342
22071
25882
24366
3114
17724
25828
17539
19540
22918
14835
24278
17179
27948
15179
14634
24394
17503
10927
9032
12884
26712
29633
1110
18582
11919
26220
15275
22235
16430
28799
994
24869
13765
6810
3117
16043
6975
19534
15340
7966
28693
7040
21631
30000
30657
11022
25944
27223
28278
23734
18004
16334
30222
23091
3147
16606
20292
14760
11238
10843
13091
16706
16048
11121
24766
3609
7792
25505
13090
8792
19127
518
21385
7838
19637
27101
23504
10916
3408
68
32043
20767
20856
1858
32536
21224
20660
10760
10897
13658
6657
7798
30086
4091
15069
32737
650
23903
23711
18196
18637
21322
19465
916
30794
1557
7968
14889
28225
23379
27963
3225
19944
4020
19803
3767
4446
21545
3770
27804
9952
17992
24487
17973
28223
18419
22160
25598
10897
31284
4449
10508
15399
24428
24333
26193
14016
26797
10089
29468
10236
29284
1345
11999
8724
29755
18086
20533
24263
26685
18309
9507
3736
11579
23166
10398
10294
26735
13298
4430
19516
10848
2910
15762
4378
23301
26344
8388
19283
12589
17720
5566
9706
14623
6537
15005
7958
11901
19968
14789
15677
11630
16444
9253
4128
32507
27694
16572
21076
1210
14635
30043
16113
1962
7487
11437
28558
28255
2757
23926
22124
7775
23604
5912
10481
3275
12860
14171
20056
16962
30738
11629
9896
22018
520
28200
15842
9296
31328
32148
16255
17435
4194
12717
15897
32732
7596
4710
9065
21952
13770
31469
23665
17161
21510
24625
5626
24241
7041
24738
7489
1873
23939
311
14574
10306
23056
15286
3653
23042
28348
16944
26272
25049
10176
7114
26909
21692
26444
32452
7316
24945
5919
2995
17868
1524
6230
19985
30190
13338
25985
9720
23865
10612
6908
32555
13816
32374
22909
31062
23473
12504
14057
26007
25248
11581
12652
15676
17251
7187
22728
30159
28407
30138
8685
22096
24291
8680
6347
12737
30131
9804
25700
10984
17320
10353
20773
25936
942
18150
21878
18321
25742
3484
17552
13009
29285
2447
9102
21387
13397
16296
21703
28559
21114
2786
3420
21834
22560
9645
18701
20552
26163
25232
12369
18167
27126
22545
9381
26030
11256
985
26404
31469
19269
10516
3416
26855
30937
28183
14416
20541
1882
32069
16882
22541
8966
11571
21651
14123
17898
29706
8389
25262
15444
10797
9584
1455
19852
24604
15909
9805
23743
19353
27566
7156
5692
4105
2794
15072
31971
26140
28120
22748
27609
26288
2801
3920
24705
31987
14011
24186
8360
17352
7067
5628
4352
21101
25578
9879
20432
15450
19020
16694
26601
18540
1085
26414
12252
9026
15085
20420
10602
4328
1614
18160
30012
25010
7787
26976
11989
11883
14075
25024
17604
8111
14646
2873
8478
17558
20455
7479
13867
15507
31171
17520
17248
14491
5625
19746
26253
6025
7946
17051
19800
8641
2011
10239
6890
10259
28425
11846
21992
2531
7292
2948
29349
26247
32063
22381
19862
32241
4494
4376
10758
1166
305
12803
2314
28269
18953
29272
27832
30116
15593
8814
23444
24560
15527
15763
14411
18331
29554
6665
16804
27555
29285
23118
20147
19224
28509
928
6992
4038
5384
24001
14535
3092
6463
32760
30417
20524
3478
12120
22723
6748
7729
29252
27398
9916
13017
32051
3271
8722
9806
23729
495
17394
2015
167
24918
21546
6969
3291
13107
8029
2685
4794
21464
7917
32405
6230
28316
22558
4551
4267
9496
13945
20618
10534
13974
25967
15513
4200
15302
27967
1607
6727
19123
5914
28690
25877
5878
23684
4218
25637
25129
26109
26132
29580
20639
23777
29146
22821
30290
5261
19397
22232
12317
20163
26014
12827
7468
8016
28689
21688
19632
13035
5635
27345
29655
32097
549
8738
16379
4847
25289
28295
6426
12527
24565
30654
26758
14776
14262
5229
14301
10175
29879
30311
15420
15362
29458
27691
8624
27558
10086
23470
10989
20702
23594
23130
31043
8976
22849
1622
4301
31283
10702
1288
27884
24956
29769
19160
14579
32057
6355
4151
292
18429
2502
6112
28636
11005
4753
10846
27402
30138
195
27343
9701
30944
25445
26855
31455
18542
21645
5176
8660
26904
304
29872
5768
27882
25400
19555
17232
17197
25046
1674
17423
16270
19482
6092
21860
7293
25025
13245
17442
31956
24142
31653
28929
12473
14940
2690
15507
16837
5938
592
28537
2662
2200
32391
29398
23681
12521
4070
27908
31580
25450
9583
5766
27836
16602
1715
23358
25930
586
17231
7136
21563
26159
15287
9127
21040
29622
10034
9799
30555
2135
15142
23074
23780
25517
22422
702
19851
9605
23785
32631
27022
29237
3821
12913
16845
12591
10523
21457
11820
6613
2077
1325
25401
655
3213
14656
2831
9755
6912
17379
25978
21285
23875
9785
13147
14872
10468
27433
29006
19763
12020
10257
9611
26335
22796
30136
17674
10816
30606
30085
29675
21002
9517
14063
9492
24982
944
4405
23836
27701
13810
17743
7272
26308
15150
31780
13459
14208
3961
29949
3347
30748
13712
30778
6938
7697
3540
25156
4283
32054
7827
23234
1870
22672
12681
3088
10517
30059
27303
28396
7712
25769
15379
32371
16493
30299
23407
26701
23380
2958
7262
3364
31266
14951
21572
25946
2565
30835
11086
7675
21288
16184
32435
496
3358
24336
14393
886
4740
29751
16122
31183
30690
12834
25960
26423
2515
30994
30863
23322
30310
27114
21658
17540
9667
27709
8857
18649
1554
23212
9089
29382
20120
18799
11380
19831
32291
6961
14403
16395
6313
22561
12850
15685
26668
31558
24059
7044
17632
10770
277
10485
10384
2619
12597
20487
4414
10694
27670
24607
30474
11621
23670
20110
22869
14594
28769
960
10021
18076
9393
2229
1739
24402
10710
10421
16580
27325
17875
23360
20958
2179
6025
2629
26779
10281
7992
2196
20954
21289
12355
19604
6324
23877
12339
17209
23973
28442
18175
20273
10476
7928
25739
18526
15412
3057
16238
3977
10099
12080
12536
2645
9491
22413
4724
7025
336
862
32682
27410
4321
3215
8872
5025
31450
23285
27842
1712
22993
4319
24792
15923
30783
26094
21207
3565
11306
9255
16514
10536
5633
31559
10099
12457
18120
7766
31836
23779
4468
24447
10131
6251
2969
15903
10958
7852
322
6940
21547
29404
24608
1912
8819
17199
24040
24870
16031
3146
24054
12828
11931
4346
23094
1449
9547
31270
21316
10249
5068
13058
3026
1079
24572
21894
4939
5122
25660
15135
25525
5731
7284
1444
5852
14
9304
13451
30381
23111
27370
6749
27872
1015
16192
18023
5594
2303
6792
14003
31441
972
19273
26166
14129
15659
26092
2891
3390
32351
7802
6752
11771
18802
28583
24815
14411
27592
13072
19633
13143
7930
3777
13070
2095
11233
23546
11479
16052
17392
27443
23095
437
1223
18781
8935
11864
23046
27243
18082
29372
12639
23825
20953
16348
13552
27595
19111
4791
32719
20258
10759
22702
230
21803
30021
29485
1
8784
2994
7821
31013
28498
31900
16441
16932
26767
31101
24592
11886
4737
14451
20747
9514
22408
23280
19744
23941
8937
11443
2150
13642
11542
20215
32633
21940
23856
9194
1312
6784
25546
3680
21293
28485
29424
22985
8869
5896
14183
24160
3873
4619
30519
13734
18804
5607
31079
4879
23950
19418
6920
5371
4001
18786
13685
8679
5250
30475
14808
9701
10577
22917
9712
17481
20060
28921
13842
20902
10561
8861
30830
10745
21075
24711
9620
14115
4415
959
25143
15261
19696
3223
20016
13671
12975
15679
1221
27969
22671
17044
29228
1566
24328
24377
8779
8406
21986
19689
27842
26651
26708
18443
8747
6318
5230
31111
7840
22994
29108
13017
25982
31234
19212
12388
10857
25567
4058
22024
27537
24428
24681
6646
307
29565
14733
4547
18018
31597
902
21948
16135
17680
2088
11898
24359
19176
5177
16566
22372
24220
18459
11102
2759
22437
23466
19431
4540
6731
22888
7398
28254
2768
5336
25306
22005
16619
24615
6988
13245
3960
17681
25115
18666
13421
17667
16657
3560
17680
25725
7609
14567
10855
1467
14709
3479
16880
22164
30667
23088
30355
21922
24320
17846
26069
12963
1768
21371
25934
3615
27132
16357
31837
23628
19629
6769
9754
28462
12024
16632
28556
27650
31803
8242
17949
12253
27975
23928
2634
26513
20662
19918
15007
24272
11647
24096
19171
19092
29639
20684
31632
4797
12282
29793
17798
24316
29723
14246
11775
27377
27480
16095
5830
26000
19426
24139
24228
24521
6907
7665
26139
3688
30545
10909
19543
25402
23946
22565
30818
16753
6944
6384
17047
20809
25455
3769
21081
14060
15116
6289
1029
12435
11609
547
27428
24559
86
14396
17638
17095
23226
9867
28364
7906
4163
8869
13732
25895
2122
2123
4282
20483
29338
27376
7501
16651
16002
118
28224
8675
2089
10553
1042
19550
28706
14670
272
15846
4416
26381
28105
6687
2220
716
8643
16583
17460
23534
9324
31457
2790
30493
6739
786
29662
31187
4760
27979
16220
28447
18594
12712
17946
18854
11791
24216
29404
18152
20721
13887
31304
6084
29239
15128
17656
29246
24681
28639
16334
28801
27289
20142
1671
24864
32662
15206
7315
27809
19810
30032
10276
13372
29926
19460
25478
19936
9701
7050
14510
16759
14127
21440
15125
27499
3863
3835
29639
26729
28710
31729
13238
28261
32273
7895
24661
14046
3817
11718
28258
24163
7314
3171
32515
23894
27254
10943
21269
32240
13178
19324
2241
29573
29746
30002
22352
30473
9552
4880
15680
3284
31331
2247
21655
22434
30910
15779
16759
7390
31413
25339
28403
24096
29456
31180
3617
11252
1209
23457
2928
5597
17080
19126
28220
23449
11361
19804
22176
17319
14796
22687
3468
15111
3206
3623
23319
8769
6278
4444
5910
27560
22883
14286
10221
28384
26564
6355
25509
5534
791
16498
1855
17839
25478
2431
14408
11324
26662
25352
17582
20044
30066
1264
5330
650
6137
22490
990
14409
16211
5192
4697
12229
9561
23812
9977
1963
13718
22720
20920
17372
2296
3833
17705
12654
18891
3105
31245
19444
5096
4348
12578
2048
9514
20811
18235
9958
29218
1448
3989
30658
29452
21681
10345
10684
15617
22376
32190
5002
15214
15578
28289
5175
7620
20735
18391
28963
19825
27362
2738
21836
16
1537
12195
21963
14812
2807
23791
8098
21611
2904
17124
12980
23961
29917
4717
19989
25282
32705
16869
29060
31796
23658
5161
6198
11491
25676
5617
4310
27231
21003
1376
5833
24836
17631
22489
4278
18544
4925
21013
6214
23611
12468
26226
12072
19682
11029
19854
17753
15619
726
3349
29858
7888
25272
24791
5474
1470
31400
14878
4237
16509
483
18750
4853
20269
9310
17773
1480
2511
24421
26325
28762
2809
4482
18152
10021
13006
16800
6900
27663
22062
24944
31991
25579
28202
3852
14004
1345
23483
6619
17158
25682
5043
20148
31093
87
18163
20294
6151
30218
23263
30903
8024
15207
17935
7563
13549
18612
9543
5832
32710
21183
7338
28759
13106
31335
22826
13486
15336
5469
17987
7084
17234
29740
19433
8388
32044
18807
10431
17502
29518
5762
15497
31866
17350
16629
22244
6295
1322
13788
24117
7379
17709
15857
25311
22611
21871
26398
29369
15077
23194
10046
16575
11748
20906
7204
29959
29789
32652
3294
14583
22127
32491
4154
21430
7160
24647
31882
27360
6766
4167
1189
15230
23050
30800
9774
24373
5676
3414
19737
29117
7419
16626
20586
10901
21067
2229
11328
16117
22981
28605
7443
8197
11329
26245
58
26956
7287
17665
7600
4971
3799
13035
16151
16139
26805
27224
14333
11284
31401
2190
17247
12575
27190
24857
23147
18223
24233
1820
26762
32155
30020
230
158
27215
16540
22981
30600
27189
22336
1567
2030
17901
13723
19902
25403
3780
30492
12396
21479
18404
10900
30912
21752
12232
17887
28983
17097
15859
31942
28550
2314
10466
32548
10799
29192
2111
25160
3155
31534
26455
14747
31687
21196
23502
8834
17770
25368
29841
18310
9141
3699
5389
7859
5011
237
4255
26429
27507
15114
6731
10858
26780
14791
23728
17323
9921
24536
20027
13324
13782
1076
5532
17615
16930
18899
4726
15700
660
9398
24155
12349
24922
12329
23031
9167
4784
14917
6795
6554
3574
10424
19358
14684
7430
6857
22767
8995
30148
27798
29869
11442
4599
32672
19946
3622
14679
27786
2894
16857
29158
542
24072
7047
19076
13713
16650
23215
13246
26632
14454
15420
23272
9562
9555
20325
15211
16408
389
4562
23135
28363
6140
5888
24669
20092
3371
16102
1422
28282
19388
16345
1032
18775
10626
1965
1115
20276
22703
14365
14438
25918
31047
17004
6256
32377
24276
26189
30324
12733
24156
6145
23483
28926
14480
4543
25776
17872
29766
5208
3825
14121
15657
6939
11682
15465
6831
1782
30726
24985
4940
1247
26192
240
4070
13170
20662
13724
5000
19420
1224
27583
7002
20983
17664
12727
15057
4022
26266
11938
18467
24516
421
25121
11518
2920
26459
4445
12153
16300
21166
1352
18251
23998
1827
32294
21306
10902
20963
75
17111
8665
8464
24102
2153
28670
9557
9086
26407
22447
12737
17916
29098
1650
19925
16106
19617
7304
11739
29242
2503
27669
1402
1738
12050
13186
26760
5094
15917
22304
11807
18447
20521
24078
2547
27898
6512
13916
20450
27868
27130
1136
5581
15589
32195
425
10151
20746
12668
11843
459
32008
28544
23163
17811
26278
26891
19187
23590
27962
28582
31831
15249
10862
742
19009
538
28740
26198
32090
23504
26712
21426
1219
26215
14438
7510
24243
1859
20491
21749
29793
26579
17360
19086
27940
3104
22884
30620
15576
14246
10537
10894
29061
5218
30962
1654
1083
20524
13324
11013
12608
9287
9339
6327
7022
31543
20869
9547
16086
10450
10101
5238
30377
26778
19609
10456
6745
5706
18317
16687
30203
21679
23227
21963
8688
5817
14627
27202
32196
16082
30808
18276
21078
18542
25547
4465
24377
12260
5452
3722
22363
3196
30414
12646
4324
4297
4459
15430
27745
25913
19880
4139
14114
4330
2297
31814
3296
25791
9352
8624
31908
7348
28978
16219
29923
11118
7378
31305
15086
25623
1219
30203
29066
30312
4512
20781
29402
28935
78
23232
390
15892
15421
4856
5398
19966
12010
19687
17823
25756
10409
1065
6818
15481
18081
15058
16689
29807
31256
29605
27987
31607
5361
7303
27306
28351
32626
32051
8275
7677
31563
32302
3086
10756
6100
23550
30879
29076
15255
6807
29556
16503
26382
19734
17799
29897
5294
1457
29574
3736
23076
494
2354
23981
11998
26388
13317
16808
31693
8927
28951
12371
22633
17528
21058
30256
6390
24996
7812
25940
4614
23612
20902
26232
13632
7133
16155
8270
27487
4064
23595
10513
20350
3469
30033
30304
12178
24203
21217
32588
30264
5019
4333
17584
25009
28551
11882
13249
11306
32340
6031
5861
2369
11455
12158
2249
7366
29672
7462
7597
20158
27976
24424
14083
8366
25320
27768
13625
26646
12245
24711
31699
4667
1231
32671
31676
21801
25921
3790
14302
29177
28790
18566
30704
27728
19209
28740
7567
23336
15517
18800
20369
14035
21967
30084
28566
18492
12905
32113
3551
7537
11224
2623
20324
10078
4065
4339
31264
25819
12175
30133
7088
16106
23152
27186
32284
31289
6657
2880
24309
25071
16742
448
7328
4005
9566
10953
19953
29873
4215
2819
30716
2219
18302
4432
22055
16682
12858
27826
26756
14031
31834
31081
15454
7045
17067
2395
8978
26118
8334
3001
19232
22178
12714
22496
28546
14652
23518
8061
4413
2197
30073
19445
28469
22221
7086
19204
12357
7974
19778
3748
29583
25868
7560
17456
15121
17490
5007
1737
25722
22207
2458
4345
9275
4809
8400
12694
14048
1952
7477
2025
15521
6766
15833
19216
29492
10461
25936
8353
16870
13531
9825
18064
19434
32154
2306
5203
31985
10714
7045
5955
17403
26474
9228
20038
28780
9196
1602
18603
25954
17114
12621
11349
5958
29894
10750
26396
1953
5094
1355
3952
13105
10703
26368
14399
9789
641
22705
15385
11045
28836
3315
17299
18237
10001
25292
2793
31195
19348
15719
10983
29103
9968
1036
26889
11347
5668
24144
21217
13347
8429
137
10425
28751
22924
7301
23418
15151
27081
19068
8652
13014
28984
32322
26751
30697
6331
23745
8746
20146
32584
1447
14865
22128
25581
9564
11852
19185
12561
25399
5414
1123
19708
32753
4548
10600
21402
14426
31751
18280
7547
16458
16306
17707
14367
27099
14032
25511
13169
19669
848
16662
26769
618
11251
4684
7638
18724
104
1608
11284
9499
2229
2057
2330
20587
984
21155
23423
4069
14766
2961
31647
16389
9237
22349
1504
11812
13133
7198
25146
4591
12709
26417
25846
15128
2643
10220
27829
18252
30627
13695
8629
29796
23636
21180
14928
25311
19518
9256
26821
23696
2105
19538
22075
29588
28987
8803
20227
3463
14016
14071
1054
12023
17519
6955
1535
6937
13050
7671
23697
7099
16454
29631
24700
1402
4812
31780
14757
19509
19519
6688
9971
15298
12142
21074
29529
10463
23917
9110
15377
11883
28143
19929
27685
19158
26359
31532
4404
29142
22448
32534
28019
26203
6808
8239
27378
28870
740
8170
21537
17749
31009
29875
30098
12002
19223
27194
3328
20942
13042
7182
10641
6968
22948
32365
24920
12402
22661
26971
30
29365
32316
23025
4962
27411
23267
24056
30622
12974
22374
23990
19148
11048
23596
14344
26665
7002
19194
25777
20793
1097
20500
4338
10251
16981
20133
27227
7870
20148
27744
3040
68
13599
104
16687
13926
4555
26989
5185
28936
11163
3864
22831
21167
32404
4778
11336
17984
19089
29408
5728
25099
31288
10009
19306
31751
30252
30138
14154
21343
14468
2514
19684
29486
13437
3066
19321
12935
26219
17024
28211
30137
8182
31940
14846
5329
25730
19937
23962
2912
27119
23184
22510
21886
4483
15946
22688
7694
27940
19373
3810
8772
9419
11297
23183
28261
20533
8891
4982
22478
6364
30306
23286
22584
14373
18224
11211
11834
9691
21274
7207
26383
2780
28116
1540
13722
19474
12271
2489
15015
16805
8517
7884
8820
28271
25238
9992
15216
19377
6771
14287
27202
32004
10587
3505
7949
146
26917
24125
12275
12165
31645
31766
15576
8896
27762
330
104
20429
10832
29664
12891
29207
6985
6320
24311
5210
20601
26744
22487
20055
7402
23339
8684
2764
5045
32140
1217
27043
12650
1276
7939
4714
13490
21904
9280
2819
27187
11879
10223
26269
28596
28731
6577
24803
12930
12853
22230
14706
11538
6406
29987
25489
10215
9267
10962
24092
438
26032
30683
18370
17097
22449
29810
881
32673
17597
26833
269
20191
30212
4663
32360
22117
7154
14641
21615
13240
9476
32024
9377
17320
30427
30939
31430
3380
15759
9470
14045
21416
17733
6883
21334
5128
4612
7497
23425
29105
10692
2578
9799
22078
17608
6473
10520
18601
22574
3427
30500
16306
11973
14533
16590
29573
1054
31879
26461
29335
21990
9336
30965
32209
24434
17506
10439
28656
29596
31375
6020
13356
10446
15243
23
4119
2908
2860
7315
17609
18967
18128
22378
19258
4383
25830
7393
12271
1784
19888
24768
20953
8160
12614
11342
2170
15200
32479
18556
30025
16418
24908
22625
1112
10754
25797
30694
24628
15975
10728
12995
23820
23252
18943
26538
7958
4538
20610
27585
47
2449
28125
598
30914
21030
18290
31951
4074
9271
2274
5855
5851
16189
6792
25344
13182
22921
8519
23325
32347
22162
11142
27022
14268
14222
12152
32330
22543
31295
16033
1112
32653
23056
4758
19335
2329
10080
22276
14943
17515
10526
21747
23639
7021
15510
25420
8265
9957
10122
16537
23330
30293
20613
14861
25310
3871
20844
17348
21940
26349
6230
26187
24973
23888
2717
9571
8123
30888
24118
17410
22760
27203
7485
2459
17740
7625
2004
27807
7460
22487
18478
17988
3423
10218
11495
29573
25754
12671
23959
1898
3150
4216
15782
29321
8776
23746
29026
17357
18010
4405
14670
26230
28753
22971
6077
353
25126
3253
29856
23434
2681
21402
13213
27087
27450
18145
28769
27127
22698
290
21814
12018
9346
28024
16344
610
2417
21801
10372
16219
27340
28809
32595
2663
15490
32539
29638
19150
10062
11002
23202
18708
15664
15223
9726
5826
21021
23300
9114
9066
19702
29777
30066
8933
1207
27316
30867
10463
32241
12750
3630
7574
7290
2156
31467
28638
7522
23211
20607
10345
27946
3936
5505
16965
11825
17590
8057
27814
879
16409
21307
6630
29541
5459
16243
32714
30548
18677
17792
27911
2734
29177
17542
6148
20170
7845
31422
19170
5851
179
4369
4282
28707
9390
1254
18469
31332
14495
25656
16130
9368
9705
4075
15219
8673
626
30816
5673
10947
7427
2119
18914
24209
10482
12724
7215
22821
19710
20853
17275
20692
6522
23716
11849
20642
10670
3192
20413
25265
29818
31840
5470
16128
4156
28243
27162
21074
28148
10593
27275
12651
20390
9871
11896
19586
32256
32737
19359
30452
317
21944
30129
5942
24905
7774
24479
4877
12582
5088
16916
19457
27022
13340
11074
16399
22234
1818
31714
8862
7714
8096
13686
436
7590
2560
32210
19306
11372
7477
31706
18333
32043
25134
29069
23015
10344
1386
14147
8141
8671
1733
31794
16186
7460
7058
28727
31021
9610
30441
15060
21678
27972
27714
25461
30214
6090
8259
3831
30255
895
15319
13930
20106
22160
21888
15126
11472
21279
1262
31677
17227
13985
21712
20256
26950
10372
1770
1988
8130
31765
24168
25846
20074
18850
25714
5389
19657
8923
23296
11503
3003
26238
20976
14551
29473
30516
4694
19029
18393
22966
21523
10134
11758
32307
29097
32741
6923
14582
3661
18802
19766
11844
25150
11346
6586
13699
8534
7880
10341
30626
12254
5827
28404
19636
6567
29863
204
7390
32598
2896
1771
18548
28160
26965
29725
23391
21751
18313
18803
4034
3555
16584
32497
25565
11028
14064
25735
18225
22
2349
3907
8932
6278
32634
9924
16744
4389
3940
9970
22872
1835
24081
27116
16290
4574
9090
3650
1259
31330
21269
3429
559
9683
11598
5723
6312
26001
7894
183
10482
8667
4292
27593
1388
4768
3612
24082
25569
31377
25237
30970
4712
6267
5792
5318
29576
17108
27813
22724
1440
24980
17296
9160
31110
14918
652
22748
7279
16990
29198
25652
6415
27597
9750
3168
21505
8147
23986
25541
26472
23572
31683
28238
471
9711
32003
20319
11374
18443
3911
5131
15430
3634
11778
28038
29456
29539
26635
28637
4856
30242
12960
10468
27088
1811
28074
9072
5994
17863
32066
10951
4933
32726
7285
25173
13676
9774
19780
1441
18076
11434
2543
25727
23461
2023
7028
28550
18
15699
14674
26820
29708
14726
22162
3249
380
24790
16392
18274
11376
3621
28631
18943
17088
29694
14899
5239
3825
5089
14187
18290
12889
16346
3878
21128
27268
23128
2284
21168
17879
18493
1513
13563
2931
18738
18414
29058
23133
10813
10681
29340
17371
1685
11382
31829
25889
2741
32390
10268
17452
28079
24446
18620
29679
5315
1395
19086
17325
5424
26485
25580
32166
2122
4441
10728
30965
26061
25788
23870
697
22641
27460
904
25203
16574
7721
8369
32175
23074
18164
9388
24295
13889
23943
24934
9124
652
1886
7417
5606
19477
7188
5154
29894
13729
21289
245
12378
21503
32514
31183
7385
9369
31025
15501
24831
21065
9207
14843
9139
15470
9479
30095
15592
29758
15757
3416
28097
9310
25455
32305
25592
5808
32723
30778
3200
19564
30433
22409
31081
23666
23754
5404
24325
3038
31753
17426
27721
21725
4329
28443
629
20416
24135
27182
4088
12879
32665
27770
4749
22880
7215
1694
1195
4264
24505
18716
14876
3280
23562
12043
28651
19403
14363
8461
4996
20328
20563
9345
1303
26147
11269
2810
22845
30273
27707
13807
24030
32540
6066
17076
26194
17595
26661
12968
8902
22949
31950
25521
1762
31479
5675
27877
937
29365
16126
13194
6304
29790
1687
19521
50
10179
12373
31870
31571
22040
31851
28731
100
27980
28128
30702
20822
19862
12762
25272
15635
5457
3099
18655
4121
24329
27852
23166
30824
9686
4985
1659
24735
17384
25438
3514
1634
16228
19681
22160
20478
22895
28767
5243
9552
4999
24107
6160
20451
7962
6100
23348
9816
27473
13991
7567
1803
17709
23413
9534
26099
15830
19351
30664
29130
19248
24366
8020
5230
22190
9391
20505
21128
11883
23968
533
20075
3191
14492
21250
29247
10350
27805
17542
1374
1872
6523
10922
12542
32140
4527
24205
14353
5982
29021
2394
26217
23387
9874
7031
31520
6987
20170
17407
4663
18230
3509
31859
20861
30402
16698
31916
23730
7356
14013
11028
21741
6388
17821
23830
26427
7246
29441
31699
11913
4886
725
24855
27844
2452
6671
139
24382
16096
22071
12588
12884
23032
32294
11003
22606
29968
12302
3318
18310
29481
12474
32584
25549
21477
16407
17853
5898
31130
5876
22136
23844
5541
29190
18664
18210
12033
20015
12536
14737
30488
14847
14982
27174
24792
24700
6423
24741
11786
12574
8137
32513
26335
18718
5513
21701
28620
497
6533
16818
12696
18703
11236
11178
1972
9464
11957
19405
26826
2937
29478
22241
32152
27947
9975
1271
6655
6718
13870
15435
19543
25716
29963
25453
30470
8816
9790
7838
10321
30769
12632
31869
9330
2266
7552
21987
21994
30132
9319
25867
6168
20085
29054
22518
4107
22211
24934
25101
1941
17652
21927
4361
32416
24088
28838
26896
26309
4921
19921
3104
15643
993
2589
28849
30285
2525
12466
27542
28912
12865
24548
4389
25107
18348
14950
12695
28695
20941
30906
29874
28609
11814
12012
22693
30605
9744
6784
6195
15685
9728
3241
15379
29139
31240
17596
23447
3924
13217
20195
20621
19821
7335
15126
25187
12258
23461
16455
11406
25444
11603
8157
17451
23723
22365
23908
24807
28101
14438
7811
3357
17838
6477
18222
8511
3616
9135
9756
3703
7084
8621
17788
15502
25610
27375
13284
32524
11950
8936
22922
26017
13211
11356
11702
27587
7292
30240
24695
19353
7153
1314
19606
30744
3879
24489
17864
620
23979
15837
5927
28313
2944
9097
17891
15202
12655
18208
27701
8554
20382
27134
16533
19865
11876
1521
7469
6849
16732
29688
7053
3713
16568
28746
6304
7530
27864
8090
13535
31329
12316
31130
9412
30020
4854
15550
25986
11473
13891
20290
10739
6083
18395
12654
5074
10557
9574
25881
3370
5228
8562
28268
22030
29545
7875
20968
6795
21852
30186
13226
9435
30695
22810
31726
32731
12226
10806
9427
7616
17570
30510
5470
22277
17504
4236
11712
21927
4439
28234
26844
16533
12302
22247
14084
15202
6167
31930
30211
3646
3126
1413
10849
2596
15814
12365
24034
32085
16217
3433
18256
19460
2719
31962
8058
339
7561
26330
18301
27774
29357
25271
9282
7766
22765
16354
21320
23282
28243
9539
7332
21409
16960
15056
17990
15650
25286
4446
11389
5656
22866
15543
17342
12728
23182
21484
26529
23237
11653
19437
6956
8894
3593
24662
7764
12630
3665
32396
31937
10276
15335
26377
31186
28316
3010
30964
32225
31294
20910
23541
26824
26381
18165
31815
28067
29763
25656
3343
23512
14659
4766
1260
31061
9935
30769
18639
21017
10363
25476
30989
8438
31329
6809
5298
13717
1815
4355
26393
31674
25054
18760
29625
1993
12572
25993
21570
19594
7437
11109
15593
24105
5813
32538
6911
26241
2841
6637
457
11929
22190
32717
22924
24943
3346
30771
1255
27637
26874
3660
28773
7770
30828
23642
16467
29322
22830
9816
4303
7160
6526
2012
31778
17563
4355
14658
23376
6966
17924
12295
29933
5853
13016
7795
3633
5045
32669
5755
4687
11515
1069
21477
17411
30792
9806
29101
11626
1555
26665
3752
16919
19319
15102
9575
26467
22838
27157
7006
22276
1023
12792
19269
4066
25068
22495
3775
18726
16719
21868
2874
7059
31918
27800
17942
21785
20492
14318
17417
10919
4970
2807
14274
15426
32398
14069
972
8020
23043
2003
5046
25414
16737
3421
20593
17488
23247
1197
13305
144
10181
30181
16439
858
21271
23076
23847
23248
8239
23986
25142
11186
24473
4734
20206
6007
3270
9931
30420
18588
30985
29734
9361
6460
10214
31387
30801
2017
16524
7208
1385
28314
14496
11378
29500
12365
7228
10423
9567
20559
5944
11268
12027
10290
9128
29608
5491
12254
421
2024
9799
3043
23633
23796
25657
22030
16405
26
20398
21563
17965
9530
3670
4457
6503
10362
13839
3348
14375
22586
16135
29887
6063
6987
24865
7120
3229
18267
24731
9632
7349
15284
3565
5587
7649
5159
31988
15077
18038
2114
14159
9990
4793
19146
28170
11048
9122
32101
28281
2134
31456
3222
24167
19271
14364
2030
881
1587
15234
19073
6572
23781
20862
1944
32142
5906
19395
4005
11531
11497
11154
24956
25598
491
16697
23487
22475
16893
25818
8858
22082
5307
11373
3505
19399
6928
17160
12887
29872
27395
17758
24065
15855
32212
18311
5370
6385
17480
26623
26968
18118
21825
5104
15918
24193
27281
24756
19203
4834
8208
7829
29571
31538
10477
2264
18293
25455
28481
14075
16109
26537
20970
13114
1731
24236
29846
23128
28995
22495
22046
26779
24358
12396
8470
22553
13506
929
27298
29746
12157
31383
21386
18014
12167
16145
16273
16425
18889
5542
5891
18043
13848
25379
18062
541
28079
8491
29010
6521
3548
1568
2363
14241
21241
25671
16783
1171
16286
1062
4035
29372
17429
32305
11923
1466
31246
22438
22354
30310
18580
26294
9598
22546
1088
16869
22679
8975
24493
16051
26673
18547
16427
17276
7753
13080
19128
28829
11221
23016
15660
25816
27550
18264
26547
8442
18258
14899
23168
20154
29397
17305
7104
28389
29145
1607
31181
12984
7086
31513
19877
1165
4443
24268
16794
955
23021
11529
28747
30647
6415
19615
28626
32383
5083
20753
7487
31288
30704
30032
15430
533
6341
13257
16180
23164
5949
8098
19239
14436
10107
25409
19583
21506
26871
2063
12176
3748
1233
27515
4505
12253
1638
1345
32250
32226
8738
25324
2977
13620
24213
31897
28358
9087
21448
18175
21208
27074
29905
9900
4279
10673
6053
10385
5411
8792
12078
9153
2933
0
27549
10358
8332
25430
13570
24661
29195
25546
13337
17395
32194
4406
23911
18839
9577
14528
12934
28994
6804
28929
11710
20972
18147
12647
3029
3089
1145
30935
26663
17772
15024
18327
24313
4611
13067
28780
10762
28259
14957
1279
27499
12077
25224
24965
6801
2513
30615
7071
18345
6810
32336
22655
10539
3051
19988
20045
10162
17096
7018
29897
23563
13463
1707
10545
13195
18984
767
18789
11942
29684
10631
2633
28094
21410
19676
3435
57
7888
24761
31206
10710
7951
2548
7302
4673
29487
27315
21292
4837
30142
32476
18292
5889
27851
7373
15510
16894
26351
28238
29834
20480
27023
30147
28784
25787
21595
29607
4142
15496
7706
16437
21851
29623
20138
28008
19804
22567
23106
17702
26316
30997
16891
30648
13858
26930
7567
3710
28045
26360
29280
30433
3107
24381
31676
14728
2107
32265
18527
12751
30999
16805
20793
22901
967
17396
28018
31892
3913
11782
18348
27095
1013
2539
14472
29415
6681
26309
10859
20774
31712
801
27266
17056
15992
29064
2819
29503
30323
27472
15030
1598
27502
17848
13749
21471
12017
15669
13168
12129
6807
2822
30195
18732
31087
30990
24172
336
24737
26595
10983
15917
31573
31523
16733
7027
19920
24583
11245
1358
13280
25146
10857
5082
7803
17131
32020
15069
21667
1569
19626
8629
15244
10830
21409
14223
27137
32296
11439
22490
2820
2228
27276
4860
21429
14243
23801
28483
4213
18402
9985
13854
3402
7277
2687
8589
23941
30564
3296
32214
18083
18784
22826
4986
21106
2823
829
28007
19573
21726
4186
20335
11912
10591
26849
28921
16583
9548
5983
20470
28845
2626
30919
12311
9081
22417
16896
6717
2006
25931
32416
28722
10938
13723
27896
26774
21391
28760
23376
1820
27537
15578
27251
25846
29815
28173
22895
23949
21077
13507
16022
29558
27841
19535
20936
417
27445
21839
11253
3284
4276
21193
8157
18776
31408
32122
4122
10483
18220
24938
26209
1302
26142
31172
4101
14678
6679
16101
9148
16928
27685
23219
5286
13225
5881
30512
5771
7461
11589
23375
5989
11321
32616
18950
29214
9394
1101
22436
16026
119
18832
10597
25336
19388
12003
21315
18965
4473
28849
18448
25426
27675
17921
4034
20376
3705
5532
14350
24473
22793
1650
13112
18264
20308
28474
6441
10987
423
26969
32450
26751
16140
2821
22384
17310
9080
3242
5376
21933
22086
23948
31157
26553
3300
27567
20632
6515
9677
8948
16
31096
28599
26500
10930
29398
28941
3953
21082
13260
17311
8091
12667
29138
22681
20433
16051
11993
14513
6713
3747
25556
5285
23026
2045
13431
14821
15607
7646
4159
16268
3399
1119
25778
32661
5443
4967
17640
12364
9047
19395
10826
12802
28892
12920
12954
25861
28733
30295
32564
7120
18009
5075
6547
32126
29481
27408
278
27781
28067
31804
17924
17824
14046
15906
21967
2829
10358
17148
23701
20473
562
8073
24556
30777
31460
18528
30431
8250
22673
22916
17204
16699
21458
31800
4081
26041
19066
24341
14622
555
1401
29785
16587
17904
5633
27266
13653
30854
3559
4892
19686
14076
5963
11223
23099
9642
12155
15836
32426
27167
2325
1889
15715
347
22892
9083
21494
17983
5421
25652
31765
15425
24643
4830
31387
29284
13559
2727
8142
4712
1628
24941
7393
28733
25066
4819
21182
11710
21609
24980
32258
18076
5649
25367
25672
6296
16879
26948
26282
15350
7306
16023
7557
16430
11719
26738
24957
8420
12810
25528
26049
1818
9886
3991
18320
10917
30039
15013
14077
26589
885
1583
7407
23961
10188
5069
25195
10075
19490
12602
15638
1991
15833
30307
9461
5978
29134
2494
22392
19288
16256
32477
2999
26886
22389
835
15355
14618
30937
19830
10368
3952
10857
598
30585
31486
31375
1196
5717
12810
2766
25350
16449
3738
27233
22467
19950
12077
1055
3946
12948
4008
9122
10560
18999
11923
21928
9753
23849
4741
10169
14702
31952
17373
2827
12464
7593
3763
24226
25820
4749
8463
25787
27216
19763
22872
10091
29405
2039
22799
4228
5661
15577
12221
14520
29702
3529
12841
12801
26048
546
20943
20800
12468
15732
2190
15140
28646
4998
11425
14413
10116
7579
16592
5297
14015
13557
5351
3647
7129
30360
19048
5827
15999
13392
4477
27914
13402
30453
12848
20806
13281
30190
13790
22707
10609
10228
17641
9339
8863
20760
3246
32728
973
12808
16823
10616
15355
15502
4657
19493
27360
29017
7328
27301
11577
19200
16081
17119
866
23108
20752
27712
1571
30614
8604
13661
24012
11737
17496
1242
12164
17000
2755
16778
29918
32347
14378
1495
29101
7430
17949
8805
15386
963
19743
13298
2803
9970
26017
20609
15942
16445
5426
4023
22063
14881
7152
29317
19438
29865
13890
28167
316
18301
9929
7596
14816
25884
7315
24728
21373
870
18834
26182
12206
27997
15693
28274
1108
25132
22486
16438
1583
25961
26876
7283
8620
25751
20417
12146
13822
21999
11791
17867
1648
13408
1190
18566
22010
31956
19289
17537
24850
4277
22906
273
10692
8623
12947
27116
18949
2744
2902
20551
16453
14926
6871
18235
27203
4608
3065
8045
8741
24368
8998
17902
12744
20759
27716
2656
4181
4106
1252
4187
7701
23035
22204
28687
21126
18498
22103
18986
4270
8862
6667
21244
5551
25462
23852
6360
13724
20837
17279
2494
23179
20982
28913
31800
31211
22956
18825
16258
29720
7494
28060
30445
4653
26688
17984
17541
5658
15517
13826
1778
4342
8164
16860
11932
29590
14697
18017
28179
3422
9677
3387
18861
27991
9160
22231
19057
22914
32294
11359
22579
20588
22288
3561
32513
18691
14477
20718
9150
9384
3657
17149
27661
1925
27796
25776
23921
2849
18605
20704
30642
32561
1601
9237
20098
11442
32303
30784
26208
20276
25230
18605
22717
14457
9201
21043
861
21054
15337
17326
18177
29273
204
21167
6467
13572
26293
2161
28097
20857
20940
23311
14973
7359
24008
26357
7044
11971
16050
23700
22990
23978
7915
30299
22886
870
7792
2786
13002
16775
22365
3944
31637
14164
2992
7807
603
24091
24656
22278
469
32709
18766
10072
3902
31661
2922
22723
18428
19891
30425
28476
643
2956
16197
12624
1655
19548
5398
27742
4112
11910
25584
18692
8899
28610
23164
17367
28447
19313
8044
7767
20469
4910
22457
23586
8891
13734
25135
8295
32562
10153
27692
32670
4679
25473
17317
6518
8247
29314
2665
3855
29175
13538
11946
10602
12755
23499
19641
17438
31573
18863
24081
20556
8808
19676
22935
980
30141
26704
10528
2249
110
7886
6196
16675
3810
29745
8210
29364
31472
6401
13555
28510
839
29764
30867
3458
12813
32662
30190
1211
5830
10620
19015
717
22392
12790
24431
3288
23820
13651
6980
210
7928
22857
10360
19251
21019
20549
15508
9458
32488
9984
32572
28081
17095
4179
30388
30261
16568
9036
7587
20248
1338
16257
1559
28610
24939
2980
11722
18837
368
16984
26532
7016
16919
16707
32384
6455
2491
3685
30003
15384
10345
18344
1994
20081
832
12472
21012
2153
3870
21268
16225
20636
24185
25702
10120
29971
18058
26384
15663
28787
24497
14599
12614
3956
25877
1252
12245
2709
14219
18744
6648
26639
1977
27168
8487
14855
27515
282
10171
3335
25221
24343
2734
6831
3658
29906
14499
5288
8477
5471
14886
7130
18582
18183
3892
14303
5944
5715
1534
25271
12624
8039
28394
31933
16672
16785
20955
15577
30269
12578
2226
28920
5174
23421
25365
8889
21622
20845
14191
29801
8044
11196
1335
18994
24809
7681
3190
5007
31689
11193
32387
18691
8405
13209
11281
29195
3304
17699
21612
18257
29265
29816
31232
17698
4473
8301
24603
16930
17606
24288
5620
24127
958
845
13035
24035
8560
29596
10258
17774
18959
16189
19181
18659
993
11383
32118
25569
14167
12285
5988
11734
638
707
29869
15983
23446
18959
19786
13907
18175
1491
14906
16400
9309
14650
3017
7509
22260
385
21778
5219
19796
3848
20675
20926
11323
13481
800
4648
8375
328
15691
10447
7563
6059
26050
13766
2004
14476
10793
8370
5868
13037
32330
11206
27535
11948
3162
13041
8764
1367
31357
27477
25822
7489
10637
14076
16300
31446
20759
24774
15694
31787
7335
21670
3649
29402
11846
10254
16252
4108
10816
1704
17492
22231
12331
22343
22429
2251
25892
11549
30738
16583
29532
22830
1015
12305
8916
12292
14332
12710
28516
22437
5477
10191
16386
12738
29544
22517
9025
13873
16342
14518
13592
20894
13054
26169
4581
7293
31439
12478
31409
32322
8508
31097
3766
4309
12773
20896
15902
22592
25331
4035
23054
8875
17731
20316
26083
9355
16328
3751
3516
9494
23082
24243
26168
20218
6835
22969
22913
31054
31596
21422
25993
31945
14979
30996
3987
26930
2544
20501
12534
12055
25176
20434
285
4546
32050
505
211
30057
14888
25237
10941
23973
29632
29227
3368
12325
1851
11778
12550
4004
5054
25282
29234
25368
13487
3393
11516
23853
15202
15769
25825
6129
11253
12414
18586
6353
376
4814
14169
20676
32081
9066
11087
27846
1503
10053
11633
2696
22622
25530
13948
9574
4619
4899
8502
20377
21640
1959
4599
2990
2433
28755
30569
23094
2448
29804
2188
20416
10846
6404
25597
18180
30732
9420
13431
865
7633
30249
32410
22410
16868
32650
31723
9340
22684
24056
10013
17587
13013
15855
23951
14237
19351
620
14869
8527
6386
25159
3323
29303
25644
28611
5447
19601
27935
15972
24383
30302
23772
6912
27691
29842
19348
2585
1884
6861
23993
106
27757
10445
15456
2496
8905
18402
27882
21003
12909
31906
19427
17589
5616
24797
12074
13874
3520
14804
29522
19417
14510
16037
30793
5618
5549
8970
20791
4112
21206
14915
11177
31649
3504
18001
12783
18627
26799
18277
27842
345
6650
24472
26667
27230
22385
7900
8096
20346
17391
19251
30063
11475
16844
31007
14688
11046
20135
2137
661
8726
19554
22725
24758
5316
23405
19366
10315
23711
10824
25871
24169
30334
24131
8602
1937
9708
31113
21595
24021
25282
25180
8471
12860
17660
28578
26290
32104
25285
7841
11751
25462
21716
22023
28732
12070
21755
23085
19252
2108
11005
22172
29638
26918
23457
8401
32270
6110
19972
6205
19779
9746
23347
18320
16361
15491
31737
11063
27719
13739
2294
16675
284
19362
16625
17869
7822
23874
2416
17015
15203
3722
7557
20660
27251
18496
7914
14122
5213
23258
15696
17303
31098
18591
26613
1554
4111
31498
15733
20884
4807
26479
11746
9654
21344
26336
790
26044
9636
17746
17224
211
30363
19452
8670
28567
25599
19200
29314
10968
26608
26189
21112
32670
27881
10692
31791
25706
24051
10394
30998
13247
1816
11261
9648
28641
23067
13562
15339
29661
27494
21918
22446
13769
15172
9563
10673
32333
8016
21678
19601
14691
24622
9215
28708
17498
24440
16841
20234
23841
23035
21498
8836
5826
6692
12445
2185
30509
11957
2486
4119
8759
31164
4205
24520
13794
11206
21359
10917
15327
32592
23698
26430
21585
18558
20920
31995
32212
11536
7413
23469
7870
6289
24564
12648
13221
16593
13974
12949
18209
20118
3293
10307
5842
32399
3081
14526
2469
20105
25344
7779
23380
2789
28147
16562
8492
20554
319
25509
3091
21911
23441
24896
3017
4636
846
8554
14190
5129
4914
17403
8005
6950
14903
12566
27575
19397
29368
953
28059
3574
13526
658
948
27897
10267
6933
31099
2809
6237
4811
17183
31991
12773
25325
15051
8964
18641
29233
17191
20659
12215
8420
29473
22990
24971
23353
12013
22344
707
9697
21066
14451
32184
22747
20488
29811
15952
31886
27335
28659
20698
32021
27393
27414
26681
10202
30283
2992
3909
10086
27607
22455
2414
29047
27198
13300
9891
23379
25212
15102
3698
18525
23612
105
18032
9958
20311
5179
30683
12101
13975
23199
14462
6442
16320
3038
23253
15151
15569
28810
2418
18608
14983
11773
12703
8669
24611
14082
325
27149
31853
13521
31756
22614
25593
31809
27588
30298
1193
25401
12292
16739
21107
2663
12560
25011
29028
28469
31232
27669
16613
23033
15903
25016
11326
31852
19858
25149
25688
21598
15674
17423
26311
9896
17883
1779
30215
9825
7805
21728
26374
7253
22034
1296
26595
8882
28762
21847
9206
18693
18948
19892
26896
13413
2070
550
12804
4078
5774
9920
14950
24946
31305
10752
32658
5738
31269
18781
21232
23859
25443
21535
24951
7799
27983
4211
21616
10985
34
30399
28541
28981
25383
14131
20441
20534
5661
15777
12513
22890
23005
10126
22996
6052
11324
24713
6359
11777
15155
22715
28476
25373
4925
2496
21251
27783
3329
15797
10657
3698
15921
19602
24577
25517
29106
17338
17353
25045
27389
11217
478
28105
30917
24782
28202
5214
6874
12369
30877
15188
16205
12854
29553
24201
23253
3946
3763
11629
24689
11005
11519
7350
23631
24953
30091
16469
13805
21107
18278
424
23934
26719
29186
1521
26767
4777
22257
22791
25066
26113
22764
12363
20666
5878
15385
23006
15089
710
23438
11281
9959
14964
22545
2333
24643
17436
9249
19221
1055
1668
4411
11288
6247
4851
16982
32459
12930
16710
10160
19206
28981
21056
26572
8910
19908
3106
22971
17284
2138
1403
29852
22363
13226
4674
22623
27408
9175
1826
21454
27605
17553
18197
3021
16782
6786
20276
10208
22847
29672
13518
10223
13253
3203
18871
18246
19653
10417
23266
4320
28131
27608
15666
2277
16948
28164
7310
3953
15861
21713
16692
24727
11901
29580
16207
21926
1648
13973
17611
19370
14902
24071
31080
21302
16555
19355
9485
3425
3096
26570
4192
23055
3939
25138
21395
15218
9090
20795
1920
4816
24885
29946
3321
6790
17141
8534
24153
16717
8999
4969
8031
19132
27286
13865
24381
22798
800
6727
16619
17446
25264
9559
32193
25040
17004
15410
30277
9034
22063
27800
17730
11267
6201
23066
2330
17826
32037
29239
22364
21834
9244
11206
3737
13852
22345
21908
31348
7422
28812
14413
32249
27035
30323
4000
14384
2219
1382
7838
22257
19317
22817
25443
3065
22674
2664
11769
22590
6643
21749
7801
8576
19494
31158
20083
17953
4820
4405
10640
9014
13967
25176
14710
16606
28618
4426
26860
6355
25385
15033
575
11070
13052
20290
27876
21968
18950
17193
28254
8462
17282
26190
29283
30700
5224
30812
7738
32158
23020
19780
13159
30123
28999
5610
1418
29251
15547
8477
1925
15570
14801
10445
13277
11477
19686
32632
21603
24813
26085
12774
27923
3633
25174
28950
20028
22985
20632
22648
4577
28857
30826
25693
2143
20986
19633
11435
22609
32463
10869
14293
21937
1366
2348
31242
21568
6493
59
21677
31015
12152
17850
10758
20446
20048
2679
22839
9805
2622
22334
13937
29745
24345
20312
21351
20930
23628
31826
11267
16787
22315
1792
2904
20921
6023
448
15577
22575
12927
10243
24008
20089
1946
14090
25329
4232
5139
17390
9879
734
4212
13027
4783
25586
3174
13245
15180
19670
31944
26548
32091
9495
28670
5220
30096
3557
23692
2072
25504
2163
15843
4935
19889
23457
29562
15199
30734
31961
5665
2754
1312
54
14227
8718
20890
21484
16458
28322
24819
19172
24471
10846
28185
15014
16881
2217
29796
12412
398
13497
17608
468
1328
1295
31568
15335
16706
2112
26823
13976
3875
20219
17592
20127
3778
5960
15258
2790
18027
15630
11588
12595
29920
5080
12199
3592
18860
3544
10683
29640
30644
21549
6842
13594
22031
13409
24973
7826
791
1846
6275
13199
15808
29858
22857
12895
26921
14616
32023
9130
28273
20489
11559
30989
28876
10155
22379
32517
2006
16889
23423
9743
29735
26363
989
26381
551
19527
8016
18156
3875
21960
20139
15748
25761
21438
23226
959
24049
25094
9849
3326
3077
19612
4484
12216
19331
7518
24271
16740
279
14098
29591
10650
28686
8619
664
12405
24353
27592
30593
3131
32654
17790
13989
29248
19054
14423
1267
12039
18498
8346
11304
2475
30415
19405
12099
30333
16684
24697
9017
23791
15897
29485
32747
29873
10386
27845
32085
32281
18084
9708
20744
22984
12928
23520
24538
17291
14798
25206
14300
13439
18243
14173
26252
12409
2678
23206
32588
676
20975
4228
26131
11628
19329
28753
12899
4507
7899
25810
15995
4290
5721
444
14029
11995
18976
21111
15794
30508
361
1569
30557
10351
15901
7382
4621
27695
9891
31279
7815
7541
16885
264
19652
25252
14842
7303
24807
7842
6160
23130
29810
32056
12263
31295
22456
7868
11414
5834
10134
9965
29672
19299
27486
13086
21495
31630
20244
31639
12029
8047
19933
9272
6502
14733
24756
95
7722
22998
1375
19980
7513
20963
12705
11331
30968
32382
1714
20658
1035
19041
22764
16532
26611
20033
24519
4309
29690
12811
8711
29047
2861
13166
29236
2100
9322
30105
3915
24165
4281
32326
15795
26146
31711
1015
27762
23211
23345
29055
15009
6
16039
17093
28957
1514
14385
7877
17536
4572
19790
21207
29520
13464
9946
4916
5238
20146
29479
9398
10737
10365
11856
21471
19403
16684
17610
23837
32588
6455
17468
10828
3695
31745
3729
2429
29586
3255
17227
16630
11633
6779
21274
9338
3925
32706
29101
4042
24969
4346
22984
27243
26126
24177
6039
6314
5519
19826
19778
32222
10391
19633
9665
29677
16642
10216
27122
23569
18354
16067
27624
11484
21123
8954
15494
8570
9856
25020
24397
28215
10839
31828
28787
7744
23818
21511
28981
32430
9448
3387
11886
15040
2748
11743
30055
3432
13636
31494
2801
11274
14564
22997
6321
20096
3996
14240
1212
30817
19768
15696
26468
26499
25542
21000
4945
19390
3149
12552
25555
11251
10172
5841
17782
7245
11297
18825
11479
10695
29211
162
28599
7919
30354
28599
13390
1513
25765
30902
27361
2998
31716
18756
1431
10423
9920
26461
25225
12908
21823
28987
7192
14978
28661
5242
13187
24333
30511
121
18873
28690
8817
22531
23147
3656
5155
26159
11622
10015
30087
6788
29216
29186
3822
4193
14736
21209
12332
9628
16963
17875
32073
25706
19117
14434
29561
17535
23997
29575
14926
1910
19892
31567
5421
13426
20790
1950
2303
30470
30369
31275
2600
25938
24991
30156
18109
29039
1783
31476
24817
2574
23209
11641
11729
11867
9273
10139
19506
31016
27979
32323
10215
26439
15984
23176
15671
23863
7744
19575
12430
12292
1705
15124
3698
13672
17542
5532
18361
7990
30067
10765
15865
9720
6112
17640
29761
18135
24933
32310
14342
6332
20309
22473
22112
31925
9622
4292
12663
11674
20400
21086
18999
29424
22563
6626
4684
31501
27134
1018
6730
8317
4269
23854
28715
7845
10771
7080
16895
31142
16089
9786
6367
7557
13573
3234
16419
30856
4302
5388
11477
5347
14254
17112
31077
30099
27066
15006
18845
14987
25903
10095
10968
20494
26701
1374
17519
11612
1384
30015
27765
26256
32060
32175
29860
5577
4993
23893
17302
24456
4543
21095
3641
5721
27748
31599
17789
16822
15892
13647
3151
3112
3392
6786
18891
23727
4090
1958
11181
8036
25095
18743
11529
349
24886
22174
30013
9169
9201
15978
8995
2684
15890
10205
22667
18757
18424
3498
6632
13599
23513
5629
22089
7213
32089
11196
11147
18729
8028
15628
15053
22022
15385
17176
8485
4564
13169
30478
26769
32229
25470
22633
1329
9774
12142
26742
12979
22767
26770
16145
17934
407
19890
23728
18291
10978
5284
23972
26752
27716
12828
29339
10936
18058
21446
17000
18992
13247
16530
6407
16522
28236
4944
2011
29735
13156
892
23355
26521
1183
12379
2349
32087
11493
8775
32113
9141
3214
30278
26306
32019
28871
26594
26968
22612
31288
11573
23217
3474
22244
22852
27281
4879
21328
14478
23880
24175
1767
23524
15155
26149
8093
17786
6533
22316
4307
27711
24647
21239
10618
2410
12702
18858
21884
25685
22093
17546
3671
4239
21370
13490
16139
21037
3509
6665
7991
7264
7478
5744
18815
24141
14182
16704
4400
4632
20898
20211
23335
16962
24891
24865
32239
31030
23745
4783
27945
20254
25217
5187
13361
2555
10316
27898
1022
1013
6266
13150
22602
19439
16431
21138
30707
13407
29405
12240
21666
17501
18186
17430
3498
16122
20564
32283
6707
13522
15026
136
24215
21477
11004
4197
12556
27042
2222
18385
4484
19269
5353
24823
6353
6243
29370
11581
25357
3011
1183
3262
31033
20080
17223
31227
32292
268
29082
32205
8846
28519
20985
8095
9358
8785
16583
9689
24113
17324
22568
15007
10084
2245
264
18620
3860
5860
5472
9433
12179
5665
30644
22259
8766
26234
17377
6156
22109
11043
32021
22560
20298
8221
23839
24666
3542
28170
10473
25992
10472
28736
11842
7885
22887
8476
20193
13461
32090
8344
15527
7118
22094
2336
19237
12630
1784
1698
31326
10671
5148
25573
7886
10490
27822
539
19115
5923
15670
28345
23658
1113
4729
2950
22149
12737
3925
31986
25724
4715
14829
21162
12570
22661
9222
7785
29177
25294
29361
27921
19528
7758
2347
22010
30412
12357
23297
5258
15653
31841
10615
24582
18515
23347
12331
30119
20600
5348
1270
2289
7135
29732
12051
3648
28478
1380
14723
5028
21304
22085
17583
7150
21286
18768
23376
12299
6423
20967
3724
6801
2837
11387
7521
408
19883
26368
11079
21195
20388
19870
18961
13759
17172
4010
23317
30851
10141
12500
2956
10872
18923
6818
28732
22882
23681
25117
1108
9408
3512
5578
3991
7001
16132
10203
14268
5912
16762
18599
16661
2841
15247
17752
17008
30724
7203
16099
20539
31386
16062
19774
25323
10381
9497
25293
31902
12181
27104
1053
20990
27328
20662
10196
31337
25098
6010
21224
27472
26669
27848
17680
17117
19130
12227
18808
9689
18537
23826
32697
13516
16813
19753
12552
23654
22412
10186
1453
1309
27822
