4747
7842
25814
11009
17818
18480
15423
21458
15432
5636
11621
8119
27860
28918
23316
20063
24573
10066
24755
15011
15885
21969
26476
11030
11542
23752
5773
4318
25724
13728
25390
10435
6579
15494
789
12934
10826
16995
1750
12916
10025
31503
24382
28986
9495
7106
20978
11771
30335
15819
8532
13984
12915
22916
27558
23152
11505
28037
1394
27360
17509
9752
21289
16044
10352
6381
26122
27430
32232
26895
24645
10190
1056
26391
25697
4132
8041
416
5083
14266
27864
6650
24848
17549
17226
4387
14428
917
17830
8434
17540
11163
27234
21910
21073
16971
7241
15167
6014
22410
22651
5147
24789
2826
28085
10884
27540
4123
16594
4984
28181
9156
14994
30025
5038
10514
17051
9877
28631
24496
27581
14713
11402
26808
13690
18178
30704
3529
1734
3812
30009
32346
17931
16239
13515
30541
12912
31166
30624
2247
25179
26162
16873
28224
2868
27935
248
11478
30317
26564
18524
27623
18367
23937
27214
15326
30902
8516
28492
16205
11631
25413
12547
27197
18081
2803
7282
19394
21722
27949
24397
5586
20747
12982
1183
22358
15943
739
17588
7298
6344
18071
3126
26978
13875
6001
32406
17078
31516
12100
30637
14592
2509
27592
20644
10715
20035
14991
27665
11150
2938
314
19810
22241
19947
21996
16255
25392
26450
7167
20139
18621
22452
22774
6571
23882
18337
21939
15915
7912
30647
24555
25693
8458
18791
16342
11747
20445
17660
13867
3055
32220
16600
5707
16553
28575
3585
20668
4049
23027
19933
474
25253
1584
21818
22729
25349
4295
16529
27310
20949
30235
7564
17951
7331
24978
19909
23256
30345
29419
1745
2479
30805
28114
4989
28874
3048
1969
14935
18447
9948
18378
28017
25052
6250
11651
10081
9208
28298
4352
6540
3274
13915
29175
4005
6345
7110
10432
11376
7220
11358
11692
25548
25859
16779
27288
22000
14621
21992
19138
28661
1227
18921
31963
30101
19821
23489
7005
22578
15468
22147
12062
32537
22127
15495
16422
25865
13010
28943
26813
12015
18260
9514
7881
8180
7183
3033
10071
3769
31662
6513
26744
16353
29658
21056
3406
18897
14837
27763
12390
26035
18443
18743
72
20929
17925
2335
4685
10432
4896
16326
22449
21194
926
2741
26857
29521
9916
3975
6967
30817
10467
9547
5243
12069
9762
11561
20812
429
220
24137
20807
16878
4286
2288
23975
9739
15860
5356
7703
22995
23709
16179
28612
18826
23676
23239
12981
2540
8432
6364
351
367
5414
7229
1652
14025
20621
23532
25853
26802
24458
6408
26280
21227
1134
27636
25699
17535
1189
11446
7465
27465
22063
15005
28444
30902
16725
26407
9941
972
19092
2081
22776
19563
30942
29968
31243
17363
19458
29648
10376
32359
30568
22651
23856
29361
13569
23693
30115
10661
17534
28997
19758
17450
27328
4430
22500
31190
1424
21918
29680
29945
1937
20895
25897
12254
28786
31372
12007
14157
5480
7710
16405
30292
19932
11369
9608
28488
22625
22784
13967
1542
3048
22368
28620
16254
10551
13964
28738
6771
24727
8180
19630
25980
24525
32155
11547
13903
31820
19321
26801
26174
19881
6175
5070
14338
19535
30873
13400
2744
18548
29592
4177
15913
19788
10193
19115
11342
17532
12704
16990
23572
28113
5105
26553
20828
32562
10336
31733
7750
211
23199
28432
6575
14764
13080
20441
24312
16426
29908
583
31497
804
21148
12302
27286
24336
32606
10100
19873
4983
7634
7265
29761
11430
21340
32694
10401
13735
565
24800
23115
18031
28358
3501
3751
16985
21588
25694
15038
23251
11490
3069
27204
10839
12371
1777
22486
31646
20176
21455
23168
4368
10857
4211
19586
126
21503
21328
20308
30483
20321
12036
4327
31112
8885
5167
30254
29848
29978
1414
20189
12724
139
21027
30321
1015
23302
18975
1648
16732
23278
8547
32242
23599
6831
29883
608
12481
24480
9517
7548
23392
26669
32136
7329
10886
25909
22079
30028
337
8881
11128
21212
15923
9111
22881
12694
31211
13566
29379
10988
12980
15490
26073
22271
14268
17898
25442
26466
26839
5128
15349
24353
7797
14561
10133
3074
19922
30990
11141
9482
15724
32354
4701
12867
23994
7629
10846
8637
6683
13440
15875
11731
13837
24658
31448
30895
2719
5987
14991
273
14377
25343
25169
21579
8250
16837
19538
8593
15314
29960
28584
4719
8657
15733
14941
3227
20912
19190
20931
16621
5743
25559
11527
11180
5582
1832
15881
27147
24512
3682
7275
2291
4637
4685
26345
12547
25751
5920
20200
21462
12527
17386
593
16004
19305
10546
26527
13675
16253
23258
24631
32047
17615
24906
1272
29951
97
17866
4372
9754
26119
15918
28446
27794
19996
15289
7268
7504
4980
24892
22142
19801
19857
9342
18215
7760
31514
7904
8780
13371
12424
20801
27235
14474
7971
24352
20222
3669
2093
1280
22944
7141
28765
19985
23759
19830
10127
19724
22890
13627
30905
23647
20029
27811
5665
10634
9683
6875
5581
4041
13963
17556
4667
1523
2286
18694
17235
9122
22592
12340
9114
404
341
11890
30120
31057
21415
293
15836
2062
30885
2251
1102
22738
25933
17467
29445
14807
2556
4397
9323
307
13445
22012
13821
9399
22657
30891
29511
2328
12775
18215
11536
19532
30173
13515
4306
3895
1485
4393
5229
647
22714
7176
18971
15069
3797
6825
12455
4141
25419
21071
21466
3175
28770
3069
20791
11607
31172
1410
5352
32202
12570
29619
25335
18930
10461
31224
193
29451
26985
15114
4776
9791
23636
26362
521
31431
509
27254
32622
15188
9576
9032
29956
24237
585
15903
32079
29593
4446
8594
12828
1023
28418
2658
26551
13132
4096
15615
10335
7189
14501
28750
1015
12542
27161
21930
2046
9434
14831
25129
29633
7699
18426
15648
31951
14668
18018
30697
14254
8006
18424
29411
30924
12800
18631
5051
16824
5411
9451
12522
3730
5532
29095
22143
6081
13451
27825
18463
23523
22876
30160
25674
1546
28467
18089
19679
1061
29070
23766
30947
25020
11302
19001
4990
15073
12822
24464
19526
23395
20542
25929
31937
24132
32490
22167
18212
24941
5807
21189
4705
8609
19606
14539
1889
4784
14717
8479
29582
18413
28857
10701
13461
16609
27136
18634
4458
28225
17031
6277
9356
798
6503
21184
15242
26204
2885
28062
20422
22629
4402
3837
31865
8478
18128
18949
5623
23067
23478
23297
17973
10511
13334
21870
21128
32390
31901
30802
28335
11478
13723
7376
16660
27474
31076
29432
31823
6594
502
228
12780
22544
12764
6144
17006
17988
9298
13481
3731
178
2217
31738
19930
11378
19693
19426
11843
10257
23494
4474
8534
13446
29084
22934
31334
10856
19710
20379
16919
3934
15941
7824
25374
8150
23156
26743
5192
8442
21859
18397
9150
3807
18205
4016
1927
31488
24710
15697
22350
12012
21313
20714
4966
26427
28880
2
23819
15046
17661
30286
1003
536
12153
6346
3301
21279
16580
32521
5648
25895
24140
5833
15359
28938
29145
9675
25667
24992
10280
7650
4402
26749
726
30537
8935
19164
16769
1337
10634
31446
26153
30907
11474
20696
22748
1468
3271
31059
28306
24159
24525
27317
22358
30871
29150
30617
14246
20980
18711
20794
28957
9661
21366
3630
24143
18752
8674
2385
1525
8806
21611
11519
2378
27786
7124
32390
20916
16267
29774
32218
16807
3360
32135
11659
27846
2156
5091
22261
6988
11219
3849
24247
7339
20747
18850
15718
11635
3958
22109
28802
29812
21679
1591
30632
23335
27491
9209
12810
17738
25698
2306
12317
27595
5621
28486
19857
24295
9587
9367
10118
29587
20239
804
17149
8219
24564
21311
30604
3081
5780
31331
29271
22344
23868
7029
25915
23689
4844
3146
13900
29414
22119
17514
17282
29381
1926
10515
3759
512
29393
23169
26036
27459
23376
26221
23285
1205
22175
980
8714
27098
12097
15353
9400
3256
16694
9389
25631
25144
1232
4046
31284
11728
15298
21518
20338
12383
29818
4853
22733
15960
22449
8234
29160
291
29760
28142
10119
26560
32053
8937
1607
2734
11814
15657
16781
1803
18885
26216
18108
5372
26293
23949
4267
23887
32412
6518
20310
21087
29562
2293
14291
4152
32569
5144
4232
2044
16773
17070
19868
31366
24541
11270
20907
1612
27626
5114
9918
19594
1040
22828
17274
29085
25156
6288
12439
31916
19741
10795
8852
23182
7981
23322
23465
2024
22673
2261
27134
9878
28359
437
5658
589
20160
20148
5534
18558
17718
19061
22067
30589
16704
10628
29889
18658
9508
22494
13538
6960
6508
20404
3222
7860
5692
19820
6200
18864
5858
1257
2736
22457
11183
15372
28139
22622
24069
28282
18312
4362
6834
24224
30164
13868
5756
14325
22777
16276
24829
9855
7282
23584
6578
1945
13506
18585
31566
6131
25958
3544
12628
17114
25352
27181
11236
30394
26101
27137
26069
8929
16593
29625
20741
17029
20362
19166
23789
6409
21130
20091
19321
892
2609
30407
18454
867
9858
22020
29964
26296
24348
8359
25358
12594
18284
185
9999
10951
13090
14461
600
14192
16097
22611
20696
23596
20795
3036
12731
5447
10204
16991
7742
25052
17669
13932
25281
10393
20797
6335
11805
22978
17731
25190
11065
29304
28742
4647
22744
17724
11864
22812
5045
11183
25377
31392
1746
1435
3280
25455
30221
10551
855
15368
5876
10407
14296
31318
27610
4291
2138
13968
21803
1305
31681
18270
19708
23861
31229
26941
230
10016
21633
29988
15893
13094
13047
27240
25500
3292
14386
20445
20235
1378
29540
12350
30532
13030
29073
13774
10634
2409
835
10560
7387
28870
2688
22484
20352
31728
25849
9412
25314
9595
18052
18910
27039
13662
6092
2930
23517
13303
11591
25454
9695
3663
27241
26568
1238
20384
9496
28700
9721
5140
23903
16023
15319
6352
7526
12307
32236
3377
5538
14211
18035
2389
18761
10386
17020
19934
24329
5511
26686
12530
27129
17516
10158
23686
16080
32623
2385
16861
10581
17544
12110
26187
5654
6236
27847
27967
1117
98
26473
897
21600
26692
30530
4023
17848
30344
14547
19502
14868
5231
1383
11735
4143
11549
17827
15504
11007
26619
21085
16549
31024
25178
22450
27031
4304
11353
28242
21020
13132
3336
24351
1382
19867
20941
17655
27048
18617
11527
205
13271
15959
26610
13311
18606
26065
27595
13539
12020
19808
26164
12707
30465
13201
3289
30028
15231
5365
17492
801
8046
16922
11854
31797
28010
4539
25319
825
15409
820
22872
4754
15456
25912
17367
30895
4989
21702
25276
28313
26682
10329
4833
31947
1016
7008
6990
8773
11659
19949
32278
29148
8509
27825
20604
6612
18965
5416
24154
2480
8281
18961
7364
10825
20817
3105
12264
23582
5198
27384
2104
12267
20715
8788
23244
3453
31379
6021
30977
15556
17731
19233
19303
1322
6033
4856
29658
22307
24046
12362
23278
13317
9000
5688
11409
18459
4659
29817
2027
27380
17704
23118
26249
31233
1422
1464
32443
16736
25049
13032
9530
26354
15408
32759
29198
2995
13939
14551
11439
5963
8061
8074
17259
25056
17830
1169
20999
12335
21132
17320
31657
13787
5140
30896
7158
4612
22187
237
4983
31260
13522
7281
13121
1782
32729
17368
3029
22560
9706
1590
9029
371
14666
846
22168
30440
31964
22021
27248
27310
6631
790
3818
20857
25368
16390
23238
284
18635
9819
456
7514
25222
9993
19037
18169
12742
21037
1666
16665
511
18173
5090
196
2526
24575
10046
23238
12753
28538
26386
17343
9161
8235
6518
22134
2111
20024
26946
5232
5237
27754
1653
5314
19966
18838
9688
5411
10112
19036
9182
8517
23225
27412
20175
17510
9152
7686
7205
31010
16781
23001
19767
19339
24508
27727
18196
24955
19854
25903
8626
23849
9777
11650
12872
19963
20033
7937
5368
9115
27278
12239
31153
22349
13344
1636
14420
16256
19832
2505
28693
16802
32025
16907
13861
22073
28999
7402
6030
4912
28943
27345
29278
12398
7815
10251
27143
15022
11863
26163
31494
26762
14456
27116
29123
17880
1596
20691
18616
10554
399
21426
12758
10225
10620
30967
20260
31730
12275
19300
24234
4156
9417
26887
23949
10088
20992
32365
26235
20610
11593
531
20297
7703
711
17437
18907
21391
15638
9802
3141
31933
28300
4136
17455
9141
32702
29572
22910
6366
10054
29989
17457
328
3780
3514
31112
7999
18723
14096
13420
2336
32286
31112
7435
17003
28418
28105
5059
27418
14517
1714
9025
31025
30455
14226
24042
12439
11496
19100
10873
19748
5834
31637
17386
4859
18697
10960
28824
14618
16504
15452
13474
25135
18398
30588
914
6061
22193
31319
13633
31520
19745
5617
16885
8638
12633
9818
2509
20030
20993
15142
11103
31981
29191
9244
11679
30206
24991
13875
259
23073
10376
23738
7140
23896
9617
19158
13864
9222
18269
24881
26654
30281
16995
7153
12457
15754
26680
7399
9889
83
1041
9737
22902
20576
24708
6179
9494
24312
23182
18889
32017
11134
9690
19088
29435
67
9792
26238
31763
12702
653
32190
14881
21311
21634
1176
19365
22464
6687
16289
26413
20093
19489
4143
17927
13222
15817
25872
8728
1682
10719
9084
19212
6742
4343
7239
5808
21655
19699
24923
12443
20124
32201
3942
3348
3239
13190
24528
816
16262
31123
5872
21051
17509
10039
8831
5721
22246
6494
31821
28781
10612
14745
9522
25914
22484
30309
19528
14281
26620
4272
30295
17162
19753
25241
14737
5821
8492
888
24960
23443
2052
27934
3900
17041
29106
1630
10721
950
11849
14028
13120
12253
2117
26564
21717
23013
22813
5806
14586
23310
19484
23681
1113
13990
17260
3718
935
24806
4980
23647
24976
27927
2148
3911
30957
26360
27149
20123
5949
23396
29175
3482
17235
21552
26541
1641
23628
19283
22364
26201
9412
22857
5788
3949
3658
8889
2958
4887
22800
18773
27175
19011
23527
25601
23499
11926
2155
16952
17694
22776
32635
32428
7703
18768
18925
9517
4182
23438
2431
28620
20407
3567
13840
24384
24871
31868
15120
12937
17334
13781
2357
467
12270
19756
28783
156
24931
19860
22047
11033
7820
29308
7044
25302
29393
18806
18549
16030
20197
8510
20054
4506
854
27127
30533
28092
18787
27319
21908
9567
19981
28742
18300
4135
29553
22819
25359
5935
15444
8904
24175
19555
5632
23599
18494
4394
29775
8597
9301
4169
29701
1406
16569
3844
30562
2809
22218
22917
28920
5413
19646
20098
20667
28660
11086
19995
18263
22063
7087
4097
21446
6331
452
9437
20257
19226
1682
9968
27318
6452
9972
24054
21596
10840
6800
23121
29955
13694
9993
19299
32143
10959
13175
5436
13799
5735
12308
26997
16968
8281
9783
26459
21216
19955
1159
1873
29080
26692
31592
21871
25137
11228
32186
16239
18578
9683
14787
31178
2400
25101
7785
16414
6352
20155
16549
29907
11193
31013
13620
25598
32494
1960
12944
11653
10442
5370
3870
6789
10508
20662
28585
25072
10981
2324
14863
8315
11600
503
8250
1975
1442
15662
22354
2173
28770
6131
20273
31888
9306
25016
32280
4990
7150
20516
5280
1735
2221
29784
11763
22849
9510
5494
20539
9659
22781
5220
20827
16609
25406
15565
29662
12896
32496
10089
20524
18762
13806
4479
24068
20411
22002
19880
12838
8637
15347
12757
17488
11113
27057
9875
20844
4687
6542
15246
11784
3608
17567
25940
7430
13418
20227
18524
32405
15372
20083
13639
27488
31563
7963
14949
4101
9628
15016
28283
23752
3202
1443
22724
23945
26546
1789
6709
19955
26742
15851
15365
15863
7247
2548
18285
23160
25310
22855
2733
11848
31492
4435
12111
28500
27465
26002
1455
11291
18810
4261
10683
28005
9622
9126
25848
8241
7148
24506
29126
23535
21117
19941
996
22767
26023
2339
14902
11034
2053
28340
24006
5344
22929
10423
4618
1649
14859
18170
23141
7472
6815
23057
6383
14180
4802
17573
27257
28721
15453
14095
972
6088
6957
2341
29746
31706
4969
26196
28984
5202
13222
32752
4017
26691
22009
14791
3582
16159
23643
1276
5005
29227
3153
23827
2464
29231
19916
6984
29008
21874
20813
5157
23249
485
24910
13139
25079
18335
25310
2481
21497
32649
18827
419
25206
603
644
11693
1973
3015
6911
25920
49
24051
9689
9171
32085
14637
9340
24118
30084
31707
30470
16931
13660
32432
6056
5143
5692
294
9547
8031
32259
14888
378
27766
3099
24846
1404
12686
6071
17103
4800
12653
25432
14194
639
31866
10646
3014
14492
18456
26397
13139
24015
20530
1526
22160
1282
30487
19976
4439
16379
6025
16094
30101
26428
15632
13994
9798
6439
13973
2698
7841
13414
14123
29707
31119
20874
31024
30700
19810
32754
6037
10788
28612
18927
4474
29477
13805
17445
11262
14947
1306
11317
9813
6672
18234
23193
29723
42
6122
3023
29159
24760
15779
17593
18468
23889
17202
22084
28700
1501
17769
17480
3926
5792
18709
5039
7458
22388
11568
17370
1650
85
3415
30528
17387
18211
10366
3928
5692
31396
8162
16314
23727
20169
8767
23681
14845
15922
22339
26611
31591
9459
8003
9060
30210
30873
31534
10071
20051
16744
12479
18151
24091
14567
32502
16997
11380
12703
30408
3395
11293
11295
19478
11056
13331
15683
13020
26757
26209
10678
7339
29152
31032
23222
27225
3854
5698
4119
26103
1327
17460
29579
6403
25620
3747
28960
21215
17132
24600
30986
29570
12320
16998
3747
20078
22651
31035
18608
14817
10638
10998
9958
7760
29523
3000
24749
6673
19728
16062
4387
3416
16766
25070
25700
8804
1579
30639
10761
9722
16925
8958
28910
17427
10168
27071
4153
31954
26082
29008
16791
26040
13412
26980
12489
2843
32659
6415
9312
1492
30513
16925
9156
6457
1166
20136
15995
27979
27634
31978
22696
14640
7487
32079
8402
29155
30675
14030
4839
20778
1452
9594
11393
18632
29135
1876
13927
13812
15850
19300
18263
26891
31544
30472
25603
21890
2725
30091
24665
32286
10291
1529
26119
29031
17820
15154
17471
27226
30777
16958
27831
26974
32290
25312
16885
22905
7831
28270
6857
5572
27038
4319
7963
25372
6894
14374
25062
12827
9228
1471
23685
15686
8628
32391
12078
22408
16506
27856
19132
32480
21681
10421
26545
1878
10636
15019
28283
29235
19331
3161
13558
17777
20984
7082
13619
30577
27675
25632
8568
17132
13579
29291
31111
30508
4926
22074
1315
6268
10018
26193
22481
25821
3332
2779
16860
4346
30258
514
21147
20830
23900
21182
20470
997
23104
25066
18215
3440
22663
23965
6846
16349
13801
29367
12776
23607
2968
186
11504
1321
9948
16348
17158
13753
29946
3418
11584
4147
26203
21006
17118
6498
3306
14148
10962
13318
31166
7626
18048
28803
7673
2886
14786
1239
13040
460
13359
206
28044
30128
24477
4729
240
21913
6116
28380
13403
22743
20453
13031
4176
2039
18379
20648
26357
13204
30865
23742
15290
19824
22725
20497
20026
22467
24203
4544
19558
24274
25316
23899
28640
12484
18992
22867
2725
18353
5618
29102
18159
6653
17364
19199
7770
17636
7659
24982
19525
17749
24635
10484
16251
13060
22398
16258
20243
12731
23841
2690
13972
3312
21648
20037
7517
12701
3507
5790
11588
31308
12472
920
31870
369
5908
20068
20159
28157
13764
6805
29089
28208
31961
26512
14410
21679
20531
13885
23113
3030
32141
14083
14786
21327
21434
5108
21707
31716
16173
11076
26133
5521
4031
19968
30927
17374
19373
22268
29639
11372
13280
11790
24531
13261
23922
2937
28015
31896
1133
4012
32167
23741
31702
813
12856
15639
24298
21200
18674
5952
26535
7212
18016
1449
3726
24143
13227
6634
22440
8881
29628
27990
28871
12903
29601
8147
1294
11161
14898
14569
27059
2870
6900
7960
2052
32486
4157
6511
10408
4929
153
3930
1064
4670
29549
31420
15534
9710
30938
16445
9484
4970
18660
25062
30975
8714
24020
16363
27317
727
3546
23495
10638
19523
26615
20878
17952
24088
22554
31615
6013
16815
22154
29657
1464
23138
9859
26865
23973
31299
26660
30592
4577
12047
393
32577
3346
23389
9012
9660
31088
28699
27569
31580
8581
23099
28281
30408
20016
30890
8728
14960
17904
11906
31115
22630
20831
25984
11500
2160
26877
5304
30033
1115
28719
8071
16369
32402
8584
8394
7304
26351
4166
30285
27389
29136
25376
8327
3138
5486
11327
19076
6781
29034
650
3618
27749
21673
16422
18560
26606
21858
2621
4788
26664
12149
1535
12988
14948
23807
24295
6327
30362
7467
576
15446
14087
23883
13287
28301
29466
14375
24658
29582
401
32660
20433
30967
1504
1097
7956
15434
19666
4079
8430
30111
23666
17783
3416
23189
15148
23472
8633
19854
12848
26137
5733
3356
3863
8180
3427
30646
10441
28059
24179
14256
11166
2071
25679
27498
28867
1775
12082
7623
25824
15422
16535
8928
16887
5896
13379
11514
8336
32718
31365
11702
9235
25440
1981
22408
18037
24563
7451
21354
1814
18547
3753
32466
234
29211
10892
17889
11224
66
9607
28125
19807
8824
12480
25569
23679
30929
7367
25555
23767
4737
11732
2967
29963
15017
1360
11906
17512
1905
17559
32018
15307
24407
19709
21724
32190
26823
16655
19653
2533
6123
11035
20853
14233
20164
27890
26121
17362
17274
23788
23816
30282
8432
13357
7577
8671
5532
12839
18675
1081
17558
6496
21524
18606
19694
26997
27062
12898
23363
31328
10367
12723
31121
23798
4472
26836
4427
9395
15040
25527
21418
32442
6786
1841
31812
14872
32292
31577
8672
9545
449
5425
2441
25853
7130
904
12257
10268
4424
17182
31928
23815
25973
7690
21725
19489
6860
14937
32308
15246
22382
31736
2569
58
16935
15828
14756
8221
11168
9791
4382
27070
22486
6806
3187
9462
31690
5664
10967
16631
17275
26682
17486
9100
29713
7601
23927
32163
32347
6512
28072
18696
5499
8283
19264
21363
7648
23674
12857
31429
2165
7002
6397
32399
28184
19376
18299
2772
32590
32320
25721
24592
7221
28157
27948
15480
10426
21362
19206
27268
28939
1888
31695
6315
12880
14505
32759
24173
7062
14700
811
4759
23307
10098
29478
22211
2929
29641
30922
31774
5581
3502
1903
9582
23391
13489
30331
19027
15319
13843
22834
32716
19398
6515
2256
10750
20307
169
5333
31537
19759
16115
3489
25628
19915
27471
23872
22882
6856
29223
8839
4700
4783
27187
16992
9497
25826
12444
9058
9123
18898
4189
18341
7812
2931
30959
14548
12425
29165
2085
31363
30662
26773
27477
30403
8154
28443
23480
6388
24949
11012
14867
2779
6935
11611
3479
18421
26394
16548
27142
31498
21234
21266
280
23044
7092
20730
25373
29698
5077
902
13027
9641
5684
18350
20698
10170
10843
12644
16758
27626
15874
28431
21205
15342
6101
315
17826
20181
26488
6799
32057
18586
5831
15359
31500
22522
16482
24899
10565
26243
28521
20871
14509
3822
3204
26724
5580
19886
7207
27407
14674
8137
12820
15824
22453
999
15905
3510
13340
4520
5691
17034
6780
6971
25003
19713
17664
3373
18840
9525
12463
126
4813
3414
9545
13050
1213
27805
29809
22982
16836
22146
13329
570
29872
4655
30715
29934
30592
13876
20172
20248
22380
11388
1558
17941
23077
12928
31166
18757
26717
10682
29346
30236
394
19549
22655
4726
7399
6723
15123
299
7100
4647
30334
25828
12512
2836
30446
25901
24956
16925
24443
18891
785
28751
6224
24655
23229
31972
2060
24555
16826
8121
31848
16261
29479
2051
1561
12810
26379
23357
19448
15621
24215
8293
6496
7536
1451
27495
11223
28361
19868
23770
1009
18537
25909
18922
15730
17682
29179
8341
12979
10439
28341
23579
28487
6368
21292
7599
13789
6749
26928
15731
7528
19067
29403
26531
2430
1413
1562
6672
510
28653
16744
5585
11766
5531
15837
6453
30148
4997
25192
30204
4219
32640
31833
22470
136
597
16674
20171
17301
22552
7518
29389
14765
10933
29970
12875
1953
31436
14643
8696
30891
2751
30313
24683
9042
9
16659
25112
21901
11985
8843
14719
3115
17342
27563
12195
31090
16398
4240
16574
24327
31714
29085
20787
16142
8924
13763
11972
10385
24300
6656
12805
8998
9575
23078
5136
32204
23130
5854
19579
1303
15901
23788
2951
25741
22827
12725
9370
14159
23088
18686
31984
3068
6756
18422
21133
24530
15384
14711
28534
21782
6030
6025
7456
10422
27150
3624
27689
11054
31542
23367
9286
16552
11410
28692
28797
11367
10093
14206
7060
11109
7398
9716
28873
8763
19526
30320
5315
25154
17296
14517
27337
18936
3674
5333
23090
17573
18140
26613
2076
27966
15687
7764
22881
22665
10584
28298
20679
19074
6700
23054
7543
23294
6230
5883
28081
19854
11823
18196
22973
8358
19053
8197
31525
6142
12535
26860
1057
17977
28152
28951
27475
22981
32562
25615
32692
12546
10134
7894
30927
31142
8465
27246
22317
24416
8360
16282
10512
3515
24775
30697
1892
2374
9686
4079
24306
9202
28942
24278
22999
4283
21899
26390
32052
23178
9122
9344
20264
16986
24180
31617
6395
18586
12227
11685
6556
26067
19973
30554
15438
13963
2231
15095
10142
7785
28404
23804
14488
9882
17478
13723
15930
7026
14268
15224
2345
11607
4413
19374
9123
6363
18715
13074
17845
6696
15851
23739
22958
12193
31893
18882
9427
28614
20135
13894
26708
30296
751
4019
3711
11454
9288
8260
14388
29096
4788
5063
16025
25586
12971
14753
32014
21707
9907
10257
30564
9494
18225
9401
12361
4624
19583
30298
17415
13620
24382
991
7023
15196
750
25757
19215
5928
3772
17881
29356
12963
10394
18826
12524
25636
30357
16993
32594
10867
31331
28935
2671
29741
19260
9894
23127
30314
8684
28842
24403
22172
27429
12745
14037
11195
21529
19520
15537
6815
1352
16736
15497
4525
32663
27210
22409
26549
20387
11767
29269
25115
2900
22651
16192
26165
19893
30602
14527
23029
9475
24635
8221
30664
9988
16908
21616
6589
8089
27430
5579
16362
3479
8675
2229
22028
25043
14222
3546
31853
13436
14442
16897
22539
25774
23797
14910
11766
22083
8301
20585
19962
16877
8340
5070
4222
19330
10929
12838
27564
21142
6615
27847
25554
12623
27241
28183
23304
23925
9950
4934
1044
8137
4546
32317
31882
21912
12541
977
21048
28815
7768
19005
30656
10449
16701
11215
27783
5447
21950
12769
7118
7735
25818
15371
14111
32281
4603
10135
4075
17574
25026
2869
13425
4145
24071
23280
21473
28986
15132
2145
11714
11329
25170
29475
4241
19928
1471
15751
11179
17660
8510
22920
14445
30629
3254
25089
16025
1436
928
5149
30715
11661
17859
32015
5965
2141
13634
12292
30297
3773
5593
6230
28509
7424
20836
15363
26035
26921
26017
605
16817
8009
24374
21251
25551
6152
1526
8463
21255
23937
7776
13969
10882
29267
25704
21565
2672
3828
9083
31072
4152
18761
4029
26649
6609
23156
17557
14789
22639
30446
3179
6075
30307
27861
21936
27706
21564
31879
31007
8095
8499
8047
13635
13787
21190
12575
826
24613
16290
11935
10424
22252
25030
5
11087
4112
998
70
2285
9553
24077
14156
22950
32520
25991
31305
16051
5909
21502
26186
17083
26648
10723
26895
3922
23780
12304
19482
7104
21552
15531
30214
14595
3216
16205
22042
7959
3236
22627
11806
24436
23439
32725
11885
24793
7595
32486
6220
18504
27004
16732
23162
29521
26850
16864
23561
26516
6802
5543
26987
23426
18374
23378
30672
15459
564
4371
12976
21917
15933
5650
1955
32051
23912
23311
9337
27020
15630
1608
7047
5238
7511
3741
8767
20330
29797
4594
7684
27922
462
27349
29500
9224
13904
18784
19110
3809
17344
21345
16621
28010
26948
4025
13438
2865
20418
8450
9623
28487
2712
4981
23713
14661
4238
16906
19136
20365
16648
5856
22696
17106
18817
10976
6066
2779
32564
2206
2351
131
284
5759
28668
14597
13855
27681
24663
9846
31623
5879
496
8595
6065
4660
14403
16573
17673
30187
9510
8258
26934
8564
14750
32734
19601
25873
18679
22914
26076
28369
21012
21843
3633
32437
29443
16118
12600
9746
15060
24587
19869
5686
19884
25591
22977
16974
3861
10471
24752
22664
18072
8722
27476
22132
29326
12094
2536
15536
15667
3461
4526
9668
18428
17753
25317
17483
16683
14790
19190
3156
30624
15607
22254
3079
24818
19964
10800
14220
17854
25546
11628
11304
2111
27011
10699
11945
14623
20472
9324
26885
28301
22637
3604
11070
4496
31900
6945
13192
5531
6140
22464
16814
20065
13890
19552
31154
22506
11048
18023
22964
17639
22382
6435
18196
1859
16159
27395
30427
18170
21782
25351
13655
6958
8128
19061
20742
22904
6948
30414
11446
28540
31776
4096
15593
31424
14581
1757
29822
4798
31494
20428
25742
31031
24028
13758
5013
9419
8046
22884
20434
22983
9631
12448
240
17726
32009
6713
15589
20059
13561
22994
9243
4597
15546
4125
18637
15460
9751
844
9653
13715
28955
19400
26596
21335
17691
14630
4081
1535
15095
855
11861
13101
7324
7198
16150
13028
15821
13511
26787
8929
21028
19479
8703
1071
25683
22655
1058
22262
21168
25236
19101
10388
29937
9156
18300
18414
20275
32065
20080
5128
30274
23362
23342
6356
2324
22635
30482
28232
25494
13705
8712
3507
28332
31107
17068
4433
12658
19854
25008
4637
1993
27039
13438
6118
8719
9510
15135
20389
12845
32761
30044
31758
27095
14222
29475
21605
11791
15470
17452
17811
9195
7142
2779
18809
31385
12800
13929
18564
5792
14258
10303
14722
616
340
18594
29620
18429
343
20117
26404
6160
25397
16123
12088
25151
21156
26365
13192
17046
17167
21931
19181
26709
19270
6374
5338
23027
26997
16765
31984
14948
17235
29334
7372
29592
13979
80
28708
27204
19904
24998
3858
7908
27869
31127
25263
24577
19178
31619
2020
29103
2870
28377
21629
20059
2833
5615
12927
25795
14281
15409
17852
30534
217
12158
4004
94
14940
26831
1374
16491
968
10266
19480
22706
1752
1910
3995
6053
8906
18815
10018
23141
22475
26364
31852
10117
1712
8127
26896
26385
22758
4813
32273
23502
25772
8639
27058
16836
24959
9064
28555
13818
214
10680
9949
19329
16144
24288
29475
29107
16555
15799
27369
4029
4022
10589
8417
31067
19849
10270
820
8419
11443
17817
17686
10885
18228
24609
1693
17617
9453
25955
11987
27257
1620
16969
11274
29017
18284
2591
3695
2740
28405
6389
12514
6337
15839
13636
25605
32102
21253
29908
20371
17987
14104
26844
32244
23026
25817
21868
17934
2701
8588
30728
1885
12657
14761
8597
27718
14402
30164
10106
9896
13104
23567
28671
23221
28792
4399
7672
11264
8493
28300
8104
8406
32568
8189
9440
20434
5278
24068
16487
2988
2049
6213
14494
338
4714
9277
19300
31802
581
17456
26936
17654
28589
6755
11165
19977
1514
23692
2755
8953
1592
23431
5731
19877
26570
13130
13803
9689
14607
14107
13275
16160
9780
28161
6255
26841
18666
13176
6014
29837
9577
20584
5538
13952
30901
8280
2201
29830
15392
5855
14059
14104
528
14684
6861
12455
4098
24807
27718
12080
22991
22664
5776
19473
16942
11174
7361
19995
17531
14530
12715
29160
27575
23653
1792
3183
15055
18518
6074
15317
27169
23313
29113
6791
7740
2933
17070
10373
31719
15549
11321
24321
15718
3761
9038
8744
11512
32285
24285
1344
10404
27011
6578
5363
4917
19981
11162
7146
22148
20677
15815
5534
23285
26632
7797
17259
6212
14648
30670
6119
9090
32434
28171
27761
24154
2560
26845
13581
11161
13903
3083
9839
19694
24355
9052
597
19949
12105
1463
32282
8282
23566
13193
30600
19877
8366
13415
27631
25009
3599
30709
25971
29401
687
15878
21162
27445
24283
18948
31847
30489
18723
26003
3536
15583
5898
30321
25271
16871
11778
11168
4135
8411
28823
1480
23356
30008
3050
16087
4664
8202
14689
21738
31700
18935
18589
15472
20692
18046
1452
32140
29662
15489
20352
16572
23436
14337
29344
3769
25280
2346
7198
18334
29496
5263
30921
5451
15970
30902
21667
23820
30833
11479
20118
29814
18864
31969
29794
7570
27158
1726
23258
3646
6939
7384
1616
1743
29643
12764
14158
15355
13081
12734
28551
6135
3189
27645
17164
5852
8865
29480
18883
16975
9408
5537
17686
4193
16816
21409
19944
10676
26009
30332
7885
23264
30150
11558
20090
13588
32436
20982
3706
8705
2153
15787
16931
28403
1287
19373
457
4929
3489
29589
24113
13800
24909
7150
30792
13939
23163
2621
16661
15646
20101
5184
30189
5690
2951
30324
11494
23763
26736
29657
1422
14481
7001
8953
20956
13020
18966
3111
19302
26435
2315
32005
10453
4895
15425
13641
10134
18547
3770
20672
24019
18455
29697
4755
26786
18198
26628
30153
19068
9044
24870
9997
3568
19316
10385
19377
152
24056
3273
14836
6733
17322
8839
1664
25751
18747
1988
2871
30311
31787
23828
19247
22537
20200
26933
22523
25428
18490
6888
7213
29732
16862
23807
12056
32010
31346
28856
5595
21569
32401
16969
5531
19684
11582
27580
31503
28767
23430
23037
31554
27684
23393
18482
4500
1951
27098
1354
32514
13931
18543
14297
20136
6854
1467
5155
900
3138
14674
14454
21373
30398
14061
9150
5028
9621
31943
31315
14777
20245
24902
3349
5873
29747
17374
22203
12278
26748
17715
25448
22064
5711
19069
22143
26179
21322
20529
697
20441
22786
20446
18549
19105
13815
15700
11855
23704
19143
24332
26611
5511
10145
1476
16180
9164
24061
26474
4952
9822
6794
8507
25270
24588
7016
9516
4740
12293
22168
5769
26858
29597
25777
23004
27994
13646
980
23568
8996
19709
18145
21718
21061
21887
17643
2120
21120
7004
23786
19404
3249
26835
25008
21052
9821
21278
16927
836
2957
27895
408
25099
19165
602
5302
18197
30672
16781
30269
29032
1894
30046
2125
13037
23281
13484
5596
15386
27940
11048
2147
19150
21869
24413
9686
16508
5509
6638
27354
25484
25925
21023
21811
20478
28859
17303
12923
23377
15485
4453
18202
28579
9277
6720
24946
8729
10142
25107
11610
2177
31046
13497
23502
4662
1076
26116
29412
26692
23380
21253
23042
6349
18257
2183
30287
4524
26283
13021
27495
11863
5129
15070
21587
23818
1744
13357
2232
7970
25076
190
16974
26823
9487
19861
13972
9165
13232
19665
30915
23004
26357
20714
14336
18895
23900
11575
11733
27739
31958
32691
20706
11249
23325
18432
8144
21477
72
28588
6279
31439
14237
10164
12193
27698
25254
16198
23582
21851
647
22475
2905
14732
27534
6693
4410
29018
22284
20789
26798
14676
18275
3489
22612
5093
29281
14036
20346
636
9676
11590
3911
23017
23102
25085
29753
13835
26675
1876
29651
20648
4961
16123
8847
16284
24648
26943
22042
24118
26633
31115
14272
26079
7803
29743
23333
31228
15996
31073
11575
11030
20613
385
20320
13624
32642
11938
13056
32153
12256
22341
2330
4987
3303
11879
23118
14419
74
11455
23303
13098
18428
8001
20469
29507
7750
32486
5822
17918
10263
30127
9968
9212
7579
13544
7995
22916
24846
170
13021
3622
30675
5283
2909
28574
6592
17945
29308
1019
19133
1837
22633
26368
12941
12125
2612
30410
9963
11597
11397
13235
7129
1479
20110
22391
28213
17408
10558
26517
15501
16157
24247
18168
16948
22773
19971
2775
26773
6681
20226
5850
712
20242
27303
17534
26467
2793
25444
6586
23699
13037
8675
21219
2667
30640
23031
17357
26491
24403
31698
21555
21413
17667
17784
7000
21804
29124
2164
24303
11278
12909
30665
31032
12180
3828
4651
27245
10791
1772
31855
6492
10085
30540
24641
1877
26740
3442
8981
31558
29334
27496
2400
26661
27646
24933
6663
4750
15075
24727
22039
14766
6866
2847
6328
18271
7240
1374
13148
19348
17024
27759
6716
18168
13194
5620
13573
2258
11933
32022
10190
9260
15534
199
10318
16436
20289
22346
13132
18402
16768
23286
13910
15579
28554
5175
438
12694
22541
9429
5794
11965
31767
30841
9651
2006
28969
24173
20889
25378
22926
28835
2572
30917
14058
27641
4869
19752
19222
23995
3119
27292
31531
19049
3224
24128
26845
12731
9901
31780
13835
5091
26725
11950
9875
23570
11196
21821
5227
21565
19299
30221
27118
1569
4022
18267
5747
11653
26606
21449
12580
8127
17304
15875
15886
19577
8262
26531
18804
15285
8068
32594
19817
11535
14605
14896
5534
15426
23871
15479
5496
12014
7117
30043
25701
20377
8884
29236
21617
31219
10608
27870
22292
15454
7279
6496
9294
12973
7366
30413
22518
32300
10275
10088
31056
32481
32002
5131
8413
12818
3876
24266
12407
23048
8253
26835
20893
21266
20718
28568
11787
14796
15858
1329
5773
18080
32156
26619
3094
654
4481
32134
24332
14633
8306
29870
22759
19426
3245
21255
9210
19081
14931
29055
26000
29969
6685
11326
15931
2708
19531
18897
9321
2454
28638
23944
19768
17806
29191
10524
6028
30115
29151
16789
11614
8371
3160
31595
20311
2713
9332
25068
32413
1712
31669
15837
30957
21395
11988
28516
15082
25639
27318
7974
31924
14812
28059
2732
23741
13359
10393
28683
11480
31092
5449
23748
5523
23762
5056
25577
967
25999
25792
32641
5229
23437
5168
8494
29363
32021
26570
13837
23632
16852
9748
8670
16404
20259
18833
30053
10947
396
29752
25615
30243
12169
14117
15577
28244
2446
655
27246
24928
15178
20986
16015
19731
12843
26797
3256
7949
11552
12903
22529
15125
31138
7246
6210
15280
501
31272
23162
8434
4267
19405
16498
24981
28011
30428
9117
4680
14064
18606
24387
5961
7764
21640
1502
5174
26511
533
1477
3617
21307
24595
263
29666
21914
3916
23706
177
16089
22984
19125
11508
14486
19009
21626
8533
15521
22487
9944
24600
26879
31237
9904
6315
21813
14548
4150
22911
19651
3406
9627
5143
4846
9782
12521
10079
5058
25846
23854
25662
9816
9945
10972
16494
17493
11898
880
11148
23219
16765
12370
14955
6084
20092
14588
7342
23155
12100
27743
4246
9934
23362
6530
18712
17345
7736
15213
31283
26148
10036
7237
32640
3321
963
13240
20747
29422
23394
17564
14945
14634
32565
32210
2026
12101
8700
8817
7801
23704
19522
32032
12578
11960
24791
8900
2380
28989
17793
18524
5382
29384
1007
12328
12191
31556
30446
29201
22640
30571
22496
9029
19453
32140
16489
8482
13117
3980
29803
853
23861
15916
2101
31043
14028
4489
14071
5800
29914
23273
32121
21373
9346
21428
19725
17184
5570
11713
27331
18095
21576
30931
20187
16052
8839
356
6272
8
11019
3233
27059
4081
23561
5557
16261
27534
8507
28746
6793
24181
28650
29773
2953
11418
22861
5874
30840
4979
5905
5369
11688
26201
17977
4655
3901
18994
17448
21047
32482
21581
25084
28298
18874
4237
25118
11709
12953
13002
29719
24579
27765
30580
8870
25842
6423
30585
26639
16010
8214
29545
23733
21875
29190
23001
13291
21126
3053
3333
31496
12687
20214
11193
20153
29009
106
24945
31388
1227
1499
447
14090
27066
12707
29421
31028
2143
13197
11235
2417
16514
465
18764
21462
18359
20038
32245
9992
15584
23507
25205
21838
5363
18470
26643
27626
17662
7593
29412
29866
19816
16818
24372
30138
2681
4859
30247
9148
28188
19537
5536
31258
1764
32656
3938
11675
30798
15566
886
11573
18502
14807
14796
9507
9708
3546
16165
14391
3479
21857
18735
25456
28186
21126
9714
16335
13127
23908
14956
5735
22962
14541
21624
31412
28600
7995
21493
24365
10175
7176
28451
22556
24510
1249
5712
174
16897
10104
15029
13894
25382
32633
31899
7703
364
2240
1218
10482
18733
457
3330
2396
17064
12903
23603
20452
19716
2745
14667
8628
19090
11866
6598
15717
25171
16345
3915
16920
31418
105
14476
27842
20914
6105
14702
16327
21987
6342
32362
18635
9521
5391
20274
30916
21638
22153
29848
16980
25810
4084
30124
29271
2384
6702
12325
30392
8970
4519
20483
1928
5535
26645
27250
26193
22852
15977
16368
10151
28169
6913
27058
15105
5214
20511
30276
9415
28373
9882
14705
7852
28969
8403
21346
4670
16512
27115
13066
8635
26861
17715
6081
13095
3129
4580
22062
12699
28131
14097
25707
30944
101
3033
29028
7997
22457
4065
2944
4492
9500
2050
6788
13715
8210
21310
12468
1682
170
3065
30523
24601
28419
18789
14796
27420
3087
5439
21898
24905
30615
27065
3877
6809
30591
19383
5190
6438
9292
21821
11310
1852
16099
17448
23450
23474
5011
24861
32745
6267
3670
21184
9600
22392
25684
12582
7534
6544
30377
28044
5708
3075
21096
25161
15463
14331
29152
7937
9506
20581
8990
17692
2453
4606
14259
2166
5242
27057
25015
10328
18250
21792
25101
29864
15011
12673
27625
13148
15853
27819
24976
31284
6717
19568
20063
20649
31865
16430
16911
11809
19134
28833
28983
10340
26878
507
16146
26195
12526
15415
5251
10968
8479
3498
10326
3097
1898
7131
7369
10993
10898
22164
5707
32416
14117
16697
12163
2241
29603
26201
28308
1405
32738
10627
8096
27647
9137
27483
14475
21287
28860
13292
10753
3715
15280
22336
16826
6011
12447
18478
508
5835
1701
3444
4706
8759
5836
3334
11741
633
23085
8613
12792
5503
4952
11954
13152
8403
9974
9797
15267
10331
26541
13690
5176
7490
22852
2827
17088
31030
12040
27684
6795
6612
2414
2930
1886
28768
14073
22142
30067
22970
31838
11577
31426
12941
10215
14295
9599
31690
29717
20193
5092
9045
32137
10630
14640
17662
20516
17971
29680
30642
20334
16739
22909
31474
32308
3767
23238
22661
26998
18505
9807
20074
14976
2110
27514
5393
13398
154
25350
21963
8277
17752
16597
25982
28184
31931
29426
6045
2713
27103
20946
15703
12952
1427
9690
9487
17473
6507
9762
11789
21513
4368
21625
17523
2265
30171
23209
22898
878
18594
19708
11197
21760
11730
30206
29758
18721
8126
3973
19209
1769
6967
3311
22670
19792
31325
23211
10002
20187
29108
14075
10336
28795
25467
2039
17339
28594
32057
21206
24
13303
21400
14441
7818
20316
28790
6888
14590
29294
1850
20721
14632
22364
17252
2510
15293
26716
25961
18167
13283
9547
8637
3799
25318
3219
30257
15571
30764
2898
27007
4745
28011
14521
26915
28245
29465
24754
14701
19226
292
8645
11221
27967
24548
8764
3982
24823
15694
8325
4190
11718
8810
25305
30636
25409
23815
18971
987
25365
12717
3075
18902
3146
27091
22651
21740
11209
4690
28233
30943
22044
32282
25327
2615
3702
24867
8655
28892
24307
6055
26259
18660
17952
28047
14028
1450
7614
31275
7897
19232
24259
25637
13835
29030
26274
8632
11783
26267
8652
2333
29035
25331
16247
17734
5556
8969
21150
719
9311
7287
1097
26930
32590
24741
15118
13370
25710
8670
23512
442
21655
3753
2023
10110
25011
30550
31768
9602
10275
29143
30055
2146
30558
28625
16050
20498
28123
31475
19392
11983
3122
2951
1409
13397
894
11590
11159
14675
17157
26225
28438
7964
2331
5405
10888
14239
31555
14031
23349
27033
2456
20040
16289
25865
8555
23458
16213
31717
29486
6812
32738
29451
20368
31539
19236
24442
24554
2162
10948
25538
15834
12682
23808
25017
11821
10533
1711
29808
771
20216
18047
18021
26925
22423
3458
6138
9434
9870
24809
2598
371
3757
26895
363
30915
27811
29113
13576
21851
20431
16284
15983
21557
9554
24351
15609
2455
6505
20579
25049
3386
8954
13440
30799
12716
28012
24594
15902
19187
5308
30453
8255
18547
26573
30028
12247
9746
9472
18888
25447
30873
25861
25895
30786
6493
10225
25338
2117
13600
14480
12204
10178
16946
23036
20416
8125
8667
29550
11354
6235
28926
11861
2305
18327
19446
15013
1699
30775
2500
11634
22489
31998
12908
11709
2669
25636
13468
25486
2586
32515
7823
23875
16530
4627
24113
24359
30406
16664
19588
20806
23393
2970
2114
16256
21141
28054
25540
8157
29467
30835
27170
21280
21621
30775
16284
5023
4727
30971
24888
18001
10757
16541
1965
25129
4894
4276
12672
24994
15386
17609
6253
29340
18991
8388
5640
22630
17210
25508
15268
13340
1212
29299
8564
10035
11299
12153
12528
1106
21580
20913
28282
611
19525
20601
1602
9707
11095
14221
8295
21654
26180
30518
16479
18199
18893
1215
13208
19758
32375
24361
21343
6154
31119
19488
7682
32466
32620
24877
27441
29055
6900
11564
16298
3564
11874
5633
1046
2864
326
16007
9005
28459
28620
2249
21281
16991
8002
2165
3642
13825
23509
31117
32445
28752
923
3936
25107
29478
8919
12217
10023
20685
9592
28246
19472
8979
16866
23707
16112
30881
241
392
17948
11400
1851
3561
13181
23581
918
8396
26422
28423
26331
12344
25990
26006
18665
27164
1008
24919
7916
8582
29082
7141
9951
7189
7924
16385
11343
21425
18585
22757
2658
121
10618
19414
3865
32509
6201
4089
9170
26286
5075
6247
24337
25747
898
9347
25471
11837
11746
27276
12339
8444
11090
20590
17969
24915
22429
9950
18224
3754
1754
6821
29089
24387
400
20540
7660
14447
3102
23962
8445
5890
32090
5706
14335
23556
10361
24000
24935
20905
7727
29677
18229
31875
2326
28689
7798
3319
10580
24017
8206
1262
13177
12425
32436
26060
5798
227
32318
31398
28148
18601
4127
4784
8467
4311
6446
16372
30770
17909
17577
28234
10015
9891
2169
26244
5040
118
16055
4585
23393
12034
30832
4581
23614
4408
28069
32766
17668
26867
11926
27146
28803
22733
31297
24223
4166
29751
24101
7628
27254
5577
843
16902
12028
28630
19591
30053
10214
2884
10748
1809
18700
10394
17886
29943
25331
14171
28284
15808
31985
22419
24957
3843
6802
6575
23657
9145
28731
28817
5740
26354
19213
2532
1879
11975
12300
173
8168
9104
30337
7715
22347
10071
24989
7361
12768
20876
32094
8601
9535
21241
17079
24555
32122
22009
18155
6902
10146
12005
31290
31246
1420
28880
14783
25327
11988
14964
14489
20049
17187
20331
1097
19133
12718
20899
10331
8606
6655
12044
13641
21147
10744
6035
11932
22820
7445
3924
9300
28747
16625
28939
31626
18646
8972
29900
10836
26002
19403
3829
27369
4586
10944
15200
10757
9911
6188
2269
13455
4442
4034
30943
26746
20745
2222
1909
27881
24166
3798
28540
13718
12630
352
32532
21876
22800
6772
4176
25747
23156
9283
31282
32068
18591
32584
3542
5247
19388
24013
29677
12673
2588
22706
32365
18617
10122
16746
17031
15845
20184
21830
3802
20857
31166
13814
4582
32064
27365
19277
17603
1093
3646
29252
28178
14836
13208
7490
20789
17533
22386
18842
23995
24185
28173
28245
29470
23504
25798
18483
3249
30170
19875
9964
27092
8900
26924
8123
1642
31798
636
18717
30605
31026
20887
25559
128
32576
22526
5430
29668
3784
27521
5786
13615
3775
25429
32310
28251
31621
7014
1297
19931
32014
16878
28240
24787
10305
9031
29624
23944
28573
26622
23407
29206
1826
31016
6914
27489
16239
32505
11180
18509
7208
11666
29654
3378
10650
21531
27098
27530
21922
25106
21516
4589
20426
22242
18939
14400
13494
20408
23284
15401
2239
10130
32200
25029
17885
23961
11727
3230
202
13744
22829
1239
26980
18253
1108
7338
10836
28295
18123
18965
27629
21361
1325
2255
32342
31655
3188
6273
28396
6694
29303
27443
3298
4449
24498
22532
8490
23441
9798
26143
23961
19788
19008
17386
18246
26201
24350
16001
8243
9411
24208
19810
5167
3628
23675
1642
11514
25444
15427
3584
20907
12858
19274
22416
21839
14738
25780
19003
22739
21432
622
7628
1060
23284
24430
1006
23188
15455
3900
29085
11904
11508
11953
7387
30767
13546
4606
676
5118
1346
5105
2339
11194
19356
27252
4646
20302
30798
9303
4560
158
10935
13391
32141
14002
14289
11582
10059
7191
32518
5044
22760
3202
325
26806
17382
5559
28244
20927
6502
32681
7272
517
24148
8163
7667
18685
20447
31782
27069
27169
27692
84
18742
8689
29515
19340
267
31800
29802
22679
26615
24464
15176
1411
24540
29224
12781
16013
25874
15301
2713
20549
10238
10503
17914
9452
25831
21486
27041
28961
28166
13724
31415
5053
7132
9565
4332
11515
6089
18660
5553
12508
13529
23000
935
30921
19169
25743
14935
6266
18379
25625
14883
31256
27438
24448
23676
1438
24610
27726
23638
22405
10578
14928
17113
19104
4946
3226
3162
22853
8499
17355
6537
6573
10069
23954
16620
22941
2173
3441
5260
7494
18727
21185
12270
1387
27934
12279
8772
24769
21321
26405
18661
27803
968
24516
11771
2246
9280
6576
16251
25266
1650
20852
29275
23507
1299
14792
9727
12103
8919
28248
23540
6841
8144
967
6112
3717
30966
22772
31673
10525
1543
3452
29750
427
10641
16768
2435
1528
18252
680
10297
28556
29870
2663
30349
5143
6074
12673
2504
5391
26649
15563
4087
12955
1643
26418
16867
17840
7647
19711
12611
9593
17409
7258
18225
31741
2772
12044
1755
19964
31009
29065
26747
14873
23822
15149
24713
13119
11506
31686
26414
14909
27240
25171
5117
23219
15267
24843
8670
28466
12033
12961
28490
28831
23778
17607
20158
21720
23482
11249
15209
16538
14949
1115
17960
4259
29883
25677
20149
32275
5733
17310
23836
25112
32751
31863
12142
23754
541
18777
20408
25428
17283
25697
17974
31061
9296
11211
15301
6534
5227
28598
8343
4508
4033
19750
11050
21872
13533
14927
17275
3421
10681
10257
11895
25577
17107
23743
3506
22184
8324
27684
1883
3678
13965
28872
10864
612
29171
27247
25390
27469
28942
26083
5068
18632
476
20979
9576
32456
23195
9660
9538
19939
16534
15399
16936
11000
4415
2227
15921
14869
24958
2421
10414
28824
10057
6749
29790
8852
8565
3514
15841
32630
29131
11776
22127
16872
7519
3273
26314
5877
26397
17179
15985
110
14501
1769
8983
13965
3417
14812
13395
19673
5043
21843
14233
7753
30941
22440
24681
17580
4731
5813
26822
8008
23243
7062
3562
11458
29425
27569
17720
15422
8076
25332
15730
14790
29581
862
44
6640
7497
24001
18305
10427
2509
30662
23556
16315
21105
21297
3833
10102
10416
31334
9414
10253
13366
13868
17316
3359
5947
20658
15002
8426
3344
2512
13484
25267
22263
8334
11344
31848
27448
5610
13089
15237
6769
3286
25047
4404
7982
27521
1143
23992
19385
8663
22215
2827
18996
14667
25861
15046
8932
4564
25816
2882
31952
28725
6791
14333
19595
16770
7785
6463
25934
14304
5789
18173
8265
9356
14586
25341
3643
13087
10569
20027
26433
27152
1970
19852
11499
5242
17269
24961
12949
31007
1499
21902
32757
686
18795
19051
16880
15681
29024
16315
15794
19754
30043
24812
31229
17135
30038
6494
4801
28819
18905
13255
27374
9239
25712
2262
12422
27457
5212
278
26358
17564
905
28182
27558
25024
32704
32455
10447
24275
25630
21285
27277
4944
14021
29465
2613
24583
20177
11422
25576
7782
5774
7460
19048
5366
15848
27185
27947
5416
28962
27982
25774
9810
26571
22305
22796
25077
24558
3543
30415
25921
22922
19141
9734
31707
9793
15182
14232
26589
8532
10503
31959
27423
9167
27929
32088
30133
2305
13031
16131
7608
22319
19953
21606
17482
24714
9976
9550
3028
28765
1124
9625
914
22667
12770
28230
11346
29497
19281
27854
14968
27848
11999
7351
14662
27142
23151
32614
29530
24229
14399
17973
17528
10220
7879
25285
14474
16300
2020
29078
7141
7030
17205
13012
24782
3083
10181
1396
32317
12564
2283
6272
11233
21779
29295
18095
8035
17818
28654
20537
12015
31675
25472
26345
31985
10431
12183
16500
4380
31514
14379
8969
689
12191
32532
8233
6142
17137
24503
29113
32549
22330
11748
11606
1054
8735
15359
16872
26623
30451
3166
29562
15739
16682
12787
18761
28329
785
9259
8730
20487
11453
2581
25297
25791
24385
16583
29504
14377
28709
8446
32061
28816
16659
18436
8695
32569
16338
26583
6538
4513
8825
25223
28880
10247
13276
13536
22906
29994
17483
29769
16480
27476
4732
25580
7702
6807
16581
25879
13760
17495
10894
18146
13863
18441
11783
14611
28940
19769
15894
26174
7356
20178
20628
31025
21476
27546
31928
4495
18343
8188
24019
27578
22510
19722
3646
16374
1535
12482
20113
7372
30034
13200
11542
16557
28319
12053
16766
14040
6460
4647
20690
15230
24230
1561
28076
11043
11358
31036
26790
327
2038
12965
9491
10822
10603
21297
9709
11389
4021
26567
26383
27822
17309
28893
22180
4517
15567
830
736
19228
7472
26122
20462
32733
13937
20990
18985
10022
3557
13813
26766
20817
21135
9391
21361
9140
31104
20434
880
19399
29792
13358
19622
11652
13898
23365
10785
20756
31453
22027
23957
21415
911
21738
14161
24484
16197
265
6771
28674
4129
31438
4440
25333
9115
8610
1623
8142
4308
2292
29871
21532
12582
16000
9661
3096
26368
17873
20083
10816
18161
27908
8453
577
22274
24272
9957
6938
22601
5571
30450
23679
20155
5326
7149
11131
15170
2308
16172
14938
15376
14495
27538
4038
1842
25412
31934
2352
29544
30600
3715
23666
820
16818
152
23730
9777
30658
25233
1673
9382
18099
23566
5988
26971
17662
25907
13355
7595
28255
25432
25377
19419
3291
32257
23820
31658
13058
16400
31125
32041
11122
22841
15089
21965
412
5047
15553
963
1995
21053
2615
2947
32354
10800
8059
936
16484
28179
6733
4863
6458
15427
24043
5342
10161
26084
11829
22455
29251
16923
1551
10732
4247
16765
11527
10469
3659
21960
20536
1633
27376
465
8813
14345
23382
9662
18314
17739
12298
23413
3880
10085
1310
30549
17024
28608
7976
291
2442
10368
6541
14663
11110
9049
18944
32312
11770
10916
32069
9781
6365
18610
28987
8502
24435
6496
12313
30498
13914
23019
12536
30274
22533
11014
24978
9718
31911
14634
32073
20902
2387
16174
21867
16380
14945
5911
28340
27216
19731
19761
6164
18532
27769
26975
24243
1106
26001
25263
819
10946
26291
28977
21557
11104
20012
12810
4638
15758
19498
20932
16411
32085
23512
12520
1634
21666
22473
14031
2491
1199
11674
18101
23615
25535
29907
2831
27488
8974
27919
2846
3882
12552
10077
16069
7881
3001
24293
5272
11850
6021
17615
7733
22950
19993
17248
22231
16636
22945
31846
14376
6686
28731
1751
4439
31567
940
12213
21611
17227
6483
16948
19927
17032
24155
6943
31310
2492
19508
2936
28376
415
28995
20063
1830
12274
12760
5684
20002
19904
5473
29952
21707
4836
29662
9233
27456
23243
6037
28389
28698
1659
9991
17738
10751
16340
27426
14530
24437
534
17848
26924
8435
2980
27696
9377
31038
7432
14972
16029
30707
10550
12875
25183
19039
23317
31359
25746
22167
5179
29409
22572
3269
18680
12307
27287
25281
23959
29639
19215
11745
26848
29999
8523
20241
32738
3508
22367
25894
28399
7659
15073
31087
999
16069
14666
23181
19898
4870
15264
6533
29992
19704
25938
23828
4811
15456
14948
32579
9816
30897
28875
10554
4898
31616
28955
24921
17887
16184
19039
16261
26543
13839
7496
15296
16986
11576
17035
19197
14809
28762
12420
15922
32537
16706
25631
6062
24571
30677
20728
19117
22687
24136
7361
6442
18914
7571
10725
1012
31013
20002
13674
260
15697
206
3100
27662
32023
21517
6888
25942
25213
26981
24198
4805
26518
20263
30299
30524
8336
12889
24221
21544
26357
27892
5560
18775
18986
17488
12528
9994
26940
27612
9288
9803
6619
8210
16803
31616
167
28074
13098
30529
32427
30990
29933
10599
6183
23055
4557
14949
14483
24534
10137
28380
30688
20765
30327
2409
17665
31903
32646
32450
6570
11724
30401
12289
7000
22978
3111
7999
19857
6265
20505
21093
14701
15933
14083
22591
11861
10594
62
9170
11
6195
1077
12784
26090
6955
11719
11529
24432
30568
8941
836
16889
3420
24733
8910
21453
6086
19950
20594
6237
22240
2684
19563
12746
31706
31758
14710
31655
26760
24438
31275
17152
5976
24761
30860
16283
16262
32368
3039
12925
2451
15470
28857
19888
26611
27043
1884
18756
26630
32064
19522
18836
3913
20252
16122
31435
6350
12119
11059
1446
9961
8509
2071
16763
15661
15725
25050
18298
5782
32570
402
19251
11272
337
18249
23640
32504
28060
27216
30148
31849
9319
5079
32189
3099
24258
1979
7030
8191
20518
20383
1496
22509
2907
7230
12162
3481
11928
20735
29711
23748
6893
28107
10903
31663
15070
19227
16760
30677
7249
23637
18262
10969
25002
27736
1376
31678
20020
2133
3797
16470
29123
3298
27079
21245
14231
2377
13600
12423
23684
27942
28642
12918
4176
13361
17843
14704
18013
1112
1176
23537
31111
29201
8193
27966
26448
24302
25862
28826
1595
9841
17392
19643
15221
3363
21243
21375
5050
9696
28250
29148
887
8565
6524
7189
29228
15469
1422
18996
5397
16167
24897
6324
23817
17452
21965
24958
31650
14528
21814
24855
17310
19383
7629
15383
26757
16010
5883
30941
24972
19626
27450
16769
29626
7444
868
522
10057
29222
18224
14049
11343
2993
18169
32646
29342
28495
12994
18818
30952
2807
17016
10141
5927
26062
29558
10576
18491
21312
16207
18045
14037
23632
12231
13150
4501
21292
29730
12476
27247
17669
23458
11361
9555
15901
22859
17871
14861
5154
29929
2866
19818
10938
19796
660
26012
26207
4083
21328
15839
16749
2431
9161
32093
14201
13321
32603
21839
31461
26175
22674
19046
10417
2027
31642
11625
28308
28604
1271
1823
22348
20041
12406
31599
12594
19027
5220
26566
17169
12874
7421
16569
17208
26387
23591
29420
17614
25609
353
19250
3942
2114
3574
10741
5331
1299
6518
1497
31038
5590
14950
412
24950
25834
26423
6465
31622
16892
25461
10861
30093
3461
3393
23569
22218
32148
7937
10569
28407
8142
14678
4996
20440
15539
18767
16358
1299
35
7900
1002
32322
2848
18309
9548
24391
21205
347
20774
10975
28887
23087
3673
31611
18604
20227
12078
15947
9866
32702
1597
9371
15200
19236
25230
16226
6683
26372
5887
31000
6690
18611
4325
25033
17186
29114
16886
360
9745
29900
24935
9317
18285
18171
18513
22145
32453
12587
27993
32738
28539
30150
17296
22626
32456
32433
152
9517
27392
10111
3593
29835
26648
30693
10770
19450
25957
25198
31588
31872
24742
23408
7243
4415
27205
23615
24862
3146
16090
9888
24026
26039
6641
23681
28426
246
9741
16359
18922
3169
11757
12071
22475
32531
29453
12633
24761
10494
19824
9994
18780
2360
30877
29489
26652
24214
12776
12388
13704
9852
3058
17996
23545
32243
7027
29527
27250
6396
24887
7852
11979
17445
5479
1636
31503
9305
14346
7671
23074
10492
2763
12532
30631
25656
22525
7670
16160
15761
10972
15827
30295
12992
23830
19222
22270
6846
7562
23984
27538
7967
21583
20202
13189
24481
2040
6558
21147
29701
10262
2727
20373
16413
24831
21910
9741
20007
23758
24998
12193
9049
5547
25331
10323
17085
7501
5094
21040
21055
32188
8948
31792
5637
5980
10376
28766
13822
8231
14653
3384
446
10298
26705
3673
9865
18323
20055
18517
2989
22809
26667
23525
18709
26332
25131
9284
27676
11167
9124
25816
32415
19860
11915
31253
1110
13926
10094
4511
25188
11388
6569
11694
25900
4477
19421
30647
22631
27151
14494
9801
25971
4837
32620
31285
11246
18168
25061
5873
18564
23316
8504
14910
15877
21143
20445
5897
29883
12662
27524
22415
17402
12160
21323
2757
14840
12519
28211
247
5599
10236
5589
23471
10273
17466
6481
21720
3340
4742
27784
291
30110
29365
22411
4522
29338
1615
14930
22740
30171
31890
14514
5752
32233
24506
25225
20293
8138
18304
11324
13153
25371
5345
19299
22608
9311
6944
19394
18968
29078
23054
28796
14242
5394
11657
13699
15972
17030
5699
1363
6461
6752
32709
30432
13984
30552
10163
10188
31221
14921
2641
1758
11324
2112
30790
8880
24564
11987
14752
20647
19515
8885
25113
16424
25398
19591
15000
19977
10163
6128
25595
11334
1549
30959
5908
12790
13392
23408
9713
26493
23966
12574
8801
8962
7378
4473
19891
18724
2658
8232
13761
1512
24970
11664
9006
4598
167
17829
15595
22534
18657
8448
1280
3733
8460
11315
4745
6620
8144
6489
11518
18946
8456
12273
11448
18833
19049
20204
17585
20519
17252
21764
6540
28014
9293
25424
18901
77
24764
11797
19337
11872
12596
20448
17113
28582
16386
21201
13867
634
7528
25658
17250
23493
16123
26217
14943
26481
3658
21697
16583
11553
19136
11792
25351
11551
17100
22812
13974
2453
10302
14207
29050
20481
1013
23221
6926
30435
3255
3956
14850
25528
25952
13115
9123
3372
1599
2094
20573
3468
21949
31521
22910
14714
13375
4083
1084
3812
32590
26653
32250
4151
20470
6026
11719
24527
30827
15274
16168
12211
1267
2242
18967
22911
17407
16774
15435
12961
6555
19689
26554
28872
8713
24116
23133
12954
26537
25429
25395
166
12317
11642
26760
23193
9385
2015
29559
9396
23008
12516
5294
2429
31357
26979
1649
9141
6543
3648
12258
1163
28633
28738
28031
27151
2168
24097
17132
14825
8390
5344
23027
5195
16255
2652
29385
4900
18210
17958
10642
2455
1946
15502
13608
22443
4894
24576
792
9796
23126
23700
21742
8018
21439
12768
17075
30280
12880
7953
18099
21712
28510
5434
13956
32700
11197
9195
19779
18496
11304
5126
11041
7519
29922
9422
28190
20900
18590
8001
18453
26898
3741
13224
13817
861
25622
21868
15454
13915
23770
2347
19771
27829
14136
22795
15086
7394
1822
25422
23680
27734
7298
14119
18219
4854
10496
29644
16665
4816
26821
24013
20847
6153
21163
24228
4490
5398
5029
8845
9096
28463
22878
18584
29195
20225
12317
22780
7481
27044
30700
30126
14600
21964
13561
31026
16568
16707
16188
30642
25505
6807
5466
22093
3886
784
22218
27825
23082
7396
10550
25836
13626
2478
3364
19839
1195
11549
26069
4532
1902
2025
14445
19506
12129
16140
26197
10191
20177
9006
26334
17061
16188
19553
17447
18280
25947
7694
24384
12535
13919
18223
16271
27696
8828
4799
29043
19465
2212
7279
14376
988
6037
15771
5867
7171
16405
18044
30046
5285
7292
22431
25389
10959
29044
28566
16114
29639
11261
237
17494
17053
180
9312
17785
3074
4180
15178
5013
15453
13693
5729
23262
13340
24500
29857
30124
24136
8108
28294
31451
5469
18627
8574
2930
19032
19408
12190
9092
8721
12060
26516
29268
31947
18350
10461
32188
7178
6092
22584
5328
23205
30398
30810
21950
11035
26069
15075
19193
20522
13996
7569
25494
926
26286
26547
19190
32616
21464
7137
25509
7407
11968
12779
27010
32427
19927
11535
32544
30703
17899
25199
10861
9990
27632
962
1169
30082
9215
16969
8473
29393
8607
7684
28757
15633
32068
13607
8446
27685
17173
10184
17692
13065
24306
25562
15911
11106
2486
27998
13421
32602
7097
30424
7603
26026
26778
24064
5919
9208
2107
24763
5718
2916
12556
7753
13793
9054
1933
14528
8405
30394
1806
10937
25011
14086
26553
9545
6285
10779
9683
2611
23658
5618
3647
22107
19436
7865
29764
4222
4400
19238
29840
4129
23798
8972
27004
12487
7426
7212
29841
17767
29122
18765
16715
24605
10032
32655
25886
16928
13562
26108
183
2036
2528
9056
1668
26081
9822
7770
19062
2211
19084
948
16134
28259
15170
1776
886
19430
25215
4387
10073
20997
20236
20999
18261
26461
22364
26443
26408
10823
25527
3629
11497
20235
9112
4939
24976
11856
12883
29878
23225
6103
28410
27209
12709
15721
2946
18489
27522
18958
5922
28652
30444
31104
2044
17167
8883
17375
2047
19683
29151
29094
2316
5591
28913
11230
25687
21852
28780
23698
2321
30197
18580
29570
32324
8077
2678
25371
15358
15374
16936
27047
8113
10799
11858
31426
32730
4750
4333
23821
8929
4862
32075
20518
7488
13346
18264
20183
23272
23867
30751
16781
22496
14910
27536
13580
19504
18474
31616
26978
20221
31640
23537
19737
13557
13715
3220
14513
11758
31403
908
32334
26057
8261
30069
8621
11421
25653
24229
19548
27154
8847
12721
21035
24586
7609
20275
23006
135
3269
10955
32292
23241
25598
16740
31437
25526
3009
17593
14903
7551
31119
8215
22281
25217
24415
14948
26148
22377
25913
6496
7383
18588
8448
18987
10066
30422
16528
13064
17246
5904
6665
12896
29515
2472
5737
12042
23849
3260
10849
32201
10811
28118
20833
16406
31400
32463
16118
8224
16756
20973
14933
3602
7343
335
22584
25236
32236
1419
1768
2708
14069
24469
8347
8262
16061
6627
30721
5481
17046
25806
4890
21197
22436
21052
2122
28946
24722
29820
12719
28338
31619
25713
10930
1858
3148
29427
19420
4084
14048
2418
6380
32097
24075
32220
21798
30341
31332
24001
12781
6411
23933
29878
19348
21195
13660
4599
26738
29842
25647
20816
11828
25121
59
27453
16759
888
4118
20560
919
23380
22294
5075
25281
26358
17929
27055
28752
11046
25638
15244
12630
4728
17476
6458
23928
206
23114
2127
0
16414
17639
30482
12077
10869
24451
22168
19917
13628
12405
8237
2830
16827
1910
18934
5266
22235
24661
28372
11969
10288
24045
11658
10083
3638
29013
803
22126
21467
342
9358
8476
32062
9762
7052
13121
27575
19778
10956
25308
791
22993
15699
29164
13361
5352
25890
8837
4249
601
11539
20770
19371
28064
16901
2365
19663
17174
14136
18461
14076
2408
27130
25072
2427
3912
18564
15641
15854
8546
31
22475
1936
23698
22155
19415
6078
28756
12960
17602
2999
25980
6198
7195
26528
15655
6979
4107
17099
31729
3651
18478
2360
30056
28637
7329
30300
27585
23491
21341
11554
22474
730
18371
4400
27936
28315
12407
17771
11938
5049
30578
29629
10021
30723
22611
16918
6762
28557
14582
6320
16973
13578
28744
7576
27710
24957
28506
2410
2805
1809
180
14683
4194
29508
4587
8829
9187
23627
15222
2623
2234
32178
31421
10291
18622
26692
21107
5397
30544
2346
17702
11016
8337
11351
24084
15138
14547
32291
15425
15403
8269
20533
21446
22178
3858
9639
22892
29185
32068
19045
3193
10051
23428
31190
21194
15522
12206
22719
23330
3749
27075
18020
14786
2650
1319
18672
13114
7392
18957
6422
10622
15401
17199
4345
24380
27902
15298
585
1389
27204
22953
14255
18219
20861
10217
9580
18370
30866
9565
3389
18185
20687
11179
6529
24563
31535
17014
13213
5473
29146
13013
6560
8506
27372
28420
30499
14782
22648
8794
1396
16663
10701
32123
30451
4913
12791
4815
12731
26060
22409
22323
7557
28368
29082
6894
2250
17632
30222
3814
26920
11825
23831
10772
31495
20893
24058
821
1148
32243
26903
29378
16238
31634
804
4387
12023
7222
26041
25888
25612
32017
2321
22168
30049
12062
31503
14709
11911
14770
10111
1247
14935
11092
30111
2736
19604
11470
24285
17192
3788
19076
25315
227
21631
26629
31953
8455
23172
4576
32201
3010
5543
8633
28849
6388
21655
26779
27444
11560
14592
21392
28682
8905
19444
15983
18042
21395
12687
26870
27421
22087
16347
16920
32228
17571
31985
32152
20828
7569
18529
10199
32561
6047
13268
11243
9714
30639
20208
32752
13331
16367
27260
27555
25656
19212
5829
7469
20145
10147
24896
60
13376
18425
5488
2904
26147
23019
1290
30581
28494
23336
7000
5572
25337
15773
16347
14287
29786
12337
19508
24005
15284
24499
6469
7954
19600
17424
26515
307
330
19914
9966
12489
8144
1957
24917
20716
15271
164
19732
21697
31023
4659
18991
5967
5671
22182
20227
9614
23411
25570
2091
28353
23581
7770
12193
20230
9627
14398
24357
10284
17744
12526
25059
31940
18261
26805
18768
16763
4728
7348
18773
22695
17797
24348
8111
27679
31173
24481
2710
6480
3781
6187
4764
9101
25432
12750
11225
8359
8159
13820
29253
21438
30152
24569
1381
10838
30805
8848
18218
4013
29343
13829
534
2637
24282
16970
15008
22493
25306
31093
12250
31548
30166
13938
20305
28881
4973
29685
8244
32028
8166
12211
27065
18833
25020
3538
6333
17319
13402
20638
10411
29228
22563
30845
5022
13531
949
8229
3530
8752
6767
26892
4120
30587
11313
3104
30224
20276
8802
25273
13052
4494
15928
31692
25162
21326
19507
4449
14131
5854
12523
29255
3994
9117
13068
13318
11831
26490
9887
16661
24564
5825
23947
5965
4247
32308
347
19102
4770
15198
14913
8193
7799
20260
18267
21677
19648
16029
27702
25998
4110
13860
22417
27379
29120
25259
26467
23687
5671
30034
28191
20866
19432
1336
23862
4384
10913
17296
30941
1875
1231
13816
30994
29108
12527
27399
15321
22720
28131
23845
27852
10561
26264
30624
17874
522
6374
29180
19759
2535
9143
30090
13501
25044
16492
16700
15992
1901
27516
16311
19008
15270
94
17322
28891
16828
19626
24158
20538
2668
24187
1167
27901
8034
4631
30075
19769
25332
8914
6200
12408
30736
17199
17226
2305
26227
73
8821
6746
20252
29809
11984
24844
17665
3353
27931
10150
7680
26609
26194
27908
20504
2895
3714
32721
11993
32212
3548
29515
7449
333
8200
20806
1769
29911
32188
11636
14280
8775
1164
32227
24854
31432
4356
23751
25803
1734
16116
6010
14440
3339
1035
11969
29742
13608
22695
11345
25230
10519
25324
29074
9186
31262
22548
25506
14938
19702
2053
6301
4665
4397
18217
27164
23105
18377
10874
4347
16491
7470
18908
11872
26332
23106
31920
26104
9493
28878
17574
28036
26986
10024
23250
13717
20149
9999
4867
3987
14923
29654
2384
29956
5679
3013
19955
21515
31622
14524
859
1327
24907
21529
8828
20062
9028
476
22890
5938
30005
9993
14374
12915
5715
8014
8119
24796
22779
30182
10109
28962
21156
9661
27843
8498
18451
9429
147
9402
10702
16104
26574
29932
13522
847
24956
19839
2952
18978
26464
31478
23286
5281
7375
24100
24626
19666
8131
18672
25117
10348
28716
6230
29517
13044
24966
12206
4171
17190
19120
14641
28159
24470
26620
20409
3176
22167
9091
30152
24977
3420
14267
32204
12480
19037
24651
18337
25072
32508
3357
30552
28033
21609
19381
2359
12335
32707
23234
26368
15169
8576
7155
25207
29954
13326
22540
14622
7541
19898
2361
1347
2885
14802
8098
16444
13563
11526
29759
14834
23155
6420
24046
10652
25233
25509
7363
15309
16688
1137
3999
16817
31067
20138
26628
26003
4032
27032
20519
2211
353
15489
14151
11767
4749
20939
14398
5839
2575
30052
20054
29725
11429
4706
19549
20805
3252
5095
18940
7201
569
19784
31556
28232
24323
11630
9866
31632
13088
16764
11381
18897
13717
19121
22101
5612
9554
27537
24246
2572
13924
12351
26678
10540
24429
30254
22163
5082
6993
30456
15880
2618
29491
31374
23770
20301
25760
29842
21294
20851
30729
4353
3357
15407
7031
29717
4874
22315
5498
12650
13363
22140
9314
15967
16263
38
7602
25535
16056
19171
8658
29345
26512
23072
14340
16524
14216
31561
26265
11999
28055
2118
7013
16752
22088
21318
30832
2164
7695
32699
22766
24991
7645
27813
8818
21644
22002
5140
13918
3678
2803
1000
6046
16552
14652
21468
6294
26506
21111
15555
9560
15133
31085
13585
32283
20497
12317
13980
30185
11157
11275
4516
2455
20087
17627
28945
25338
31629
12574
29693
7256
15699
1388
114
22557
28373
10675
13173
207
19408
14542
4675
17732
19476
32346
24794
9491
20012
1733
16827
8520
21825
30119
751
25948
24124
5718
15432
31844
4139
23221
8937
26248
19430
15436
13832
8887
24306
13214
10483
153
23973
14774
11857
20165
26763
2052
2219
14645
24841
2663
1067
27638
20800
14219
15779
20004
2868
17269
23248
26902
17198
24668
6113
20438
10591
443
20019
6868
18117
21924
22623
19419
8531
26711
30582
11843
27468
9747
7563
1897
16880
12076
16754
11100
16218
12894
8136
18905
25513
16737
3379
1914
6494
21437
15851
14122
22789
27616
9850
18396
12312
4718
22976
14973
12064
7128
2105
13350
797
27696
1155
151
15912
11580
28954
6369
4951
10953
31591
610
2529
18753
18425
6646
27522
19072
29714
8044
29217
21732
20581
5431
30897
28835
14622
18534
13141
28514
12067
5335
12999
29187
5785
14759
14074
190
16043
20972
5374
26995
5766
17831
13349
22590
13224
18164
26212
24141
3419
12164
8187
23278
4476
21069
21080
31468
30337
5504
28217
16924
28347
26812
20754
21299
8407
27521
8622
27098
2475
22503
24600
15109
11056
1424
11452
12160
11466
6363
2762
11466
20688
12890
8667
24615
25416
12935
17111
16369
1522
26034
13334
14127
32137
11326
2245
12137
25669
29453
1932
27834
26020
4153
25709
28710
26474
22533
20976
21550
17382
32275
11645
22434
31096
5847
19209
2743
29520
19787
9205
21081
20344
8420
27954
13762
17941
16325
22698
10828
5610
20788
1499
20867
6685
17482
26053
23935
27966
30446
5639
3953
15749
18692
30533
1147
13915
28641
716
17605
8988
7682
9081
18637
12060
21246
5591
26878
26344
26554
4999
27525
24270
10972
19941
9312
8863
8578
31720
23479
21171
16435
32586
28272
4654
12310
25833
23806
10882
29793
17518
15481
2101
1045
17196
15860
29925
11241
15947
16395
12937
19587
24613
7867
23545
18670
9456
13687
11953
14665
4766
18295
8657
13756
10241
16980
28265
19889
18227
3794
27892
32576
7989
25596
27682
17130
22742
20599
25819
32651
2774
28176
12160
31370
14668
29591
7796
6227
25669
6384
8667
263
27054
359
22689
32113
15988
8260
12990
8253
17129
19359
2233
3940
13930
29046
19563
491
3647
8957
14086
17869
13250
27189
6230
25142
28099
7616
11078
10737
31020
9972
5029
21028
5345
28206
26922
24891
1258
24937
29622
2594
20692
18703
31962
18359
16724
24334
23193
19583
24878
23599
5999
6807
1365
28580
23442
22510
8276
21727
31607
12978
25836
31659
20376
27144
31743
30325
14709
20224
20909
8938
31192
20936
15804
16584
15454
28448
2877
27373
31795
4621
9068
9909
9757
15826
24537
32130
7100
5148
18373
21660
31760
2941
15567
30524
21819
27163
23248
1763
9096
22698
3843
17904
16813
8599
10857
28786
11853
28806
29547
5947
19137
9727
31426
12598
30488
4964
14228
22266
12124
13095
11999
23710
3607
12601
10779
15823
22550
22470
16667
4129
30061
13343
15157
28579
31676
2040
2978
6582
11696
23251
27943
10783
5068
16316
24821
11866
4713
9015
5327
817
8443
13687
29802
12430
1687
17616
27161
14222
16306
7279
4778
1750
28972
15177
26762
2346
3213
30545
10800
572
2446
24814
32697
11713
22747
31404
9168
21706
29719
6450
5073
19794
12064
32628
2862
6163
11925
2857
19985
4255
10134
1408
1859
25515
19659
27662
15692
16302
3240
17931
8924
29611
1263
22975
18025
28746
20342
22071
25882
24366
3114
17724
25828
17539
19540
22918
14835
24278
17179
27948
15179
14634
24394
17503
10927
9032
12884
26712
29633
1110
18582
11919
26220
15275
22235
16430
28799
994
24869
13765
6810
3117
16043
6975
19534
15340
7966
28693
7040
21631
30000
30657
11022
25944
27223
28278
23734
18004
16334
30222
23091
3147
16606
20292
14760
11238
10843
13091
16706
16048
11121
24766
3609
7792
25505
13090
8792
19127
518
21385
7838
19637
27101
23504
10916
3408
68
32043
20767
20856
1858
32536
21224
20660
10760
10897
13658
6657
7798
30086
4091
15069
32737
650
23903
23711
18196
18637
21322
19465
916
30794
1557
7968
14889
28225
23379
27963
3225
19944
4020
19803
3767
4446
21545
3770
27804
9952
17992
24487
17973
28223
18419
22160
25598
10897
31284
4449
10508
15399
24428
24333
26193
14016
26797
10089
29468
10236
29284
1345
11999
8724
29755
18086
20533
24263
26685
18309
9507
3736
11579
23166
10398
10294
26735
13298
4430
19516
10848
2910
15762
4378
23301
26344
8388
19283
12589
17720
5566
9706
14623
6537
15005
7958
11901
19968
14789
15677
11630
16444
9253
4128
32507
27694
16572
21076
1210
14635
30043
16113
1962
7487
11437
28558
28255
2757
23926
22124
7775
23604
5912
10481
3275
12860
14171
20056
16962
30738
11629
9896
22018
520
28200
15842
9296
31328
32148
16255
17435
4194
12717
15897
32732
7596
4710
9065
21952
13770
31469
23665
17161
21510
24625
5626
24241
7041
24738
7489
1873
23939
311
14574
10306
23056
15286
3653
23042
28348
16944
26272
25049
10176
7114
26909
21692
26444
32452
7316
24945
5919
2995
17868
1524
6230
19985
30190
13338
25985
9720
23865
10612
6908
32555
13816
32374
22909
31062
23473
12504
14057
26007
25248
11581
12652
15676
17251
7187
22728
30159
28407
30138
8685
22096
24291
8680
6347
12737
30131
9804
25700
10984
17320
10353
20773
25936
942
18150
21878
18321
25742
3484
17552
13009
29285
2447
9102
21387
13397
16296
21703
28559
21114
2786
3420
21834
22560
9645
18701
20552
26163
25232
12369
18167
27126
22545
9381
26030
11256
985
26404
31469
19269
10516
3416
26855
30937
28183
14416
20541
1882
32069
16882
22541
8966
11571
21651
14123
17898
29706
8389
25262
15444
10797
9584
1455
19852
24604
15909
9805
23743
19353
27566
7156
5692
4105
2794
15072
31971
26140
28120
22748
27609
26288
2801
3920
24705
31987
14011
24186
8360
17352
7067
5628
4352
21101
25578
9879
20432
15450
19020
16694
26601
18540
1085
26414
12252
9026
15085
20420
10602
4328
1614
18160
30012
25010
7787
26976
11989
11883
14075
25024
17604
8111
14646
2873
8478
17558
20455
7479
13867
15507
31171
17520
17248
14491
5625
19746
26253
6025
7946
17051
19800
8641
2011
10239
6890
10259
28425
11846
21992
2531
7292
2948
29349
26247
32063
22381
19862
32241
4494
4376
10758
1166
305
12803
2314
28269
18953
29272
27832
30116
15593
8814
23444
24560
15527
15763
14411
18331
29554
6665
16804
27555
29285
23118
20147
19224
28509
928
6992
4038
5384
24001
14535
3092
6463
32760
30417
20524
3478
12120
22723
6748
7729
29252
27398
9916
13017
32051
3271
8722
9806
23729
495
17394
2015
167
24918
21546
6969
3291
13107
8029
2685
4794
21464
7917
32405
6230
28316
22558
4551
4267
9496
13945
20618
10534
13974
25967
15513
4200
15302
27967
1607
6727
19123
5914
28690
25877
5878
23684
4218
25637
25129
26109
26132
29580
20639
23777
29146
22821
30290
5261
19397
22232
12317
20163
26014
12827
7468
8016
28689
21688
19632
13035
5635
27345
29655
32097
549
8738
16379
4847
25289
28295
6426
12527
24565
30654
26758
14776
14262
5229
14301
10175
29879
30311
15420
15362
29458
27691
8624
27558
10086
23470
10989
20702
23594
23130
31043
8976
22849
1622
4301
31283
10702
1288
27884
24956
29769
19160
14579
32057
6355
4151
292
18429
2502
6112
28636
11005
4753
10846
27402
30138
195
27343
9701
30944
25445
26855
31455
18542
21645
5176
8660
26904
304
29872
5768
27882
25400
19555
17232
17197
25046
1674
17423
16270
19482
6092
21860
7293
25025
13245
17442
31956
24142
31653
28929
12473
14940
2690
15507
16837
5938
592
28537
2662
2200
32391
29398
23681
12521
4070
27908
31580
25450
9583
5766
27836
16602
1715
23358
25930
586
17231
7136
21563
26159
15287
9127
21040
29622
10034
9799
30555
2135
15142
23074
23780
25517
22422
702
19851
9605
23785
32631
27022
29237
3821
12913
16845
12591
10523
21457
11820
6613
2077
1325
25401
655
3213
14656
2831
9755
6912
17379
25978
21285
23875
9785
13147
14872
10468
27433
29006
19763
12020
10257
9611
26335
22796
30136
17674
10816
30606
30085
29675
21002
9517
14063
9492
24982
944
4405
23836
27701
13810
17743
7272
26308
15150
31780
13459
14208
3961
29949
3347
30748
13712
30778
6938
7697
3540
25156
4283
32054
7827
23234
1870
22672
12681
3088
10517
30059
27303
28396
7712
25769
15379
32371
16493
30299
23407
26701
23380
2958
7262
3364
31266
14951
21572
25946
2565
30835
11086
7675
21288
16184
32435
496
3358
24336
14393
886
4740
29751
16122
31183
30690
12834
25960
26423
2515
30994
30863
23322
30310
27114
21658
17540
9667
27709
8857
18649
1554
23212
9089
29382
20120
18799
11380
19831
32291
6961
14403
16395
6313
22561
12850
15685
26668
31558
24059
7044
17632
10770
277
10485
10384
2619
12597
20487
4414
10694
27670
24607
30474
11621
23670
20110
22869
14594
28769
960
10021
18076
9393
2229
1739
24402
10710
10421
16580
27325
17875
23360
20958
2179
6025
2629
26779
10281
7992
2196
20954
21289
12355
19604
6324
23877
12339
17209
23973
28442
18175
20273
10476
7928
25739
18526
15412
3057
16238
3977
10099
12080
12536
2645
9491
22413
4724
7025
336
862
32682
27410
4321
3215
8872
5025
31450
23285
27842
1712
22993
4319
24792
15923
30783
26094
21207
3565
11306
9255
16514
10536
5633
31559
10099
12457
18120
7766
31836
23779
4468
24447
10131
6251
2969
15903
10958
7852
322
6940
21547
29404
24608
1912
8819
17199
24040
24870
16031
3146
24054
12828
11931
4346
23094
1449
9547
31270
21316
10249
5068
13058
3026
1079
24572
21894
4939
5122
25660
15135
25525
5731
7284
1444
5852
14
9304
13451
30381
23111
27370
6749
27872
1015
16192
18023
5594
2303
6792
14003
31441
972
19273
26166
14129
15659
26092
2891
3390
32351
7802
6752
11771
18802
28583
24815
14411
27592
13072
19633
13143
7930
3777
13070
2095
11233
23546
11479
16052
17392
27443
23095
437
1223
18781
8935
11864
23046
27243
18082
29372
12639
23825
20953
16348
13552
27595
19111
4791
32719
20258
10759
22702
230
21803
30021
29485
1
8784
2994
7821
31013
28498
31900
16441
16932
26767
31101
24592
11886
4737
14451
20747
9514
22408
23280
19744
23941
8937
11443
2150
13642
11542
20215
32633
21940
23856
9194
1312
6784
25546
3680
21293
28485
29424
22985
8869
5896
14183
24160
3873
4619
30519
13734
18804
5607
31079
4879
23950
19418
6920
5371
4001
18786
13685
8679
5250
30475
14808
9701
10577
22917
9712
17481
20060
28921
13842
20902
10561
8861
30830
10745
21075
24711
9620
14115
4415
959
25143
15261
19696
3223
20016
13671
12975
15679
1221
27969
22671
17044
29228
1566
24328
24377
8779
8406
21986
19689
27842
26651
26708
18443
8747
6318
5230
31111
7840
22994
29108
13017
25982
31234
19212
12388
10857
25567
4058
22024
27537
24428
24681
6646
307
29565
14733
4547
18018
31597
902
21948
16135
17680
2088
11898
24359
19176
5177
16566
22372
24220
18459
11102
2759
22437
23466
19431
4540
6731
22888
7398
28254
2768
5336
25306
22005
16619
24615
6988
13245
3960
17681
25115
18666
13421
17667
16657
3560
17680
25725
7609
14567
10855
1467
14709
3479
16880
22164
30667
23088
30355
21922
24320
17846
26069
12963
1768
21371
25934
3615
27132
16357
31837
23628
19629
6769
9754
28462
12024
16632
28556
27650
31803
8242
17949
12253
27975
23928
2634
26513
20662
19918
15007
24272
11647
24096
19171
19092
29639
20684
31632
4797
12282
29793
17798
24316
29723
14246
11775
27377
27480
16095
5830
26000
19426
24139
24228
24521
6907
7665
26139
3688
30545
10909
19543
25402
23946
22565
30818
16753
6944
6384
17047
20809
25455
3769
21081
14060
15116
6289
1029
12435
11609
547
27428
24559
86
14396
17638
17095
23226
9867
28364
7906
4163
8869
13732
25895
2122
2123
4282
20483
29338
27376
7501
16651
16002
118
28224
8675
2089
10553
1042
19550
28706
14670
272
15846
4416
26381
28105
6687
2220
716
8643
16583
17460
23534
9324
31457
2790
30493
6739
786
29662
31187
4760
27979
16220
28447
18594
12712
17946
18854
11791
24216
29404
18152
20721
13887
31304
6084
29239
15128
17656
29246
24681
28639
16334
28801
27289
20142
1671
24864
32662
15206
7315
27809
19810
30032
10276
13372
29926
19460
25478
19936
9701
7050
14510
16759
14127
21440
15125
27499
3863
3835
29639
26729
28710
31729
13238
28261
32273
7895
24661
14046
3817
11718
28258
24163
7314
3171
32515
23894
27254
10943
21269
32240
13178
19324
2241
29573
29746
30002
22352
30473
9552
4880
15680
3284
31331
2247
21655
22434
30910
15779
16759
7390
31413
25339
28403
24096
29456
31180
3617
11252
1209
23457
2928
5597
17080
19126
28220
23449
11361
19804
22176
17319
14796
22687
3468
15111
3206
3623
23319
8769
6278
4444
5910
27560
22883
14286
10221
28384
26564
6355
25509
5534
791
16498
1855
17839
25478
2431
14408
11324
26662
25352
17582
20044
30066
1264
5330
650
6137
22490
990
14409
16211
5192
4697
12229
9561
23812
9977
1963
13718
22720
20920
17372
2296
3833
17705
12654
18891
3105
31245
19444
5096
4348
12578
2048
9514
20811
18235
9958
29218
1448
3989
30658
29452
21681
10345
10684
15617
22376
32190
5002
15214
15578
28289
5175
7620
20735
18391
28963
19825
27362
2738
21836
16
1537
12195
21963
14812
2807
23791
8098
21611
2904
17124
12980
23961
29917
4717
19989
25282
32705
16869
29060
31796
23658
5161
6198
11491
25676
5617
4310
27231
21003
1376
5833
24836
17631
22489
4278
18544
4925
21013
6214
23611
12468
26226
12072
19682
11029
19854
17753
15619
726
3349
29858
7888
25272
24791
5474
1470
31400
14878
4237
16509
483
18750
4853
20269
9310
17773
1480
2511
24421
26325
28762
2809
4482
18152
10021
13006
16800
6900
27663
22062
24944
31991
25579
28202
3852
14004
1345
23483
6619
17158
25682
5043
20148
31093
87
18163
20294
6151
30218
23263
30903
8024
15207
17935
7563
13549
18612
9543
5832
32710
21183
7338
28759
13106
31335
22826
13486
15336
5469
17987
7084
17234
29740
19433
8388
32044
18807
10431
17502
29518
5762
15497
31866
17350
16629
22244
6295
1322
13788
24117
7379
17709
15857
25311
22611
21871
26398
29369
15077
23194
10046
16575
11748
20906
7204
29959
29789
32652
3294
14583
22127
32491
4154
21430
7160
24647
31882
27360
6766
4167
1189
15230
23050
30800
9774
24373
5676
3414
19737
29117
7419
16626
20586
10901
21067
2229
11328
16117
22981
28605
7443
8197
11329
26245
58
26956
7287
17665
7600
4971
3799
13035
16151
16139
26805
27224
14333
11284
31401
2190
17247
12575
27190
24857
23147
18223
24233
1820
26762
32155
30020
230
158
27215
16540
22981
30600
27189
22336
1567
2030
17901
13723
19902
25403
3780
30492
12396
21479
18404
10900
30912
21752
12232
17887
28983
17097
15859
31942
28550
2314
10466
32548
10799
29192
2111
25160
3155
31534
26455
14747
31687
21196
23502
8834
17770
25368
29841
18310
9141
3699
5389
7859
5011
237
4255
26429
27507
15114
6731
10858
26780
14791
23728
17323
9921
24536
20027
13324
13782
1076
5532
17615
16930
18899
4726
15700
660
9398
24155
12349
24922
12329
23031
9167
4784
14917
6795
6554
3574
10424
19358
14684
7430
6857
22767
8995
30148
27798
29869
11442
4599
32672
19946
3622
14679
27786
2894
16857
29158
542
24072
7047
19076
13713
16650
23215
13246
26632
14454
15420
23272
9562
9555
20325
15211
16408
389
4562
23135
28363
6140
5888
24669
20092
3371
16102
1422
28282
19388
16345
1032
18775
10626
1965
1115
20276
22703
14365
14438
25918
31047
17004
6256
32377
24276
26189
30324
12733
24156
6145
23483
28926
14480
4543
25776
17872
29766
5208
3825
14121
15657
6939
11682
15465
6831
1782
30726
24985
4940
1247
26192
240
4070
13170
20662
13724
5000
19420
1224
27583
7002
20983
17664
12727
15057
4022
26266
11938
18467
24516
421
25121
11518
2920
26459
4445
12153
16300
21166
1352
18251
23998
1827
32294
21306
10902
20963
75
17111
8665
8464
24102
2153
28670
9557
9086
26407
22447
12737
17916
29098
1650
19925
16106
19617
7304
11739
29242
2503
27669
1402
1738
12050
13186
26760
5094
15917
22304
11807
18447
20521
24078
2547
27898
6512
13916
20450
27868
27130
1136
5581
15589
32195
425
10151
20746
12668
11843
459
32008
28544
23163
17811
26278
26891
19187
23590
27962
28582
31831
15249
10862
742
19009
538
28740
26198
32090
23504
26712
21426
1219
26215
14438
7510
24243
1859
20491
21749
29793
26579
17360
19086
27940
3104
22884
30620
15576
14246
10537
10894
29061
5218
30962
1654
1083
20524
13324
11013
12608
9287
9339
6327
7022
31543
20869
9547
16086
10450
10101
5238
30377
26778
19609
10456
6745
5706
18317
16687
30203
21679
23227
21963
8688
5817
14627
27202
32196
16082
30808
18276
21078
18542
25547
4465
24377
12260
5452
3722
22363
3196
30414
12646
4324
4297
4459
15430
27745
25913
19880
4139
14114
4330
2297
31814
3296
25791
9352
8624
31908
7348
28978
16219
29923
11118
7378
31305
15086
25623
1219
30203
29066
30312
4512
20781
29402
28935
78
23232
390
15892
15421
4856
5398
19966
12010
19687
17823
25756
10409
1065
6818
15481
18081
15058
16689
29807
31256
29605
27987
31607
5361
7303
27306
28351
32626
32051
8275
7677
31563
32302
3086
10756
6100
23550
30879
29076
15255
6807
29556
16503
26382
19734
17799
29897
5294
1457
29574
3736
23076
494
2354
23981
11998
26388
13317
16808
31693
8927
28951
12371
22633
17528
21058
30256
6390
24996
7812
25940
4614
23612
20902
26232
13632
7133
16155
8270
27487
4064
23595
10513
20350
3469
30033
30304
12178
24203
21217
32588
30264
5019
4333
17584
25009
28551
11882
13249
11306
32340
6031
5861
2369
11455
12158
2249
7366
29672
7462
7597
20158
27976
24424
14083
8366
25320
27768
13625
26646
12245
24711
31699
4667
1231
32671
31676
21801
25921
3790
14302
29177
28790
18566
30704
27728
19209
28740
7567
23336
15517
18800
20369
14035
21967
30084
28566
18492
12905
32113
3551
7537
11224
2623
20324
10078
4065
4339
31264
25819
12175
30133
7088
16106
23152
27186
32284
31289
6657
2880
24309
25071
16742
448
7328
4005
9566
10953
19953
29873
4215
2819
30716
2219
18302
4432
22055
16682
12858
27826
26756
14031
31834
31081
15454
7045
17067
2395
8978
26118
8334
3001
19232
22178
12714
22496
28546
14652
23518
8061
4413
2197
30073
19445
28469
22221
7086
19204
12357
7974
19778
3748
29583
25868
7560
17456
15121
17490
5007
1737
25722
22207
2458
4345
9275
4809
8400
12694
14048
1952
7477
2025
15521
6766
15833
19216
29492
10461
25936
8353
16870
13531
9825
18064
19434
32154
2306
5203
31985
10714
7045
5955
17403
26474
9228
20038
28780
9196
1602
18603
25954
17114
12621
11349
5958
29894
10750
26396
1953
5094
1355
3952
13105
10703
26368
14399
9789
641
22705
15385
11045
28836
3315
17299
18237
10001
25292
2793
31195
19348
15719
10983
29103
9968
1036
26889
11347
5668
24144
21217
13347
8429
137
10425
28751
22924
7301
23418
15151
27081
19068
8652
13014
28984
32322
26751
30697
6331
23745
8746
20146
32584
1447
14865
22128
25581
9564
11852
19185
12561
25399
5414
1123
19708
32753
4548
10600
21402
14426
31751
18280
7547
16458
16306
17707
14367
27099
14032
25511
13169
19669
848
16662
26769
618
11251
4684
7638
18724
104
1608
11284
9499
2229
2057
2330
20587
984
21155
23423
4069
14766
2961
31647
16389
9237
22349
1504
11812
13133
7198
25146
4591
12709
26417
25846
15128
2643
10220
27829
18252
30627
13695
8629
29796
23636
21180
14928
25311
19518
9256
26821
23696
2105
19538
22075
29588
28987
8803
20227
3463
14016
14071
1054
12023
17519
6955
1535
6937
13050
7671
23697
7099
16454
29631
24700
1402
4812
31780
14757
19509
19519
6688
9971
15298
12142
21074
29529
10463
23917
9110
15377
11883
28143
19929
27685
19158
26359
31532
4404
29142
22448
32534
28019
26203
6808
8239
27378
28870
740
8170
21537
17749
31009
29875
30098
12002
19223
27194
3328
20942
13042
7182
10641
6968
22948
32365
24920
12402
22661
26971
30
29365
32316
23025
4962
27411
23267
24056
30622
12974
22374
23990
19148
11048
23596
14344
26665
7002
19194
25777
20793
1097
20500
4338
10251
16981
20133
27227
7870
20148
27744
3040
68
13599
104
16687
13926
4555
26989
5185
28936
11163
3864
22831
21167
32404
4778
11336
17984
19089
29408
5728
25099
31288
10009
19306
31751
30252
30138
14154
21343
14468
2514
19684
29486
13437
3066
19321
12935
26219
17024
28211
30137
8182
31940
14846
5329
25730
19937
23962
2912
27119
23184
22510
21886
4483
15946
22688
7694
27940
19373
3810
8772
9419
11297
23183
28261
20533
8891
4982
22478
6364
30306
23286
22584
14373
18224
11211
11834
9691
21274
7207
26383
2780
28116
1540
13722
19474
12271
2489
15015
16805
8517
7884
8820
28271
25238
9992
15216
19377
6771
14287
27202
32004
10587
3505
7949
146
26917
24125
12275
12165
31645
31766
15576
8896
27762
330
104
20429
10832
29664
12891
29207
6985
6320
24311
5210
20601
26744
22487
20055
7402
23339
8684
2764
5045
32140
1217
27043
12650
1276
7939
4714
13490
21904
9280
2819
27187
11879
10223
26269
28596
28731
6577
24803
12930
12853
22230
14706
11538
6406
29987
25489
10215
9267
10962
24092
438
26032
30683
18370
17097
22449
29810
881
32673
17597
26833
269
20191
30212
4663
32360
22117
7154
14641
21615
13240
9476
32024
9377
17320
30427
30939
31430
3380
15759
9470
14045
21416
17733
6883
21334
5128
4612
7497
23425
29105
10692
2578
9799
22078
17608
6473
10520
18601
22574
3427
30500
16306
11973
14533
16590
29573
1054
31879
26461
29335
21990
9336
30965
32209
24434
17506
10439
28656
29596
31375
6020
13356
10446
15243
23
4119
2908
2860
7315
17609
18967
18128
22378
19258
4383
25830
7393
12271
1784
19888
24768
20953
8160
12614
11342
2170
15200
32479
18556
30025
16418
24908
22625
1112
10754
25797
30694
24628
15975
10728
12995
23820
23252
18943
26538
7958
4538
20610
27585
47
2449
28125
598
30914
21030
18290
31951
4074
9271
2274
5855
5851
16189
6792
25344
13182
22921
8519
23325
32347
22162
11142
27022
14268
14222
12152
32330
22543
31295
16033
1112
32653
23056
4758
19335
2329
10080
22276
14943
17515
10526
21747
23639
7021
15510
25420
8265
9957
10122
16537
23330
30293
20613
14861
25310
3871
20844
17348
21940
26349
6230
26187
24973
23888
2717
9571
8123
30888
24118
17410
22760
27203
7485
2459
17740
7625
2004
27807
7460
22487
18478
17988
3423
10218
11495
29573
25754
12671
23959
1898
3150
4216
15782
29321
8776
23746
29026
17357
18010
4405
14670
26230
28753
22971
6077
353
25126
3253
29856
23434
2681
21402
13213
27087
27450
18145
28769
27127
22698
290
21814
12018
9346
28024
16344
610
2417
21801
10372
16219
27340
28809
32595
2663
15490
32539
29638
19150
10062
11002
23202
18708
15664
15223
9726
5826
21021
23300
9114
9066
19702
29777
30066
8933
1207
27316
30867
10463
32241
12750
3630
7574
7290
2156
31467
28638
7522
23211
20607
10345
27946
3936
5505
16965
11825
17590
8057
27814
879
16409
21307
6630
29541
5459
16243
32714
30548
18677
17792
27911
2734
29177
17542
6148
20170
7845
31422
19170
5851
179
4369
4282
28707
9390
1254
18469
31332
14495
25656
16130
9368
9705
4075
15219
8673
626
30816
5673
10947
7427
2119
18914
24209
10482
12724
7215
22821
19710
20853
17275
20692
6522
23716
11849
20642
10670
3192
20413
25265
29818
31840
5470
16128
4156
28243
27162
21074
28148
10593
27275
12651
20390
9871
11896
19586
32256
32737
19359
30452
317
21944
30129
5942
24905
7774
24479
4877
12582
5088
16916
19457
27022
13340
11074
16399
22234
1818
31714
8862
7714
8096
13686
436
7590
2560
32210
19306
11372
7477
31706
18333
32043
25134
29069
23015
10344
1386
14147
8141
8671
1733
31794
16186
7460
7058
28727
31021
9610
30441
15060
21678
27972
27714
25461
30214
6090
8259
3831
30255
895
15319
13930
20106
22160
21888
15126
11472
21279
1262
31677
17227
13985
21712
20256
26950
10372
1770
1988
8130
31765
24168
25846
20074
18850
25714
5389
19657
8923
23296
11503
3003
26238
20976
14551
29473
30516
4694
19029
18393
22966
21523
10134
11758
32307
29097
32741
6923
14582
3661
18802
19766
11844
25150
11346
6586
13699
8534
7880
10341
30626
12254
5827
28404
19636
6567
29863
204
7390
32598
2896
1771
18548
28160
26965
29725
23391
21751
18313
18803
4034
3555
16584
32497
25565
11028
14064
25735
18225
22
2349
3907
8932
6278
32634
9924
16744
4389
3940
9970
22872
1835
24081
27116
16290
4574
9090
3650
1259
31330
21269
3429
559
9683
11598
5723
6312
26001
7894
183
10482
8667
4292
27593
1388
4768
3612
24082
25569
31377
25237
30970
4712
6267
5792
5318
29576
17108
27813
22724
1440
24980
17296
9160
31110
14918
652
22748
7279
16990
29198
25652
6415
27597
9750
3168
21505
8147
23986
25541
26472
23572
31683
28238
471
9711
32003
20319
11374
18443
3911
5131
15430
3634
11778
28038
29456
29539
26635
28637
4856
30242
12960
10468
27088
1811
28074
9072
5994
17863
32066
10951
4933
32726
7285
25173
13676
9774
19780
1441
18076
11434
2543
25727
23461
2023
7028
28550
18
15699
14674
26820
29708
14726
22162
3249
380
24790
16392
18274
11376
3621
28631
18943
17088
29694
14899
5239
3825
5089
14187
18290
12889
16346
3878
21128
27268
23128
2284
21168
17879
18493
1513
13563
2931
18738
18414
29058
23133
10813
10681
29340
17371
1685
11382
31829
25889
2741
32390
10268
17452
28079
24446
18620
29679
5315
1395
19086
17325
5424
26485
25580
32166
2122
4441
10728
30965
26061
25788
23870
697
22641
27460
904
25203
16574
7721
8369
32175
23074
18164
9388
24295
13889
23943
24934
9124
652
1886
7417
5606
19477
7188
5154
29894
13729
21289
245
12378
21503
32514
31183
7385
9369
31025
15501
24831
21065
9207
14843
9139
15470
9479
30095
15592
29758
15757
3416
28097
9310
25455
32305
25592
5808
32723
30778
3200
19564
30433
22409
31081
23666
23754
5404
24325
3038
31753
17426
27721
21725
4329
28443
629
20416
24135
27182
4088
12879
32665
27770
4749
22880
7215
1694
1195
4264
24505
18716
14876
3280
23562
12043
28651
19403
14363
8461
4996
20328
20563
9345
1303
26147
11269
2810
22845
30273
27707
13807
24030
32540
6066
17076
26194
17595
26661
12968
8902
22949
31950
25521
1762
31479
5675
27877
937
29365
16126
13194
6304
29790
1687
19521
50
10179
12373
31870
31571
22040
31851
28731
100
27980
28128
30702
20822
19862
12762
25272
15635
5457
3099
18655
4121
24329
27852
23166
30824
9686
4985
1659
24735
17384
25438
3514
1634
16228
19681
22160
20478
22895
28767
5243
9552
4999
24107
6160
20451
7962
6100
23348
9816
27473
13991
7567
1803
17709
23413
9534
26099
15830
19351
30664
29130
19248
24366
8020
5230
22190
9391
20505
21128
11883
23968
533
20075
3191
14492
21250
29247
10350
27805
17542
1374
1872
6523
10922
12542
32140
4527
24205
14353
5982
29021
2394
26217
23387
9874
7031
31520
6987
20170
17407
4663
18230
3509
31859
20861
30402
16698
31916
23730
7356
14013
11028
21741
6388
17821
23830
26427
7246
29441
31699
11913
4886
725
24855
27844
2452
6671
139
24382
16096
22071
12588
12884
23032
32294
11003
22606
29968
12302
3318
18310
29481
12474
32584
25549
21477
16407
17853
5898
31130
5876
22136
23844
5541
29190
18664
18210
12033
20015
12536
14737
30488
14847
14982
27174
24792
24700
6423
24741
11786
12574
8137
32513
26335
18718
5513
21701
28620
497
6533
16818
12696
18703
11236
11178
1972
9464
11957
19405
26826
2937
29478
22241
32152
27947
9975
1271
6655
6718
13870
15435
19543
25716
29963
25453
30470
8816
9790
7838
10321
30769
12632
31869
9330
2266
7552
21987
21994
30132
9319
25867
6168
20085
29054
22518
4107
22211
24934
25101
1941
17652
21927
4361
32416
24088
28838
26896
26309
4921
19921
3104
15643
993
2589
28849
30285
2525
12466
27542
28912
12865
24548
4389
25107
18348
14950
12695
28695
20941
30906
29874
28609
11814
12012
22693
30605
9744
6784
6195
15685
9728
3241
15379
29139
31240
17596
23447
3924
13217
20195
20621
19821
7335
15126
25187
12258
23461
16455
11406
25444
11603
8157
17451
23723
22365
23908
24807
28101
14438
7811
3357
17838
6477
18222
8511
3616
9135
9756
3703
7084
8621
17788
15502
25610
27375
13284
32524
11950
8936
22922
26017
13211
11356
11702
27587
7292
30240
24695
19353
7153
1314
19606
30744
3879
24489
17864
620
23979
15837
5927
28313
2944
9097
17891
15202
12655
18208
27701
8554
20382
27134
16533
19865
11876
1521
7469
6849
16732
29688
7053
3713
16568
28746
6304
7530
27864
8090
13535
31329
12316
31130
9412
30020
4854
15550
25986
11473
13891
20290
10739
6083
18395
12654
5074
10557
9574
25881
3370
5228
8562
28268
22030
29545
7875
20968
6795
21852
30186
13226
9435
30695
22810
31726
32731
12226
10806
9427
7616
17570
30510
5470
22277
17504
4236
11712
21927
4439
28234
26844
16533
12302
22247
14084
15202
6167
31930
30211
3646
3126
1413
10849
2596
15814
12365
24034
32085
16217
3433
18256
19460
2719
31962
8058
339
7561
26330
18301
27774
29357
25271
9282
7766
22765
16354
21320
23282
28243
9539
7332
21409
16960
15056
17990
15650
25286
4446
11389
5656
22866
15543
17342
12728
23182
21484
26529
23237
11653
19437
6956
8894
3593
24662
7764
12630
3665
32396
31937
10276
15335
26377
31186
28316
3010
30964
32225
31294
20910
23541
26824
26381
18165
31815
28067
29763
25656
3343
23512
14659
4766
1260
31061
9935
30769
18639
21017
10363
25476
30989
8438
31329
6809
5298
13717
1815
4355
26393
31674
25054
18760
29625
1993
12572
25993
21570
19594
7437
11109
15593
24105
5813
32538
6911
26241
2841
6637
457
11929
22190
32717
22924
24943
3346
30771
1255
27637
26874
3660
28773
7770
30828
23642
16467
29322
22830
9816
4303
7160
6526
2012
31778
17563
4355
14658
23376
6966
17924
12295
29933
5853
13016
7795
3633
5045
32669
5755
4687
11515
1069
21477
17411
30792
9806
29101
11626
1555
26665
3752
16919
19319
15102
9575
26467
22838
27157
7006
22276
1023
12792
19269
4066
25068
22495
3775
18726
16719
21868
2874
7059
31918
27800
17942
21785
20492
14318
17417
10919
4970
2807
14274
15426
32398
14069
972
8020
23043
2003
5046
25414
16737
3421
20593
17488
23247
1197
13305
144
10181
30181
16439
858
21271
23076
23847
23248
8239
23986
25142
11186
24473
4734
20206
6007
3270
9931
30420
18588
30985
29734
9361
6460
10214
31387
30801
2017
16524
7208
1385
28314
14496
11378
29500
12365
7228
10423
9567
20559
5944
11268
12027
10290
9128
29608
5491
12254
421
2024
9799
3043
23633
23796
25657
22030
16405
26
20398
21563
17965
9530
3670
4457
6503
10362
13839
3348
14375
22586
16135
29887
6063
6987
24865
7120
3229
18267
24731
9632
7349
15284
3565
5587
7649
5159
31988
15077
18038
2114
14159
9990
4793
19146
28170
11048
9122
32101
28281
2134
31456
3222
24167
19271
14364
2030
881
1587
15234
19073
6572
23781
20862
1944
32142
5906
19395
4005
11531
11497
11154
24956
25598
491
16697
23487
22475
16893
25818
8858
22082
5307
11373
3505
19399
6928
17160
12887
29872
27395
17758
24065
15855
32212
18311
5370
6385
17480
26623
26968
18118
21825
5104
15918
24193
27281
24756
19203
4834
8208
7829
29571
31538
10477
2264
18293
25455
28481
14075
16109
26537
20970
13114
1731
24236
29846
23128
28995
22495
22046
26779
24358
12396
8470
22553
13506
929
27298
29746
12157
31383
21386
18014
12167
16145
16273
16425
18889
5542
5891
18043
13848
25379
18062
541
28079
8491
29010
6521
3548
1568
2363
14241
21241
25671
16783
1171
16286
1062
4035
29372
17429
32305
11923
1466
31246
22438
22354
30310
18580
26294
9598
22546
1088
16869
22679
8975
24493
16051
26673
18547
16427
17276
7753
13080
19128
28829
11221
23016
15660
25816
27550
18264
26547
8442
18258
14899
23168
20154
29397
17305
7104
28389
29145
1607
31181
12984
7086
31513
19877
1165
4443
24268
16794
955
23021
11529
28747
30647
6415
19615
28626
32383
5083
20753
7487
31288
30704
30032
15430
533
6341
13257
16180
23164
5949
8098
19239
14436
10107
25409
19583
21506
26871
2063
12176
3748
1233
27515
4505
12253
1638
1345
32250
32226
8738
25324
2977
13620
24213
31897
28358
9087
21448
18175
21208
27074
29905
9900
4279
10673
6053
10385
5411
8792
12078
9153
2933
0
27549
10358
8332
25430
13570
24661
29195
25546
13337
17395
32194
4406
23911
18839
9577
14528
12934
28994
6804
28929
11710
20972
18147
12647
3029
3089
1145
30935
26663
17772
15024
18327
24313
4611
13067
28780
10762
28259
14957
1279
27499
12077
25224
24965
6801
2513
30615
7071
18345
6810
32336
22655
10539
3051
19988
20045
10162
17096
7018
29897
23563
13463
1707
10545
13195
18984
767
18789
11942
29684
10631
2633
28094
21410
19676
3435
57
7888
24761
31206
10710
7951
2548
7302
4673
29487
27315
21292
4837
30142
32476
18292
5889
27851
7373
15510
16894
26351
28238
29834
20480
27023
30147
28784
25787
21595
29607
4142
15496
7706
16437
21851
29623
20138
28008
19804
22567
23106
17702
26316
30997
16891
30648
13858
26930
7567
3710
28045
26360
29280
30433
3107
24381
31676
14728
2107
32265
18527
12751
30999
16805
20793
22901
967
17396
28018
31892
3913
11782
18348
27095
1013
2539
14472
29415
6681
26309
10859
20774
31712
801
27266
17056
15992
29064
2819
29503
30323
27472
15030
1598
27502
17848
13749
21471
12017
15669
13168
12129
6807
2822
30195
18732
31087
30990
24172
336
24737
26595
10983
15917
31573
31523
16733
7027
19920
24583
11245
1358
13280
25146
10857
5082
7803
17131
32020
15069
21667
1569
19626
8629
15244
10830
21409
14223
27137
32296
11439
22490
2820
2228
27276
4860
21429
14243
23801
28483
4213
18402
9985
13854
3402
7277
2687
8589
23941
30564
3296
32214
18083
18784
22826
4986
21106
2823
829
28007
19573
21726
4186
20335
11912
10591
26849
28921
16583
9548
5983
20470
28845
2626
30919
12311
9081
22417
16896
6717
2006
25931
32416
28722
10938
13723
27896
26774
21391
28760
23376
1820
27537
15578
27251
25846
29815
28173
22895
23949
21077
13507
16022
29558
27841
19535
20936
417
27445
21839
11253
3284
4276
21193
8157
18776
31408
32122
4122
10483
18220
24938
26209
1302
26142
31172
4101
14678
6679
16101
9148
16928
27685
23219
5286
13225
5881
30512
5771
7461
11589
23375
5989
11321
32616
18950
29214
9394
1101
22436
16026
119
18832
10597
25336
19388
12003
21315
18965
4473
28849
18448
25426
27675
17921
4034
20376
3705
5532
14350
24473
22793
1650
13112
18264
20308
28474
6441
10987
423
26969
32450
26751
16140
2821
22384
17310
9080
3242
5376
21933
22086
23948
31157
26553
3300
27567
20632
6515
9677
8948
16
31096
28599
26500
10930
29398
28941
3953
21082
13260
17311
8091
12667
29138
22681
20433
16051
11993
14513
6713
3747
25556
5285
23026
2045
13431
14821
15607
7646
4159
16268
3399
1119
25778
32661
5443
4967
17640
12364
9047
19395
10826
12802
28892
12920
12954
25861
28733
30295
32564
7120
18009
5075
6547
32126
29481
27408
278
27781
28067
31804
17924
17824
14046
15906
21967
2829
10358
17148
23701
20473
562
8073
24556
30777
31460
18528
30431
8250
22673
22916
17204
16699
21458
31800
4081
26041
19066
24341
14622
555
1401
29785
16587
17904
5633
27266
13653
30854
3559
4892
19686
14076
5963
11223
23099
9642
12155
15836
32426
27167
2325
1889
15715
347
22892
9083
21494
17983
5421
25652
31765
15425
24643
4830
31387
29284
13559
2727
8142
4712
1628
24941
7393
28733
25066
4819
21182
11710
21609
24980
32258
18076
5649
25367
25672
6296
16879
26948
26282
15350
7306
16023
7557
16430
11719
26738
24957
8420
12810
25528
26049
1818
9886
3991
18320
10917
30039
15013
14077
26589
885
1583
7407
23961
10188
5069
25195
10075
19490
12602
15638
1991
15833
30307
9461
5978
29134
2494
22392
19288
16256
32477
2999
26886
22389
835
15355
14618
30937
19830
10368
3952
10857
598
30585
31486
31375
1196
5717
12810
2766
25350
16449
3738
27233
22467
19950
12077
1055
3946
12948
4008
9122
10560
18999
11923
21928
9753
23849
4741
10169
14702
31952
17373
2827
12464
7593
3763
24226
25820
4749
8463
25787
27216
19763
22872
10091
29405
2039
22799
4228
5661
15577
12221
14520
29702
3529
12841
12801
26048
546
20943
20800
12468
15732
2190
15140
28646
4998
11425
14413
10116
7579
16592
5297
14015
13557
5351
3647
7129
30360
19048
5827
15999
13392
4477
27914
13402
30453
12848
20806
13281
30190
13790
22707
10609
10228
17641
9339
8863
20760
3246
32728
973
12808
16823
10616
15355
15502
4657
19493
27360
29017
7328
27301
11577
19200
16081
17119
866
23108
20752
27712
1571
30614
8604
13661
24012
11737
17496
1242
12164
17000
2755
16778
29918
32347
14378
1495
29101
7430
17949
8805
15386
963
19743
13298
2803
9970
26017
20609
15942
16445
5426
4023
22063
14881
7152
29317
19438
29865
13890
28167
316
18301
9929
7596
14816
25884
7315
24728
21373
870
18834
26182
12206
27997
15693
28274
1108
25132
22486
16438
1583
25961
26876
7283
8620
25751
20417
12146
13822
21999
11791
17867
1648
13408
1190
18566
22010
31956
19289
17537
24850
4277
22906
273
10692
8623
12947
27116
18949
2744
2902
20551
16453
14926
6871
18235
27203
4608
3065
8045
8741
24368
8998
17902
12744
20759
27716
2656
4181
4106
1252
4187
7701
23035
22204
28687
21126
18498
22103
18986
4270
8862
6667
21244
5551
25462
23852
6360
13724
20837
17279
2494
23179
20982
28913
31800
31211
22956
18825
16258
29720
7494
28060
30445
4653
26688
17984
17541
5658
15517
13826
1778
4342
8164
16860
11932
29590
14697
18017
28179
3422
9677
3387
18861
27991
9160
22231
19057
22914
32294
11359
22579
20588
22288
3561
32513
18691
14477
20718
9150
9384
3657
17149
27661
1925
27796
25776
23921
2849
18605
20704
30642
32561
1601
9237
20098
11442
32303
30784
26208
20276
25230
18605
22717
14457
9201
21043
861
21054
15337
17326
18177
29273
204
21167
6467
13572
26293
2161
28097
20857
20940
23311
14973
7359
24008
26357
7044
11971
16050
23700
22990
23978
7915
30299
22886
870
7792
2786
13002
16775
22365
3944
31637
14164
2992
7807
603
24091
24656
22278
469
32709
18766
10072
3902
31661
2922
22723
18428
19891
30425
28476
643
2956
16197
12624
1655
19548
5398
27742
4112
11910
25584
18692
8899
28610
23164
17367
28447
19313
8044
7767
20469
4910
22457
23586
8891
13734
25135
8295
32562
10153
27692
32670
4679
25473
17317
6518
8247
29314
2665
3855
29175
13538
11946
10602
12755
23499
19641
17438
31573
18863
24081
20556
8808
19676
22935
980
30141
26704
10528
2249
110
7886
6196
16675
3810
29745
8210
29364
31472
6401
13555
28510
839
29764
30867
3458
12813
32662
30190
1211
5830
10620
19015
717
22392
12790
24431
3288
23820
13651
6980
210
7928
22857
10360
19251
21019
20549
15508
9458
32488
9984
32572
28081
17095
4179
30388
30261
16568
9036
7587
20248
1338
16257
1559
28610
24939
2980
11722
18837
368
16984
26532
7016
16919
16707
32384
6455
2491
3685
30003
15384
10345
18344
1994
20081
832
12472
21012
2153
3870
21268
16225
20636
24185
25702
10120
29971
18058
26384
15663
28787
24497
14599
12614
3956
25877
1252
12245
2709
14219
18744
6648
26639
1977
27168
8487
14855
27515
282
10171
3335
25221
24343
2734
6831
3658
29906
14499
5288
8477
5471
14886
7130
18582
18183
3892
14303
5944
5715
1534
25271
12624
8039
28394
31933
16672
16785
20955
15577
30269
12578
2226
28920
5174
23421
25365
8889
21622
20845
14191
29801
8044
11196
1335
18994
24809
7681
3190
5007
31689
11193
32387
18691
8405
13209
11281
29195
3304
17699
21612
18257
29265
29816
31232
17698
4473
8301
24603
16930
17606
24288
5620
24127
958
845
13035
24035
8560
29596
10258
17774
18959
16189
19181
18659
993
11383
32118
25569
14167
12285
5988
11734
638
707
29869
15983
23446
18959
19786
13907
18175
1491
14906
16400
9309
14650
3017
7509
22260
385
21778
5219
19796
3848
20675
20926
11323
13481
800
4648
8375
328
15691
10447
7563
6059
26050
13766
2004
14476
10793
8370
5868
13037
32330
11206
27535
11948
3162
13041
8764
1367
31357
27477
25822
7489
10637
14076
16300
31446
20759
24774
15694
31787
7335
21670
3649
29402
11846
10254
16252
4108
10816
1704
17492
22231
12331
22343
22429
2251
25892
11549
30738
16583
29532
22830
1015
12305
8916
12292
14332
12710
28516
22437
5477
10191
16386
12738
29544
22517
9025
13873
16342
14518
13592
20894
13054
26169
4581
7293
31439
12478
31409
32322
8508
31097
3766
4309
12773
20896
15902
22592
25331
4035
23054
8875
17731
20316
26083
9355
16328
3751
3516
9494
23082
24243
26168
20218
6835
22969
22913
31054
31596
21422
25993
31945
14979
30996
3987
26930
2544
20501
12534
12055
25176
20434
285
4546
32050
505
211
30057
14888
25237
10941
23973
29632
29227
3368
12325
1851
11778
12550
4004
5054
25282
29234
25368
13487
3393
11516
23853
15202
15769
25825
6129
11253
12414
18586
6353
376
4814
14169
20676
32081
9066
11087
27846
1503
10053
11633
2696
22622
25530
13948
9574
4619
4899
8502
20377
21640
1959
4599
2990
2433
28755
30569
23094
2448
29804
2188
20416
10846
6404
25597
18180
30732
9420
13431
865
7633
30249
32410
22410
16868
32650
31723
9340
22684
24056
10013
17587
13013
15855
23951
14237
19351
620
14869
8527
6386
25159
3323
29303
25644
28611
5447
19601
27935
15972
24383
30302
23772
6912
27691
29842
19348
2585
1884
6861
23993
106
27757
10445
15456
2496
8905
18402
27882
21003
12909
31906
19427
17589
5616
24797
12074
13874
3520
14804
29522
19417
14510
16037
30793
5618
5549
8970
20791
4112
21206
14915
11177
31649
3504
18001
12783
18627
26799
18277
27842
345
6650
24472
26667
27230
22385
7900
8096
20346
17391
19251
30063
11475
16844
31007
14688
11046
20135
2137
661
8726
19554
22725
24758
5316
23405
19366
10315
23711
10824
25871
24169
30334
24131
8602
1937
9708
31113
21595
24021
25282
25180
8471
12860
17660
28578
26290
32104
25285
7841
11751
25462
21716
22023
28732
12070
21755
23085
19252
2108
11005
22172
29638
26918
23457
8401
32270
6110
19972
6205
19779
9746
23347
18320
16361
15491
31737
11063
27719
13739
2294
16675
284
19362
16625
17869
7822
23874
2416
17015
15203
3722
7557
20660
27251
18496
7914
14122
5213
23258
15696
17303
31098
18591
26613
1554
4111
31498
15733
20884
4807
26479
11746
9654
21344
26336
790
26044
9636
17746
17224
211
30363
19452
8670
28567
25599
19200
29314
10968
26608
26189
21112
32670
27881
10692
31791
25706
24051
10394
30998
13247
1816
11261
9648
28641
23067
13562
15339
29661
27494
21918
22446
13769
15172
9563
10673
32333
8016
21678
19601
14691
24622
9215
28708
17498
24440
16841
20234
23841
23035
21498
8836
5826
6692
12445
2185
30509
11957
2486
4119
8759
31164
4205
24520
13794
11206
21359
10917
15327
32592
23698
26430
21585
18558
20920
31995
32212
11536
7413
23469
7870
6289
24564
12648
13221
16593
13974
12949
18209
20118
3293
10307
5842
32399
3081
14526
2469
20105
25344
7779
23380
2789
28147
16562
8492
20554
319
25509
3091
21911
23441
24896
3017
4636
846
8554
14190
5129
4914
17403
8005
6950
14903
12566
27575
19397
29368
953
28059
3574
13526
658
948
27897
10267
6933
31099
2809
6237
4811
17183
31991
12773
25325
15051
8964
18641
29233
17191
20659
12215
8420
29473
22990
24971
23353
12013
22344
707
9697
21066
14451
32184
22747
20488
29811
15952
31886
27335
28659
20698
32021
27393
27414
26681
10202
30283
2992
3909
10086
27607
22455
2414
29047
27198
13300
9891
23379
25212
15102
3698
18525
23612
105
18032
9958
20311
5179
30683
12101
13975
23199
14462
6442
16320
3038
23253
15151
15569
28810
2418
18608
14983
11773
12703
8669
24611
14082
325
27149
31853
13521
31756
22614
25593
31809
27588
30298
1193
25401
12292
16739
21107
2663
12560
25011
29028
28469
31232
27669
16613
23033
15903
25016
11326
31852
19858
25149
25688
21598
15674
17423
26311
9896
17883
1779
30215
9825
7805
21728
26374
7253
22034
1296
26595
8882
28762
21847
9206
18693
18948
19892
26896
13413
2070
550
12804
4078
5774
9920
14950
24946
31305
10752
32658
5738
31269
18781
21232
23859
25443
21535
24951
7799
27983
4211
21616
10985
34
30399
28541
28981
25383
14131
20441
20534
5661
15777
12513
22890
23005
10126
22996
6052
11324
24713
6359
11777
15155
22715
28476
25373
4925
2496
21251
27783
3329
15797
10657
3698
15921
19602
24577
25517
29106
17338
17353
25045
27389
11217
478
28105
30917
24782
28202
5214
6874
12369
30877
15188
16205
12854
29553
24201
23253
3946
3763
11629
24689
11005
11519
7350
23631
24953
30091
16469
13805
21107
18278
424
23934
26719
29186
1521
26767
4777
22257
22791
25066
26113
22764
12363
20666
5878
15385
23006
15089
710
23438
11281
9959
14964
22545
2333
24643
17436
9249
19221
1055
1668
4411
11288
6247
4851
16982
32459
12930
16710
10160
19206
28981
21056
26572
8910
19908
3106
22971
17284
2138
1403
29852
22363
13226
4674
22623
27408
9175
1826
21454
27605
17553
18197
3021
16782
6786
20276
10208
22847
29672
13518
10223
13253
3203
18871
18246
19653
10417
23266
4320
28131
27608
15666
2277
16948
28164
7310
3953
15861
21713
16692
24727
11901
29580
16207
21926
1648
13973
17611
19370
14902
24071
31080
21302
16555
19355
9485
3425
3096
26570
4192
23055
3939
25138
21395
15218
9090
20795
1920
4816
24885
29946
3321
6790
17141
8534
24153
16717
8999
4969
8031
19132
27286
13865
24381
22798
800
6727
16619
17446
25264
9559
32193
25040
17004
15410
30277
9034
22063
27800
17730
11267
6201
23066
2330
17826
32037
29239
22364
21834
9244
11206
3737
13852
22345
21908
31348
7422
28812
14413
32249
27035
30323
4000
14384
2219
1382
7838
22257
19317
22817
25443
3065
22674
2664
11769
22590
6643
21749
7801
8576
19494
31158
20083
17953
4820
4405
10640
9014
13967
25176
14710
16606
28618
4426
26860
6355
25385
15033
575
11070
13052
20290
27876
21968
18950
17193
28254
8462
17282
26190
29283
30700
5224
30812
7738
32158
23020
19780
13159
30123
28999
5610
1418
29251
15547
8477
1925
15570
14801
10445
13277
11477
19686
32632
21603
24813
26085
12774
27923
3633
25174
28950
20028
22985
20632
22648
4577
28857
30826
25693
2143
20986
19633
11435
22609
32463
10869
14293
21937
1366
2348
31242
21568
6493
59
21677
31015
12152
17850
10758
20446
20048
2679
22839
9805
2622
22334
13937
29745
24345
20312
21351
20930
23628
31826
11267
16787
22315
1792
2904
20921
6023
448
15577
22575
12927
10243
24008
20089
1946
14090
25329
4232
5139
17390
9879
734
4212
13027
4783
25586
3174
13245
15180
19670
31944
26548
32091
9495
28670
5220
30096
3557
23692
2072
25504
2163
15843
4935
19889
23457
29562
15199
30734
31961
5665
2754
1312
54
14227
8718
20890
21484
16458
28322
24819
19172
24471
10846
28185
15014
16881
2217
29796
12412
398
13497
17608
468
1328
1295
31568
15335
16706
2112
26823
13976
3875
20219
17592
20127
3778
5960
15258
2790
18027
15630
11588
12595
29920
5080
12199
3592
18860
3544
10683
29640
30644
21549
6842
13594
22031
13409
24973
7826
791
1846
6275
13199
15808
29858
22857
12895
26921
14616
32023
9130
28273
20489
11559
30989
28876
10155
22379
32517
2006
16889
23423
9743
29735
26363
989
26381
551
19527
8016
18156
3875
21960
20139
15748
25761
21438
23226
959
24049
25094
9849
3326
3077
19612
4484
12216
19331
7518
24271
16740
279
14098
29591
10650
28686
8619
664
12405
24353
27592
30593
3131
32654
17790
13989
29248
19054
14423
1267
12039
18498
8346
11304
2475
30415
19405
12099
30333
16684
24697
9017
23791
15897
29485
32747
29873
10386
27845
32085
32281
18084
9708
20744
22984
12928
23520
24538
17291
14798
25206
14300
13439
18243
14173
26252
12409
2678
23206
32588
676
20975
4228
26131
11628
19329
28753
12899
4507
7899
25810
15995
4290
5721
444
14029
11995
18976
21111
15794
30508
361
1569
30557
10351
15901
7382
4621
27695
9891
31279
7815
7541
16885
264
19652
25252
14842
7303
24807
7842
6160
23130
29810
32056
12263
31295
22456
7868
11414
5834
10134
9965
29672
19299
27486
13086
21495
31630
20244
31639
12029
8047
19933
9272
6502
14733
24756
95
7722
22998
1375
19980
7513
20963
12705
11331
30968
32382
1714
20658
1035
19041
22764
16532
26611
20033
24519
4309
29690
12811
8711
29047
2861
13166
29236
2100
9322
30105
3915
24165
4281
32326
15795
26146
31711
1015
27762
23211
23345
29055
15009
6
16039
17093
28957
1514
14385
7877
17536
4572
19790
21207
29520
13464
9946
4916
5238
20146
29479
9398
10737
10365
11856
21471
19403
16684
17610
23837
32588
6455
17468
10828
3695
31745
3729
2429
29586
3255
17227
16630
11633
6779
21274
9338
3925
32706
29101
4042
24969
4346
22984
27243
26126
24177
6039
6314
5519
19826
19778
32222
10391
19633
9665
29677
16642
10216
27122
23569
18354
16067
27624
11484
21123
8954
15494
8570
9856
25020
24397
28215
10839
31828
28787
7744
23818
21511
28981
32430
9448
3387
11886
15040
2748
11743
30055
3432
13636
31494
2801
11274
14564
22997
6321
20096
3996
14240
1212
30817
19768
15696
26468
26499
25542
21000
4945
19390
3149
12552
25555
11251
10172
5841
17782
7245
11297
18825
11479
10695
29211
162
28599
7919
30354
28599
13390
1513
25765
30902
27361
2998
31716
18756
1431
10423
9920
26461
25225
12908
21823
28987
7192
14978
28661
5242
13187
24333
30511
121
18873
28690
8817
22531
23147
3656
5155
26159
11622
10015
30087
6788
29216
29186
3822
4193
14736
21209
12332
9628
16963
17875
32073
25706
19117
14434
29561
17535
23997
29575
14926
1910
19892
31567
5421
13426
20790
1950
2303
30470
30369
31275
2600
25938
24991
30156
18109
29039
1783
31476
24817
2574
23209
11641
11729
11867
9273
10139
19506
31016
27979
32323
10215
26439
15984
23176
15671
23863
7744
19575
12430
12292
1705
15124
3698
13672
17542
5532
18361
7990
30067
10765
15865
9720
6112
17640
29761
18135
24933
32310
14342
6332
20309
22473
22112
31925
9622
4292
12663
11674
20400
21086
18999
29424
22563
6626
4684
31501
27134
1018
6730
8317
4269
23854
28715
7845
10771
7080
16895
31142
16089
9786
6367
7557
13573
3234
16419
30856
4302
5388
11477
5347
14254
17112
31077
30099
27066
15006
18845
14987
25903
10095
10968
20494
26701
1374
17519
11612
1384
30015
27765
26256
32060
32175
29860
5577
4993
23893
17302
24456
4543
21095
3641
5721
27748
31599
17789
16822
15892
13647
3151
3112
3392
6786
18891
23727
4090
1958
11181
8036
25095
18743
11529
349
24886
22174
30013
9169
9201
15978
8995
2684
15890
10205
22667
18757
18424
3498
6632
13599
23513
5629
22089
7213
32089
11196
11147
18729
8028
15628
15053
22022
15385
17176
8485
4564
13169
30478
26769
32229
25470
22633
1329
9774
12142
26742
12979
22767
26770
16145
17934
407
19890
23728
18291
10978
5284
23972
26752
27716
12828
29339
10936
18058
21446
17000
18992
13247
16530
6407
16522
28236
4944
2011
29735
13156
892
23355
26521
1183
12379
2349
32087
11493
8775
32113
9141
3214
30278
26306
32019
28871
26594
26968
22612
31288
11573
23217
3474
22244
22852
27281
4879
21328
14478
23880
24175
1767
23524
15155
26149
8093
17786
6533
22316
4307
27711
24647
21239
10618
2410
12702
18858
21884
25685
22093
17546
3671
4239
21370
13490
16139
21037
3509
6665
7991
7264
7478
5744
18815
24141
14182
16704
4400
4632
20898
20211
23335
16962
24891
24865
32239
31030
23745
4783
27945
20254
25217
5187
13361
2555
10316
27898
1022
1013
6266
13150
22602
19439
16431
21138
30707
13407
29405
12240
21666
17501
18186
17430
3498
16122
20564
32283
6707
13522
15026
136
24215
21477
11004
4197
12556
27042
2222
18385
4484
19269
5353
24823
6353
6243
29370
11581
25357
3011
1183
3262
31033
20080
17223
31227
32292
268
29082
32205
8846
28519
20985
8095
9358
8785
16583
9689
24113
17324
22568
15007
10084
2245
264
18620
3860
5860
5472
9433
12179
5665
30644
22259
8766
26234
17377
6156
22109
11043
32021
22560
20298
8221
23839
24666
3542
28170
10473
25992
10472
28736
11842
7885
22887
8476
20193
13461
32090
8344
15527
7118
22094
2336
19237
12630
1784
1698
31326
10671
5148
25573
7886
10490
27822
539
19115
5923
15670
28345
23658
1113
4729
2950
22149
12737
3925
31986
25724
4715
14829
21162
12570
22661
9222
7785
29177
25294
29361
27921
19528
7758
2347
22010
30412
12357
23297
5258
15653
31841
10615
24582
18515
23347
12331
30119
20600
5348
1270
2289
7135
29732
12051
3648
28478
1380
14723
5028
21304
22085
17583
7150
21286
18768
23376
12299
6423
20967
3724
6801
2837
11387
7521
408
19883
26368
11079
21195
20388
19870
18961
13759
17172
4010
23317
30851
10141
12500
2956
10872
18923
6818
28732
22882
23681
25117
1108
9408
3512
5578
3991
7001
16132
10203
14268
5912
16762
18599
16661
2841
15247
17752
17008
30724
7203
16099
20539
31386
16062
19774
25323
10381
9497
25293
31902
12181
27104
1053
20990
27328
20662
10196
31337
25098
6010
21224
27472
26669
27848
17680
17117
19130
12227
18808
9689
18537
23826
32697
13516
16813
19753
12552
23654
22412
10186
1453
1309
27822
12491
11960
26136
15540
21017
22511
32588
32203
1789
30218
32485
16512
3230
17699
5607
470
31688
2920
21
9109
12267
29715
17170
16102
8039
5788
26822
1309
2310
32300
14595
8918
6858
17750
13928
22851
30186
6658
25222
16836
13335
15785
3394
28600
20995
21960
13178
25748
8996
8334
12524
2610
12982
25048
18771
10091
13823
7264
19666
743
29654
27441
23446
10292
17766
3935
3256
790
5168
1524
31840
17694
31055
14893
1328
18814
25088
10215
10464
27420
23905
596
27685
229
30585
13042
10712
29796
17785
17598
8532
9875
1857
4005
17440
5873
550
14395
1742
212
30963
22447
14626
25345
25901
24575
10615
9594
21916
4200
5983
20887
5638
3617
14730
4184
1086
30024
23273
25338
13918
30237
21266
18888
22096
21102
24039
19764
22163
20306
5746
7462
25659
28442
6420
14996
14906
1925
4319
24403
14815
2099
13376
6189
27804
1372
29921
17715
21260
23234
26317
29780
9524
31460
8918
18991
26634
15989
10292
27942
31795
18444
366
9908
2577
20509
12414
12032
28413
27944
9776
22194
4049
11312
18635
773
13482
3439
19955
12317
20972
14664
27598
28060
25222
381
9574
2416
14199
674
13902
23790
24721
31186
24969
28709
4732
8864
10151
26476
11775
12624
10289
28478
19579
15688
12871
6728
30136
12225
18568
26047
25316
2754
7218
22519
29401
7247
17290
27954
13215
29150
12159
18102
9522
8202
9354
20514
6533
12939
15064
20225
21958
22630
10667
4256
22756
8289
25086
10781
27471
22970
15464
32449
23551
27928
15938
143
3767
16834
14860
24349
16267
783
20237
6307
8096
23070
3130
8530
12083
28614
14937
5351
30940
19152
4454
9855
4628
24164
23862
17069
1270
23746
21850
6090
1858
8755
11334
30860
8871
19518
6579
19674
12866
20766
25665
1247
22882
11124
11873
16990
22414
28218
2674
11333
24009
21752
6698
8324
18708
9274
15672
14367
26165
28225
4903
20866
8887
4089
21638
5398
20274
31275
18246
10257
22220
6900
21091
402
4096
31606
29895
5613
2718
26061
9067
19523
32531
10052
21183
29271
17131
17097
12108
8860
26260
10143
18839
20627
24677
16467
14665
28499
26846
28145
31630
26217
27698
17271
4283
18659
13570
5514
7475
680
13420
12904
4491
28683
2884
22046
7660
5023
14497
12027
29881
24140
4508
1604
8306
15778
26196
24873
28889
25710
30774
11768
17235
395
9595
20881
10896
22779
28145
10522
14702
29494
13567
21492
29979
22210
25827
23021
12922
4
22335
439
25289
2902
9940
27545
4992
17754
20109
17508
9596
5517
14783
9385
32604
30495
10671
28713
16172
29698
5205
18829
12097
22081
24671
28247
611
915
8825
3865
6962
14128
16332
30692
25282
3555
6596
7428
29321
6240
10007
24554
5499
26585
7683
8298
25715
18636
5079
28199
469
8223
13748
28235
14449
7790
32405
18811
427
15780
3725
13834
14041
15560
1872
29292
29165
3610
4597
17390
24916
27487
29178
19877
4894
1145
18825
21412
31582
31802
29433
15986
14804
10106
5016
29372
25289
16999
19368
20806
20283
4125
10151
29479
14394
6263
14036
30262
8594
30756
27374
28096
22442
30461
9535
19324
1196
22677
5337
21696
8422
6930
18976
30708
17009
6204
9096
5704
4112
15572
30624
5538
23386
18983
8272
20186
9756
21987
19294
11306
5881
31784
13367
3040
8531
30690
10989
15190
25711
5463
3196
7716
1491
13052
4177
21908
2803
17549
3853
31831
30221
3164
9862
19062
10834
32490
24334
13707
23366
1204
13817
24880
2921
3663
12633
29624
24087
11959
24844
8989
16557
12261
28921
3642
12013
21919
12438
13882
5796
17044
13230
11345
7817
13224
28769
18346
21609
1421
32364
30624
1665
14483
23466
1584
19500
26305
23003
24238
446
24612
6565
11448
15279
24935
14040
26473
29948
6308
2550
7374
31946
27770
8947
4510
26444
14688
24889
2341
1512
31032
19695
18818
10901
2344
5499
12306
14984
421
22853
27180
21519
21712
6846
9743
3005
9990
1698
20504
1223
5554
28538
12345
26798
24678
8804
31654
542
10283
30998
11985
32535
14613
19745
17305
7754
4634
12403
6078
19398
7971
3872
6041
28883
22884
7778
266
31518
16873
15582
21169
24343
27250
10280
15201
6552
129
11146
7633
29895
3761
11265
31893
5181
26697
13705
25165
3176
29457
28058
6685
2349
17253
3827
19549
18386
16007
21142
21393
26652
14138
27156
23963
22708
14476
28426
11567
25295
29427
27628
3976
6414
32667
25089
23129
11683
28159
28847
1543
29622
20407
505
14357
4103
13968
8262
20960
7380
22754
22884
22412
17661
20510
21196
17214
6758
9639
29480
6283
11165
8675
17682
19505
7357
4497
30495
21509
18322
30045
7452
29485
9981
20401
5783
5775
4506
1231
16034
21897
1953
285
18643
27363
6154
6591
28559
14850
8437
23403
22408
13406
28488
15225
19589
13110
410
24378
15202
6530
29264
28043
3415
21033
19717
7850
18557
32372
21296
32328
6541
26818
29696
5087
10987
3966
31627
25925
27876
23631
15656
1922
13108
23438
15641
12767
19404
2045
7534
1855
29394
32438
21029
2482
18408
12129
24726
27720
10417
23722
11791
14115
5265
243
8635
29136
32181
27461
7624
18392
11092
10381
5064
23441
4404
3333
14424
15162
16495
29168
6656
11335
21879
31626
8027
16634
1880
31551
12408
27699
15421
16923
3967
1929
18230
30594
9368
32665
13112
18465
16648
6814
16230
292
7581
3395
28814
27561
6221
20917
23543
31861
29978
29947
3930
11238
9785
20106
14894
2601
24434
22036
31784
25517
30922
2978
32003
2520
25696
9698
12669
5112
15253
31426
29090
11388
10095
22077
17484
15972
10304
13173
1003
5878
130
3075
16514
20403
18182
12683
754
5257
25678
26003
21883
6730
32567
9109
13696
22877
7386
20818
21130
24756
30645
18794
16016
21757
20998
29738
29558
28701
18296
25253
20947
5338
25089
8198
31991
19159
30219
11556
14381
14022
2514
23127
10557
25305
19469
29579
9269
27513
24016
29330
25705
25659
29617
11199
22201
2320
4650
10416
22802
4028
26942
9579
4920
11657
4959
25517
19650
9532
15248
18558
25702
29000
28359
30729
19574
24130
7317
25515
12459
10645
2824
32330
10530
30839
16849
2792
7844
15131
12450
14711
17450
20520
5338
1519
18848
31851
25188
3487
11242
2760
13276
20160
17957
10359
1524
1616
2095
20845
16919
8222
30313
24855
23628
27937
22203
6990
2140
5133
11993
16776
18999
28712
30661
2123
26004
21082
10902
232
28888
22660
2679
19301
3897
20243
20466
9403
5667
20693
6511
9538
8666
6411
17655
17257
23906
15295
5950
28330
412
14424
21473
22205
20401
6763
10988
13068
2739
7380
8095
7784
13442
774
19570
23290
4589
7327
10326
4732
14874
10048
12606
26281
13608
667
8158
26097
28178
27341
2226
14450
31703
11503
3651
6436
1496
2535
2214
28499
18305
15236
17989
7251
30507
20427
18914
20847
5185
20107
10712
546
24738
23864
29860
18058
2375
21749
16037
16921
16934
32499
15648
25230
22870
27386
4743
2851
1395
5189
12283
8
29508
18579
28687
9745
22171
1403
20175
27308
637
16384
25345
26645
19587
19045
31914
6605
16256
19523
3284
13640
24932
216
14991
31461
4193
12194
18742
4900
15180
4908
13299
19476
31045
8745
8837
19210
17562
28351
6977
1688
23785
4133
5719
7357
5253
19056
22103
22874
3355
26794
10740
229
10134
32037
31495
13153
11071
31758
20183
31630
26665
25669
7063
24157
22732
27244
5936
32422
1776
23103
25409
10525
14285
8739
14948
23683
9072
15617
692
8729
15200
28244
27020
19034
17538
1153
27793
25065
18490
5480
29682
29385
8403
26936
25070
26060
9505
1927
15255
6222
14180
6818
20182
31266
15216
7457
31152
18381
14347
1471
30407
13554
10135
25961
21284
6926
15345
11157
28979
102
6552
1237
15631
2877
19986
1964
30208
13641
1419
9120
12611
21352
17344
1680
31241
17808
9243
27720
12993
25348
25887
3155
7066
30414
17159
6672
8772
24681
26026
2825
24311
11454
26018
6015
25271
15186
11437
10570
15062
17341
13651
11488
19898
20318
28106
30899
29921
31565
16918
16064
30753
5777
4468
15460
20021
28819
4857
7282
18037
27603
28023
16260
32741
10458
1696
24206
20849
23920
19822
15289
1911
11278
962
21870
6790
3990
19275
20400
17254
12098
31145
1968
4184
11994
30674
1435
24478
20267
12469
16567
25406
29364
21278
27054
4612
23202
27354
12074
10694
12287
5403
12449
9963
11558
21534
4979
21806
31610
17930
28210
23968
6487
17180
32320
30188
23625
9985
23456
5343
25468
18819
7942
20520
3700
27240
11824
18268
19454
5271
8825
16445
21863
15485
32172
22587
10731
7599
8470
28475
24176
7121
15071
12184
5493
10934
7578
22375
13125
456
13850
9984
8816
7851
4999
6330
15483
23325
13746
17909
10967
6689
5542
7518
21520
20572
7296
20078
10567
27583
31872
3636
26594
24166
8287
6485
9090
20672
9443
5969
11317
16113
4274
17159
9454
1396
15972
31868
24114
8453
11483
10200
18707
9662
10711
32177
5730
12672
2757
12428
22049
23956
26584
2977
11063
29586
3419
28383
26471
27010
5958
19504
9091
26946
27407
2558
10205
26408
962
28406
14591
3047
17492
31500
7324
30135
17461
20927
27334
5296
18980
6558
32608
9847
26951
29963
8151
5405
29819
30783
10509
15684
15337
16526
22934
24452
18650
4332
3111
16653
3020
6065
30283
16269
12484
16793
16216
23636
3559
15887
930
694
24644
6315
6126
3504
19189
3065
8490
20687
19558
29052
21595
10318
7668
29426
29398
21630
12730
24794
22195
9323
17063
21044
9087
13245
10964
29064
28465
16348
29717
6953
30559
22616
22223
12475
14002
28295
6921
17907
28312
2160
4037
2718
31032
6887
3216
5605
30635
20218
12632
30415
12393
13964
22654
11783
12801
13376
28460
29920
3598
6809
10217
30102
16486
18015
15210
22743
5780
14404
11179
19585
11145
29127
15679
26542
19342
6489
6885
4078
21629
10686
22363
17363
26161
12471
16759
28339
30523
24798
15987
10665
8662
31441
7817
3549
15646
20882
8127
31749
5756
28206
4869
32044
24421
5789
22397
8370
9028
15338
8218
31637
22964
5012
14188
11502
26867
24627
13754
3007
11411
11614
23890
25067
21619
717
4381
22662
12270
21179
6518
31055
14674
10126
11068
27003
30100
21690
25894
16821
31810
12003
14167
10082
15288
3906
26931
2857
19863
9801
12656
12467
28531
24970
5232
25519
29644
26837
31950
32282
16192
30368
16951
9149
9726
4012
4731
22263
15742
24038
28899
19132
30320
12940
16326
5598
4850
29584
2135
11147
19717
30785
29889
15640
16706
6440
12406
26876
29129
30512
8899
23328
30075
15883
14249
16982
10089
26064
10984
16166
27275
14313
2396
12241
21942
6956
23692
32144
23496
27464
13441
20253
17446
24419
980
17524
1896
17409
523
8155
25682
3112
2086
32
16646
32194
7028
4130
11385
32066
6827
20370
5156
15498
16696
22779
508
20748
29908
18688
30371
30000
4440
10982
13280
30966
9938
3666
2893
9693
24024
10835
1359
6659
30236
12706
29771
24205
4929
15401
18455
15689
19437
27075
13743
6546
12064
8771
1834
20597
13252
5815
10220
25618
18053
26606
16668
30276
27106
5687
31321
22148
7300
7788
12968
9994
31183
26671
17841
23862
18616
26996
12588
8495
27862
9024
11926
20682
28091
23471
5416
10669
2180
14652
6153
24244
32687
9021
13507
7315
7469
2989
26100
16829
6840
1582
28230
19845
25703
20558
20384
19075
27008
12042
17054
14394
28557
17809
16959
14327
7090
18762
32734
252
9789
14103
21348
24542
27775
28124
31675
17708
21723
21051
17286
10065
14620
24482
24079
15292
19211
19080
4224
19262
10050
6131
31575
9651
2619
20030
6164
30948
23468
8985
16180
3756
1047
19153
19043
13914
16540
19666
9966
23895
26899
362
27767
6921
23639
7375
19436
13302
1764
27492
27322
22573
14245
9016
32317
8418
14087
28367
15227
4440
21586
5414
28435
7940
23865
25329
20848
1263
13232
14631
27458
26204
30205
25792
7727
1195
27922
9150
9669
3197
13594
31594
9396
15897
21586
17376
4666
29966
13338
3277
7134
21274
12364
16248
20321
4683
12492
8703
8434
16996
352
8163
8609
30082
23490
31687
31254
8191
22516
20085
32131
12183
14036
30498
26839
7625
15088
24819
8757
384
923
16832
3236
25587
7745
13847
17416
23754
16887
24196
21841
14722
26966
25103
18162
13330
16010
31239
1428
31951
3494
27390
2316
7053
12602
3861
17803
27655
11560
21882
15637
14721
27571
23342
17717
15787
20697
268
21742
1737
6115
8967
28404
2321
12090
21683
31773
24404
1660
18183
10770
32481
719
15201
8778
25255
3446
10186
11577
29081
28834
28795
5572
9303
30346
23201
24825
11786
32445
7262
11773
11407
32183
11792
21061
9177
6835
16597
1545
18576
24513
32335
13558
24062
12312
30116
18212
11052
30893
22985
30279
19272
20229
29953
809
23882
29255
30112
24408
22232
25237
30741
7963
32358
668
29223
18347
20641
30570
25471
19872
21774
14976
28519
22442
9710
4649
17361
6529
12134
25610
29083
23327
27100
5625
6673
44
5028
28947
5556
9146
11740
15112
30778
7218
16532
31162
5589
31630
10803
5383
28088
24521
32277
19170
7640
10132
13945
10665
17391
24395
15771
1202
28615
31271
4637
5928
2741
11189
2731
18709
22627
30087
31967
19135
29907
15657
19298
31288
29601
32342
8021
18225
1161
28012
20719
2319
16680
7710
17255
31553
2055
617
14356
21456
2261
21961
23763
10295
26100
18604
6569
5238
3896
39
25001
22626
14827
15848
2840
24383
6676
17516
29392
26000
16632
19314
28386
12590
17634
6319
21631
3992
5664
4291
5401
3722
9550
21612
14021
8913
16087
15865
11236
12637
16312
21250
19970
11928
1927
32343
32766
18422
19380
9782
15211
19405
12304
29377
3383
17256
18571
22702
17802
29527
26690
15425
24305
13832
25017
16503
24764
25756
7268
5765
16549
16883
9069
24960
1970
7177
4529
606
15964
6022
32524
24605
25584
22928
21206
66
30006
996
8109
901
18001
14117
27765
23243
13286
3955
3742
18516
28544
20288
31141
310
27443
11359
10206
778
10368
29534
112
29157
28281
29974
24225
4746
11045
29312
7764
13533
1062
31435
20943
8859
23193
28587
1218
26185
17982
9203
12421
32362
19417
18534
17826
20725
21208
6858
28307
29446
7733
2879
28621
6356
19614
19407
18685
16867
9172
32326
31633
30075
11089
29764
6778
9048
23085
13712
1840
31907
23618
16559
32759
22817
12943
14774
25442
31915
13018
31580
19733
20702
10905
15955
28622
26387
10515
19161
20647
22161
13507
26762
18325
19202
28669
120
26933
22308
28884
9597
15816
24513
20538
30416
27003
13025
13417
4311
10733
7998
23170
60
19691
8184
25460
27459
1150
28810
26656
25947
15399
7421
6331
8435
21353
25180
27507
29582
24968
29543
7765
24602
26257
30091
4206
7037
3482
18962
13872
16242
25675
30616
11544
8083
11165
18366
12942
29878
9698
27938
525
21117
1542
17806
24195
6953
25620
3183
19195
26031
23291
4489
13945
2574
13203
18410
7973
18399
16603
16668
28844
15150
20869
26783
8676
5000
23220
5014
21935
16725
16388
14529
801
3433
23755
25771
26853
20181
12958
15909
20444
13059
24855
12018
24840
19458
19158
1220
4777
22814
3014
7784
28837
32180
9377
31037
17453
23108
32695
13034
24222
15304
13035
21328
2981
21828
8958
29374
28327
14239
27664
4196
20320
31665
13155
11531
6602
21149
18019
32259
5440
28769
10979
19548
5859
1195
1194
21593
13117
13807
29742
14625
13092
21174
21151
24760
20449
11577
28455
19502
31378
21806
12657
16406
13005
9186
17768
20794
12422
20104
13377
10637
25907
29392
3771
6497
6189
20924
3237
18650
8794
11440
17825
7587
3337
30920
26409
10463
6173
23661
3023
12643
27502
11051
6089
11810
30572
21437
16044
17640
18694
29802
5752
8524
21706
2453
23509
14304
32077
27279
19356
18858
22733
2223
13721
15320
31253
9381
11408
6063
16545
28171
30589
18117
29699
16701
10272
24432
11909
30571
31417
5502
23312
31980
25361
8998
19020
8661
27321
15935
8969
22731
17558
28080
12766
22549
14750
21288
23567
20725
21212
15631
14772
12601
25786
5308
6936
8973
24447
31976
32096
16147
2327
13410
12909
9398
1043
4357
16387
27835
18416
9960
14890
10776
28316
28628
7380
27914
31542
1787
26817
31842
32277
19686
1952
14623
14861
1968
15223
24642
12013
21362
7492
7902
11596
30462
28389
11375
22406
28880
17461
24428
13313
20545
18296
28704
13493
12030
7417
23989
22507
24249
10737
10642
17988
7966
17067
23783
4606
28681
998
3205
31603
21494
23419
20212
24290
5817
1087
22719
12146
27759
31019
13075
9076
31924
9146
16520
30185
11798
18835
1087
24900
17866
32104
24365
14193
12190
5918
14262
15125
559
30510
16254
7704
4956
6475
19324
18785
12538
14917
29264
20960
20937
5421
25814
16082
21159
31674
13563
1344
5124
19947
32463
23753
2966
5358
10204
20898
7758
17729
10423
14299
22154
27671
5332
25572
19084
19453
21662
19535
18219
11453
17863
30935
4808
25218
13789
25250
23684
20542
27423
10691
11184
26953
12174
17411
25478
30283
4679
2273
12054
8539
21263
16087
27010
3432
11312
3551
22126
31960
28292
31542
16051
19312
9167
21088
17747
16244
11089
8044
2226
30223
1180
7801
25603
28404
15524
17529
25856
31558
12565
17717
18910
5046
7657
14994
7040
23019
10553
20754
14315
18726
24915
7581
24826
23078
24846
130
9042
7753
3674
14777
10649
5621
10011
4715
20451
17974
4152
16307
2925
20904
6894
25255
31374
6296
13419
18834
12522
9318
13208
22148
5097
25133
14646
12045
23400
28838
22060
6469
2734
1354
27679
10767
30113
11447
31812
10399
9785
27221
22642
19258
13878
31545
27260
12605
28942
16458
1469
15969
21034
5026
30452
15165
13137
3383
18003
24333
16229
31418
24530
9905
32077
3775
5577
7417
1842
2847
12734
30751
16878
27290
1915
12437
10433
19905
15972
29953
326
12052
17672
8071
2982
8807
8950
4166
780
9098
7378
4389
601
14376
24232
9935
8472
26864
8319
29436
23732
22003
31026
3059
8680
27213
21371
27980
2680
29448
14673
26107
8991
7485
26996
10122
19912
8060
27462
23206
5121
4718
5340
23773
32172
15545
14165
2982
16375
22052
25962
16546
22671
1532
2119
25377
26897
8374
13977
13032
26306
26837
489
12338
29311
22287
11816
17652
27895
11691
1931
4965
6935
23341
19097
3518
28358
28725
21122
15166
18387
11429
434
20082
16683
26626
6310
28851
24144
22813
28414
26352
11526
242
17108
29614
12112
15568
4685
6732
8602
17338
13165
10124
28984
4878
7728
9039
30479
3684
7382
4000
19090
22201
22142
6388
16625
7373
26614
7088
27788
29385
32466
8940
12462
24869
10939
17527
15736
17097
22794
32283
2075
11378
11926
30754
4939
25432
13257
20760
7152
9998
1786
22227
32286
21161
2294
20657
26183
6436
14304
16161
8879
24835
11324
13413
10529
823
27718
10902
9441
28994
2440
31464
8417
1691
15531
23087
8759
2388
29582
32418
18127
7674
1429
21215
15453
12989
580
23088
9110
9680
19980
10765
13216
11027
356
7394
12743
13552
15900
8722
4465
25730
28398
20283
20564
17661
9559
5820
25318
22090
2469
18292
17685
10993
4432
14797
825
7484
28557
19961
20295
24474
29729
8060
30279
27713
19571
4587
18952
6167
23270
6899
21266
19667
6245
28060
24284
11871
13376
27343
15935
12161
26166
31511
18475
22971
9939
13732
29849
19568
16892
30869
9152
14151
30664
22135
25996
21461
8081
32008
21836
8822
331
31041
23979
28283
22805
31892
30945
23947
14606
1907
16682
3651
15722
7441
25975
2592
18117
25708
22116
3743
11958
23179
16235
29090
10920
31236
8279
9494
20709
31682
6907
7635
29684
5381
18723
8643
18469
22186
11979
16711
1898
4525
7311
32726
1896
25836
5731
28648
30158
22574
4740
17938
12006
10339
9391
10098
25194
10542
27024
14157
31384
24480
18045
10231
31112
14919
20836
21235
16574
2663
29954
7260
30460
8839
9558
9603
89
15919
14422
4826
15511
5873
14048
26897
32690
19110
14835
17790
30901
30458
10271
30146
31441
11819
26426
12970
23728
10509
22101
595
25095
23122
9198
1426
25451
18184
21608
13458
10341
18531
3256
20159
10184
6845
30048
483
8770
24027
18849
3215
19250
27250
26348
24509
29625
8425
28827
947
27668
5473
23518
17451
3881
15603
30712
26544
11359
56
18091
30283
17331
22287
14576
21343
18441
20890
9196
11986
23487
12938
544
4461
15240
32413
21728
2182
19320
9572
14854
13532
31323
10058
2535
16578
28491
23762
4486
384
13698
17184
15624
18422
23148
29115
18024
9346
12800
7569
15468
8740
13649
19772
30168
15584
12128
8835
17633
5988
11317
23844
32484
13291
24110
31441
11352
13409
28054
6264
29954
26056
26233
30919
7271
6874
14519
21488
8839
6640
32344
21673
23752
8738
31775
26231
6961
19376
4194
14637
11736
18337
1049
7599
24222
17065
29236
8188
13081
28496
14642
620
2770
31569
10991
32310
28081
29760
28349
27956
7861
24432
18871
16619
18152
2324
16722
27334
19603
20132
19509
6562
10926
26755
1355
28815
23706
30430
5398
6869
12819
21975
17734
24886
8032
31971
29322
9331
24012
28016
20646
24850
28762
29900
13510
8285
24757
17730
23057
31406
18534
10886
21634
3818
31305
23891
9715
4940
24642
14930
10619
25444
24876
24638
18682
12127
25362
31046
12530
12424
15778
13234
30361
1807
12510
11722
25644
9481
13333
22771
24453
27321
12562
6172
7920
22542
32659
7512
8251
30572
13565
19148
5644
26032
7245
6860
16247
7022
27218
21313
24016
23420
538
2126
15550
27317
23978
12851
145
29943
28401
23153
11990
17262
3327
9263
9512
10261
16755
13276
29257
17017
2610
14870
17777
449
25439
9674
26597
2027
11655
16797
29900
21080
17435
16523
17214
19339
22564
32206
13983
10798
25394
29698
26923
16725
18069
12166
25809
9735
27344
16421
24133
19963
29515
28150
9809
2975
23112
13696
17772
2910
2328
20258
30093
13859
16527
17843
28225
7449
26037
24677
14076
21174
1726
25583
29612
21751
11325
28395
24468
27885
19092
30076
27224
10104
26543
8245
11092
19283
18674
4662
7986
28752
15727
23192
25532
7141
22621
5388
26094
1768
12229
32190
13904
28823
29567
31872
30595
8923
28765
27428
6937
3022
21414
6953
24746
4218
17094
24219
19235
31972
6979
6196
98
13641
28403
5831
18176
3239
4205
16351
5742
25727
17341
19875
27972
31193
26460
9212
25045
906
10591
250
8455
1458
7406
3188
20322
32392
17400
2799
102
20570
24869
14273
14370
3279
9740
2679
11010
1392
4519
27507
12265
17766
4867
7130
6271
22661
17468
21677
25549
906
20905
24885
32519
20897
24916
14501
2216
6955
3757
23291
18884
27069
20095
29991
22938
23916
20258
4207
8042
30536
10483
20754
9862
27942
29441
2091
30890
27299
4105
7385
29328
25445
18341
4253
18112
23204
32704
8963
8870
17385
10829
22661
10726
24854
15160
26796
15348
16807
15005
22392
14303
18231
18233
15874
12909
21318
7454
1632
21101
569
29866
7881
18249
6050
19897
26617
3547
32706
31514
25303
30593
2637
576
24918
10100
17004
9018
16025
31317
2056
7398
25178
3081
20038
353
5004
20423
9038
11969
24127
28271
25937
16391
4293
24350
18634
2639
5139
28159
5124
31306
9065
9572
13276
26094
10038
19733
3528
9836
14134
29671
13080
3683
2013
14225
22908
4179
18168
16060
15559
10580
11154
6489
19954
25608
15636
31543
21348
1998
5553
1237
24176
18488
9217
3701
14880
2240
12268
10609
14129
2230
9930
19410
31070
2941
29384
23071
10722
20727
24974
883
13112
29246
24095
9170
27173
30357
512
8381
18424
13470
16796
29700
6673
21453
14311
22748
19104
540
21826
20273
9903
12800
30111
26942
17763
29852
8677
5978
29822
17461
150
26133
20009
21223
14767
25219
23537
12694
20943
6360
27407
25383
16540
24885
30188
12271
18018
28354
18148
19819
17662
21757
14410
11826
8187
30546
13741
3625
26618
5867
25178
3830
21847
29385
2338
30903
22025
11796
14686
29427
13002
28847
13616
18896
3961
30224
5387
4999
19132
32335
17525
18966
233
21884
15371
11573
13863
25910
7366
138
27600
1145
4222
31264
9498
31160
5036
29974
7927
25388
3188
15508
16185
31083
21219
771
32506
24636
3701
22910
21563
31146
3290
15235
24267
28503
30201
751
23659
26131
310
22569
10287
4013
4080
29341
18727
3849
20814
15724
21567
25203
21308
13409
9572
18483
9392
3368
13288
20834
27954
186
1576
5884
7579
18716
2156
17718
7709
10057
19214
28945
7555
1389
27615
27695
26042
2387
11974
2789
22929
11041
2474
4243
32701
9283
10130
13872
16160
19109
9995
32553
12363
11301
6091
20588
10305
32328
31635
32191
24701
13867
20058
16727
24631
23741
22951
20902
2788
29484
22335
2420
30716
31645
9984
22065
30719
31264
7181
24714
27322
483
9515
9018
19143
8870
21611
25635
4691
19054
2570
17309
23843
28542
18069
22030
27609
5763
26704
31675
27764
2319
22489
27357
11287
20552
26633
8184
5643
18402
27931
10344
9222
23882
20240
31548
9134
20260
6993
21576
30041
248
22935
17782
10263
14120
10248
29277
5874
20262
25251
10773
27508
18403
23005
21321
10602
11915
23692
24205
10216
17263
6405
13042
7053
27459
6529
18648
5640
16521
24518
26372
7899
22861
25603
13811
18783
5395
31483
7533
27657
1806
26469
8285
23787
20626
6803
10975
22398
32716
26707
1691
28574
18097
12819
26962
13782
7732
19784
20918
28894
10684
10512
9855
4194
28373
30485
19387
15621
13605
23477
8805
10662
8867
26977
9786
2530
26627
27459
7624
20954
4468
17188
4296
9014
20366
24204
30893
2922
19590
1835
24445
30519
24997
4727
24800
32629
16632
13463
16759
29457
26440
31360
4206
16978
27212
12126
1877
12128
30494
12597
7211
26630
5356
30920
31164
27831
32752
22714
21038
26831
12450
14323
16342
24604
25388
19269
10320
21917
13086
4687
21966
20361
8035
7074
15024
23699
2676
21539
4949
32365
2763
26033
23089
7563
8091
26887
16928
27177
7614
28387
11002
20111
26862
9320
17512
22164
19769
5824
21238
12385
3247
23047
19305
10871
30046
5988
14418
21236
4992
18041
7651
7185
21490
5630
20482
10736
10984
18344
28316
11669
4832
848
31804
28978
30676
25937
17116
31143
25268
19506
31483
24905
30995
10629
26863
20450
9505
23054
25725
13306
31193
18728
32423
8533
10107
25445
14789
30909
5181
7285
2007
15618
27965
3145
794
14654
17339
26487
5337
23645
2693
22241
32390
28125
1970
29330
30985
32723
3731
25576
24152
16943
5607
29432
4424
6976
32334
814
6051
10619
7425
17204
6778
4728
24255
5141
16572
17213
5899
27555
6152
1471
20372
13846
32704
4006
11253
31477
19039
28241
13726
18746
2316
29722
9234
11953
13679
2779
30036
16033
11715
4017
27291
27566
14124
7167
15693
14590
31307
24502
8235
1691
11792
28884
24777
32024
25808
13355
15682
23672
12184
17252
16937
12875
3008
29763
17603
15130
20163
25901
19827
29445
1102
13031
1653
6571
29334
15264
719
11594
14575
4914
29061
8487
15515
3237
4365
21297
22495
31988
30466
1249
32604
6932
29
23396
20893
8499
31840
11004
17645
4926
27540
4516
26475
20133
24054
9459
25952
18274
19758
14146
18895
5688
384
30737
11598
15416
22342
29607
18197
16266
30878
13817
5205
1386
24416
5325
2507
3441
13139
25887
916
29206
22688
8132
26435
21108
17030
14669
11313
2382
24144
12590
15892
21840
10884
7200
28115
22167
20062
11715
25753
1396
17788
1416
19753
1645
29659
17102
10097
32645
13826
9291
31329
21182
16765
13998
22525
25051
27021
22146
26545
16234
7198
2390
27365
28930
11001
29211
28626
9930
13627
25805
9876
3130
17670
23894
3200
5670
30070
23983
25015
29176
13527
30536
7419
31293
30485
938
20930
21603
27763
20571
15497
7104
4224
16897
26987
15831
9544
13003
10482
27607
28359
4109
18221
17765
17059
31530
14595
8347
16410
29111
13254
4945
17464
16605
25356
8603
28238
18431
12474
13714
18593
20125
21345
17496
26975
29049
5838
17494
8151
27384
4828
22728
488
15050
17549
22140
28090
28877
15705
1494
21421
7983
23750
17944
23695
14292
18489
30176
16402
22775
5388
17651
24445
19731
22752
21304
30881
16900
5173
16648
1295
31593
11064
5285
6536
1102
24795
6407
22965
9224
2091
6623
21528
6751
24543
8406
23107
26355
19500
6165
10568
8152
25313
30219
30320
7044
32175
22122
13360
29163
18120
9331
9048
6376
29613
14964
1166
8159
8768
6799
32251
20129
3105
9404
2372
11151
1079
28177
32188
11523
29325
7490
2776
6635
16992
28772
14051
23991
30326
20470
13810
21366
22449
4897
11547
19515
29155
22847
13794
21702
21220
7323
13812
32352
16354
25207
24344
12039
21753
11348
27490
15563
17155
3693
27049
22648
8114
3973
11836
2933
31708
13794
15313
19692
13333
26010
14526
29227
12163
29709
17516
32331
238
5299
16648
5391
7703
792
25979
5390
8523
3620
11165
7445
18743
26784
28325
199
11006
25334
19941
28806
19081
29240
10164
22679
3359
10340
16555
15232
14901
487
27412
2997
32391
11359
17055
18548
9575
10917
20567
25070
31829
31243
10965
10407
5329
7394
26291
19487
22637
11840
27460
11442
8998
25344
32642
1213
22516
7177
9032
11522
9120
28116
2242
78
25046
16680
16929
8793
22651
28968
30611
11757
15680
2704
14706
3658
14712
4156
17083
1994
24615
26858
16323
13249
19035
23104
27941
29607
19903
13585
8959
8057
365
5852
8286
29532
1284
25749
10998
132
15866
25256
22295
9556
32564
3644
3036
20678
20180
7092
6054
5390
15955
15996
26824
19834
2255
7682
16004
23453
27558
7170
26167
16300
27971
20487
22736
4136
1592
23599
19590
5309
24717
32558
3787
2155
8536
1941
14971
18147
28814
3157
7770
26932
13081
3710
26557
5542
11051
26701
25991
1766
29393
11622
30551
3684
1227
24670
32000
5626
18331
8572
23098
25806
20188
15041
25239
11129
18133
11557
16824
7017
15950
8996
13248
3459
17058
27769
8713
31757
534
26410
30742
21452
26729
31172
17609
24681
27053
744
31702
22554
28501
25094
27512
19070
7054
32105
14947
30408
22227
26996
505
19743
23483
5419
22720
8005
13590
8181
24852
17527
25145
15519
12313
13461
5526
17829
8436
24195
16784
26285
26683
15823
26509
32597
31657
29588
23884
9006
8727
26270
31865
23304
16295
11982
28798
2929
12867
20416
5789
9336
21062
1708
9275
32439
27512
12170
1919
2448
16960
1402
13852
11958
30997
16994
24171
3823
27190
25049
11965
31769
18843
2884
9967
21611
9003
26430
10303
8958
2351
25662
14173
10636
1799
11891
9414
14199
11291
24307
3917
29197
17173
9749
29946
29194
2382
29979
17944
23134
31365
27413
11914
19505
1239
2306
2398
23589
14571
28983
12965
27867
19054
13829
11137
4792
29887
31638
17535
25833
6123
28952
16935
24484
8667
25885
12242
15281
6092
31042
21692
24362
21504
14607
32602
19327
19379
6175
6894
11452
29009
7041
17240
28175
1766
12893
19247
30597
29910
475
26640
30996
30926
10304
31030
26334
16634
15195
7243
2740
18297
1567
1150
20185
526
18833
18390
9737
14872
1253
5830
13498
8388
2275
4609
8098
29569
23184
12943
9081
17588
10507
30753
23040
15533
23221
20898
20546
26330
30100
29710
21018
24379
26362
4999
3829
29718
28257
12966
31705
4076
12186
31759
5799
32683
12327
23112
28317
26917
17381
16843
5662
1473
11502
24921
25014
30065
29373
11410
6233
15844
13459
29891
30955
18940
31514
1023
14598
32130
19784
28273
24823
12569
3207
3568
10505
10864
23571
23508
15367
25788
6051
7432
764
15718
7499
5217
24125
22784
28321
12078
28585
21630
27935
24593
23088
5795
13768
7181
6802
21945
24590
11743
23913
9605
9204
21394
30314
8570
11120
23118
23784
1837
4883
11377
20889
21769
24043
1504
4509
16708
24745
17056
15036
7441
26623
31648
17648
30744
7756
26073
13603
6179
29819
10137
27961
6426
4648
6172
15697
18737
4357
7517
6728
5472
1917
7211
7551
6676
9879
11903
12767
11300
28444
5133
4634
28166
16892
4377
31795
17731
20462
12172
15936
17448
11351
5703
111
23486
1901
27319
28743
27133
21404
28842
12592
30781
23081
23649
13878
15853
789
2790
26890
15239
21572
5280
16969
451
27614
28196
14081
30988
31222
2894
8050
15664
32105
14481
31505
24923
18441
7819
13779
12358
3579
9180
21159
15532
1118
8505
8004
22014
21293
7100
21798
13655
24167
31102
19411
30386
10861
25704
8291
12891
24491
20294
30271
19107
12666
20765
13609
16856
11333
19135
26749
11380
12011
2716
9142
5013
4965
25307
4147
23469
19113
26026
2108
891
28622
15314
25408
20282
5744
18830
22368
13336
22614
5533
5170
6121
26194
9878
31422
14621
8297
19068
5837
21231
31028
31890
15716
20960
10374
23920
29835
11364
29008
29015
2130
13275
32449
6338
28950
29122
7345
30525
28417
25899
20287
15482
32464
13418
3513
930
3033
10002
9405
15593
844
31776
926
21861
11449
28789
30985
4384
27602
2442
8937
19308
20339
30815
5511
4470
4575
10420
32246
19230
28237
20604
17326
26118
28579
5007
28023
14057
7297
3999
19849
1327
9345
25709
14577
29886
29373
3132
20022
16914
18834
6278
3901
1168
19364
9967
21098
27415
5666
8823
20232
9945
20556
9459
18667
30825
21554
3262
8019
4884
21694
6828
17172
19061
9460
11327
22516
15940
1145
26142
1365
30831
5458
25282
14868
12652
24303
14707
26544
11981
616
29043
30895
28693
1030
13689
1597
7626
19973
23392
4375
28363
20632
5153
16807
30692
25390
22527
29552
6560
19188
25345
4013
94
2715
21925
31541
27303
24411
19923
7074
10687
3896
3088
14258
4218
27780
30964
14062
17489
12965
7902
1161
9397
8216
27622
6538
15524
29110
20499
29230
29305
9014
3023
29319
27144
6388
17047
32362
19690
5872
9719
18568
27926
10522
19638
7387
30129
24781
2638
10820
7720
2969
23198
3954
4987
18245
13795
12037
3036
5908
24805
3827
14456
24136
3438
18219
2453
25573
24320
17273
30941
17335
10183
23722
19961
28822
29133
3312
4450
11241
10349
17288
8564
5737
30218
7065
7621
15912
10753
31328
7348
19921
15067
22666
24389
16689
14536
15073
30508
17142
17481
7723
4903
6071
23852
23119
26001
14901
7613
16570
22837
3297
13883
31233
2144
17566
15497
26312
10810
28871
9254
2018
27221
17524
29279
12730
24199
1273
707
3825
3829
16816
28632
13896
17521
14585
29708
22465
4358
3710
22254
17665
18128
14012
15006
22777
20753
15295
23938
709
9090
16172
9275
30676
13287
23941
32728
20810
12774
22185
1097
6306
28953
8090
17174
1944
14690
16771
15953
32582
29055
10746
1993
31373
22494
20610
24704
32694
15794
21844
27743
21849
30790
32095
20009
32382
31889
12173
16302
16899
22796
22344
31297
16702
448
20541
875
25058
8867
16223
12769
3879
27684
32047
32436
5669
3589
30011
30408
8577
21609
7909
24711
6220
6958
29542
27094
25640
2940
1299
29256
25261
22430
7134
17810
1547
26897
31519
23104
26864
13531
13461
26790
22956
10782
11431
28184
8339
28397
13296
28766
1442
24414
23035
5474
22886
737
23883
25388
1306
27600
23711
15376
26128
13639
11636
27430
30802
4917
31690
21755
5256
10419
5931
8326
17692
6293
4330
27742
30365
1087
4009
25642
1889
27835
31773
19032
31343
10760
27414
18962
20891
27828
26809
9581
21235
32173
2320
5092
15706
12372
25030
25862
12403
15059
20779
15211
19393
26800
13950
29676
18700
23459
32620
3347
5638
20133
11988
8913
12590
3914
16589
21103
19957
8528
4074
6855
1055
16504
8125
3252
3693
13460
28825
24519
23673
11234
16540
16188
31713
3992
24045
25388
7335
1728
28227
18948
13528
6982
20391
9781
1900
13648
30330
21549
4718
24781
27833
27783
10333
4433
22144
18046
14545
22560
8141
32424
3169
16521
14215
21985
30661
18037
31679
31876
19000
6975
15157
7650
31520
11462
28702
16364
23281
8897
6180
19251
19279
18003
19887
20243
17011
2016
1635
22058
7631
5918
6890
24335
2037
16751
31731
19777
30133
2670
14458
26206
32389
12999
14666
12182
5159
8525
21953
16222
23941
25158
9684
22377
14560
12553
13650
23252
10537
16332
31853
29857
12975
12727
16758
614
27387
31549
18408
5958
16376
7339
28840
11041
14936
27393
12171
18952
16178
23298
31257
22516
5360
647
5009
15543
12136
17432
23085
3122
1865
22717
31142
32457
185
11282
9979
19988
9532
16026
18799
18903
13528
597
13520
14645
21111
26005
22783
23584
20364
13
2733
8468
23289
5675
18787
25349
5937
26280
9925
17302
23449
30301
13079
30091
9525
20056
4864
2945
31360
24623
8846
7900
18075
1172
18811
25346
28586
18474
25775
30919
11388
31383
26885
5671
23914
13275
9042
22075
27777
17376
14756
17766
30947
16465
20935
32208
20842
9392
270
26645
655
14499
26959
29758
31626
12431
10032
24304
3771
15464
30113
22243
20809
30920
10922
5782
7689
30270
29031
17985
16289
19176
25937
14860
1517
25156
29374
24702
19105
32579
8364
30008
10544
9375
10170
19427
28141
22383
31351
18279
112
28665
8927
20829
19772
27847
6435
26056
29343
31741
30633
1791
13529
12009
12372
11758
32128
3036
9989
2686
27170
29240
21858
10322
11821
1227
23510
19380
19468
3675
9176
6863
27027
5250
30577
26398
17309
3261
12792
11044
1267
26559
28193
4190
1136
26379
21814
4470
11875
28865
29603
3257
7477
21944
14008
23243
9548
15822
30635
15769
22574
11900
14300
15248
17130
24494
29277
15117
27572
21201
9906
29204
21199
24621
213
32324
31408
11893
17022
14602
15200
18588
20896
7190
25890
17899
4151
18955
30294
14417
24897
3963
26781
21754
32522
28690
22846
2850
1709
5137
4296
32044
23768
10750
11769
4078
20431
4250
30687
1104
6836
23828
6973
20245
11781
4476
22320
8952
24934
6010
23826
24827
29345
21312
26527
25340
30187
25277
19798
21641
7017
23828
4642
3573
28146
9804
15418
9643
28439
11081
28742
11203
13408
6651
6339
17363
27097
27093
7336
4360
24013
18561
26954
10357
31186
16082
21373
32170
19717
8698
5116
32137
2967
9469
25355
19285
10121
7781
30554
21516
26291
22072
27693
11255
6667
28711
21178
27263
23076
17928
29394
30786
27893
18054
32452
870
14556
11287
15999
3629
26851
8239
30198
19402
9793
7860
2761
16244
2852
11697
11553
20920
12973
15694
2011
20499
2620
17408
15338
2752
18415
27389
10998
1231
10853
24307
21833
27255
26056
6393
20204
16813
25098
13254
4109
2293
11886
8480
9380
14457
20043
21400
32599
22872
17165
12405
29594
10048
30588
24046
6938
28735
28737
16796
10844
9942
26021
17198
30881
23120
10909
10079
16142
2385
1284
5925
21257
690
23335
10027
24550
18572
23174
29570
25539
10643
31705
9108
29616
1190
2130
27225
2836
27300
1058
22221
27212
4736
8766
2209
18580
21400
9571
7472
23851
6722
21079
26806
946
2728
22387
20412
32725
17879
19806
21719
9262
1298
13595
11922
24678
32620
5958
31145
31390
19862
10394
23416
30733
16373
6071
10418
30954
23287
26658
25686
2956
28072
32398
10975
15056
30336
16986
23996
23483
19071
30810
8959
24160
12925
15066
3417
9732
29371
13024
70
11393
28861
30386
9349
29928
27484
12696
203
4458
30999
30947
2744
16505
16554
29230
17418
25898
8162
12004
14353
24286
13487
24835
28003
1057
31867
19743
8144
17618
32186
7593
22168
14213
12226
31601
10972
5669
5341
3946
21075
28126
15005
20909
16958
1593
5232
18881
32414
17289
25716
9242
27044
2183
9869
16607
10089
23353
12724
8177
27103
20760
914
20008
14600
1649
27213
14304
2917
9484
162
1204
17074
15884
12340
24713
24784
31510
11811
21967
2307
27317
9697
7427
8541
27645
1601
1400
10362
32111
9425
23384
4974
29469
11114
28389
18428
22543
1029
8453
1801
32484
14032
6398
23375
1468
28290
1918
24662
20822
5867
6878
30112
17270
18895
2215
12836
12426
32244
20566
11263
22668
11386
7004
26725
26410
24683
24169
2013
16165
25747
8170
686
5367
914
2001
2452
7352
3631
7316
24248
20290
7151
20856
15071
2708
14823
18959
4834
4468
31694
30463
20830
11865
9046
28678
22700
32135
20924
12091
24852
8828
30622
4503
1853
27787
30478
16563
7912
11975
11236
27091
7646
20258
20056
26148
13095
20694
25552
14402
24189
24068
12790
765
7169
5275
26638
23901
30764
6780
29319
10212
8199
15580
11471
18194
16799
7913
25964
26415
20659
15280
26697
11588
945
16190
845
31083
7393
31493
14642
7752
21471
31106
5781
12760
29518
29981
23881
23401
32459
13905
31217
17130
29984
7436
30670
1381
698
22873
26325
21194
14430
5948
26629
6382
6679
8669
21495
24531
6771
16873
12215
15146
21998
23350
25554
29974
8879
3494
27056
22067
18546
23885
25380
11991
29894
9686
20546
1432
16248
23842
22385
3854
21327
26931
21441
21210
3833
3401
7550
8678
12870
12874
16645
16879
27540
3687
6102
29249
22923
28669
30699
11714
21770
12217
27976
20018
5984
3584
12756
29873
4288
32654
22375
23426
751
11613
22564
29966
13376
11208
265
31788
20162
11504
27332
22943
16312
12895
29896
736
11081
491
30369
13855
18553
25053
7044
14212
14680
24659
7211
29626
13177
10723
19168
11182
3238
13185
9687
3476
32722
15267
25536
24364
15951
26275
11933
7491
8514
31332
209
13436
3923
32056
22650
14160
27305
15361
13569
13652
6933
31639
4848
6074
2189
22890
23043
10011
6621
8041
29057
7796
2969
3874
28364
28526
13142
26666
4663
7138
793
11711
1561
18588
24848
28588
5152
27999
10112
6765
17639
17962
24831
4756
7626
27066
5347
8043
28921
10576
14330
26843
29643
7604
5500
3212
3925
1402
17469
3662
7996
22660
31783
10168
4807
13512
24552
15118
9272
2131
3816
28008
6749
7310
4990
11281
18530
26305
355
8494
16361
16853
22631
23456
26972
30046
32610
11819
30338
11737
27502
2519
25425
18993
18259
22422
30980
8841
12099
5416
1901
11317
21704
14652
18571
7945
7930
8920
8799
32727
6901
6138
15100
13363
20618
6016
4830
889
20277
581
6524
10514
1871
24461
28704
23538
17285
16547
20215
28517
22153
1984
16484
28940
20743
5679
9882
26658
21467
9647
16234
6660
21121
20761
6745
30705
22989
4162
13558
6670
11996
11043
12651
27565
23114
26679
23377
27854
29605
31269
28361
11494
16674
28831
21960
25312
32655
12426
20402
18018
26249
14175
14123
3665
15599
11729
23082
14487
4503
3504
6222
32548
27711
24333
15222
7730
2758
20639
16012
20430
32412
12133
30369
8340
15991
397
21055
442
71
18581
8954
15440
28525
11952
9545
10693
4903
9067
14996
21934
31055
11152
2446
27843
31046
26698
30917
7466
9003
6539
14200
19449
12112
8107
18600
17398
494
16466
17521
16801
5911
12951
17307
116
27373
13929
10605
11625
12818
15150
16321
25277
30303
22955
22878
4339
27609
9508
28289
31005
4576
6084
26557
7255
29866
7743
2821
17556
8944
1717
16136
2717
11239
22234
6333
32086
14706
19796
26430
20035
6806
4708
12761
10060
21038
23497
23652
3517
32224
2017
26066
30353
10575
29714
29956
28656
24978
4712
10209
1014
7398
639
22697
14518
19103
12708
19846
20863
8037
17975
1637
13662
29084
23123
7427
7907
14884
18866
27467
31016
3395
5834
27615
3600
8159
11068
2293
27085
11505
30575
19812
6053
20278
13688
11262
7157
9000
21310
20769
20342
17708
18395
12937
32703
13
22597
20840
30987
16297
3885
25273
23869
7146
27687
20945
27681
4088
3596
20791
8437
12717
23708
28085
18728
32074
30056
22447
30817
2408
24560
22196
32195
14129
19720
6995
15984
13007
25984
25392
6475
22565
27651
9047
14339
20413
13888
11471
29005
30722
16712
32627
8304
28336
25911
16125
5639
20104
27671
32356
1538
30024
4097
21864
5871
26074
9349
29802
30328
6860
28493
10882
5932
23808
29692
4556
31618
29349
14172
22018
12826
14949
15801
18768
26439
1760
18568
15203
12235
20058
5965
18116
28897
688
12219
2148
2433
9617
28956
30072
8415
27882
30451
17286
15925
2978
3808
5824
3522
29320
17861
27282
30482
7562
20519
26743
26753
16679
20951
8464
31739
27687
18641
23415
22789
29065
8036
28369
30721
11965
10643
23074
10925
531
4540
3686
3566
1396
30839
7901
18636
24912
19393
19366
15549
19415
6490
6799
2854
2156
24683
29228
5151
31574
9836
27430
21111
9657
21317
19414
14583
7621
6323
25106
29931
22318
26862
12103
14815
20444
16521
6856
31399
29923
18329
7782
13218
21429
3609
8513
10815
27543
26509
29918
17855
13137
10726
10361
25917
10026
21414
9884
22252
29459
23876
20720
21665
3363
14802
3668
10641
21571
19165
32556
25947
1835
19349
19451
16457
10125
30509
16949
5330
7567
28293
13134
4708
12159
8455
18967
3425
8642
15567
19018
4200
4878
27150
28259
4821
26842
21936
22450
30859
24594
20284
17583
16113
5646
32252
397
31546
7621
29023
18194
3562
30014
4251
31653
12181
28488
11670
2729
15082
25963
16135
17929
22513
17950
1496
1556
27793
21306
8656
31628
30293
9391
22894
26617
12656
17270
6424
12355
12542
28871
28021
32128
19596
28043
32023
24587
1755
22036
17757
10454
20961
26124
7831
27905
21521
14507
19308
26539
4828
22829
6009
11784
9848
14212
18747
27059
23264
21834
27439
3398
25116
16121
12343
14121
31682
9566
30528
13991
13757
11083
12834
26439
10829
15245
13255
22105
24399
31517
10640
26319
10943
11163
17396
26446
16507
4599
21099
20101
19785
13682
22154
4542
17180
2757
21103
18866
14995
24479
22111
6562
3523
6741
4526
3235
4150
8661
27359
23866
2099
477
25357
23336
19776
8042
18570
25479
12262
4466
31941
7958
3764
29141
20849
31442
15495
14994
16611
3782
7176
822
1468
26403
5237
12955
21961
25491
17317
30926
17447
8395
4422
9553
3755
8287
1898
11651
23168
8923
5186
30556
9234
26639
6440
15453
26155
18858
27363
6343
15452
25611
10023
6924
1183
16723
860
26499
17466
15039
30880
17503
21479
1077
28943
8674
5937
5660
23106
29390
17185
26993
16661
26909
30746
14871
23214
27377
13058
17263
7867
21454
22946
11049
22266
22023
26192
3674
18431
4214
30411
25806
22322
11376
16998
11935
21015
6136
15209
8198
15058
12339
24500
16242
15850
28701
31909
10711
13645
30585
27196
29001
23700
32270
381
18889
6793
1808
21014
30815
998
26845
23362
14441
31584
31978
19437
2866
4836
3068
3609
9670
4641
19099
8576
28933
17990
31171
2427
20471
32525
32734
21026
8287
23800
3567
28853
10643
21722
9488
827
28042
3226
4126
13160
4151
30004
9651
16580
18709
17920
26196
30218
4868
15671
19180
3534
3667
18867
22393
19043
18718
502
17926
17660
25050
3182
24025
14353
14382
23800
19181
18693
8196
27554
2467
5381
19169
18613
15028
1331
23409
12787
29546
11780
22375
3357
24080
15846
27524
27576
16039
16167
13812
31761
12250
12562
2785
2943
11316
15451
26435
32232
14225
1725
1525
24198
15570
27105
19214
28139
29653
4482
31086
20803
25509
17615
26263
18138
21741
24336
8383
990
18611
15245
15139
8037
18242
6315
13469
11953
7016
13913
11385
30387
19938
13226
22917
22223
29973
28611
30567
20703
11519
29176
7731
21114
19308
7474
14397
9078
9325
12948
2604
7595
29446
26462
336
4602
14887
4625
15414
32399
12765
13012
377
31330
5322
23318
6362
31236
25043
14453
14995
20888
26136
18142
2281
6175
9001
28150
18433
20474
25975
3513
18420
30889
7944
15969
13605
28121
23151
18314
17107
14238
23036
4755
25578
12285
14128
7239
1567
8621
5747
10685
827
17438
17161
17532
15543
14523
18243
16867
5514
28013
21746
22985
15935
2144
4641
4192
1866
16649
7684
30559
11676
19048
25131
2656
21877
12938
1019
10886
10106
23379
2655
32100
17415
28794
3003
13082
198
32469
30754
30657
9345
4311
21448
5130
5428
29783
30138
289
11367
3474
7884
29656
9658
23412
31955
8961
23490
4371
28181
19739
18195
26749
6398
16690
29598
4787
11285
28416
24638
26869
23086
16984
31885
17216
26336
19909
14588
6166
22329
2158
23843
18813
6833
9020
6229
17226
16477
14655
120
20127
3173
24398
29459
16051
440
22254
3241
23249
13310
26742
10822
10660
30159
10352
10583
433
14114
11329
22974
805
10248
29197
22054
24273
29594
32725
13972
3699
10031
32226
20799
25143
6611
20583
32162
1917
26613
29794
3535
27869
22368
9155
29190
10088
14189
1232
14982
15665
4470
26824
27555
30989
15757
24006
22553
11158
12142
6121
30112
32118
4019
30130
24513
14050
30023
9133
31975
8292
21277
9044
31161
24798
28194
14640
3751
31948
28528
1601
17347
23241
26308
20640
9939
29013
20786
16227
10148
469
30743
3521
3745
1243
15440
31095
16803
11176
8617
28777
19211
6895
11928
16781
22287
17116
29740
21765
6993
30805
21056
12171
23734
13184
19444
17682
1909
6021
94
24234
3438
10133
7036
6053
32446
19755
21357
13816
4240
5009
17889
25060
1589
15527
18895
213
12408
4832
2406
14218
30507
7309
30789
22390
8454
5214
31214
15206
19890
19237
19576
22373
22048
22238
2949
32732
1823
13037
24436
11262
27182
13734
11480
14179
4238
32530
22568
26355
5276
17648
29112
13574
17758
8187
24039
10442
12380
15979
19866
15588
32177
8126
6890
6490
21089
15800
24090
9392
11501
18089
20172
12369
28709
19694
17780
17457
4158
4026
28940
19889
5668
16663
5386
13763
27921
27943
25487
8782
11871
26288
18401
26324
24475
23767
13595
26706
22234
32300
19747
30823
14672
19687
29661
27577
18462
2161
8862
28565
28524
20519
4068
25301
19384
25434
32580
13831
6509
8858
19875
5835
17080
13876
3497
27261
32663
32249
18547
23572
15411
11841
13960
330
14703
15920
1295
23294
7105
2872
31551
13526
23617
21983
5142
10280
20479
31683
24654
17947
14746
4827
17549
11529
6414
18943
26588
3368
11726
12971
26202
24682
24339
22528
7217
22945
32371
18187
7370
20199
6325
27722
10813
9021
18660
27244
16652
29554
16802
20057
3088
2631
191
17522
21683
24528
24842
13082
17248
10269
32359
24181
1080
13594
8226
31087
9223
12212
7555
18433
14710
27709
28835
14000
11906
24082
27517
2902
15916
28283
17224
4900
31346
15058
26117
29160
28287
32232
20052
30348
12575
10404
18827
6367
31605
28141
25609
1177
6128
17866
28616
21913
15739
11208
22834
26992
10996
7325
15926
27171
5856
5898
31642
30253
18269
9222
9363
2500
26199
10776
6291
3421
26111
4101
11106
11634
2425
29355
4976
24451
26069
29229
4714
14427
28481
23120
3083
30612
26237
10789
32565
27741
14991
16105
5440
6011
12983
9769
15250
11918
29861
23337
31599
25750
15082
29575
1043
7093
20397
32540
6910
25655
8095
7971
26256
27855
31025
6301
18133
18467
19460
26100
12450
11147
31904
3038
16097
2838
8298
13700
28201
14031
13776
23524
13970
23870
11463
31859
30663
5937
21367
8967
27484
24764
31540
19189
4450
9086
27057
23414
19257
13862
27248
17232
6310
30006
5245
30642
11045
22791
6236
23135
17281
11533
10816
19214
3489
19549
23678
26641
28325
1900
32320
16950
31026
5914
21118
2027
31753
16623
13098
27557
24287
4260
29867
18818
16745
19173
7565
20525
4278
32085
18039
12546
1729
20435
13917
7026
18503
31484
3830
1961
5334
2032
7537
5231
15655
15705
9060
31820
21421
23978
11269
26096
19310
6821
16796
5073
30994
25120
5944
14102
10809
26632
31393
27060
18194
4518
8847
5079
12842
9761
11545
16515
23169
26693
25200
9595
13283
32130
4045
25186
2421
17976
3752
15136
24207
2866
19499
20871
20937
9328
25830
8759
13913
32041
10436
18622
22428
6416
6974
20228
6898
32471
17358
3047
29647
11249
25255
21794
24079
30109
23971
2163
21130
31520
31101
12285
27113
3409
13120
17899
8632
12123
19967
23382
30652
5311
26823
9832
20358
16536
12498
15298
22088
10787
1021
30492
22760
2686
6012
22315
16467
14256
30413
20680
10260
12522
28394
23886
17189
16397
14787
18500
772
21611
32235
60
13578
31442
30354
28410
2553
5831
22451
7385
15316
16655
17038
9067
17907
28532
24153
13152
25430
18885
26931
12713
18234
20511
21849
12253
17386
13931
18076
17371
21464
6440
1043
689
14572
28523
12813
8892
9756
24099
26697
2321
10045
20642
30826
17948
15128
31321
30885
17799
21441
9699
26301
13661
12580
30022
30513
26736
18913
30581
25780
14328
13914
14105
21469
10364
21001
9872
7968
22006
1816
3382
7933
27442
30763
23012
17015
10359
31873
32439
3016
15721
8763
14867
17747
31278
11003
28903
730
7120
14001
32306
17137
14306
4274
7110
17586
2919
21259
18508
26035
12527
21524
20104
7221
515
4680
20958
24990
10179
4691
1045
8490
7886
25453
26716
32477
12898
15847
18314
2748
12997
28675
14762
13372
27363
3337
26807
4603
6456
4759
28836
20910
28656
30777
159
25690
24653
23865
8599
15048
13642
18617
17916
9779
16766
12286
1734
12611
9282
14095
12728
1343
27158
24447
3302
12158
3137
6535
29557
23326
5048
27480
12194
21241
25409
8878
13829
24533
27864
17577
9751
22235
22098
12249
13299
27723
20800
9367
24409
7789
10774
10140
7160
19659
21133
29388
20205
20381
27461
26707
17799
9093
4271
15347
2381
32124
28458
18076
13634
23308
25196
14398
12391
25281
9252
7131
29058
10458
19933
25056
12318
11331
12838
25781
9939
8136
20720
7059
19143
21379
27447
28566
7285
21142
31205
26387
30125
2336
3059
6955
30940
1641
20433
11168
1422
12128
19464
9448
22065
30024
2846
3200
11036
25774
16057
1923
9936
8350
7688
20347
16253
7702
863
26999
27080
13243
3361
21342
24779
20939
17891
7042
12125
30291
6094
5752
24212
12706
3909
10024
28041
20221
12488
19744
30299
30100
26137
27950
9335
21941
18077
2093
24598
13888
16132
21535
21255
30299
23597
27516
10926
22374
15683
1738
15181
9010
28973
29806
26754
621
17189
17090
30481
5985
15014
20583
11236
12511
21132
14045
23632
10613
11127
17232
21402
18151
15728
29109
12730
11741
19663
7702
10078
15834
9819
24618
13106
26989
26292
17705
17503
24235
20718
23518
26193
5084
30847
18174
22974
3189
16987
18872
16100
27207
349
653
13586
7925
12777
18530
4969
20907
6352
24020
7908
19725
18803
28363
24982
2414
22316
3154
1843
10051
13801
6822
25298
28119
3610
25996
497
8768
1998
20200
28858
19089
20760
19340
4997
12625
25528
8782
14749
15660
19959
8541
19783
28905
723
15829
17664
10140
30044
20880
14855
24861
862
27456
18459
12984
29504
25786
6790
12326
2348
13205
19034
24764
30577
10228
29179
5347
11813
3488
6621
12232
19982
25434
25231
14677
17091
7279
4089
19551
18446
8332
23010
13601
24213
32212
9653
21481
29625
304
3460
6161
16575
10470
22605
10033
9517
9582
18300
1171
119
23681
23986
19687
20187
8818
709
23096
3466
7617
10504
25631
10760
2286
22476
28727
213
18059
16166
9936
12109
31637
14579
24552
15565
9220
23322
31831
24343
21921
32529
24393
24056
9496
25251
7153
23080
24910
17904
11132
31601
6388
10933
16196
18963
7773
6349
839
14184
32140
3064
25815
6596
6290
28380
12691
8095
24087
18249
8853
32246
20022
30657
10221
24046
16782
14904
2126
19899
9877
14360
10504
14528
10544
25480
4662
10999
30849
30190
825
25492
7936
14258
11109
31461
8398
30022
23289
8061
21574
17763
16469
11921
10452
1173
1383
11170
20490
10745
24935
23388
31984
22853
29380
1471
11676
22026
30046
9084
13059
15414
10485
31394
27407
8669
31713
28281
24818
1593
19972
1710
18361
12783
24574
29105
804
27795
17055
1628
12981
11119
23202
2261
29447
7552
19608
14005
18785
14530
25890
24170
28043
11438
20835
1498
26080
24064
15285
25672
10661
20413
8347
13180
15769
7541
28664
7198
32461
27333
20094
16740
4022
27681
2920
12269
7041
27856
7788
13292
25510
30264
16875
23176
19392
31836
32108
8835
22428
13219
13384
8218
20368
29659
3238
6189
32526
19581
17066
22176
16760
11827
15338
17409
20790
19863
28450
32363
3335
9022
29736
31146
10132
11509
20514
27295
30027
21578
20982
486
19562
7759
4866
14775
11098
2202
28686
15114
6463
14224
3710
7679
29901
23012
16844
2428
9565
25946
25910
30232
25152
4305
32180
6200
1107
12160
14381
13687
5587
20864
6122
26956
5235
19850
26955
7399
6572
6147
19641
13915
23893
2869
28123
17154
18035
1248
15117
8477
32338
31985
12558
27836
14805
31121
3832
13278
11530
1121
1654
13784
23809
1284
15409
12795
17375
9439
11403
2417
31534
8220
18576
14440
24695
10229
24361
27251
26643
14895
9875
11820
4670
4580
31248
3103
13933
5510
8157
1251
6370
26145
11107
14986
32381
29664
20401
18748
13013
15315
13866
4894
13447
4847
11643
888
31694
8791
17617
3352
3924
30938
10056
26609
23368
21948
19366
21000
32433
4281
19529
22417
770
17223
31582
26196
12782
5916
1876
12374
32125
24048
17296
8630
11872
22148
26979
28117
19586
17123
25913
30649
30175
13287
1043
6580
6041
11776
5431
4160
15688
2865
21541
3118
27282
15963
11982
12288
13053
23486
15361
31891
1024
2749
30246
28929
21856
17633
3630
25029
13242
1569
27338
19232
22875
21089
10203
8892
18776
13368
10794
27792
8412
6390
7002
5891
4796
11750
25115
25172
16721
8912
27296
22329
27270
30146
21330
4294
6704
11280
20934
23953
22174
7322
25580
31764
31601
12109
8586
30290
13998
13805
16873
24766
23570
16913
10703
88
678
7279
5548
7193
8339
16729
13336
32145
6454
1672
17533
25807
29047
19993
3601
29569
7767
27349
17160
21340
8649
6581
9223
7102
27075
13477
30683
14994
9620
649
11115
25717
1400
18558
11755
20502
6250
98
23891
16611
15417
22678
5904
9442
21470
24834
16633
18908
14349
2394
24196
28097
5642
21664
1594
11848
12478
26091
19304
7126
14346
19046
28696
29601
10843
9371
29503
17685
29823
7410
20280
1655
17335
15220
31857
23752
15885
3797
3173
6892
5351
17586
28874
15371
9693
5911
17163
23864
7624
13124
8184
31312
21019
32177
27581
29221
17527
22351
4624
5596
1145
18449
5807
18324
25559
12971
2570
27721
12459
30106
13884
13559
27150
7524
6208
770
8937
3105
31074
27605
1800
14906
15603
8137
13936
29809
13889
14409
27379
15137
6855
12597
7169
9927
25760
4483
5313
30146
14658
1836
12384
10071
10344
31302
12458
18424
22352
23405
25303
21190
27687
12648
1703
19540
19906
10762
11185
31406
2958
12885
30967
24218
458
23014
4799
21021
3571
1421
4766
28737
26496
13627
17878
10774
28880
24865
9698
11511
5217
12822
16206
32270
578
6457
31436
28443
25035
2776
31877
20592
19339
24721
3501
1088
8066
9911
17498
22298
2960
22776
23958
16817
22062
21052
32178
30686
16732
29647
19166
26856
6618
18371
5623
5378
18075
8848
1440
23573
27767
2046
30612
10688
31264
22341
3131
8862
12375
626
4219
14023
31328
21772
14800
15769
10931
3576
26783
32440
28660
20634
25799
19539
5669
12605
18554
4777
26651
24757
3403
204
17710
15170
28551
11941
16181
16056
7113
25657
21682
11229
23241
26154
6985
22291
12149
27521
28279
27703
6979
8362
30336
10696
31941
23488
7081
22348
15486
26124
14760
31471
15348
32456
10073
4718
15110
31528
26290
21299
10112
10139
4345
13762
2797
20046
21300
20563
2732
1777
3810
17600
11846
13247
29416
17826
24575
20408
8398
30391
23467
29233
12843
11400
32707
11151
12894
20296
13496
8016
24703
25854
24199
32587
19862
1767
3214
19512
11018
17941
23454
32626
23900
17245
15953
508
10004
32368
8094
5314
32764
8264
5034
3618
27789
17606
2785
4267
27047
1945
15174
7973
16517
22625
13319
12753
22255
23060
20309
12530
20401
20897
30322
30859
3917
26580
27660
18795
30957
17018
4297
19303
30619
14533
22051
1255
10164
9970
21366
27556
13466
9512
12631
29359
16042
9636
24360
14774
23918
15891
18153
16771
4627
8255
29521
18885
15901
1518
23582
15379
29273
5127
19625
18478
10771
30967
6333
5510
18058
19027
5033
11776
24225
26047
32148
1527
14039
22798
23313
17793
30073
5547
27380
14067
26391
29495
11875
32423
26420
17779
14128
32764
16705
2401
12390
5023
7629
28070
21793
29449
20470
14899
18851
32073
5923
23332
2725
14596
10485
4840
26347
14266
6010
6051
14107
15946
26532
8144
18383
22201
27642
8747
10729
12079
14222
19662
23847
27202
15663
30618
2295
17527
28383
5592
14220
13062
29064
27424
18225
24542
14570
1914
1501
9961
8152
20164
11016
30865
20644
3924
9150
17795
4568
27614
25842
22451
19238
7319
14356
15520
22178
19354
13798
9433
29231
4235
25483
23744
25911
20347
9696
17038
11936
32524
32528
23959
20219
6614
19043
31440
766
16137
27223
29326
564
18003
7410
31632
5619
19204
27222
12096
7311
29296
24982
9014
19661
29076
6088
15358
19866
5629
7516
7451
30205
21990
23980
23115
18763
11169
7379
19981
922
16440
1987
14689
19063
10579
2706
4303
21980
15964
24853
6826
9564
18658
5552
17046
5537
5179
25196
17992
27160
8302
10314
8077
7915
31824
28888
20366
5936
2796
11777
28498
31584
14376
11305
10628
23562
24742
27258
375
27848
28905
19832
2919
27507
32697
24540
31234
1939
26568
5535
9510
24089
9365
17749
28141
23889
30353
19388
9191
9490
4737
3477
20390
14136
24611
19378
1664
3155
3092
32081
11152
24737
28913
9384
16894
19770
7100
20929
13440
395
28546
18312
13857
12549
11323
30499
8258
2326
23794
17793
29150
17241
28966
20278
21522
10250
1391
7814
18396
5308
8037
1983
24867
23374
24765
8141
13047
3355
30133
264
20763
1649
17075
21072
2752
20037
5416
17500
17044
7716
23483
31055
2043
9837
10660
2700
21916
25278
2389
8396
6432
4780
25184
21102
26678
10935
30357
15374
1755
20860
14954
1880
8920
15661
3233
21534
26764
1343
4388
14249
21739
15458
13108
17997
26823
26294
4802
23360
8527
8252
24861
4781
22997
1931
28878
10755
31444
16580
31936
14995
6705
9415
27301
602
28865
28839
3220
12059
18700
2396
9719
24498
19280
10168
14244
20388
19145
157
22346
24826
30768
15724
5647
30800
7554
22720
14967
24361
18178
13149
20872
8325
32129
30051
23340
5046
30173
4040
5590
2415
22984
29188
11624
20254
3530
18446
20821
31867
6281
21640
30210
16225
3913
15158
17779
6622
11183
20405
803
18054
28362
15466
26419
14092
30036
5560
13511
24851
24884
11638
4014
19777
31816
15008
21825
7317
30818
10572
31885
30715
28816
9952
16820
7710
4001
16003
8336
894
32740
6609
25242
14530
2099
14803
17418
2895
31280
15406
29760
5145
21967
154
30051
10425
17941
17046
8008
25281
23327
31579
18837
12620
9573
8206
24870
10457
5696
4153
27823
1369
18858
18556
17571
4742
7493
11648
597
28279
14496
813
27230
23153
27317
25629
22078
3585
182
19792
24902
16455
31241
4641
23733
23445
15761
19576
20257
3897
13359
7490
792
13206
27784
20766
26888
13434
11273
15705
20572
30123
4393
26909
15336
26051
10990
22245
21895
13118
10675
564
17666
22482
3368
25991
28212
28159
29594
7304
23148
1254
28277
30340
20755
26206
7
3359
25487
837
9862
13127
28774
31252
6229
20582
24999
27574
5507
31708
10886
4763
29333
27820
18502
20488
16517
4469
19036
9137
13834
25765
9681
16777
15898
20713
22504
14809
20397
14824
7169
26511
29381
32048
14525
6361
5803
32624
10339
9715
7547
6633
8322
27198
16610
31775
15576
21393
13351
21972
20851
31699
10088
23862
10262
202
4135
1368
11486
3630
23301
30943
20005
19970
27340
11518
5031
13092
2227
8356
12515
21026
10718
7155
5829
15439
11813
1013
18561
4374
31766
5770
30658
14735
7741
8869
11268
592
17827
4280
31038
1926
21908
20333
2501
10052
23717
30871
32621
28186
7926
17000
28657
12778
5557
4324
149
20215
2019
15253
25865
15167
8283
23425
17809
25611
9488
13657
20579
2500
13206
5107
31312
3592
9956
9978
12967
26621
2648
14821
3671
13029
15867
22309
11859
2803
12295
11171
25915
11357
20390
15977
24632
2227
7421
20639
22312
18031
31337
31162
2043
24269
8968
21488
348
19933
27260
19695
148
2262
10731
28366
26284
11949
32330
13636
2258
9958
15324
17176
24575
8875
15093
3032
23510
13339
25092
17870
23758
28644
4304
14384
6547
19732
20738
14743
29610
14124
28644
29362
32596
1654
25960
14652
17078
21145
11372
5931
28726
21355
28732
21035
8232
17414
13145
1866
19882
31774
21369
12021
6860
13202
3790
7459
8181
9280
28299
20944
19074
32286
15013
11693
3759
24967
23254
24342
28859
21458
18664
6980
10567
25129
30768
30660
26880
26264
22105
30759
32637
9061
18787
9212
26986
10400
20202
14587
2535
14330
8364
19843
4907
6875
582
30535
25197
7854
7230
19012
21252
11136
2118
17398
19661
10441
29375
30411
4557
9353
30077
2520
3863
28823
4042
24778
13552
10806
24493
32
6706
24554
108
408
28398
18826
12879
11495
597
18069
12199
2221
24537
5833
21263
30632
18319
242
29426
13864
1496
23553
5709
19395
28224
11869
26294
17737
32166
22398
926
19195
26526
30647
6867
26359
4883
2643
27208
4087
18993
26084
3865
19515
8577
5848
17866
196
23126
18509
32720
16579
17513
12071
29266
12625
25280
11103
560
21856
22484
5021
12613
22002
23794
24330
28905
6793
18658
8543
32186
17886
27079
3395
10397
27349
13894
28883
12543
3505
6634
24706
5217
17796
24775
1059
30483
4586
1630
14916
2623
14583
27585
1470
4906
16750
14584
31114
30647
23860
28066
5846
29741
22532
25823
20824
24121
24163
20590
11747
6455
12503
28435
12088
8109
5972
572
1310
17944
10487
18147
12725
6892
15351
30134
6407
2006
4568
3702
12000
6212
5089
29341
14048
2343
13265
4931
19150
1527
17614
13890
6959
14072
24734
5785
7703
1213
11545
25614
8256
13546
5598
26136
27737
17470
20038
17915
31904
8656
12182
17461
27315
12184
18297
23833
4515
11314
10925
8378
5707
27103
24572
16906
18912
30413
30574
8515
6857
6808
8637
21894
1968
19728
23561
31170
18649
2621
973
16600
9138
10144
26386
5373
7340
3772
9442
18015
31562
213
29184
3339
21623
18424
5590
25102
3869
31035
13231
29658
5875
11334
13350
14828
12695
19474
25310
27564
10716
25841
5236
24213
17765
5071
26802
3989
14451
31415
32006
23479
3067
24217
9010
11263
10748
21066
28740
6293
1039
4812
14281
18215
2112
30928
18238
2184
22556
9081
30151
31133
30219
16483
23588
11129
23776
5348
18656
5831
13743
11409
17611
24168
8158
20740
15275
9566
16255
11997
7471
31721
1501
19463
2596
10223
26709
13117
25067
19617
31080
30924
17451
13660
6158
31898
23235
18381
10572
3431
3
24921
4104
20819
5403
9148
22301
6048
7379
29936
16811
30650
28285
13904
13744
24948
5416
30461
13533
661
12055
9601
22434
9619
24946
1202
32396
28062
13370
26585
11728
5088
27266
31252
18216
2564
10973
5369
5597
9717
3091
27260
24869
15080
23064
1555
30896
17308
10046
26904
28542
480
32169
18030
30963
14167
17667
8551
7213
23416
12402
21477
12693
29400
18631
16320
24244
27564
26361
12136
1097
9097
13009
10700
21144
31343
31206
15738
30724
5894
29388
1799
7648
16423
16521
30385
10115
28574
19016
6467
26522
559
15186
26681
16323
10455
16185
25893
24151
32595
20054
1105
3718
27623
7798
10918
20138
11352
3025
17100
8405
13370
3644
11667
18860
16498
3743
4498
29049
17395
12456
19982
23419
4555
25793
5405
10113
26723
22080
28938
20919
16898
2526
14588
25791
3732
16491
14547
4611
15018
29120
4179
9290
10177
29684
3460
138
31175
8915
1624
10493
24027
7051
30095
30327
11861
24745
24280
31735
6150
31300
15929
18556
9409
26232
1712
31514
20249
28183
29723
23884
877
12698
13397
30604
12834
606
11170
21537
22320
23565
22605
25657
6880
4697
6543
15159
28628
1777
23987
5198
21063
31661
31608
22095
3222
21772
15031
2495
9471
24801
20549
29997
22697
30025
20763
21442
18405
31712
24756
23066
14260
15669
7863
32082
3209
123
6102
12387
25168
21377
15862
2990
26030
3812
11152
4824
21131
27267
13911
3287
15310
13875
5403
8781
103
2740
7405
13845
4499
1764
22916
11292
28251
27955
1247
4723
30814
13655
8748
24738
1489
26177
16361
16702
21700
19535
9545
6590
17319
24515
28377
17546
29452
28532
24163
12629
13487
25539
25106
24493
27571
11729
5848
26576
16942
14063
18957
1474
22504
25686
15961
23196
20064
793
14291
22567
22032
12375
4970
2729
8434
4533
28037
13567
24131
29195
7142
29420
9095
5726
32468
21937
26317
24335
28025
11998
28212
2385
16777
32103
22702
9440
17956
12538
9220
4593
3582
14224
21531
7012
29885
2371
8053
321
20386
9823
17658
1890
4460
15291
28409
23661
25977
24906
18282
27910
1583
9965
8566
30530
21146
25483
23609
29278
26454
31332
25286
7857
16048
2722
28011
20959
7176
15665
26679
21328
18042
9425
8890
23776
22205
25706
11532
5080
7242
3999
1553
3614
24001
31141
32506
14248
30857
26198
30735
11318
9143
20865
23212
22849
23090
16517
29834
31790
12308
21022
6208
20680
5971
126
9994
1005
22432
18848
26568
16007
15759
12761
20298
23743
17657
21680
7626
9581
17055
30703
30138
5586
20751
21754
20417
5513
1228
3168
28672
9915
11177
30640
16537
26259
7030
19854
13682
29169
21470
19461
7478
611
30608
23839
925
22353
24733
27059
2286
16247
21537
20095
21186
22168
6438
10102
31242
19313
30405
25947
6739
16877
23950
24975
26185
9623
16427
25640
25978
84
24383
20546
16221
10578
3220
27290
14227
24636
10614
28249
16236
10416
25690
25645
16557
31218
31172
28574
1425
5858
31847
1696
25101
8747
26765
18276
600
17086
1721
24692
683
27775
24971
16127
13382
8509
21221
30577
13235
15848
27724
7239
13390
10238
16017
30498
9477
28487
17584
22554
4701
14274
30200
28500
27061
32735
17260
25815
463
5870
1130
8859
3212
22488
5770
1251
22007
31757
13513
25805
29829
6845
18919
12584
20124
10315
16909
2437
6481
2559
8115
3985
13430
4603
22465
25250
2004
30576
14580
31119
17845
7953
25220
20165
13990
18376
3588
4759
29306
28584
12425
22486
10898
1316
14094
28322
26972
14462
25111
24959
27418
386
1173
18604
29669
11635
10762
26544
18161
2374
26605
18741
8978
31758
24144
19737
26751
9656
11200
23747
19415
22008
22637
14771
14945
28547
31883
6749
21400
2943
9719
2360
7143
28983
16670
14866
19633
13844
2331
18854
26004
6601
17183
7024
25327
29389
18710
18880
15777
16142
10119
23566
6164
11492
21180
14221
15483
12355
14116
32258
20567
30774
10485
20183
24896
22664
30485
7787
12002
31684
9531
6061
22086
29025
4434
15337
16979
27702
2078
13538
1428
17716
3361
3360
315
5715
22976
17035
32102
461
22434
26425
5794
31115
6745
17541
9389
6876
7236
13409
32385
29293
17075
9453
16269
15478
27981
31304
29254
30001
5295
17061
17374
19856
15446
28834
9555
22575
15295
4054
32172
648
8908
10153
20864
11878
15722
16489
951
32668
31345
16026
5012
12790
14796
2189
31732
2928
17881
10804
6096
16038
31762
27444
12297
20876
26862
2876
5733
23647
23298
6293
29140
13531
12652
5371
8185
22959
26993
23724
20453
12846
12133
958
14886
30279
30411
7605
6656
21175
23998
9045
19450
7549
24464
27317
13725
11918
6832
26005
23160
12491
11729
6641
16999
32560
28744
2263
5397
25166
2486
30581
3776
16891
11496
20086
12860
8008
31227
911
23611
27315
19396
16724
7115
2718
29807
16721
29728
9728
11621
3158
27540
1883
15988
5394
3052
11246
8234
24803
14301
21291
7553
13037
31183
8811
14530
28010
12256
12513
22435
7488
14636
4044
31410
25561
2124
8945
1015
13103
16156
23881
20693
4134
14273
13815
11058
20255
7915
27004
21976
32458
856
23342
14362
30011
32410
10983
27834
13121
23321
21242
14346
4595
23387
25195
10578
28299
1667
10079
27506
18552
7704
24017
2248
1454
8456
13959
9812
20801
32749
19012
31258
18482
26254
19776
200
26761
16041
5845
13977
30371
20464
20859
22393
19662
8529
26358
27242
18707
32634
31950
7206
19795
19613
5376
11526
1430
32112
9971
30242
26783
26489
17581
18874
9924
17544
8263
13013
31484
3973
1438
22567
4666
7787
7244
1592
31993
7573
1495
9411
24344
20537
11303
7004
20969
14898
21566
26966
11397
5890
18723
29924
9826
16919
13087
21886
2087
29773
28460
7559
24254
31413
31403
26412
25771
19093
18261
10383
5533
5807
2932
4901
8259
18886
25171
604
10849
2655
20723
15746
6947
11205
767
4322
24497
12367
21506
560
24067
16613
30936
9255
2551
15809
23907
19824
20641
19571
2687
14022
19938
1832
10295
17496
60
12587
28729
32366
28388
5292
9351
32080
30233
28097
24176
19556
11701
1706
18879
2198
7682
26969
8242
15868
14030
18994
31021
18618
15554
4111
16816
15652
8431
7559
28807
6947
30378
16240
19136
20698
31642
25762
19554
20617
26127
766
2396
15793
28053
19887
6844
30073
16842
8368
27681
30288
25452
17806
32115
27348
5046
30064
27857
23538
19949
15444
23755
20047
32566
8603
2770
20199
28842
14792
10732
13045
6060
1413
21933
3858
16506
16871
12642
10656
18179
3570
1935
27753
20985
2400
32156
6532
17446
20638
12235
18297
22531
31256
18797
26788
6535
30902
27990
25055
12861
1958
654
29787
15257
861
14665
32463
2956
21464
23577
22997
12118
19496
16739
21392
2204
9005
28944
3731
16570
27042
21124
18430
1626
8537
30420
18666
18758
22984
21299
1800
26746
30149
32686
14468
1662
32398
19994
24368
30706
10252
19786
3806
106
27225
3205
29453
20861
21631
13110
22473
25
31875
16614
14796
25625
12450
2408
8681
5658
19930
16723
20395
32650
24492
11958
30521
12545
27937
20998
5756
29397
5899
7003
9604
17385
27533
32732
9768
15045
4829
888
22253
31980
14665
2776
3370
16489
23160
2449
31337
2988
20979
24733
24847
10132
21731
268
31808
30669
14621
9975
7933
11612
11611
16566
20111
1912
18124
22098
23593
5788
2000
1341
16841
13786
17404
25665
18015
11890
1381
25527
11569
14755
22299
32249
29822
21697
6387
19482
26465
7048
16522
21204
1785
7344
11142
7105
3783
23745
26399
28366
6231
31529
4319
16366
8739
11660
13477
9483
32180
1371
19440
26690
26890
13224
16986
2639
22334
16185
9059
18758
11366
24795
21872
32645
28857
31224
1556
28390
16116
22892
11149
19513
29180
17045
16274
7921
21956
27305
5964
18717
24433
24653
31906
19354
12476
4451
27833
6791
27288
25379
8123
5626
4885
4205
15832
31473
4741
16989
25995
24716
3037
5921
26399
5497
5214
2823
22897
29103
3700
30682
27639
28767
11230
7791
6657
9767
23311
28283
9023
26506
9172
167
28036
13213
14136
30439
13257
14082
13989
14087
9845
31514
30283
13191
24796
5495
16069
13992
22533
27536
20986
25543
9904
24249
14146
25322
23191
29778
4811
27289
9973
20030
3130
7151
8261
1943
2197
25840
25932
18847
15200
23837
22873
11514
21254
20550
21452
15131
17531
27552
26837
9213
31264
16663
12158
31763
27111
5349
10476
5761
22199
10596
11489
20364
16658
32032
32646
23375
19189
12081
29800
27824
4863
32200
17088
18579
19158
4871
28407
6478
3271
5142
28009
5724
13484
9843
25194
21589
16403
24457
9094
20765
31132
21125
24077
4188
29603
12389
1744
23599
5663
11857
30501
32286
17354
9775
23345
1101
23171
9586
21862
26358
4848
24114
31562
8726
871
11906
3962
5991
18959
12798
7407
19599
8770
4515
22401
22935
26934
1508
26025
7070
21981
16121
30603
32719
26633
10107
20276
31376
21204
13614
7712
32508
26175
15390
23551
2708
15385
30701
31416
6449
11299
16235
7087
5438
19313
5735
10820
6179
31507
4549
32668
3844
18933
16849
29603
6060
11780
5843
32593
10692
22674
29668
21549
24649
10748
25599
3344
30525
2186
9563
23596
20892
7830
32504
23116
7057
17393
5240
23389
23786
5762
11313
27694
4042
1584
7040
23924
3997
22531
19808
17
29777
25733
5947
30358
11716
5487
20480
16390
29560
26241
23925
24541
23694
28082
11215
18256
13298
11913
17280
25559
23763
15563
29008
30441
23382
29270
13487
6918
21899
15437
26697
6651
8352
17269
22748
30818
11860
29663
15942
23144
28335
10184
19171
9683
31216
31165
17685
1347
5832
515
24356
12471
28869
821
16713
8020
4881
18991
31237
1634
31580
17707
18615
18840
22807
5674
30318
16537
19683
9366
12540
30142
15433
29221
7244
16918
3499
14080
3573
27307
24698
2341
9998
8967
5546
4873
16453
6391
15459
7554
23595
28047
14074
28901
5074
16238
11295
20843
12698
10820
6232
6874
28232
24465
5038
16225
1112
15535
8101
11715
3477
530
4466
25272
24294
4047
27753
10640
22123
19291
16565
20505
20424
4757
25163
20931
12993
24583
3105
15874
20488
1129
17306
24052
82
6503
4165
23876
14768
4517
23496
31310
3869
2559
3607
387
20051
16405
14826
6159
12260
20999
28013
6586
19845
11133
31545
3596
21165
17387
20355
30901
7007
4627
9619
2348
13635
22731
12664
28053
30460
12544
4603
19688
8630
29947
7889
11344
16638
28899
26389
17361
15575
31875
29685
1582
21002
25166
9131
24586
25789
14240
12463
29261
24903
2631
14634
19401
8003
1858
23214
26142
31459
32456
13861
27098
6280
27021
28680
32229
1679
21312
210
9757
12653
20056
27059
30013
24062
21776
8584
5635
7706
15280
19979
28562
29546
6159
7495
26901
5241
16982
21328
4261
2062
21254
24624
10605
2746
16957
4644
25867
29357
3125
14345
19514
1485
32525
18449
6830
30218
5580
24250
4672
30699
1187
10753
2379
10093
23154
5330
14422
12046
23438
18116
2803
25893
31170
19459
30694
21364
3475
31117
9354
23808
13512
24994
22385
30241
31274
27765
32331
8917
10889
26920
19209
12121
31487
10999
11330
22267
25721
1716
9429
19754
22642
17523
18128
23759
13058
22918
21904
4576
3608
32428
21290
8497
23043
30341
32010
654
24376
6217
31706
28936
3407
29370
19110
17804
15182
6999
6461
24506
15658
32211
11738
4339
29323
16325
2563
15796
13008
3233
22194
10531
14931
24039
23475
7912
31982
5018
1613
28478
446
28916
17188
29002
11302
20824
12126
32683
5655
10632
25861
9042
24463
10520
26284
24724
5984
4131
28246
23165
8499
3388
9107
16488
15564
14247
31980
14796
4752
31178
20609
17497
26948
32734
22513
14404
26903
32490
11130
26335
4067
26610
30818
1900
15024
23403
30357
26163
26746
28915
24975
2514
6708
10047
30844
17109
29708
4181
18846
22918
1009
3579
19696
19974
20818
12911
4617
24221
6697
6488
1346
18511
24889
19709
4123
30128
12691
2997
6363
4089
15199
414
9591
9818
11737
19090
9653
24466
29338
20567
10385
27070
11801
22806
224
7278
10609
23055
7475
254
2405
25226
5886
13604
30369
13073
15610
23493
6978
21724
7367
4109
6553
17805
20438
3774
24620
2846
3974
2504
32510
17431
21645
23067
25105
2052
1434
953
5416
11302
31033
16399
29905
16489
20214
645
28835
22678
25541
11092
17093
30154
26017
23703
16560
9255
19060
9638
10549
8393
11831
30879
5057
7163
23642
7749
25824
27563
2150
7182
27648
16924
31201
16503
3704
15579
12146
18843
9160
24564
15685
23044
26402
20837
27313
12225
8746
26835
21272
20920
29947
26492
3599
10046
24426
27757
8895
11749
28558
30965
19083
16789
14720
6489
18164
10975
31839
1481
20153
26509
6295
20371
22082
24958
15203
28311
14142
1969
25489
17147
31628
32159
9094
24352
20311
21710
17537
11732
24198
1187
12068
18633
8531
5240
15664
4933
23609
11246
22672
27932
22292
32132
2969
4572
3972
16233
26256
30791
27282
9871
24172
17926
10646
6145
2270
11163
9816
1142
22927
15512
6773
8742
17577
6158
30212
30940
27288
30025
2426
29773
12562
26810
1739
28840
27988
30005
7634
30062
943
15709
14323
4740
8260
26972
5887
4999
27916
5335
23383
32095
26907
22816
13653
2583
17701
18350
17895
5867
26945
26827
29309
14499
2029
4749
12326
27168
25170
11271
2549
2357
8650
12480
26282
5560
27296
2149
20878
26328
3095
1722
19103
19120
29101
10198
25069
17437
14752
23696
8772
23245
5298
31541
3851
12697
21289
10364
14700
22293
17179
19643
12470
1125
17384
26970
20991
15954
13064
25224
15117
3229
5639
4398
25719
15250
9677
12577
9991
23521
7971
32668
12387
29866
31859
7661
10988
7127
31951
3182
7399
26798
7221
20919
17115
29862
24850
8722
26937
24186
8964
6960
2370
893
12004
26650
11558
25389
27652
24937
24425
24842
26293
32186
10635
22697
25613
9821
26088
14340
25319
17485
26845
5140
11818
6501
17708
27554
25679
14800
12194
3162
6173
14786
17911
20001
28343
25445
15605
6312
24281
2327
14812
26433
30047
18386
23302
16114
17159
19947
13255
19144
22391
31232
16279
4718
28034
26156
4211
32510
11431
13180
15488
8727
9178
10663
20210
29488
24968
32505
16428
30508
19669
23697
14632
1582
9256
29388
9754
9134
17641
12801
23632
7373
8329
31599
22365
24805
707
24179
20854
18533
3362
13823
15132
15836
3012
14919
22012
32083
1885
23229
30483
24032
14462
29760
13333
22904
16408
14224
16
18181
18748
21510
31564
31416
30756
14978
31351
16545
19063
3236
2302
25981
19657
3135
27326
16847
18785
7946
24796
31538
21568
15001
13809
28653
22623
19596
21867
200
2615
29447
29232
11550
25478
6498
132
13620
3153
19745
1836
14025
21797
24358
3027
30702
9891
9509
7854
21528
2620
28505
18780
32628
12344
1653
25872
5242
5885
17886
7153
8133
14222
9751
6593
7714
23378
19324
12221
8423
32535
27956
28613
3206
26454
10337
701
9569
18872
5017
15923
24288
12250
9882
15682
8385
30541
19001
182
30384
4834
9372
23152
24088
28964
30121
10253
9784
11301
6078
8386
5753
26238
30883
14986
20223
31121
7869
27268
6014
22801
3716
17558
4175
20421
9271
15959
31171
31112
13774
6444
1463
7829
4400
14257
26472
21505
10918
25178
5513
1417
3983
16218
29331
19598
29014
451
20317
14430
23714
5103
31724
27573
28876
16672
23180
13188
11158
8803
10527
31472
7450
21178
29878
16542
6144
11897
27486
28974
12788
8689
61
19205
10327
19276
5597
12112
32053
29624
8903
1093
24696
9160
1108
3244
14683
22294
29632
22687
25633
4910
20864
13198
30726
26023
15061
13190
10614
3475
7586
19890
7293
21530
15995
5154
15231
22625
25854
203
26153
21169
8806
29135
3239
4821
26205
15103
2839
15811
22034
28830
22846
3711
6540
20328
25210
7741
4926
26067
6648
30662
13787
25237
7975
31260
27755
11366
1645
20065
18591
9991
6680
29941
27489
18819
10135
11743
23472
27061
11498
16494
16299
24842
31319
26143
11243
28297
7263
23746
32022
31248
8688
25561
28593
7392
4828
10561
27190
4955
10890
26900
11623
31757
10988
17613
24289
2026
23472
5549
8692
32726
2491
15966
12978
17259
6867
16343
14150
9462
2459
5503
15240
18114
24005
7317
2766
23962
29827
2767
23556
31881
11582
14401
1023
19940
20107
16513
8718
23946
14171
16137
31442
22635
12401
10972
30032
25927
29210
5485
28229
31416
12824
20668
21945
22131
19935
16578
19159
31179
25860
23567
10748
20343
30706
8114
16654
24212
24287
31321
7695
12014
11518
29369
11250
17019
21494
3376
4525
18472
7060
13481
1935
27608
16828
10945
5844
26538
22182
17192
30583
14971
10567
28233
71
10157
22540
22317
23869
25638
22990
6300
13
5275
4867
19846
32507
270
19249
162
22000
8597
5801
16213
15821
26718
2161
21461
3583
27888
16514
27278
23636
23731
10803
9925
20236
21683
32502
27259
21812
2209
24898
21908
14639
23323
9168
16440
16790
19244
4362
13434
21570
23319
18113
11063
20390
21584
31262
4161
3682
3276
14299
20925
18710
4474
29874
32458
19060
23058
534
14692
10650
27149
15138
32647
32414
756
32207
3991
17770
19422
17513
27647
25290
4661
29508
16921
32707
1976
11947
14414
12071
8646
19737
26494
4454
32217
14764
929
27303
28497
23254
30639
24343
6771
20822
30910
18817
16561
9062
21610
24608
8747
10294
32378
7089
6263
18330
8641
5323
20125
25087
14401
19315
14950
29860
28311
3308
15063
19975
22163
27596
32760
26269
11558
32341
8154
12741
14209
22273
31959
31487
31611
27487
24860
9049
22323
23838
29541
21291
15351
22887
26888
29700
4197
625
6453
1764
32208
5967
21884
10924
11494
19980
11151
26322
13711
5113
29770
3673
17944
10310
21488
20225
17808
17616
4024
16571
30066
18746
23688
2399
22149
7231
2816
26785
21761
14150
13498
16450
32755
4151
20176
27779
20450
21902
17823
223
16563
12462
1483
15609
17098
631
5764
19924
18290
19994
10503
12098
27775
17964
16743
16799
2866
12282
23693
26558
11868
4381
14205
16676
13254
23374
7132
21620
7377
2683
21935
15915
21082
26906
13926
14221
24544
28349
18713
2528
27113
27878
7185
16855
25505
32285
17290
14161
18373
27457
31159
15684
22719
31516
7
3571
11283
24633
9639
18280
1273
14586
5960
3102
16971
21989
23586
7166
25506
14911
9273
31116
27069
2780
19423
28515
5666
24373
14458
2527
19975
10427
29319
22809
9330
9323
8415
3864
20384
2723
18745
20037
3492
28980
31217
15392
15440
5048
16648
11314
10328
30246
5227
30530
22453
5539
3960
21196
21320
7067
10686
15535
13248
18193
19204
20262
30141
51
24717
4345
22837
18994
22427
5621
20504
1872
8498
921
16431
17211
8990
19986
7242
30617
14904
16746
6298
32484
12772
11004
32348
10616
21726
14123
25271
10474
31543
22355
17640
17820
14746
17408
22428
4750
5588
28510
31133
4983
25747
31729
8625
2325
13422
2950
16832
22465
27174
31338
25908
15430
29228
23257
3749
17139
11107
17593
6326
13551
28454
19849
7738
28621
23181
15508
11676
23392
15596
20330
19325
29137
20381
8848
2206
3566
6912
4727
12033
29637
11455
10411
19019
18290
855
26957
3949
26165
21204
5315
26499
21960
1755
12718
8700
15855
9710
29468
4604
8272
31212
20224
6910
17029
8663
22751
28862
32368
28890
13515
3670
27854
16011
13973
10407
7695
3181
319
8186
21862
9401
15024
13543
31260
5726
10155
1143
13097
12870
17410
3973
24837
28123
11015
20842
27068
20170
25668
10713
2881
17414
26732
7687
10244
4113
29329
13583
16838
10359
29078
29590
5804
11931
11752
15018
5267
26037
30569
3568
5796
18972
28589
1279
8488
11713
17513
27655
3997
32252
28200
22454
26889
5772
18240
12380
20110
17881
3845
30797
14399
26235
11580
20871
29746
12800
18899
1684
7126
12522
3279
6834
29575
27640
6789
9522
26720
17063
8205
31774
8273
2807
1012
29214
20593
24178
3889
11164
19861
14443
8794
20263
2849
18820
19224
5397
31774
9331
19929
31341
2701
10245
30660
6916
6395
19042
19698
30437
16982
10644
26331
9974
19455
1347
5902
17625
32288
1474
8742
2577
22080
29776
9977
27238
18453
18583
1554
11658
153
12153
23906
19452
24416
28428
27698
4909
6696
19427
29532
21730
16050
21392
26043
9689
1744
12390
31968
28591
12992
27268
1542
23041
23992
14863
31560
20178
194
20158
15634
7724
6090
12444
32726
1290
7413
7689
16896
7030
20021
2818
24107
28143
28955
9635
3477
17933
2284
1002
28368
26216
13046
24254
25787
15797
7460
32304
25009
21810
19153
15104
29440
32325
7130
14691
8349
863
18935
16643
29974
24615
20555
22088
16839
17621
28985
30934
29521
26843
20090
11095
2632
28875
18284
10362
3116
27509
4525
26939
155
10831
16361
24678
20164
31003
10992
3926
3871
30915
28940
22531
9564
8584
32657
12348
13977
12379
23221
6704
20439
907
6050
1587
20655
10913
15562
447
28225
11657
31867
22457
25198
20210
32179
1526
6983
19958
10037
11262
32452
27390
8412
22288
5818
13280
32560
20326
14599
23371
19767
19129
15
8037
26766
10248
10093
946
25527
6294
8418
25144
25269
23090
30097
6113
9686
26298
18287
20512
14033
15586
1781
13271
27664
9778
12568
32633
13903
7758
10618
17516
27750
16250
1250
22961
2403
22621
22506
16326
4316
3845
24055
31691
3460
13612
3182
11749
24059
12730
26149
26336
17387
9099
8984
280
26960
8561
94
153
20503
15229
19547
16005
24555
8570
822
25526
1612
4795
3981
30373
7393
31511
872
138
2575
24881
23916
3525
20426
2557
11858
3453
31915
30079
12951
21639
13123
6358
13428
18313
15280
31098
18960
28767
21357
3522
17397
701
12143
1705
24512
5142
25709
26321
4893
2749
10623
2760
755
2123
10474
1675
31452
21312
21306
31816
30936
1005
26770
20584
8514
30865
11329
24269
12035
21698
30357
5464
13317
4110
6388
6063
15851
22499
18472
20541
13055
18604
251
4730
31595
16957
6916
12908
19117
23409
32192
13678
7493
14609
11237
48
16048
19448
6386
9727
27546
14965
32011
15686
25680
30961
6916
23893
884
21970
11452
10594
11508
31903
27052
3277
10556
13412
23487
3241
16555
23896
30308
21111
11076
29117
9186
21556
10407
3592
15597
15767
21567
17474
7798
32404
2492
16046
20935
8996
28100
30124
31438
22600
28389
31965
185
16971
21199
11144
9412
2120
9152
9276
31567
14573
4671
32695
31540
27774
7949
7943
5975
18461
8537
26863
5759
17992
32051
30348
7524
26787
7747
29496
7945
14072
2747
13231
10059
12156
8842
18545
13242
3156
24275
3943
3753
599
9629
2248
24705
23830
1484
29502
27483
7193
28496
29509
9421
30060
15260
18900
8707
24923
6745
24128
2578
4985
13916
8029
650
1255
9942
32742
19018
29650
203
4639
30361
31806
7366
1720
1650
11778
25802
4853
16414
17428
16011
524
3337
24839
26078
30159
18382
29906
19311
6794
12436
12243
19378
21039
31645
10004
21020
6832
11804
3532
15506
13229
15687
10281
4898
18255
9134
23372
26609
6772
24779
32406
29556
2060
5850
21026
16611
19394
15083
16018
32491
24544
2869
16911
18596
29292
16301
11915
31426
13719
10455
7497
26895
3929
12508
15264
2073
27733
29406
21756
24359
14850
23688
15909
22130
19468
3561
1476
13714
12536
27522
3619
26167
14856
5789
29748
20249
14942
16353
26581
23346
16739
2084
22866
298
21610
25472
8235
24339
27537
12969
32536
15958
13800
1661
10571
5101
26838
16861
11509
20691
7864
3516
26379
5817
2250
21365
25674
9467
30795
12642
21369
4562
732
7594
27886
9163
17962
11098
29523
24440
3788
9656
12714
7525
26223
30164
6799
15437
19760
1631
27837
17294
8777
6592
212
2523
32752
18021
9306
13361
3708
3415
9727
8460
4810
16146
30501
5082
15327
8851
1695
13488
29646
4786
14521
14396
14300
1458
8313
17403
15331
13079
24101
25259
23796
19383
18181
7428
10048
30740
14954
2723
29497
4329
18416
28487
24052
17923
2815
14399
8402
10066
24472
28195
3167
17472
21582
28355
10874
21825
32146
861
19383
9132
3636
10003
1025
9161
22823
4507
23172
29995
8325
23097
12490
15680
21970
18154
9507
4134
12165
7138
29771
23488
14276
32569
7751
2314
14448
17634
21136
18345
10337
14044
26483
14279
32243
11692
24760
26141
2753
3338
18818
20049
17584
30939
25974
22403
8240
22111
32031
32547
24510
28076
18833
9733
31917
16219
17229
13239
3367
25217
22629
1042
19311
32481
19937
21263
8808
14175
20576
6876
25435
6328
30723
6191
2293
24689
17286
26843
11151
12301
20144
30881
2739
131
18414
12360
20443
27119
26939
6895
28283
5000
30786
30115
17730
24530
4551
23853
25757
10517
17475
3629
7806
8717
15822
27501
17243
12003
4418
15983
12409
19036
22174
26184
4970
19281
10920
26801
1749
7775
20951
6492
27765
18399
623
19332
10340
16920
6638
16840
8602
2996
16807
20537
11184
31345
18093
25778
15850
9753
10482
26984
7029
32692
9648
13761
20717
26876
16648
362
11043
24593
4842
3492
2844
4974
23348
30942
15197
29212
8478
28809
10853
3109
25045
13608
11900
22348
4710
9382
13995
11259
30942
16109
3340
3709
8367
22708
3652
6253
28246
28824
31309
5743
5691
23151
17017
11806
31449
13529
30899
8261
13854
23831
17416
31569
21013
21793
32359
20998
29890
20466
24485
19058
846
22567
22980
6431
100
17608
2677
15501
10714
28774
26075
3295
6548
26214
32402
29653
28069
31388
3824
24826
15288
32540
10123
19999
21423
3148
9979
26631
5513
3902
24289
12132
24201
4669
2600
9730
20884
29606
30858
23619
32476
32506
4950
29387
11963
7216
8049
25724
21473
2384
24731
11429
26802
21053
500
7542
15338
31442
26559
31416
28803
3889
20069
11451
13528
3672
23229
8079
29962
25334
32650
8822
3235
24188
23622
23450
15225
27254
31006
9212
25046
25628
1085
24493
18389
22052
29773
9792
29711
1243
13371
20351
21879
116
15419
14429
17539
12704
15373
21548
8077
5215
14974
24080
1656
5397
20017
16052
31126
17376
21407
31291
24521
21033
17501
14970
14313
3705
5022
18788
31078
21134
13304
4037
26671
6063
10859
27700
24530
9532
21151
30274
23012
3465
14445
504
13219
27884
10913
30593
30426
7957
27390
21283
10757
24222
8067
24948
27574
739
26861
3018
23863
20500
17021
18675
8305
3465
3835
1574
27916
22101
30459
7226
216
22557
31839
9494
28524
29739
26397
17769
5389
30398
28483
16027
12497
22692
18488
23811
27139
16139
28996
5722
17610
11669
28498
27759
18950
7850
21493
26653
26235
30226
13738
16506
17713
451
32093
594
10522
31991
11566
19412
2550
18818
1140
28810
30836
21347
9474
6543
3482
21145
7594
13820
26982
24376
32256
20387
1206
3003
22368
6144
23141
31132
20275
16748
11191
7202
9837
30868
25591
7547
23130
4650
24414
6666
17051
16602
6455
9730
20588
26496
1345
20788
21288
23448
6229
7461
26126
11253
17480
6500
27461
16311
27411
6682
14366
24951
3377
15587
22170
2756
14153
12252
44
979
29453
28414
13759
11122
16226
27562
6395
31550
21441
21124
27332
7190
13021
25477
21252
7887
20614
4172
21931
11561
20173
21685
6388
18178
5737
32173
24809
24522
20057
21061
25641
28727
30411
21253
24041
20538
11069
898
313
27953
20450
29234
12680
12382
11847
29312
9323
10648
17718
15644
20634
21056
20443
27285
20027
31863
18469
31785
3172
17038
26735
26332
32731
2750
28768
21703
12064
29466
12559
4275
16301
14785
9323
20454
26748
30040
5083
20029
28106
12728
4641
28795
2587
17635
19588
24801
26750
28733
30510
23039
5138
8697
22739
5065
201
27345
14739
1773
4460
31738
14626
31332
16095
16727
20518
3911
17575
27629
224
16101
30377
151
31503
32530
9268
16122
14097
194
11330
29884
19532
15574
9979
4337
1740
17205
18555
3030
45
31
24789
30402
16316
27582
7512
18521
9689
22526
28433
14595
9888
20639
14992
17309
6088
16777
13551
7790
5578
22367
4625
16476
17478
20054
26664
18015
28067
9032
27770
19767
17911
23300
28004
4954
21798
21481
11679
30513
19533
21939
1218
9603
19041
21396
26888
3122
21523
5255
18004
25893
759
13793
18034
28037
12262
15400
28320
7468
7329
9769
13901
29274
24758
13893
31520
9642
7592
26124
30268
23109
15946
14349
5827
7766
17772
23531
26008
20414
28601
22708
22122
14600
11488
12655
10734
31391
13298
14324
17771
5182
14091
513
9084
8873
31285
13449
16914
9627
20873
6479
12728
25087
19096
12980
10779
13410
1289
16845
18377
26537
32387
29369
22329
25599
21965
9010
20748
18962
18739
30561
27538
20095
29740
12535
26000
27018
4155
31865
28224
12051
15635
10459
20122
25286
5118
32081
14290
7313
2687
8546
23330
4443
26678
19262
11977
21491
21509
10321
1108
8774
15473
13336
21532
4822
8011
28980
25104
13927
29839
14525
8116
507
16524
5080
28522
5377
4421
21388
11505
12234
27416
23249
7979
28220
26781
20202
14115
6858
4561
8693
16462
11684
11892
11201
26129
19498
6063
17631
12932
23719
19706
6140
27254
572
20541
7534
27313
5402
3381
29964
27262
27380
20506
4675
18284
949
3967
28262
15950
28270
3449
13638
13699
31378
5123
8195
31866
2405
20641
29217
9332
5042
4932
19678
22156
14268
29806
19651
19189
25464
9878
9594
17796
28409
30414
12255
15214
15148
16547
7769
1618
10437
22853
19307
18554
31609
13800
22150
26206
32110
20841
802
14697
30448
5429
3597
24576
20069
18791
27906
20161
25731
20528
11389
1800
192
12412
24526
5816
25098
13266
22380
17720
18361
7036
4493
4539
1730
12521
6387
26309
32557
13647
17929
9963
1481
29844
5678
30426
5662
32623
3409
26778
24739
20683
21950
27668
2353
25196
4663
10450
10680
29908
5703
9479
27953
3688
30931
24015
22227
30159
13554
13495
2442
11163
19711
22144
9125
10027
9196
32544
718
23247
216
16138
1088
17198
28900
9647
5428
1509
31555
30021
10140
25457
23441
17351
24340
79
13926
11581
2582
18785
31786
31549
15213
30612
28203
26034
6124
30400
31212
20700
11359
13264
24257
11416
24514
5666
20888
22754
21937
10289
4890
13208
21792
13169
11251
13184
1868
21370
17261
13453
8945
17513
17476
22878
22462
28803
17334
9736
3590
284
24281
14357
20152
30392
561
16333
26513
3183
20354
7860
8080
27286
5603
20307
4011
27803
4116
31291
29632
32305
23825
23624
1998
21421
26343
25123
17765
432
11207
7434
5467
14343
7513
29908
18881
9167
2642
15151
29717
15581
17993
1069
27577
605
967
26623
6308
27320
5277
4608
22104
2748
1146
16629
788
14327
16828
7314
3914
10851
18567
1089
8531
24905
1044
15136
8546
20319
23116
5448
16823
4659
5526
2645
22293
14541
8429
20771
5493
23952
18997
26837
1276
5986
32463
13084
17195
1549
13931
950
25686
32228
29
18740
2391
5801
26036
13057
32131
8622
6471
30880
28893
19259
8464
9781
8842
27440
30077
4679
3973
18667
17797
24772
31124
22124
21817
14149
23163
9911
10907
1684
5999
9082
31922
3436
2253
17904
6366
30847
10764
22277
12906
17341
1521
31419
20576
16596
13057
2764
19873
26355
29756
1169
7988
20436
21000
3618
21727
1529
16236
22207
2036
2102
8062
22127
11374
9839
16159
12518
30780
7075
5861
16300
21725
2345
26969
1916
3885
14138
4451
7403
14719
16048
5378
15434
29675
13
20544
6348
3818
3007
19558
9964
15392
24483
5996
26121
16760
7623
12211
27987
25206
8308
22519
16363
29641
3948
26495
11334
19744
23152
27286
15059
3391
15621
10047
28637
25682
12152
23077
25778
22657
26912
16337
31749
14532
22499
15903
13713
12793
12539
16883
25855
14900
32506
9512
20490
18006
20748
12489
30689
32225
28541
3972
4556
24842
14715
17499
29459
5392
4124
31133
29724
19149
29347
15381
3795
29579
12287
30337
15438
14360
20884
16710
21938
26141
9022
23137
31824
18347
31891
22945
19732
6423
12137
29971
25376
4360
16281
27070
28084
11982
18434
23697
23889
17141
12496
18330
27678
26138
6910
18297
1418
20990
9497
23827
20787
20697
27975
30603
25863
14065
29833
23150
25256
6762
18237
13357
1045
15712
3815
30929
23432
24115
28976
21738
19098
25122
24623
19656
29869
3612
16360
23534
12427
16850
1298
10436
15691
26897
12574
8332
15989
5967
20340
3991
17254
388
22528
2489
24053
19003
6893
14074
3158
21480
6576
22670
31295
3452
29001
6664
23882
27959
14789
714
28827
3517
32520
7104
21442
8557
14025
7502
20706
12270
22494
14726
19987
21002
30394
22175
28166
24512
2868
19874
9192
17556
17290
359
16008
28202
2213
25024
11963
2323
6046
12020
3328
32743
21634
4463
8800
28820
14930
22967
30872
3061
3150
31906
13690
5031
11379
8135
17809
27160
15171
18994
6660
26848
25796
3420
32188
29013
32459
14938
17865
27481
23674
30548
24834
9847
31496
18745
2796
20783
27584
26033
9694
31373
8013
24915
98
20993
30260
3609
2525
6506
15010
7696
14963
32116
26472
24148
12837
18468
24644
7740
21308
8625
32610
5842
23531
21398
7202
26246
17200
16869
28444
29987
23803
3806
30562
21505
2450
7360
17668
28285
29748
25055
19674
7846
9468
17143
10621
31289
27145
26560
28055
27600
23516
15810
27485
27734
257
7531
5465
28862
21746
17759
23661
24564
13880
8207
12053
9492
32723
1933
32236
12763
20956
31647
26994
1371
19817
32274
32012
2802
18353
2384
6988
25980
14449
21813
32627
31432
26510
24095
30772
21321
7675
25156
16315
8718
24029
18761
5358
2292
26093
10768
31219
27931
1054
25297
15346
28566
31617
30572
10268
24167
357
10749
4588
12714
5570
433
3756
26896
15064
13273
2620
23951
20499
9021
6415
23384
5170
27059
11126
6154
4776
8176
1569
22821
66
22429
9186
24257
19211
31662
25781
26240
24941
2799
11774
23233
29848
24799
24593
534
14888
194
17655
17145
28929
5874
23664
20410
11646
9334
10548
20156
12492
2261
25470
21217
20368
24108
13515
14403
11216
23423
24799
14629
17936
12621
10
20265
10683
5223
11945
13507
14533
27394
21999
6893
23183
20490
29158
26396
4619
24761
30896
3443
16160
2153
18195
23351
3920
16038
13877
17796
24984
27528
16035
4158
8599
26175
19608
24905
24051
16880
10621
5117
7673
23744
7852
24788
14979
25902
13689
11622
15903
18853
14451
6296
4205
18001
23015
5904
28873
1331
9126
13292
1066
1136
5128
18867
31306
14063
3121
18315
3592
4898
29587
22189
25866
1060
13492
29719
4774
28933
30514
21120
16899
20066
15108
6289
19323
28216
14594
20306
14660
505
11432
5347
32592
736
27415
26476
27249
29826
27484
7254
2753
13735
9205
22460
7489
21335
24977
6172
14528
4664
31512
10835
16895
8727
1771
6600
27410
12228
30061
28903
16905
18723
13506
24017
4816
18304
16855
3921
8276
13347
19106
24083
30951
23332
17835
5648
27110
129
8907
29773
22169
27502
31027
11461
30298
15340
22193
3235
15866
16029
5167
3253
30816
13015
21373
26654
21107
14071
2640
2891
24123
20216
16010
28456
20802
14660
22459
13459
577
1481
10728
5137
27128
9040
7564
30143
11102
22282
6365
17804
26362
21100
3664
22438
23953
23357
21599
28978
9729
14830
10890
18752
31341
25129
3996
5630
24730
2476
19759
31275
12697
8536
23666
26319
17575
25733
2090
17706
16721
29337
28663
31978
23772
9945
20697
10913
1763
8831
14066
6773
18754
15628
31886
23322
24371
20191
14944
31997
18359
2567
3342
20930
22328
21846
21489
16369
3180
23990
19734
32492
11388
20928
12936
20261
27238
31627
15569
653
7584
11458
11966
26960
19454
12538
20067
30399
2773
14914
28511
12941
31585
31739
29281
19007
26212
26602
24043
22238
15120
16779
29782
10991
29991
31656
27415
15525
11873
5163
10048
84
24334
25137
9034
18217
4604
2655
25105
30233
3995
3449
4896
10519
17503
9520
19503
5770
26214
25404
31722
18174
7771
18091
31220
29977
14234
15225
22572
10705
7060
14432
22831
26845
7285
28401
12318
361
21253
16868
28065
22286
5068
30125
15915
14081
16250
20304
23936
3467
29318
5493
25461
4025
22548
10175
19959
11604
9244
8282
27727
24339
30921
13267
4004
9488
15135
17197
9410
18809
6881
21553
6938
15240
20914
25605
15625
5813
23930
18432
23901
10794
14859
4285
32277
5239
24069
9070
21608
18311
32502
32115
19977
2258
24774
22060
31658
16853
13395
4875
1215
13503
18776
16877
2180
26990
6035
3498
4161
26265
25383
24810
30412
2895
63
11067
26960
7328
31220
31841
25934
23450
8305
27117
22497
14199
16980
29458
16966
28692
5464
22195
1947
15525
4657
4032
18407
19112
18360
27587
27739
10519
26952
28598
18648
29666
7272
32536
30385
21404
18858
31040
19633
9588
29907
16624
6240
24424
24635
25133
31874
1205
32631
19022
6369
16018
32054
18004
24396
27933
22633
15225
14816
17558
23719
19980
26246
19147
31183
27259
11197
18643
16111
25778
19098
1279
31844
8611
21004
22798
20803
32550
14181
30880
10232
28164
22550
31726
26157
29262
18618
695
21486
32244
5463
894
32266
22930
22240
6898
6076
3981
16894
28590
8074
3423
4879
32290
19310
28463
31600
24785
52
10661
29687
26814
22563
1532
6340
6688
31967
9305
29242
24925
22670
30811
20296
5174
25146
29683
5357
4927
2422
21622
9979
8083
1349
17904
19995
14533
2615
20668
16145
5914
11221
17745
10049
5621
27967
6751
25202
8850
17684
28955
15827
759
6290
13270
27707
2344
29183
725
4021
1691
30279
25437
31804
5099
24038
25869
6083
208
29960
12657
31609
79
26351
14803
14922
25902
22678
30548
28841
683
5780
28988
397
1390
23106
32143
9401
22715
27168
28641
10817
27628
6517
10858
5962
27679
27446
17757
17
17964
23593
16502
17199
1242
6218
29394
2587
24402
8046
11524
13040
3027
7462
16741
1904
10920
30694
26283
25929
23895
23399
10430
15256
24092
16969
23495
428
11157
17149
17801
2828
7359
9186
28916
23739
28961
31406
24567
26554
12615
23312
3991
19663
29554
22676
574
3461
22670
24518
17493
20084
21860
10906
7956
3778
7185
21515
28057
30954
14775
20227
18488
12476
15474
17531
31251
17062
30094
7395
29930
6193
11255
14532
14132
5582
21232
7332
22638
17875
6408
5162
12211
13505
25418
4226
18573
25288
2229
17923
6667
28301
25068
19727
13331
23850
302
19003
22266
9078
9863
25008
10578
21640
17480
31186
3
6518
10166
4383
27806
22114
6655
11097
1517
8376
3442
6631
7887
27313
10990
9081
24386
2076
21403
20203
29634
28765
27353
21868
18130
25014
31862
32735
30936
18885
4900
29569
2605
5966
21290
12748
27509
22843
11609
20380
26668
20193
15938
10129
8066
19845
11686
2996
32617
7967
8750
14941
30188
15965
7516
6740
19650
5099
21442
566
25379
6386
21874
3866
14810
735
6837
20085
1436
23653
18688
16187
15256
12229
17443
28231
19535
9805
24516
12797
166
16670
17676
18734
11577
3891
24736
24891
12275
1183
27859
18302
27612
22294
27674
18917
14129
943
10176
2784
28602
25064
1754
19582
10584
26603
20862
30419
10974
1040
13360
23964
11553
12194
6045
2342
4179
7910
8332
1643
31628
12889
27665
638
6826
3386
23555
13610
28251
30024
1969
24278
25208
24525
9425
23980
7829
20443
31929
7675
17622
27094
16850
27097
4868
24626
22857
23564
6623
7550
27911
31275
32438
20386
23012
14848
31542
14437
19991
30257
3968
26418
11249
5663
6782
16411
1228
27919
19574
29726
16446
5256
10207
20135
17298
17915
1140
31831
11640
30634
18568
12036
31227
16578
19609
17153
8884
18634
7463
18847
3901
17985
3782
7411
27113
20611
22643
24794
11442
2285
10276
5435
31347
24385
26019
7564
6232
30028
6043
24984
7058
26054
7923
27519
8015
29305
15452
9982
5865
23974
5158
9712
4189
29348
9304
3605
31488
458
24831
5139
18029
21391
27334
10170
28098
22256
5063
13708
17164
3858
9889
8573
3839
1065
9163
24311
22763
15256
26920
18977
27371
31578
30683
9825
26208
23712
19548
26144
31901
29115
31947
8141
8164
829
4485
21540
16530
10331
19446
27056
27286
16022
20398
398
22311
1179
25014
2421
18103
23655
12836
12019
14114
30894
25581
6137
18988
31102
18171
1178
28714
15392
30847
15888
11007
25151
23945
30464
32074
21579
11222
255
23006
17184
29928
31572
10099
27875
26460
24319
11419
10541
14969
3067
30711
108
30725
15297
6314
21126
6236
32013
15118
20671
9411
7396
32166
20188
21497
8406
4692
12168
21775
13953
32716
28664
15482
15446
5961
5835
18279
18336
29311
2612
26958
19393
3536
4442
22474
18111
21186
1279
2216
5888
9905
29536
22077
24146
20929
15197
15869
5679
21015
25306
27978
14654
28489
11365
4234
9756
8722
12313
6268
8029
9291
31682
27084
3278
15638
32322
10981
25085
7517
16947
9222
19964
24699
15309
26008
6241
1336
11786
10431
20369
29435
27401
7727
11327
24379
29616
8001
20015
10039
14998
30021
13888
29159
3616
11034
8617
11826
28138
7421
10883
16737
20328
15007
20872
31188
5581
12154
21786
6643
16683
25956
31111
3944
6364
5477
9867
10892
21794
23238
32278
27166
3082
31850
20560
12091
26006
24674
4314
28042
23322
23995
12631
11192
1511
24730
1324
26660
16679
5260
4739
13787
8968
2327
29846
9670
4381
1173
13098
20514
29697
31042
13145
4657
20029
20627
9621
21551
14955
201
5354
27528
5276
8391
31619
27976
21240
28192
112
1235
20900
31093
17063
8918
5609
27902
21832
6269
19602
8550
20773
29415
1941
29916
8065
10967
32502
6247
25112
31916
22761
18297
7264
31891
15671
7624
527
15099
14306
32601
3805
3401
12044
18141
19339
20173
28693
11841
25636
11765
6148
9601
29571
22977
23336
3005
10261
9079
28671
32398
9696
26776
8534
13210
18884
22802
19378
4198
12801
28087
18927
29804
12282
8942
5415
26990
1849
19369
7125
11785
7602
4247
5178
20109
332
28570
19968
16396
26269
20347
18206
12721
1269
31709
2043
2131
29599
7535
2774
14410
27747
614
12901
29058
5967
19243
5052
20942
17336
20304
6001
4478
12923
20169
13822
24115
21896
17241
21350
22514
10402
26186
32284
25720
1888
15969
5408
19661
9336
18961
6507
22812
1596
6639
11917
24258
11365
28518
3733
29861
17168
13228
30001
16839
1798
23284
17942
6683
16192
2022
29346
23959
28587
844
25280
19850
10536
23566
25869
19504
6871
17248
27193
14979
18581
31034
4015
26709
2755
23816
15736
19100
15178
30372
23388
27661
13275
2945
24907
19436
380
5161
18172
7970
28992
9705
5844
10128
23125
9418
10249
5539
18756
20932
17415
10280
28789
2351
15123
32354
498
17786
11310
20570
22124
14879
1084
375
1411
6870
30821
16718
21314
25354
32700
11963
5865
12681
4126
12593
32496
3199
8797
31822
22088
8613
16798
29107
12004
22198
10752
21778
5496
15907
14975
1672
12929
17415
15895
14126
31877
10077
20524
19435
24476
4977
24617
25228
32303
28052
6248
11542
28416
11028
11346
5978
7274
17259
20935
27339
10475
4791
27072
25741
31967
16490
7218
29134
24974
32323
27446
1625
19817
13181
360
16744
17809
26694
16268
21690
30873
1394
19832
25062
30349
15473
12846
16879
10803
11134
14152
27416
30608
4634
7065
26874
9134
10681
22801
6867
27037
30395
481
11297
24760
9629
30944
31600
6185
18545
2349
25456
2992
2187
8470
6730
21920
8318
13369
6964
16938
12871
2281
20036
10205
19911
29908
25217
10606
15223
19682
3648
17589
24407
3168
10670
21241
18471
30557
22441
24173
16090
15444
12500
28922
27208
22796
9450
16447
23331
18109
1618
23255
5164
12660
29684
15066
25254
16056
5452
24998
6923
10094
23740
24799
3583
10490
17447
29876
18818
4519
14267
4964
31337
27721
8974
5633
527
3873
21613
24181
5192
4608
10865
7874
29078
28591
16338
9614
4512
22159
2432
21470
20959
27773
6896
8226
31899
2552
1204
19058
15382
12422
335
9751
19975
16467
25671
7245
2889
12572
32636
19527
6101
21067
29367
27764
20206
22116
6534
20737
16283
11679
2888
15263
19802
29655
24964
22662
18707
30114
14463
3257
5707
4290
7693
31116
12442
29628
25255
22884
9567
198
190
6591
21938
22502
3663
22132
5274
19545
27832
6715
30080
18738
10954
2159
24292
26947
19743
21523
13647
17984
28845
10260
12937
17186
31644
25805
15627
21962
20565
22224
21431
5095
14044
19172
25031
1817
28767
9034
3844
3159
10511
21061
24632
17038
15406
24025
15333
19594
32361
20690
10039
27162
617
15624
20280
11375
2981
13026
12867
18886
9082
21017
32187
21575
1149
22462
29692
22572
20496
19839
28306
9509
16947
15910
20650
18171
22429
4962
32197
29044
6668
202
10420
25464
1753
8223
3776
1393
17359
8913
29481
18168
5693
15557
28370
32685
20554
11350
26682
22374
10377
922
18350
31117
12237
5862
15293
6083
22847
13460
8685
32713
18605
2563
26540
18593
23333
23008
30601
23280
7619
26532
1700
22695
9927
15454
22115
10210
1258
10419
15975
9489
14579
10275
4799
16469
28037
2446
14939
2605
24891
246
2499
29521
14071
1670
13833
17374
8310
9939
29691
3508
5928
10339
6046
7708
5951
10860
18392
12975
4358
8413
6765
30067
1141
20898
11309
1094
31490
14116
2411
1920
21433
27664
31408
7124
5519
1114
2481
4983
15348
30593
21119
21124
12711
20
29950
19104
28110
5237
15000
23002
26438
23773
17458
4308
21048
19104
21599
9256
23533
13491
2516
3333
22755
7531
7709
7449
6432
1415
31886
2484
22214
28785
17787
12842
29416
32193
4524
9593
29852
15363
2571
11051
32337
6330
10144
21374
11619
4517
12223
21187
6125
2880
16512
11268
23775
28814
368
28393
31312
22
19590
3292
24085
27179
25433
2412
25746
9329
1167
2543
14800
5789
30105
2156
20688
1148
21662
11704
25887
22839
18100
5854
15019
14293
22102
2500
4053
29953
5651
23820
30151
24078
23427
5945
776
28984
9855
2323
5197
27437
2193
26444
3987
19916
8362
10083
23914
17452
32531
9161
3220
2016
1446
19267
21454
11129
6206
24463
26094
28237
12652
1866
19502
32119
12140
14097
15048
17951
27991
13799
5059
15612
31897
16598
3084
16150
4774
4569
9928
28625
32489
19962
31465
14375
15613
7864
30463
19253
30496
31403
5969
21497
3301
24939
16941
12378
29225
3757
15996
23912
31303
26799
30873
30950
25488
11735
2404
31750
14069
9623
13202
4979
20487
22675
19271
14484
8482
5126
15334
28688
2020
15457
8232
20877
17892
13110
8299
15550
29089
21589
2893
24476
29625
20021
23674
29171
25692
22933
9666
18977
23807
5218
3695
12058
4693
988
23765
2992
19067
501
15914
26386
883
6649
16536
18066
24019
6260
13201
23723
8126
21073
25187
10562
25620
26431
23820
28460
18918
857
17231
8945
14381
25605
17927
14031
2491
9244
21180
26626
13681
4940
7540
28995
18099
7355
31947
18063
14873
237
19526
15913
4711
26344
18661
19170
14784
2198
7159
11160
790
32362
2098
13309
24549
28230
27907
4761
7713
8605
5155
14355
17005
18133
32107
17324
21133
25071
7401
6412
9246
12393
16179
833
900
1123
2043
2309
18213
23298
16100
22079
8917
12818
24212
24269
20368
24815
6667
7809
23407
30885
19507
6761
13781
28502
1464
1876
19433
6876
11545
14737
18762
16048
25856
16890
20734
12554
11471
23602
17067
23370
28539
4650
24585
6551
29853
14570
26263
15814
26566
10894
29069
14717
27155
24974
14354
13208
25090
22851
31664
3275
32132
22439
15109
6025
6740
1117
31931
1829
2182
28913
18106
23096
23395
30304
5531
17474
15476
3035
26720
23188
29917
31432
13411
2157
8429
5130
21901
3683
16882
19074
20168
4356
8786
22229
28343
31422
16343
18544
11428
13564
12363
10186
20922
31890
13381
3561
17012
21851
27714
21800
31829
24864
25591
18231
7130
7612
26598
27747
32429
20094
22832
24600
22043
5327
29610
20132
15816
31765
14898
61
10913
31959
32068
5446
17939
15137
12232
22478
2426
1066
32302
18010
11741
20276
23485
15332
17368
17844
31272
22819
2009
5811
24419
4877
18064
6516
3508
2715
26016
855
29197
4556
25755
13565
3225
492
27181
25261
1941
18198
12695
7158
12385
17656
27743
30358
1751
30934
27718
24731
22235
31953
10619
24008
4147
20586
30990
13370
20634
2626
1959
19532
21519
22307
27768
18359
16243
27204
26736
5118
31059
17097
9650
31753
1283
27274
2885
32015
5100
4629
30989
25274
16678
11766
32762
28294
11082
31030
27263
3691
24705
289
10566
26299
20705
7756
30754
13133
15098
32471
20293
17371
18091
9712
29875
6057
16955
1176
16886
23655
13732
4010
29203
21593
16434
30489
3006
26549
29773
25209
15306
25933
9619
22209
13283
13933
23851
10575
24959
2567
26709
9260
4370
15117
13637
16274
20865
30239
29233
5291
11226
25190
8873
28060
834
20928
7975
5826
12591
15389
13031
21819
12759
2601
19448
9897
29928
29483
29076
11826
9849
29228
29869
29388
1088
5725
3784
21175
4870
12979
25358
20554
18521
12500
5536
7155
31873
2870
27948
32634
14517
12933
12990
3717
13710
25158
17368
16481
7611
10427
2756
22271
26871
9734
20777
14141
25400
18064
8413
5735
13353
31916
9978
8446
31451
15736
19764
32440
20919
17668
32105
22471
20152
26039
17274
16222
21463
26350
16730
10098
17350
14053
10596
16830
28384
29659
13042
29193
19553
4209
15659
13739
21458
5972
5148
9294
2760
21019
3083
28146
6862
22387
26375
31284
928
17529
14532
3279
15770
9575
15526
4963
24687
20851
21020
117
8734
15860
4911
22455
16930
3271
14683
20362
13545
23025
17565
11202
9096
3205
6349
13737
5037
11977
1326
30022
19413
4500
27204
4063
18367
16122
29157
28604
20768
43
3475
6446
4248
31385
12041
20688
10981
10329
28436
30477
15959
12236
5796
15586
21635
24190
15907
5605
7228
19278
30469
2951
32703
25552
13217
21910
27438
26863
24895
23558
22336
7895
26738
1520
27702
13330
1960
31195
20753
9200
15359
13115
31490
6189
11354
4407
4386
3534
19125
17071
14435
16716
8117
13182
23494
9716
29827
24316
17615
27790
20187
11207
6199
23869
29536
13508
2784
2214
25139
9056
25358
5204
451
32540
6611
9819
27623
5704
12491
13372
4394
25614
4106
14601
9829
6067
83
5834
4244
8474
5514
10014
17122
26250
7532
16166
17158
1968
26238
10910
18386
20968
29507
25165
9737
18872
28082
416
32626
28061
28391
16274
26666
5643
28441
28366
30270
5807
29132
18712
28537
1271
16968
2537
2427
18388
21577
7257
28683
21695
7416
24642
1455
15866
30746
19107
4729
30232
28040
25922
21795
27839
27359
29078
10847
26797
17784
13027
15976
17145
6299
9127
31965
26523
21487
6709
13007
16175
3637
8352
5913
26102
28726
986
11503
21534
19450
24093
13498
23363
13371
8330
7971
7477
10265
24593
13934
24572
10000
27024
29194
25369
16678
24895
10342
6671
30569
29003
4870
28706
152
19393
22741
31071
17953
942
4797
13532
11595
389
32373
17473
181
5824
21402
15495
3583
29898
28418
29696
19399
2845
18509
29080
7127
4263
26044
24922
32156
15475
16967
12854
17627
29061
23017
16641
10399
25094
20543
13501
15990
28065
25937
28699
13788
16172
11440
15422
26616
28043
15041
4290
3974
9169
15448
7421
15637
5289
11400
30340
23410
15605
7354
4337
22628
14772
17149
25316
17817
13609
17053
23624
1505
12090
25335
4568
23194
9494
10379
16865
25963
23578
1107
5705
29238
21494
3412
18384
7495
9227
30834
1686
10706
18456
17032
19422
7324
8214
16568
30993
28408
10080
2816
26630
28149
10007
29966
20608
6614
26565
2390
9976
6594
9792
14945
22685
6077
20434
15976
2202
6359
18838
18721
12951
9635
18213
6105
22146
22251
29810
963
4495
6818
30451
3728
18557
17690
2562
7487
18204
17016
14978
21815
30988
31844
1477
20371
8135
18437
24493
5821
10721
28716
25618
8766
3983
12239
14180
17620
22631
12474
23186
16581
11878
25217
30250
30324
8759
15801
24769
24882
1202
18279
25749
22102
31140
26809
2161
14992
10190
28404
24529
8570
10800
18350
9799
2928
9863
19773
10781
13730
11540
14191
19004
12391
17823
1148
2892
12245
19900
28216
2077
19086
3149
16269
16710
6876
7752
7721
4108
30209
8378
7284
16517
11720
15372
10181
5885
4192
29829
9941
17560
6762
25617
23668
3897
3921
16705
25210
12451
27610
22418
20737
12510
26364
21746
26065
16349
29937
4224
16412
21085
141
11924
1132
1552
20175
17919
31961
4347
16566
27284
2431
16412
26453
16615
29999
18769
7722
32596
613
29813
8108
67
17530
24524
18467
18859
6427
25505
31420
11733
22010
22829
23773
26979
32451
18619
23478
25232
5970
17162
12313
28089
26147
27123
21643
15133
15114
27723
8603
20961
3620
30987
1138
15447
2829
28078
940
18815
23635
17371
1638
1998
19243
580
4504
23855
1891
13518
28582
24648
11160
12274
30257
22270
20905
9059
24115
32315
19307
16369
25163
32494
21407
29869
5973
13396
19233
1870
13118
10103
22114
3027
13846
25588
28439
32618
10599
2560
15923
2705
27078
16813
21011
11899
11943
29546
1273
25013
17526
27081
10172
24585
11491
16518
17598
12707
6525
17604
3869
11634
29826
10905
21038
31441
27637
15309
29991
22119
13042
25567
26395
7755
27967
15689
1836
26988
31011
1029
23804
11825
2939
4432
13668
15452
21002
17582
30569
3636
4113
32302
17771
13539
26911
3567
16032
25629
20011
15587
29889
24834
16608
21203
27139
22598
24888
15780
11081
24463
31052
15832
23192
9758
31595
15448
15819
6322
9833
11632
9608
31913
17465
9499
16498
18025
14014
129
11936
12030
18143
18622
26959
19716
27098
13029
21203
13512
28890
24900
724
25514
22219
18922
8886
31430
8301
26215
28249
3283
679
4307
11523
842
17183
12818
13978
24267
1799
9557
22807
22206
1082
29924
12855
7222
18567
21532
20851
17434
2892
31411
13875
7302
15687
17732
32319
29039
19114
16135
22646
1158
17261
30943
4034
15455
24040
20891
16971
20179
1953
4981
6379
27299
30819
2783
4835
9309
31632
31360
14796
10884
25527
4217
20944
1259
23657
16620
23065
25442
3657
10687
29066
16276
18787
25501
29613
22064
10687
25662
25069
15175
27189
21993
27910
3574
22914
2103
12985
3908
9628
24089
964
8269
28995
23836
17937
27553
26585
16876
18222
15847
17267
15895
4861
20934
31024
17172
8877
4869
32714
32388
30696
7408
25706
27575
30798
30718
8641
7794
7459
23218
27988
10992
19268
29119
28439
20262
26464
29551
5950
16716
31332
581
1616
18328
31287
8930
15229
32077
2728
18725
32049
26868
19109
16534
12265
18409
429
29701
3910
13082
16775
22638
32095
268
20533
32544
23644
2335
28196
4894
9793
11282
19621
17862
14087
17865
18593
28336
31985
27726
15751
25305
797
8215
1162
18177
2650
20871
29706
24913
9273
24502
29519
11841
1127
29813
30333
15545
31801
24973
30404
5494
21641
25416
15064
12720
31169
27699
929
17658
11829
24097
28979
24169
14006
21619
13312
9464
13667
25495
24140
13099
9923
29135
27106
22003
13585
3380
17926
13010
21975
25338
426
6463
26047
15349
26085
844
13989
8796
5280
2438
17392
5326
32659
19997
291
27282
19312
9029
30383
19747
29533
28891
8460
27372
16552
7500
17927
18256
27318
32179
13406
19437
29501
4417
8586
32546
4787
3042
6620
974
18695
29725
14027
18011
26254
22588
3981
31484
8512
24238
6116
20786
2596
13737
24891
149
30473
9748
29169
4817
13431
19875
9973
3823
5093
17476
21395
27094
10796
12474
5005
24593
21052
4231
878
7378
18446
14096
21275
21047
28634
18428
26283
9933
7561
12509
31096
7251
28781
26130
30582
21440
5936
26348
196
21127
4106
19727
19329
11545
14647
27419
22497
15019
17833
16012
10880
13882
27130
14559
246
28877
21924
9207
13483
30971
19572
9662
16365
23468
29756
9999
6463
25124
10953
8660
22772
28989
30740
6763
23805
28147
28860
18511
24320
19238
7348
12788
12458
9372
13881
16370
4677
2886
21768
2918
22413
26308
22989
27541
20159
4138
11742
1747
7668
2565
11049
27300
2733
31129
16492
28448
24495
17773
9636
27036
25873
32010
13511
29318
7827
28159
15029
17041
17457
2600
21612
27410
10488
816
11388
28074
1049
16213
11452
30502
20540
2923
30778
16803
13590
11812
16760
25078
12094
16526
20693
1099
27196
28637
20297
23563
227
3179
10581
19204
6114
2557
7738
964
1685
21832
20330
11077
545
8884
25660
15824
32447
6751
5603
15131
15192
1381
14241
23989
11091
24671
3896
24995
12971
30505
4514
7756
26692
28137
22529
30610
21119
23372
24793
27202
21004
22547
29053
14254
12031
10191
11207
29848
31782
24296
11276
32594
17562
10724
17231
8484
14229
6630
8629
24302
18051
6773
1337
15630
26972
29823
16545
31364
32048
670
11953
1876
28932
31385
26014
14892
13532
28718
16070
2375
7961
29967
1693
19089
15365
31274
26859
16140
15277
22061
27957
28018
29167
5450
6008
4124
7379
30264
286
6690
25887
14458
32298
6084
19749
8163
8886
28169
480
20826
15519
15781
16959
27867
5503
27936
20673
2238
4315
7733
9026
29244
31390
4729
17685
22319
6598
17213
8018
15641
23390
12468
7025
26984
10668
11353
21528
7928
17323
8843
18482
21722
10428
10106
17473
19028
27800
19271
30197
7208
1929
31079
24061
16153
30426
26441
5149
940
16779
22072
4481
1836
13642
11394
30033
13808
28575
10714
30597
17121
1895
15099
32251
14390
27267
12430
1990
1410
17361
23886
25290
12017
32091
24426
24454
462
13007
6442
30512
29257
10288
7382
6151
1656
6346
4052
3045
29339
29291
18704
11539
19108
20688
11937
23906
27895
19806
5801
29559
2670
30483
12156
4711
28576
1723
13061
8068
29539
9063
26982
19062
11919
19227
16095
23437
24837
13255
28913
15445
10224
14456
5827
28267
26955
9936
2244
25744
6308
180
27538
29180
14623
1604
25115
17396
16573
7184
11010
6559
16606
24968
11588
11798
30725
2997
14363
2234
12508
22567
31266
10186
4728
11311
29626
14645
17885
13390
26797
21932
5317
6124
5394
29180
26013
5453
10609
31387
14545
6594
21031
19840
2889
10780
19979
1592
16948
12134
22609
20535
1028
31700
27055
13164
8889
7158
5311
3864
31587
18481
421
14047
28386
2672
19697
26144
22513
27671
19911
32130
8803
16441
1853
16079
26539
24074
18692
31494
13474
24471
17227
26283
23685
14516
4576
2146
32061
14902
664
30140
6372
21859
6898
21073
26756
13223
8439
17679
19490
30345
11108
22481
31739
13276
32011
30003
24333
570
12151
30885
10969
10670
28879
1215
12392
19633
22780
5077
31372
7512
6670
30410
8552
29387
4060
13865
30514
21241
29419
2417
29240
17546
12946
22705
30753
32021
14939
31829
28278
16276
9899
12096
13409
32533
11430
26395
27060
6578
14669
1772
10028
16322
3049
8170
3064
23377
20397
13456
17525
3022
30871
12784
28220
2564
26519
4938
32094
2124
6643
25565
1774
25344
26602
4861
5312
13618
5784
20070
26225
9630
16665
22224
17319
32734
23793
707
17306
28125
23979
25517
11732
25998
15297
16690
22581
7902
25276
24259
9785
9703
19100
16242
3454
23910
16506
23556
17280
1391
8812
32584
30887
6751
4777
15528
17541
8211
26094
13566
10072
11607
20768
7593
17623
19361
6706
15839
15403
32512
20553
22084
16699
2639
20254
9916
23340
17326
4516
1662
27688
3379
6124
17003
26207
17884
25669
13725
21068
18120
21415
20546
2618
16551
21842
171
20230
3440
17842
12960
6694
19026
28806
22775
20714
19948
32321
13669
15618
20160
20656
21139
28225
19941
4830
25716
27041
6653
53
727
18822
32359
9957
29240
13127
29366
10634
28380
17898
24161
17417
11805
26159
17595
6074
2562
3025
27942
717
2834
29704
23428
1766
17514
23890
11503
779
13838
12403
11434
17600
10621
15034
13655
13424
15496
23943
12906
8463
3683
22282
21981
28414
17149
2125
22054
11823
20621
23669
18534
23433
19309
13637
27363
20878
9260
227
29624
11323
3039
23775
14283
9263
29367
27249
15872
9488
21721
14338
4780
9003
18793
25582
28493
29786
2024
23689
2680
12331
22465
24928
9234
23358
7710
10689
8643
25071
32256
21629
20392
9781
16015
1260
6472
9418
27567
20786
20170
30093
25811
26049
19045
11044
19990
543
2583
21989
6024
13034
4506
11767
3781
27929
10388
10420
11981
28292
18702
32082
8719
1959
21031
23747
10951
12962
21257
24793
25994
7045
541
30382
6687
32203
13435
18499
3729
31524
27045
26983
4226
20344
16244
19419
10434
1576
25170
16051
11553
5271
19882
31999
9345
32233
28829
4011
12591
25610
2807
1700
30067
10738
22113
19772
9829
2856
20440
7632
16643
19589
13661
22696
5505
27195
3054
16926
7392
26390
16822
27651
19650
8449
16513
20030
23933
20171
1138
21174
13934
2859
2808
22643
29840
4354
11774
29184
16204
3297
16226
25363
24467
10187
30889
8559
19755
12092
4849
23818
9798
32361
6950
21355
17753
3274
22137
29271
26923
17878
19214
3500
9005
3598
16629
11405
9
6460
20316
12735
7805
30205
18947
25427
10346
29309
8944
5510
25128
16002
5219
31973
17437
28332
9996
27573
21134
17659
26748
32401
10164
25233
26074
31829
25619
18105
16087
27963
30983
16169
25827
11588
416
11652
23202
32218
7599
17955
1945
23219
801
11285
29742
5624
14732
3684
463
32679
13320
10906
29553
7222
15680
22660
23100
11897
27081
822
14980
6341
1202
13135
31996
22870
10844
3711
38
9710
1419
28742
24078
27327
25278
32766
14904
12427
3516
26651
11223
11786
11632
4786
6207
2188
4598
3896
4509
2015
10486
1421
3558
16755
3121
23096
2573
32444
24153
26613
28025
25304
27174
29293
16822
4978
14246
13892
4715
26854
3029
14936
2444
27045
1645
17992
7120
5340
20991
8756
22886
16464
6723
964
14052
3468
15533
19564
25216
14911
26432
31982
31106
20448
6567
544
12793
30355
15490
16111
19629
28496
17150
30628
25430
31042
2728
614
26379
9837
28035
24832
25341
25492
14935
10213
22373
14170
1869
22129
16571
31911
4793
1138
7977
7245
9783
2279
4671
2540
12281
32264
23784
2067
1631
18054
26013
30631
2504
30739
1752
13961
6313
20261
17356
20851
2524
4087
13651
3363
8506
30929
17192
2748
12907
10634
32086
2921
26109
9291
10736
5955
21684
19349
23299
2933
27937
390
8393
21405
22390
19544
11295
21110
19353
9258
30009
15797
3447
19971
14997
28976
923
26644
27693
32069
7167
2877
22257
29818
29474
9683
9332
15457
29018
29601
742
26047
21100
14124
2370
20460
19290
6204
11208
7037
17020
19351
21678
12321
19922
26640
29971
22985
27545
3264
8756
16652
10524
15508
4834
17097
11213
4872
4404
27406
20628
13873
13433
5944
21863
10753
30576
860
16667
26823
32444
18150
32122
25845
9106
1152
22421
22566
5813
20790
23132
863
12196
5847
14187
17557
15377
30110
12839
9584
25494
26897
16650
18255
29604
13354
22843
20620
10172
22709
6242
16129
16865
7673
16570
17355
1869
27290
15208
3149
30051
30142
5387
7288
17125
4975
10388
7754
359
8257
27736
19093
29443
20532
5475
20226
26703
25819
1295
21845
14988
3774
13526
4083
13856
32254
5221
28577
2375
26167
3569
26254
2821
31146
9422
23700
28255
8092
25150
14523
13770
27129
1159
9215
31460
3645
9288
26963
24162
26004
17420
5861
13385
14400
32288
17572
16482
22588
17570
9216
5863
20255
26587
15600
30083
9026
22223
31802
10362
30757
19985
30447
20515
3599
26844
1844
6815
25845
18528
9800
17861
1693
17754
10179
32092
15364
24551
14876
27021
12796
24986
20590
407
20761
26060
22908
30405
19662
15411
26610
19358
11732
22967
12270
27483
23499
19328
32190
21918
27172
24660
2540
12896
11326
31776
20087
25131
21711
18900
16740
24202
9350
16244
6261
32447
27631
10348
31289
29875
25750
10789
16453
5683
9583
30421
11968
18008
13941
8859
17701
4935
1938
20171
3140
23579
20159
8071
1418
4896
4460
12175
8067
28738
23842
30297
21405
10181
29543
21605
20783
31030
27874
14795
22969
10913
6079
6934
12910
17412
5461
10324
20207
7940
31494
31342
6490
7903
31335
10934
31619
9378
21665
2239
3457
5020
7448
25201
3437
31250
3914
4700
1126
12852
31737
18509
15576
3920
4492
16415
28158
27462
947
23252
16550
10300
22090
19941
4405
31378
20352
23765
4842
3864
21816
20748
14439
24959
14767
9187
1389
22286
15199
3836
11751
29078
15396
30420
9770
11944
29598
25499
2171
26373
8406
31811
29649
16982
32548
14295
18397
4894
592
14606
25160
12012
7671
2080
16700
5845
7216
7896
12069
1057
18288
31466
23481
11589
27563
10888
1590
22290
29372
1840
7402
1579
8199
4808
30201
25788
12125
10988
1371
12393
23328
1671
13348
17541
3495
12704
15624
5253
16867
31607
12830
10932
22339
2769
4068
32552
23766
3216
388
15092
6064
12422
14933
15263
18574
26763
2213
27349
29885
7629
1462
15965
13879
20584
1798
29771
22288
21815
13523
24439
15376
9705
27103
22573
25250
30551
16497
9510
30188
2580
28828
28855
16192
26950
25539
7753
30131
2997
8541
5129
12555
2850
30966
19681
991
26074
3446
18086
249
32395
9638
8339
12287
20053
26096
32246
13651
32036
22375
297
12599
21566
24583
29380
6709
16152
4157
26897
5822
20078
27050
960
6673
29074
804
4060
18526
23045
11773
10238
26155
15684
136
9409
22264
26852
27098
29045
28446
23777
13006
6424
7421
24628
4172
8066
11606
17315
10954
31455
12022
18141
16146
16738
14741
21446
15430
24376
7165
1040
802
26811
13679
9483
10882
23785
32322
11710
27940
27668
973
23350
9390
5850
23431
26398
30195
14680
20845
3216
4722
22171
21924
20267
13087
14423
28000
14438
12391
14044
11012
32547
23406
15685
29067
19848
31899
24051
1830
6410
6998
2874
15142
16586
29456
18521
8989
26149
14724
26288
13120
13190
6717
9005
13840
1407
2905
14344
26426
10777
24460
14000
13755
10856
14696
15877
28999
21090
17371
24775
26348
27377
21497
20558
12531
23110
22523
8060
15879
7793
14216
12785
21401
22062
2356
11133
3970
19458
16711
29659
11498
14215
15807
8860
4201
10500
21400
26465
24429
21313
16714
16973
9948
10138
10900
8378
21754
30801
376
12843
2700
5417
135
2434
1854
5680
6750
24180
13634
18652
625
825
6202
29529
13063
25224
9048
25122
5254
6594
15043
29647
10737
878
25661
5933
26287
17893
27396
28564
4494
14926
31477
4981
22791
16333
30455
6451
31940
20216
3735
26164
12383
24971
22256
29751
7021
604
27342
232
6843
6545
22035
23473
9943
18704
20569
17876
978
27959
2776
6327
7749
5582
5514
9854
14738
2873
8078
2271
21356
13298
5835
21042
24730
28215
27349
21704
18167
12800
30484
29822
14526
3892
22563
13970
21764
23580
12406
949
12678
10264
8256
20577
12709
18065
29843
8044
20143
1582
20937
4830
13664
26699
23844
32512
23721
27815
10673
13237
31151
17756
27762
28685
29975
1813
15291
13336
17793
10619
24029
25848
21330
27632
27394
30522
18871
29312
18008
4967
30951
12052
12914
26837
11688
27369
1259
8899
8724
1089
15692
13221
27549
13401
815
27325
2639
29082
20389
2027
32085
16915
17878
16838
191
4647
32487
29163
22658
25475
19745
23446
19648
26708
14927
16495
15178
24246
17767
14246
25188
16495
9069
31553
18632
6877
1941
8117
26349
9005
13992
27060
30088
23246
27048
13895
1364
22565
17335
10524
17422
1923
24373
5409
4804
30804
13865
21330
20816
2713
27106
31694
800
4248
11742
13617
12600
14545
23018
3614
11641
21557
26507
5403
6947
19603
24221
8866
24729
24403
30010
2420
26212
28774
26333
8497
18299
2429
18119
24358
22209
22905
20898
29030
7632
18467
613
4124
14581
29214
28279
31007
13435
8474
11543
18887
20269
5193
19963
11008
17942
11543
9015
924
3467
21526
25185
9454
7020
10807
24819
9620
9894
23104
28656
24212
32764
7802
6859
16043
26632
20138
19844
26593
1660
2627
9748
19297
26286
21210
29963
14216
7508
10970
12664
3132
31627
3193
25609
2431
29471
19691
19827
27715
4102
16341
19476
19840
11053
12036
17623
30597
14968
31327
4953
9612
25092
29722
17738
24976
10927
19757
9493
29795
474
9733
22467
7163
26221
6009
4636
31756
26396
18431
10512
31965
21993
24864
342
3156
21738
31017
8787
30034
8269
17700
28733
16711
14745
9990
20864
22525
22582
27690
17249
20920
17200
20478
8673
12161
30776
5885
9956
28095
17388
21981
25746
9479
12120
14601
16126
11573
26300
24657
10501
30396
32143
8928
10362
3642
13253
20335
25984
32336
8270
15545
18742
944
25823
15919
28570
18295
20212
20716
28839
5054
2582
5355
17601
13931
18265
26232
18515
1613
32298
11236
8887
15977
10823
11133
5206
9102
11023
32189
28688
10288
10236
28610
17374
627
7790
27134
29877
26757
31914
12080
20910
26417
28194
1939
25189
1713
15607
11349
29854
12740
27836
1866
11567
4865
29309
6882
8218
23659
11775
9817
13305
11589
2122
23085
21663
2600
23397
12501
14588
6994
1889
16304
16449
9537
22680
5180
10821
28545
9015
29064
12071
3522
14330
492
14902
16173
5687
20727
19469
22520
32542
8617
18434
26936
20031
29922
12482
6903
15181
21531
6197
27783
26913
13396
18088
20245
26113
1357
23850
20097
291
16633
30518
15470
6509
3888
3987
4501
18815
20900
11385
31070
5363
11286
5877
15281
31459
23754
8590
30985
4524
31032
16937
27851
4082
25348
810
10711
26341
2352
4060
1372
20930
18833
24595
9200
32412
1663
18192
23776
13404
17617
27044
26564
6663
26121
24473
2135
831
21195
1101
11398
26125
10644
15008
12487
24029
17832
10256
16044
24522
12876
11043
31160
1052
24118
4358
28273
2319
9026
20083
30646
29399
30310
16343
3667
27872
21480
13493
14035
20570
15310
19013
406
29685
21143
22882
20771
10473
31272
31651
23230
2362
30473
27591
5438
31546
30161
17750
2585
3663
1247
26501
15553
5366
22091
32602
7219
8200
24092
32018
13004
16189
8380
30912
2143
10990
17833
18998
27270
15135
17004
22568
3893
20412
12751
25231
17813
3619
11083
19532
10511
6115
11968
10254
2726
7875
30825
3189
1163
31239
20750
29560
27627
8430
11899
10500
5388
11903
14386
3301
7576
21125
1117
11242
12601
21465
8454
29764
31845
2015
15754
2352
16764
25427
2123
31190
17424
2118
5286
24432
32387
30051
23845
9902
21976
14967
13813
2137
16323
22065
17306
30008
3842
8486
18913
31024
23024
27159
26390
22958
12120
10103
3960
29514
3463
25128
23786
6820
20389
15750
1771
1170
1349
16550
5832
31102
26682
17631
11280
22537
25772
11658
25929
10996
26476
19719
16609
22081
26245
6913
2664
8085
22548
8178
10236
5601
2905
14825
23556
7233
6157
7819
20257
7205
22518
15959
30305
8878
7866
27951
10678
27995
9201
29716
32423
10724
21373
28722
15174
28006
30750
8988
30050
9921
29761
6232
12797
4158
32025
17438
6400
25718
3057
32605
4398
23151
31169
1279
22615
11527
30975
21614
27598
12694
25015
7511
21789
16847
990
6318
12022
31975
29668
29426
30317
9210
1416
11186
31845
5546
26864
3664
2888
11529
7673
10245
5372
1977
12748
24357
32018
30545
31410
4004
21312
8707
17961
20698
4625
5756
11575
18563
13787
22284
766
12042
16370
8199
4497
26887
31259
28011
6406
23046
3651
962
17612
21642
18033
74
2879
19281
2298
13396
11130
10202
25844
20458
15724
27173
17132
8116
2095
30138
3548
25117
4756
12268
26711
30641
8707
21343
16903
29385
7042
7368
24921
19051
31507
13556
13687
13420
21827
31756
1143
27351
5888
6679
18897
24723
30635
30912
22807
10559
20846
2649
6368
6241
21456
545
27142
23488
17542
25026
3857
5390
17036
30
10226
14026
16245
27979
5621
10341
8960
22492
23537
30116
19691
22371
20161
3397
26892
16436
10744
21221
18845
25707
23761
2081
15320
26160
9061
20732
2756
32569
16417
22400
9294
24977
26998
21161
5275
5528
16338
29822
19357
31052
24528
897
24804
17606
25772
9033
18871
14343
28409
4206
13668
22005
918
21413
980
20641
22238
12332
2658
2763
22559
20841
6893
21160
4429
31694
300
14819
12024
17663
27202
12001
17532
5943
27283
15177
8312
1000
5589
3012
17793
10657
23914
9473
23319
12597
10477
27133
10967
9754
23819
22401
32243
11791
17556
6380
28384
25601
4049
23090
846
23088
24089
31525
8797
1934
1439
2035
15118
9319
3470
6896
12023
14919
3672
2966
21820
27417
27722
3786
10682
13196
8293
11361
31877
11451
873
11747
13717
4364
20274
27279
188
2136
19015
5279
30171
32589
20913
27597
4438
3601
13577
30997
4293
12840
6357
14269
2029
24472
21269
20371
16878
11595
30232
17526
17085
8372
32148
16151
31957
23734
20982
21249
3882
14273
5623
26071
8031
32062
29296
7133
9272
24109
21615
28090
13394
21772
20874
19325
11538
251
9843
28893
17883
15391
973
20165
25476
28996
7486
11792
16393
29894
11974
28561
14976
25777
27727
3414
25423
21543
3973
16685
6301
17922
30695
29800
18182
15035
4382
23774
8851
21899
29582
27442
27625
23759
29484
28248
5568
6577
4239
4180
24215
23301
73
4165
12966
8049
15479
23971
27157
10961
21655
30917
14187
2777
28570
15526
23113
20220
13370
30184
27224
30605
2958
27417
20096
24613
29148
14902
13403
10564
18862
12141
7145
25915
25896
31015
19333
3145
14744
23878
16407
31748
29007
21419
28044
1530
20400
10748
25475
20889
7046
5284
10825
5452
923
20763
27656
27367
12678
15719
15931
17221
32452
2275
8037
15663
10
25151
32003
25472
23258
18120
21951
5767
6485
22249
19430
9389
28752
21490
15388
22104
11177
11033
11343
28943
13531
12735
9961
30174
26577
30452
22090
7932
10744
20028
29813
24747
30616
30611
25353
29024
23396
2224
32628
7460
1104
31623
1891
26682
28066
1553
8572
17666
19788
8015
24144
24861
15481
21901
17803
19922
20070
23012
17262
1968
2419
25858
2688
8565
30330
22830
15744
5679
14943
17798
30109
1697
28136
11915
30954
26088
10191
16352
13580
22879
27926
19279
21045
20415
31643
14605
29271
5003
8940
19775
28817
23723
8028
26300
13550
9558
11095
6933
28750
17974
15090
21459
21668
7623
5574
20735
7522
18177
17151
13544
31794
9014
31664
32032
15847
15165
5994
3272
15283
15312
9996
11277
27802
4403
12764
8435
11046
26134
18647
17746
861
2493
25670
15901
7408
350
16274
14314
5557
18635
10073
19631
24663
1616
28097
30410
31565
13791
30989
13637
5128
3946
8302
17751
27249
11409
19227
5422
2194
12669
1443
21483
8851
32012
386
17135
13033
9262
13043
11349
9930
15503
262
8895
12004
14966
15346
28246
2126
26093
19884
19212
20927
11042
22713
23589
16638
18957
14656
30965
19609
10579
7267
14059
7642
20586
8655
21710
24311
19710
15250
27463
14729
1940
16430
1696
6463
19310
25323
3531
1748
1454
1649
6822
12094
32702
7573
10109
27433
6382
3700
13776
23203
17247
19390
21079
26905
18465
6229
6724
19842
5784
10519
9672
23258
8996
6391
31704
13522
6400
25427
29489
15558
25451
22658
9370
19183
20998
16556
21097
2010
23678
8414
26952
31256
18794
22109
32313
7224
15479
31803
28120
3826
28610
20265
224
15269
7301
908
14833
31492
22262
16851
12433
5131
24940
15623
7536
10041
15044
6051
31728
23033
27651
2727
25828
22113
22844
744
1688
29470
6581
10410
24083
6063
6981
1392
5528
12498
5376
15379
11379
18748
3351
1810
19442
6797
30201
28969
28081
10883
9918
31781
14106
18542
12998
10742
11821
32484
25757
7174
11133
19893
24610
15561
11643
16417
12265
10134
28919
13129
16861
17077
29412
24804
5930
16313
16220
563
11098
30223
12772
7991
22205
19416
2800
24097
12303
8436
32426
26378
12629
28767
8431
12260
9224
7105
21146
17585
6261
5440
5126
24563
27748
23449
24782
26467
9464
31855
30935
8421
8150
4323
14993
13244
24457
26724
29305
18938
30502
21960
17379
26171
22827
21148
3830
16787
3501
27833
30712
17861
5043
12824
29644
30646
29149
3816
32184
26145
14921
20957
23148
28811
1462
19146
3136
31354
10730
14194
23742
24290
12114
29340
8032
14304
18921
6501
4506
20138
22874
6874
31771
18375
13417
26054
31057
24443
17295
10441
1323
19078
12004
22698
14882
3854
9027
28910
24442
27097
29352
8874
11461
5055
5084
26005
26282
31583
17749
8033
14564
18194
22359
21836
29069
13085
24928
7154
413
8235
26307
14693
26286
26106
11923
11647
25090
15956
21186
5239
8390
23617
19082
6067
14744
891
29708
24797
9032
13346
24888
17209
2267
16049
27628
3894
7894
21553
21856
17475
23993
26284
29889
5347
17865
28133
14620
28932
4114
25670
638
2701
28845
4122
5722
2102
20031
27900
13098
23196
4802
18831
1881
26517
31112
28016
3937
32704
32380
23401
7985
21089
21164
1000
6865
21356
31236
31663
8776
18400
30300
2764
13502
27734
9142
10188
3806
27098
10688
13100
18558
3321
9889
1808
30082
29467
30449
12087
19965
8724
16137
23855
8602
15861
6526
27845
6715
20776
3816
3264
4575
23228
15080
24527
32713
5885
17001
10687
16607
13896
32549
23793
16208
30237
1131
7180
15737
20598
24864
1007
18442
13655
17157
20970
4964
679
24375
14893
18502
11838
17404
640
937
22079
30652
13621
3560
11176
2382
91
3364
27431
30070
5429
14055
22576
1451
7147
17671
28236
3101
3966
12750
15540
8438
5633
32599
8222
17632
10503
3643
20183
3272
8792
18286
27410
15074
232
7523
3968
26862
31241
10359
2592
10169
10975
25228
14681
14310
32276
17908
16198
16366
6606
21394
32593
9062
27102
17467
6659
24449
6715
26978
23322
4309
5550
245
19932
1634
23758
130
27564
1488
18735
7070
6363
9464
4311
2439
25536
23718
7665
19976
14859
14493
3782
2461
2134
18652
29160
5336
30717
14368
4784
27395
16176
11178
27115
10247
14150
20546
1745
7565
11604
14460
1079
17250
8447
28730
24069
1824
25998
26994
15081
16139
22852
9778
32333
17465
9964
17377
13959
30710
17845
19399
15184
14438
11072
27856
4216
2156
25592
652
24792
28363
1442
3451
9607
20619
12340
136
19793
19103
4331
2003
30820
20164
7064
11443
7245
1964
28219
31484
9251
18524
4818
2941
24834
2771
4979
6093
24251
16876
5273
31560
28874
645
27068
17748
2953
18401
22564
16617
15779
22347
31742
5456
24010
1788
944
25642
16557
27711
13674
2229
2852
13523
29437
23627
29870
12177
12273
9259
3614
18510
3537
3196
24721
31491
4810
21647
30883
556
11893
4197
12771
17517
240
9073
22148
17787
6195
22686
26453
7738
6049
15252
8179
16419
32222
5943
2876
2025
31969
15729
15368
25436
6218
31794
32276
3725
32245
25525
4927
11315
19663
16900
20729
15693
15848
30654
12792
15369
25546
2584
12332
24037
29706
5666
31478
16660
20252
2380
23957
2339
14955
17192
27105
11996
169
1137
15163
1899
27748
20301
26052
18111
20699
7375
26061
307
5391
3008
9103
28782
29981
27807
24348
32647
28106
20198
6294
25197
1632
29583
18591
15495
27833
18647
32016
6807
6041
21314
11758
17380
25409
10207
24218
9880
23616
23501
24391
25447
11405
3326
17073
15473
24275
26683
23565
27498
27660
20584
22843
8952
18257
2826
19779
16220
23536
5638
16127
27221
12736
2731
4117
13889
11185
12787
20521
29830
5287
11782
20560
19248
28297
23808
2759
19932
14228
22772
13029
7636
6646
14641
334
21883
14744
30916
4202
17132
5179
9790
23829
13790
10182
16567
16280
25803
21214
26130
28888
11601
9144
13955
28622
13272
2347
4431
23351
9845
6666
3795
5005
9998
26288
23496
14645
8383
2268
22981
23290
3197
26048
10501
26810
26873
22100
32619
15967
27079
10736
28867
23313
8640
14106
3147
6315
11429
28317
29554
30571
7173
9435
19935
20973
11104
1379
16053
3418
32652
25798
16150
6621
30040
25767
486
22358
17264
7698
17617
12883
29568
17935
12943
3388
30364
118
14950
18893
22752
21764
241
1737
22611
31407
20001
26093
25361
27959
7297
28195
16554
254
11710
24057
27333
26905
18534
593
22793
25511
752
25946
17469
97
16381
27071
9389
13683
16349
9758
28624
13963
27477
5307
22825
16943
15263
27510
6763
22867
25523
12282
1760
5419
7877
23608
28171
3902
18447
10004
4493
4028
8144
17757
12869
30225
24981
14083
30907
4026
4023
29828
15551
20823
6181
4264
28749
9730
13923
8814
12724
18656
14035
2886
18679
23797
32564
28032
5236
14141
104
26373
10435
3832
30074
25669
10209
2117
5087
8048
5006
19698
4348
8169
7923
10131
8425
19960
17288
21713
21109
28351
7477
32517
27754
7279
20920
6150
12306
3771
1862
1342
9465
18317
11893
20996
20981
30712
9049
23590
1892
12655
27117
11972
7861
14132
2485
32613
21290
1042
19618
324
6107
22607
25910
747
3839
25565
16360
2563
1639
24784
970
24939
7499
12821
1641
19847
30537
23136
14069
23259
8363
24422
17570
31448
2025
27981
1101
25333
12398
20064
22883
25090
671
2824
9727
8121
23834
17911
1618
31383
19259
10407
23368
30698
1253
29699
26728
31274
7039
2404
2301
12684
30780
32702
16499
31445
4000
6428
10755
8300
28224
11337
2963
12724
713
22224
4055
25752
18755
2855
27581
13672
15255
20264
29448
14563
11087
16064
24634
21653
26782
9963
21432
20835
23200
19680
20009
31844
27874
13704
10783
18930
30245
309
22777
12033
31839
12177
26376
9392
31235
24533
2800
2590
2178
24891
17489
22655
5138
10165
19879
23919
31918
30943
25967
28549
18526
25906
12940
20780
19128
24955
18408
13742
26023
5260
2910
7314
18283
11570
984
30504
18913
21607
21172
19554
22277
4040
23661
20197
30389
10313
25719
6496
27064
26919
8298
1309
30206
19230
1635
20182
18473
24541
23207
32201
3661
4535
16522
16654
12276
2971
21136
14121
18278
23878
1489
21468
16423
12215
23714
22591
16064
7651
11377
4370
13762
1451
31473
20305
19465
25867
13944
20233
30782
6036
19877
107
30111
2076
27205
26398
30211
10932
21367
986
13592
21210
15119
31795
20720
14832
31289
29874
3004
18925
351
20778
23255
83
32588
20297
26374
32097
913
12142
25086
5001
8231
24506
21798
27428
20055
23914
19871
3685
6871
16484
2434
29067
23862
9487
2664
19291
32377
26728
12592
20942
4871
27219
18172
12039
19394
18990
6013
17031
631
20908
113
676
25976
481
6761
4663
1671
30361
24272
24214
20726
5102
28457
22978
11021
12826
24984
9441
18092
15241
13988
16110
25905
28979
23611
2991
4764
18728
25078
18151
7154
7020
17055
14286
17631
4358
26353
14526
158
2388
17822
26415
12830
27041
17559
4069
14173
2809
16263
11112
17432
14908
22432
32437
20391
32370
28827
13363
6691
6494
32506
232
3273
30294
2961
10733
31139
31570
4164
32287
32357
28738
4626
6168
3733
28837
7251
31838
26862
6999
317
26585
31751
29866
941
25227
32304
11961
20005
27259
15516
19449
23312
19186
26054
20497
12878
29674
21261
29420
8172
26052
5537
2572
18483
1337
19107
7201
15589
27539
31368
21210
30659
1821
1983
16123
24146
8152
28819
8880
13023
5231
26706
13856
5825
25453
2991
6726
478
21678
13413
28156
21361
22291
12317
14681
24586
26234
24210
9021
8406
3566
31475
9514
26656
23066
5257
12630
16152
20484
31385
32510
20691
15352
8076
28924
1684
27841
14157
19100
14666
12064
5363
9900
7257
7542
2976
25810
17821
6084
22184
291
30380
30677
19702
2544
2908
21946
25516
10211
12678
28791
17418
27723
19977
3836
30865
22965
13073
27991
30056
23228
2969
2599
32766
6946
8238
26708
14833
30495
22774
6397
21295
29944
8434
8626
10075
31956
3712
4836
19058
17100
29988
25241
18606
5953
17543
24420
7594
4466
22720
20373
9928
18509
8147
4269
5328
3462
14455
19221
8409
24295
28189
3599
2157
487
13869
26604
5352
32125
4755
20096
12833
26166
32122
27603
22604
12422
16983
8985
19743
32091
26666
25060
52
5368
4353
4505
1711
1025
29373
15648
31264
3794
19736
16096
16043
28437
231
2795
29798
3988
11421
26997
6146
14923
29201
13707
5806
27842
18817
29698
22840
18074
1494
22189
2677
18021
28201
32723
7396
18619
4231
6623
21390
32138
12785
5978
21040
18349
32679
12055
30876
15040
26023
26797
3421
11059
11888
19754
31642
1182
20491
4102
10301
23124
2636
17494
8787
26171
14934
29250
12982
27099
1885
8377
3818
9652
19632
10084
13126
23253
25846
23768
10324
2730
15031
29967
14202
26902
16927
9241
21209
13505
16383
22799
13429
27060
533
9545
30870
547
27789
9168
14191
14729
199
29974
25086
1531
16731
8933
26163
15285
5979
150
24148
3834
7384
23427
20384
26651
28839
4031
15411
15829
30564
21764
3113
27103
11704
22508
4614
11204
28632
29540
11862
19951
23118
7774
22160
8452
10236
25031
832
16759
12638
27321
18789
23383
28943
3313
8984
24682
12687
18819
11119
25727
18499
11724
20897
5120
445
7849
18283
30919
9022
25574
11954
306
9593
2042
19049
32122
3226
24561
14005
1856
391
20393
27727
1897
4198
7745
4907
20012
12383
28367
26711
29033
30883
12625
15141
25917
9901
8167
17804
723
22984
7231
25548
29053
10193
336
28497
9731
28478
15691
16602
27707
2655
18382
7642
11993
18404
18523
5406
29065
19616
266
3761
12603
17036
20858
4861
7870
30991
26125
3378
26513
23164
26453
3308
246
23261
15817
19216
10567
17391
15805
30198
5005
621
20369
2254
29007
22673
26664
12860
20136
6617
26011
3654
29852
21511
9263
14192
17836
2411
24453
29477
18600
24676
13329
32089
21957
27685
21709
14189
6640
29365
18735
15955
25697
21561
18264
11250
29298
30582
32398
1996
11698
24466
26092
10974
4149
20250
25432
6855
9007
7242
24246
8237
19393
6792
5467
7261
23059
15665
16837
25137
3747
22424
27529
5687
2525
7756
29580
23055
23019
19866
12406
18197
6862
6483
12132
31809
23726
18896
27870
17227
17518
10802
6664
4370
6788
11246
16924
25918
15368
25482
25623
19748
8714
17057
21683
3563
29481
13101
31894
14829
21345
30726
18121
13664
26149
30373
21355
28214
13998
20014
17063
19265
31378
24494
11235
5787
25240
11168
5434
26437
28107
10423
32557
19982
29389
30679
22677
18871
21358
6500
28380
18004
3709
1984
11885
11253
9183
23311
18281
16518
32477
23102
2716
24820
23234
7491
4783
21906
21926
9382
3487
17850
9605
2624
14958
3767
9108
12099
28440
482
8660
2938
15048
19980
16103
466
30796
6172
11299
24090
25798
1785
6629
24583
3749
18091
15911
30587
12500
18109
10581
5638
20017
14309
23901
14766
8513
3303
23302
5355
13346
694
6530
30710
13505
29660
7238
24387
22861
31517
6937
19276
26859
10583
28779
17809
15531
21165
16873
14045
19642
14052
5966
29386
7642
2317
21372
7303
8976
6757
17355
18649
26524
11385
14753
352
5422
11918
25155
3356
10839
27199
20714
8752
30014
25448
28442
25829
9876
28483
18223
22513
4298
18129
23865
8698
26497
6268
2569
19542
4930
23802
3212
24341
28015
29556
17752
32321
30841
18664
20613
27748
26708
3788
29118
5707
3880
17652
1687
3082
586
6837
29473
2880
2922
27467
15549
32412
14862
22904
18221
5792
10559
20078
26609
24485
19841
24559
17360
31008
24329
25011
10933
21027
13355
9738
26044
3879
8210
12738
11149
32008
10675
26443
12009
13649
12035
27929
31618
22458
18536
21322
5392
31983
110
15497
3233
18067
13244
3634
48
12421
11590
27574
14458
1890
21188
322
22797
10315
30050
24987
22178
28136
6841
31565
10156
28332
20990
26884
25393
28763
27001
8506
16857
13514
6201
18706
13637
999
28679
11908
2465
5880
11160
11707
17789
18728
11527
1467
15320
12607
16514
24647
1150
2225
30531
4354
20117
986
11969
20436
16754
32648
6184
29327
24497
10170
21511
27091
8324
31655
30281
1327
13131
21250
1639
17032
8549
18557
20444
11455
16966
11660
5848
3470
13770
27499
1336
30387
22729
30050
25526
26193
26604
12360
29533
2707
17599
29510
31553
26770
4359
1501
24172
27257
5205
16170
19995
6375
8155
10857
27691
916
25727
21689
29134
7480
28462
10270
11906
3752
16243
30668
29508
17730
11336
8611
15872
16524
2860
26870
14669
25368
19829
28304
25687
19115
2024
27129
30492
29597
6279
2037
22236
11139
24234
4686
11978
5900
14673
17619
264
20265
16313
29601
17362
22897
26669
26273
24314
32707
4383
3666
7572
19245
8311
30153
26610
9740
11563
5622
22995
26997
26384
28200
2263
22996
12528
1491
3894
22227
8412
15250
11954
17022
23235
1384
8138
25508
31044
1611
24881
18304
30913
7395
7038
26264
22709
20367
27941
4326
26439
14761
12966
25910
27423
24075
7940
22479
8056
721
14457
3157
13942
31329
3432
1774
21946
32169
13715
30884
16693
31656
29582
11019
10297
560
2676
20259
18646
9194
7128
13183
23907
32666
8702
9639
2139
19620
23115
700
12907
4304
13307
15194
3784
25418
5906
20162
14790
24813
6037
313
9639
13760
26873
20907
18864
24513
9692
29332
18307
3810
16371
18977
31400
18002
11332
15762
9837
8957
8085
19426
13808
27478
28452
15274
17018
19540
27032
24643
21518
26554
15416
14890
4162
6044
14427
30377
19278
2847
3359
4788
12131
8320
18782
9490
28222
8280
14814
5053
12540
15902
30664
14474
14896
493
15196
14604
28211
32647
18146
5558
13755
32411
32228
13377
28335
30787
31898
26957
24378
3537
17318
17739
24351
23755
19458
10394
11084
21556
5942
25328
6065
28429
4046
25084
4946
30748
19979
13130
12955
15084
5337
23910
13300
17941
6913
21572
12950
8893
29856
3295
31645
9567
12504
29729
14686
15308
32709
19715
26874
23663
29874
14837
20020
31444
14477
30080
22911
9580
16537
32298
13403
12426
23907
14746
26594
4786
13815
21244
20894
22035
851
22695
23198
17234
8220
23805
9417
10633
16528
7827
8818
26512
26300
31635
19500
6779
26351
13406
26847
5475
4206
16757
7195
1642
20073
16537
11949
27897
21806
15665
17776
17740
12189
22509
31334
3377
16604
4521
3079
1548
3660
15764
5849
22559
26043
24209
3393
31496
13275
29661
24985
1931
7922
30962
5762
22162
14804
7340
10620
4466
25359
29611
2996
6000
9317
10744
7452
23684
9855
30699
24001
9565
3295
24140
18778
17572
19991
28088
4380
15749
23608
7494
10198
28524
12686
29803
21561
12044
5514
3099
15735
28838
11776
11057
9745
26504
12435
529
18665
16084
18541
18828
3231
20354
1075
18692
282
30632
24631
2000
23397
30457
16624
11745
25533
29836
29096
22438
2536
4576
31605
24878
5064
12060
26730
27789
6703
17563
18190
10112
18421
30119
525
5204
3912
16517
24622
23043
18756
28595
16517
24481
29635
12397
26346
14070
375
29301
27818
6765
28726
29972
10620
557
6548
9564
10422
5253
29111
12721
32448
30093
10343
30344
4809
14858
24677
10349
12474
403
28926
24395
30568
31730
26079
26344
30478
24013
12587
30895
5114
2182
17355
17074
390
26975
6
24559
26954
21474
14929
9682
4752
23424
15464
27388
7688
28792
32413
11075
10686
17402
2928
11514
29000
14220
16737
2930
15940
23470
26370
19136
15618
16825
17744
22721
2429
9485
15427
8028
2192
12139
1444
3079
24934
23712
6687
12429
11059
16740
27801
24846
8993
14721
28612
29511
32398
16696
6640
787
11636
32224
23332
24626
8488
14800
14701
2378
27464
22399
1910
22571
18670
32746
26969
17239
28202
4150
7093
22722
9648
2711
12545
21974
6349
3696
14623
186
21408
7100
1844
9940
22918
9644
2488
25741
24022
14481
26825
6740
29903
14077
24261
13029
20686
29221
32535
7883
24516
8586
24401
10531
23784
32217
22140
2468
10921
783
18091
22492
2279
7648
9431
17340
31586
18522
13030
14167
29811
22982
8205
17895
6138
3535
856
3089
10903
1766
25735
25962
285
20452
18204
6969
1091
8433
27570
28799
7325
27557
15248
12084
6859
29294
4734
6868
28657
28466
23256
27674
19047
3381
12256
14859
27313
14908
31320
29751
17585
4851
15185
21052
16667
28300
31038
23691
13098
19881
844
29295
22161
12412
32502
29003
27061
6188
29651
24867
14361
14203
18867
19037
10521
5799
27883
6345
9948
11917
3309
12256
29060
16148
10524
5193
12967
25801
24542
20130
25859
12743
13298
27516
25709
19930
15364
15527
14859
25060
28798
16305
30915
21119
2978
19881
15859
3555
12246
30760
10851
28939
18494
14227
26488
2067
22416
20122
3242
11749
10532
1796
31031
20244
6219
11183
30233
21512
25058
25554
13366
30300
13351
21382
31448
1412
28875
9605
6748
24243
21832
25137
30510
7163
32116
14296
16629
16055
29782
6198
10762
22822
18233
20283
13103
31576
20224
30479
24446
26446
9145
27988
25759
20573
28277
11691
11070
10707
3414
13689
13244
18653
15849
21739
13093
23976
16822
4407
31843
1991
12566
31781
2481
2517
28741
9423
14930
24667
31416
1444
6274
16371
30897
5043
15277
16046
21264
21287
6879
11444
14700
5389
25468
24618
20066
16990
10289
30809
28205
22585
31786
23564
17271
31088
20101
30521
7791
14662
6663
31716
16924
887
15630
10817
7153
17785
3527
25625
6561
15618
32417
3950
4405
4042
26370
3170
28507
4242
17464
16981
8193
21861
1714
2126
25890
798
16240
27804
4064
29226
16824
8125
20436
4239
3339
1662
3234
9517
4951
14180
32208
22596
12142
26443
29912
9527
24503
2381
3451
6544
6435
9701
14425
1347
18019
11604
21439
55
18265
18756
18112
26882
1228
29100
21127
16629
27743
18675
3563
2392
26820
856
16196
1526
10797
23953
2173
2269
21251
26290
6507
11103
23771
8529
23645
6236
18854
16360
20725
19396
29991
122
2358
27479
6827
27514
31965
7343
25332
31208
9973
31873
3702
26301
8614
6944
4038
12169
13390
8770
10831
2139
2003
2055
26951
18145
30007
29495
737
2256
8812
13515
31684
6534
24938
31408
7869
23279
1408
8135
7344
13733
8935
15664
26837
21595
27805
24776
9504
11899
9328
3312
13057
9742
20825
26001
15438
15581
12300
11869
18558
9429
4557
32343
12823
12208
7557
19605
4201
25042
10005
14916
27005
11377
4330
15854
16457
4857
27602
5112
21285
16303
18702
6255
7811
19348
29352
28164
30682
15756
32263
5716
21731
1215
27840
24429
4872
29248
20399
19086
21274
30189
8263
20527
15682
8854
17446
9537
16698
15713
28396
26039
9916
23660
22094
18501
571
22709
27750
16232
25042
5943
5197
11174
18042
27990
1260
791
15743
9341
19983
4644
11829
24838
13243
14735
12263
28762
21442
19892
31760
16985
18836
31502
20685
4604
17496
21500
22419
312
17212
27589
25629
11302
27657
8922
8105
30562
12282
2140
29796
7601
13006
29918
19747
16614
10268
17004
32083
518
6887
17868
25907
25770
21362
27907
9793
421
20309
10012
31729
19687
32721
31012
3237
29345
16993
25721
18138
4010
18321
581
7839
18722
23571
30789
16204
1877
18448
10959
1392
22497
14524
20499
21771
15132
26669
18593
8190
24752
30573
24875
12479
6024
11982
24972
3409
29936
6269
3338
1652
30455
10586
30680
18201
9752
27655
21983
30744
31258
25151
9919
19493
1589
4202
25360
2049
12406
26478
3821
23277
30821
199
21939
7012
4324
24794
4870
15369
20826
13190
27925
3295
16913
14077
25631
7352
18397
18642
31543
20208
13055
18771
24132
31066
13640
18712
10571
7803
898
13532
13553
6134
9739
29580
3131
17736
15555
10910
28569
4789
14888
7332
2339
27778
22976
22049
13858
29285
21944
7323
2514
32570
8138
21489
28006
22775
8548
19951
333
7394
18182
14368
9140
15362
23275
7139
16460
7123
29421
9409
19789
12094
30115
8446
6587
7111
31436
28782
20712
16137
2800
21898
22330
10335
580
23747
25646
23269
6863
19991
32157
27551
25035
23777
14398
20471
7246
2549
24941
28781
24361
27628
30250
21386
24080
20925
2917
29973
13820
29582
2937
7562
14030
9673
27894
19912
28725
17009
18083
4874
1489
15543
25795
22296
3737
4808
17304
191
890
4586
4902
30846
320
8391
10297
25986
25018
1032
32425
14037
28697
20774
12509
19666
15514
893
2190
22236
21349
26531
3277
14671
23220
20727
12616
4023
23607
19837
2761
8000
15800
19433
11519
19822
11515
26617
5505
28430
744
20744
18448
877
25067
32481
28
12231
5020
10449
7050
3842
27035
13056
8885
10652
9662
1536
4531
10723
11631
1191
18137
8292
3151
5146
14977
27813
2592
27179
25610
7703
22497
5605
28705
24902
6202
30308
11327
19795
18203
5099
19315
9636
17569
3888
26722
25562
1849
6906
26764
7683
14599
13294
9425
7441
17545
2726
31539
14220
5239
21508
11741
17539
2798
29638
13157
15048
29646
13658
23630
20573
30305
1779
29137
11817
19005
27356
12764
3055
13163
4877
19548
18561
2504
23292
17848
21041
20396
5045
25245
29577
7114
22061
257
22588
23127
20435
610
24155
10607
15721
11087
1996
21684
2066
7210
8185
13368
14508
18220
27077
29341
13663
1961
27076
32378
32118
16022
8363
11009
22382
6216
18949
17375
9549
24446
29480
6244
21302
418
32360
16868
5177
10316
26250
10589
24943
3080
22140
4185
28487
25689
26947
8470
3355
6398
9780
18917
8967
6259
3431
26576
16890
30651
18537
1151
31245
16221
21297
11101
27412
2477
12629
6646
17267
22092
894
20387
8500
14066
4378
16490
2390
14699
6736
12064
26983
13024
1593
29392
22357
20568
16717
11105
897
4222
24603
10610
4373
2725
23102
3465
18584
9993
29068
25197
22719
11352
6544
14032
6534
18033
29499
31281
1408
27243
12502
8449
23915
15321
30267
21509
10760
22348
2373
12027
4138
9754
26245
21120
11020
8030
3638
19761
24807
6720
7539
8209
26052
5495
1960
25131
24719
6156
1095
18296
26222
3936
1212
3842
16465
20080
18082
7242
11977
4696
22071
16359
8221
12310
5389
29553
3227
20369
6403
3229
27948
22490
30580
11177
43
28849
20654
26875
20599
15691
12198
1541
12999
13394
4586
9579
11582
14638
11222
20072
32064
23171
15627
16238
12163
23034
2333
21516
32361
24901
18572
533
27277
2141
9718
12799
16795
4366
7050
30345
1894
31670
17600
26528
30004
22858
30791
9348
860
32409
15935
16679
12564
31957
30377
8918
32388
847
17436
4122
19743
3714
3769
30689
6706
2131
13153
13273
18365
15767
13093
18973
26499
19670
30461
29203
15453
29262
31677
24724
26067
21819
31302
8014
27117
14934
24569
29543
4423
16284
11122
5987
18788
1360
370
19528
324
26691
3612
1536
13369
12627
1637
14078
5878
24114
24006
32549
6889
26473
1075
16869
15307
10140
16465
26535
19317
18447
31204
20075
12277
22121
2182
11695
18401
26552
23199
29075
26859
27830
2193
20796
11446
6987
10291
9334
32744
4434
29825
15517
10113
5280
7570
17597
12395
5186
21706
27896
32081
20231
26960
25896
26293
17215
2242
27334
8509
19393
30760
28171
24142
3635
22823
4692
23260
7813
20344
3531
20609
31679
6808
11332
31948
18941
30656
31077
13019
28087
24599
22026
11052
27718
30503
31975
1456
13732
15757
14960
12833
15220
23541
23541
12950
31042
6726
6674
27733
21003
22298
582
31464
26368
4977
9186
14707
19335
26278
1061
30276
14979
28322
7589
1196
12501
4175
28400
8461
4387
7247
23668
23349
13527
11247
27036
31466
3691
19030
3388
4806
16613
15875
9519
13638
20637
1654
19775
29
20806
25132
7492
29134
13612
28881
4752
15737
8635
17842
10379
4341
27969
32369
25755
288
10741
12796
22855
4211
25143
19391
25755
986
27161
10009
11726
31170
27167
32525
9762
30579
1859
1595
4364
24736
19516
15118
22421
3388
14336
19510
11008
29072
5512
8537
15021
3211
211
23557
317
4185
15661
25834
27895
31031
16561
22854
26474
1669
6413
27808
84
18972
3461
4793
16323
16867
8763
1472
25466
12189
24749
31941
2966
8965
2431
9840
6770
27165
4987
15347
19399
23491
7126
16445
18200
12421
11188
16240
12621
23990
30447
8854
414
9921
30740
27536
7602
22718
3503
27982
264
25667
31945
21574
29591
18813
31918
4894
5041
2687
12276
1964
14125
6105
11960
27681
26565
27501
1579
26753
32445
17790
20814
22615
9158
16394
20217
6310
13089
11354
6434
29218
20231
28375
24924
29600
8265
19743
22174
20684
2612
25176
6214
6426
21943
11717
23133
23295
6088
28566
7965
1888
22275
18437
10672
10571
13460
19614
3643
17893
7256
2014
795
30883
16447
5888
22383
8125
25333
23060
13014
11488
13761
27217
634
28196
19885
19116
14157
25405
29671
1706
14738
29429
21863
13170
13728
5338
21970
1830
9698
17203
2462
31347
15907
18745
7032
10343
7176
16772
8418
24707
24798
22724
8737
7954
6294
10417
22870
24505
4622
16197
27883
32334
3219
9768
10544
6637
24227
32364
32070
11849
31223
1146
16189
22337
28865
4172
31609
29364
24626
26077
21338
5269
25663
27102
12060
322
30885
3755
18171
8721
27434
3453
18331
10284
17190
16353
5544
20896
16963
11625
29881
1200
25217
8609
5499
13679
30077
24132
20235
18830
18674
15792
1955
28274
29824
22936
4217
5513
13484
2553
30948
2783
30505
20559
7361
23020
31830
776
29205
29873
12807
19769
23028
20739
11144
22160
30881
28710
23263
10122
22774
1181
28498
7653
24326
10817
32041
1369
19970
25745
21173
10371
25945
22345
7825
28194
22819
27958
19240
22149
10688
24904
13175
27972
7868
24041
5397
815
26870
9869
25456
17540
12290
32650
24665
32613
3787
18475
7619
11912
17277
31487
19655
7217
5794
2167
32236
12637
15755
16304
13990
17728
15345
14734
28
242
2268
31242
21294
11110
31428
15309
1463
29083
16118
6653
7439
32534
24634
3159
10709
31375
8371
27006
4331
15083
11014
25490
26049
18538
24255
13061
14807
32290
15344
25514
1405
24492
12826
30735
3550
30493
22097
22285
27708
20279
17564
14237
6781
24033
12443
32493
10471
29397
26988
17588
296
32409
21710
29122
23193
17840
9607
11483
17347
21521
20740
2501
25891
17624
2112
11936
24874
12860
14311
25462
30088
25025
21434
16403
16810
174
28981
27671
22145
1218
30063
9545
29574
1315
23107
46
5371
8087
20141
5851
14195
15862
13942
6663
29844
20448
19732
30820
23836
19627
28620
4144
13346
4511
21273
7942
28575
28774
10065
25595
8748
446
28806
10214
12813
4209
5546
8191
367
12423
27383
24236
27630
22202
15246
18071
15706
1066
5727
13316
1467
23122
25160
20578
28306
11067
32129
17439
30050
23023
27703
15041
12143
7985
23159
27955
31430
1643
30030
9820
16509
14056
24367
30198
11324
23875
17300
1438
31997
18720
19944
17447
21263
4889
1957
23348
8033
24316
25018
8966
6141
3635
27951
2194
21971
30339
1803
6615
32696
28922
31606
11374
9902
21794
25627
21091
14182
13435
17872
4419
9475
27176
12665
3958
12577
21225
27689
11215
29974
16713
25227
13154
4215
537
27521
10646
8415
1308
7690
22139
26347
32260
15977
3933
15497
4509
1668
28057
16499
25417
19850
26543
23286
5804
21208
153
32760
6568
12318
347
21049
19084
14013
28892
3033
20104
15476
15860
20507
11365
6972
20422
19048
32626
26736
28752
16023
22210
10033
17728
28267
5268
31241
19209
30813
25107
6094
1591
5020
2880
1994
24319
19795
22316
26904
23323
11050
12394
18769
10709
22287
12740
20073
13921
14390
27437
14291
13423
7518
29431
31468
23297
23639
5958
32406
16762
2753
17349
14883
4856
13334
28567
15222
3044
12523
10129
22628
30152
882
2214
3936
5472
23876
16034
23384
16115
12893
23324
32474
1251
32104
6309
2683
13444
6462
24134
8825
5418
21417
5930
18335
7558
7533
12951
10089
4914
31625
24611
14185
18570
7610
23588
8169
27838
15937
24680
14802
8741
12006
3366
9165
20180
14141
24117
12967
23408
10280
124
16634
21568
18589
7082
8714
8326
32681
25639
15341
17424
24501
2378
3311
24330
30473
21452
8244
24598
2446
2172
13727
7327
6104
25397
8435
17257
22371
15885
9272
23917
29
14544
18785
20709
4901
29869
32555
6819
32467
14382
32072
12710
17400
3950
13245
18671
103
15494
18825
25489
692
3144
28295
28424
19259
25392
1173
22475
7780
5783
25590
19493
3110
26154
16117
8512
4298
10651
26827
3715
13042
1686
963
13085
17113
17143
23196
6626
7900
1850
26927
12119
8506
9522
22610
24072
6936
14078
28923
17698
200
10810
19113
15677
11082
2930
14591
8058
21267
9692
15538
718
10254
19270
31654
25501
10977
22605
1108
27019
11121
18640
24687
16271
4264
28836
15047
12873
19830
11401
7277
2197
10005
8029
1304
19040
12434
20368
25287
27066
8073
14552
11432
557
24112
9766
9529
8781
32406
26584
1965
21393
29485
14896
9361
21601
12423
28677
12719
14448
7261
13752
20787
25420
28117
106
5132
4404
25348
32108
31637
25129
28594
5623
15989
6983
18782
23326
21700
4694
29826
28160
3951
30621
14105
14402
16093
29174
5213
2237
11474
16680
13781
26739
28052
23152
25999
15304
19533
13153
32171
1007
22193
12015
28953
21666
19424
24774
20898
21014
29326
6880
30509
19246
6753
31062
11323
17391
19610
24694
949
1076
28664
8471
15335
32418
25561
14121
21196
9183
22179
22160
12172
30207
23394
14899
1347
28735
691
26959
21252
5878
31456
26386
9502
17352
31564
101
31645
541
32530
11273
31252
4049
4841
12517
17562
22062
14923
1694
11795
28439
12246
9321
7089
2693
1266
12829
16826
18488
25780
20365
7563
22950
32258
26132
20701
56
22776
14449
16967
15285
7051
9429
9988
15614
364
19771
23031
28925
2863
6648
9196
14296
10413
19091
22817
7274
25255
2262
28677
8179
18348
12837
30015
28174
8252
19215
242
3300
11821
20771
4415
23968
31566
24325
28172
291
31563
22209
31236
29944
1232
1630
5343
31882
26097
31415
29412
10900
6090
29830
3500
7898
21858
13250
4648
19479
6614
3371
28646
23094
18867
32291
28047
30916
2979
12991
26293
13734
5196
12830
5835
11271
26997
9465
5493
8085
24682
27260
26627
22509
23458
28500
19511
20563
2976
31498
8271
4007
14103
26511
3135
15508
20049
30488
20543
16907
19921
15403
23685
6128
13368
18426
5716
1043
3941
4849
28213
26465
25824
21387
11141
27484
31097
14185
4399
9160
15404
12965
16315
30887
22600
22884
30856
27752
13009
30634
9813
4700
22306
23411
20230
18793
5846
1279
21157
3842
24809
12653
7080
32342
5147
29579
9330
20424
20629
20205
30236
27808
3279
2364
1140
27392
29105
9681
2886
1561
16889
16258
20699
26270
20700
13500
29120
20345
19440
22995
6600
702
23625
9621
20052
29405
25314
3109
11730
5147
21567
31751
18564
25155
30545
12663
30339
28312
2970
21503
20227
2575
6802
4680
9432
24507
30792
12337
11322
5001
14156
15134
11717
14637
5069
22674
27331
14172
6655
25345
5806
27452
3007
18655
2545
8217
18810
25085
4591
12121
16971
12053
582
23730
12131
14244
27477
17050
7854
31223
6652
25343
4276
8585
17570
12345
11709
30604
2429
8765
22072
16838
8717
11283
4701
926
28650
9610
9490
21879
18112
32042
17931
17980
6040
18026
18230
31548
24921
30755
10582
569
2702
28485
25581
2491
2153
2505
25696
29610
30472
28134
2134
30236
1784
20872
5985
15980
25592
22014
32736
19084
30975
19442
23332
27804
13696
29599
31953
11451
14316
3390
4487
32029
377
19905
4290
29789
5922
3012
1535
533
13294
14529
29985
20909
28790
31363
24082
20336
929
30941
9133
997
179
13211
23004
14684
13958
29881
16125
8135
5142
13011
25739
25291
13892
30685
19194
26135
723
8212
29922
7157
29879
1332
13664
10782
32143
27116
15802
20691
8304
14735
11841
18473
10724
28684
11900
1957
10546
15904
20610
11272
3808
15818
17320
28524
5239
19200
6748
26512
20870
21664
10065
32369
8681
14761
13789
22810
16715
1707
8607
8380
16362
10108
4452
25089
13466
24877
22859
30366
20493
10300
18472
11560
13649
9995
25639
9000
15258
2193
23218
1393
32066
23376
10132
10929
22542
8327
14174
15431
17075
23464
2313
24916
7065
13836
4830
8213
21726
2790
28307
26992
8606
28534
4279
716
2162
2943
3920
16934
32566
22010
15298
20577
29712
2572
5106
26078
26541
26678
20140
13645
31950
6092
1858
30915
8452
15528
19574
21772
12983
5407
5786
1858
18541
13364
26870
4254
32073
11276
8810
21647
26322
15522
16725
23817
6135
23228
7861
14624
21839
8990
25743
10709
24229
3581
17297
4400
29107
30390
11254
22415
27182
19392
3498
15165
8963
31455
25518
15942
31969
28059
3775
9866
11767
10737
17202
17425
16127
27464
3619
29086
22907
18343
13774
903
19262
13604
31037
6339
25391
928
29476
581
2890
7857
9225
13448
17383
11232
26535
30572
25663
22805
22933
18496
17452
28495
27939
8736
13104
32152
15493
8321
24761
12345
21299
12298
6563
10282
30607
16806
32511
26316
14280
13271
6675
8666
15871
26189
29089
5021
12201
11191
1133
7008
7221
3545
19705
16932
16110
6110
12947
30613
6178
6896
2961
6972
8580
8455
5340
9717
8655
510
683
1956
25516
20204
3729
3364
21462
1969
9914
25216
19068
20175
8818
1382
999
3964
8166
15320
3164
18933
28463
25381
9028
31252
11916
11032
22922
19493
31727
4463
28485
5110
24508
12686
13463
14893
21709
15477
29140
5086
4537
11504
6887
22621
30550
3085
20978
10577
18556
22995
32053
24842
3852
28209
29745
6933
21041
26165
2061
11021
486
29055
27448
30131
15289
5108
15440
24641
19662
12215
14403
18940
5414
27477
22452
17417
12321
18495
23456
31617
1602
32126
3393
2504
11315
27298
13618
7962
13065
14075
3541
15206
19912
28940
13554
26976
28714
16957
24736
12242
19100
2768
23401
11570
18314
31254
2985
4474
28124
30435
2615
27188
19649
27711
3143
29908
21675
20062
9359
27467
16795
27603
8105
32473
31390
24320
32697
29987
2711
13265
23375
7045
5696
5546
9103
1193
29548
6557
5519
17497
17807
30945
23296
7569
17279
20351
7697
22233
2684
13135
5264
10449
8815
14115
18002
31502
5999
11842
4822
25380
19593
17432
14885
6660
27585
15403
27900
23433
5972
28241
10285
25677
16448
21281
24387
449
17926
13479
14949
26749
17327
22364
27517
17620
11789
12116
24217
14764
10051
30138
18833
16780
11144
12922
24298
9719
31527
3645
10234
249
26058
154
19021
31999
23289
11914
15432
18156
25566
3357
11532
26216
27211
7276
9117
28795
28926
20175
6468
18524
8483
28752
4913
25219
20762
8799
32613
15877
26747
16327
22735
2081
17751
15584
22197
7702
1729
22534
11094
24888
24717
11851
5582
4419
23640
2153
19257
8431
11209
29691
31515
14533
28693
31980
29440
23600
6857
6959
9567
25815
19396
10416
6084
18474
20610
29579
31790
23355
10401
16509
31158
2256
13213
20887
26738
11702
27615
17722
1177
3928
21238
24895
23784
8336
29476
7798
68
2236
6684
2130
11936
8469
12554
17634
4385
23612
21972
22787
15744
19478
6559
31957
2225
14810
2198
5227
27842
1128
24294
8391
1541
14557
3853
15621
27505
6500
32085
31702
26182
1615
5275
14640
19696
32102
6229
13380
1326
9086
22484
1457
29043
3150
9926
17911
19853
13439
16126
30766
16004
25090
28536
3320
6597
24230
15511
4532
10111
16618
21938
24564
25678
14095
975
24881
1559
2162
30126
15038
18483
16665
3338
30203
17103
15244
4379
30923
20882
31974
27231
25160
19841
5931
19354
8117
7712
1500
27676
19891
26074
14537
14146
14776
19875
16679
5439
6078
13276
21730
12572
16440
17015
7221
24574
2634
12379
32119
3496
5689
12810
23352
21056
7201
23937
30860
5462
4838
1376
30631
25122
17260
20298
9898
20749
7179
2447
3773
10868
22589
1032
31070
9896
20634
28739
24568
28473
1799
3296
31160
17780
17194
8251
23452
29226
21281
1612
24269
25267
17523
21963
16686
5939
10566
24727
13365
17948
15827
4952
19962
22772
536
30819
4237
9817
7116
25055
31629
3394
5272
32550
23542
21895
18564
24942
20027
31140
6320
13225
9877
15802
13892
10666
13210
14294
6569
27272
3857
11638
31226
31303
28933
27209
22709
26293
14616
29751
30135
15251
8730
16545
16231
501
21466
20202
4913
20204
18236
19510
25142
9569
12428
9329
3649
12100
25618
9364
4861
4583
26855
4643
20326
24996
11783
23546
894
30918
5542
18506
22081
13735
19144
17375
30682
25621
5388
13988
13335
22010
7880
360
2331
28476
24923
2274
5715
10467
11199
29171
30635
20346
30558
29484
24833
183
32551
24464
3545
11358
19680
20123
22867
7266
12478
1411
4699
18509
22323
1469
24608
30691
28935
25795
19143
30978
8618
20757
15456
27853
10185
26749
3609
28682
29727
17304
30129
8903
8846
23186
26416
21316
2414
10033
16086
20493
21285
10261
18257
9575
22007
10558
28723
18925
7712
30158
18594
32379
24096
22288
4689
25931
14679
1210
176
5214
7377
27247
30816
10014
6755
26248
25322
4929
31223
26132
27312
17648
29988
541
13092
17961
20738
558
24887
30050
19004
26641
2069
3951
1894
26845
19983
4261
1425
30513
24024
12608
13085
17082
30709
258
11471
20731
14447
26141
20771
4941
25803
851
7652
7716
22075
18780
3065
26005
21526
14216
23938
8981
29318
4005
4644
18564
18817
291
30112
9322
6138
3958
31915
7040
10072
14268
25594
7026
807
6560
17820
10979
22797
10110
6284
15025
5376
8648
20103
7291
3511
25000
1051
16993
21854
14054
30465
11275
654
23821
13996
9453
1404
19401
17186
14281
23921
26260
3595
31605
17018
20369
4615
7390
5984
25016
29765
19021
14298
5684
25682
25577
30466
22793
11822
5502
25094
4346
12965
15740
6944
24234
14812
17731
24776
22273
21547
20125
5416
15569
15658
23180
22992
32186
29967
19783
5035
30283
1079
29567
27441
16745
7426
27878
7391
5877
4068
8178
11748
32169
17849
6878
22814
21571
13401
1523
18500
30182
365
2821
28005
32189
18305
22080
4241
28129
12634
5157
26070
15741
24457
4303
16238
4656
19520
23675
12342
10418
8549
6471
12898
12475
13541
22074
9839
8224
8011
7045
15962
16703
8337
3080
10512
158
18229
16408
4645
15823
3472
15744
18888
9111
24932
12485
10487
19279
18868
19375
1519
12169
7896
27908
19687
12791
2256
30103
4349
14473
14297
28289
10609
9686
2878
25775
12049
12477
6769
7581
28148
24396
21594
2400
8043
10464
10479
5610
53
910
28933
18314
5874
24770
2149
15026
16090
23846
20003
29437
19119
10182
32555
7024
21488
25713
7965
7169
2640
3426
25435
10325
5991
6176
21600
11214
27302
24994
6483
14021
400
9655
8667
20756
39
1445
8758
21976
11685
25104
5509
15477
10605
3102
14954
29402
27713
4569
15829
11526
27061
10709
2075
19914
26084
530
24649
19665
21345
30243
22967
15839
19825
28816
16352
23894
631
31610
29808
17918
8879
17533
29599
13317
10015
6107
29374
31045
1227
5846
19727
1734
8233
11613
13018
12164
5332
2795
20157
2162
9604
8877
21828
2494
26686
30435
12986
21847
712
13192
19262
18093
2912
23605
281
12216
25005
4419
30030
26427
5110
12336
13939
3146
9362
21315
20928
8970
17312
29811
31334
28344
20728
14214
15137
11500
14945
8054
26129
5663
2564
13080
14022
18283
14624
21759
23194
31123
6912
21151
21315
10563
29738
28334
26536
5273
4570
27344
5876
12771
30126
21618
16873
939
27043
6390
32376
28145
4160
9489
18830
28855
17681
4978
2864
27587
24919
11941
8394
20384
14590
18998
25028
24550
25551
14105
21079
27323
9959
22345
30879
6554
4712
5296
2033
16211
10094
16199
22126
18259
6725
5758
20696
10790
1241
478
24741
2874
7533
15597
30802
25574
17808
31314
14842
24490
1357
16953
27687
19897
18083
4089
12520
19380
25909
29428
13092
3513
26177
14015
15917
26524
27862
22148
29592
31604
15938
16292
4941
12634
27338
10144
2522
23661
28319
31033
14605
12570
24333
7382
11969
28826
30708
8231
15864
28091
7548
264
11818
20196
9733
8104
29917
12627
93
7146
11638
4522
2614
8715
17231
7594
10967
27270
521
21310
1553
28980
36
4283
23413
10168
6092
31334
26052
10010
25078
22839
20135
9394
26540
22236
2720
11848
32165
15105
12609
29049
32281
3535
9628
4700
21715
17330
8954
21862
4488
22112
464
8331
29799
28439
18670
6054
10481
1573
24314
22555
8971
7086
28701
6075
21074
28074
23548
10984
8110
20269
16362
13817
26922
1259
29019
3552
28675
19195
31900
3081
27902
26587
31682
22918
16127
28853
23009
30058
26584
8928
22142
31346
19295
30378
23878
26603
25795
20309
1536
29135
26144
27743
20672
7218
30288
7
29277
9692
261
3852
17702
1592
19732
32184
12753
621
19732
28189
9396
7626
24104
21407
25400
26983
26905
24498
21898
30473
6568
11237
6291
29511
8226
17696
27691
10987
12596
31785
20873
32667
14337
8045
28158
4025
28274
510
1508
5511
20429
29656
9169
16783
6538
3944
16400
5186
20066
79
31825
31455
28584
10083
18335
13206
24796
16374
32403
15598
10622
27228
23495
21604
2336
16295
19598
18516
4543
21173
32226
8477
15443
17005
13726
25985
11173
16709
19438
32330
4449
13831
22787
32051
26988
22998
27403
19205
32631
30572
22624
257
29397
12197
511
29054
11401
26433
6717
9171
31652
16869
17333
18295
19406
20068
7301
25191
10786
18493
2490
16072
3135
4709
22280
23502
3483
20294
32447
26076
5915
14855
11770
31213
9441
9486
22809
14386
7782
16835
29810
27132
29896
5527
9540
16093
31589
16454
32492
25866
11944
30552
8284
260
23843
23278
17864
18552
26334
1979
8866
17507
1775
2641
6089
32377
23371
6046
6654
7624
7900
11958
23703
13977
18900
2003
5239
20887
3136
29849
26429
28211
22240
5535
23228
1094
26166
2348
22700
18680
989
30526
6814
15074
29212
7889
4662
14703
13755
18525
8596
11144
12821
16801
14355
31088
19311
18079
10038
24044
904
31720
17375
21160
17521
24089
10178
7126
19871
19110
10010
14104
30527
1494
20122
12704
16329
25103
32167
10645
22488
27732
28868
32441
8249
16908
20558
30282
20034
29701
5993
22054
10853
6840
26426
15154
7429
32719
6743
12027
32135
228
11387
16542
22445
3980
19071
9446
6943
29332
7813
8629
26955
11402
11383
18597
30063
11135
21168
17646
10996
9740
17144
16523
3582
18835
1974
9368
2625
7623
26977
14591
9238
16751
18488
26451
16334
25703
15923
9468
29510
8935
7481
18581
5563
9735
7571
20114
480
11651
20641
20774
15918
26300
11211
14180
32636
13568
16315
24484
14799
20235
28617
18728
13171
21966
15799
255
20043
18543
32159
22058
31589
31120
1577
6398
3281
27092
12545
27081
22964
11167
16265
23224
26776
13342
30667
26872
5126
15752
3505
4380
23895
7843
11384
703
25031
15241
13410
14186
9675
29612
171
28856
10917
12568
18879
25015
565
31992
30634
1938
21778
15708
30928
30061
3801
57
28894
6033
9413
30641
21504
12745
10880
2965
16981
7435
10553
9257
14240
2139
27895
4647
25408
16621
15405
14342
15458
17802
11662
22651
9845
10548
4130
11841
14814
2317
6554
12566
1261
6517
20193
11270
22800
3699
23283
2283
30791
25430
18418
30005
14040
17820
20087
17383
25924
10002
12070
12514
5753
15165
19077
26982
5705
25593
27406
32214
9243
20832
30082
8379
17889
22765
29569
22284
18250
18401
11352
32173
14648
13542
16410
18485
1396
5363
30962
7412
27297
5999
18103
29237
29806
3481
6337
4288
17424
24871
2555
24483
15600
24109
4922
7474
27040
21569
14285
10573
11540
21213
24662
17633
5135
1285
22488
27313
23259
28713
7952
9559
31549
6732
2569
1669
22184
23398
23531
9105
20657
24071
21779
15153
28099
4926
26473
26755
18964
7609
1262
1872
31959
30765
15509
11665
15284
23289
6484
24114
21109
9478
30586
22807
17154
19441
17475
11357
8591
5996
23466
27362
276
11233
30846
11271
1021
10329
27320
14516
25891
23453
2060
2461
3324
21658
2750
31428
1806
21002
21175
22591
27562
21841
15576
10300
4566
23717
1166
22082
7563
2162
25511
9146
15905
12285
25700
429
12551
10567
6607
14287
23735
18484
12878
31933
6121
22764
6265
25475
28935
6530
5673
16993
2530
30420
11729
30415
23459
4274
7698
10942
30468
18754
17289
32545
5312
25506
19692
16300
2631
30160
30037
987
30391
12743
14557
24887
15368
18923
14189
4821
6278
29863
14801
14879
29829
21333
3342
7382
14416
16478
10230
1112
15970
18594
20217
8735
13785
21530
10814
7563
2343
16827
499
12001
7435
31390
5345
27539
31680
16479
15683
10178
16500
15043
22488
4353
22267
2205
8503
26204
25541
22514
32099
29081
26637
18779
23967
9661
30292
8875
14467
1746
2830
5330
18512
16104
23963
6401
897
1114
15736
10511
930
13650
20407
22300
20069
19599
16556
2164
13555
4966
15850
22453
15744
13575
19566
25141
19234
5890
20249
1182
30691
6922
20836
19163
21781
11768
27215
5944
1509
18451
19354
17604
26675
17038
20792
18682
16289
9810
9473
6305
5866
22526
19111
21489
19318
17708
10219
32247
30507
30455
23824
17211
11397
11706
400
5023
14569
27161
6415
5002
24886
1862
21645
10310
19614
19069
29663
9127
4532
3025
23392
21230
6597
23595
12772
29932
20076
19600
6893
23403
17761
15010
24866
15305
24210
18026
9468
29414
2165
21844
25539
16449
7836
18043
27321
15453
5770
15399
2709
3690
28357
7828
7986
9505
5164
15350
16265
30448
12683
10681
10717
3415
7533
19213
16437
24466
23089
8354
10511
16504
23648
17840
26707
25507
2878
15931
1158
15825
12191
31381
3136
17546
17660
13348
4064
20739
24774
1893
25470
10819
9210
28465
15649
31364
27382
1344
818
13276
12171
11243
24369
10268
20819
1334
26791
22521
14405
23309
31836
15721
1414
23758
5065
5456
18050
22024
12496
27740
24124
17027
12715
29485
6370
25472
8483
23994
7589
14913
22274
20976
13000
3020
31946
10652
2038
20973
19111
2954
31448
15738
4259
8174
2535
11738
24601
25604
27007
16840
26988
24820
28469
25941
25080
18936
18283
300
1609
17856
10530
12058
3211
26390
31759
6094
6978
6334
9456
24029
6204
160
27680
14857
25539
7721
12905
11458
21527
10222
26650
26861
1307
27794
31322
23525
20558
15082
10940
30399
253
5472
1300
7379
6327
13461
26504
23415
14338
7499
20714
20238
32588
19841
26949
22850
31780
17631
30901
3213
30378
27733
16508
28926
13124
8448
27219
1594
31891
26189
510
9921
2470
864
11555
12402
5229
4023
5468
5714
13424
13066
14475
16265
20928
7286
4974
22445
17454
29915
23155
29763
29372
20611
13517
13187
1873
25604
11719
14428
2737
103
20568
10168
31915
6793
8440
2817
15509
25026
27059
15332
22005
10693
3196
15701
1409
11207
20419
9683
2634
25316
22858
32493
5940
1982
19252
15877
30889
28519
14175
14932
17038
20865
23795
17454
6774
14755
25659
16775
29206
10239
3252
29623
17914
9538
356
19066
13430
19900
18285
26683
222
6081
31458
15250
22265
22863
19929
21003
25268
20720
32194
18473
4116
13794
13047
31402
1902
4982
32404
23821
14810
29622
27272
6482
4581
7498
20460
23809
7302
26781
26516
30573
15956
28731
18660
11578
18677
8318
19173
25885
1242
27241
31640
4579
809
7636
8587
32181
19451
11977
31657
23194
15560
27183
13142
15421
11039
23973
13500
24305
8091
30385
24927
24562
15634
7450
20728
19181
10255
19602
5248
8387
643
29080
12171
15243
20407
3485
15319
13270
21637
26214
27429
11062
18376
17585
23367
8193
26385
1563
28795
11858
17308
1601
10743
25169
23426
8998
9413
32692
21295
24789
16593
25222
25367
28743
7233
23847
19877
7558
22788
14229
29044
26899
24750
13289
19394
20613
6787
15397
32546
2676
18385
7468
12912
14741
31364
29458
23562
23334
23028
10902
19773
29837
10753
15341
4606
17468
18530
706
30939
31191
5178
22394
22321
14745
29676
19900
23966
28404
27953
15409
4281
12919
872
29064
14849
18165
20525
15038
25876
29156
2604
7836
15650
13059
28215
29313
24224
8000
16023
11361
28993
25304
19616
5646
7714
11968
16521
17846
13892
5444
4986
32685
7488
6638
28645
25965
19510
30889
27674
5596
263
26662
21270
8909
28100
23423
28572
32712
31846
1818
3464
19982
31423
11473
9567
10712
17072
29519
26154
23776
12957
19645
4485
6690
2590
12447
24051
9956
32503
11512
21364
5364
7755
4789
22106
29233
19980
16712
21592
4428
694
21908
18396
20432
32061
16393
1438
32096
9539
1552
2169
18496
21391
12969
12155
21272
8379
14930
8760
22516
3116
22060
20323
31886
3912
6745
14751
15312
28898
19368
1682
2197
27897
14452
1083
3504
1187
6345
6278
12079
2628
14793
20254
12513
15875
30798
31107
9749
3711
20177
5468
3749
20925
31371
27918
17715
2662
31705
9869
8883
3375
30181
13427
31529
6808
12675
23887
22452
16601
18265
19775
4556
6681
13635
26049
13256
15074
25334
16326
17059
25810
23011
5128
21759
20883
13406
32158
7018
10765
2047
19149
15841
32217
20296
20514
12946
20217
5769
29117
29158
1479
28673
22256
11199
24876
29510
31753
25087
14098
19431
5739
3145
6428
6991
32484
10507
12692
12780
5690
24508
27813
25489
22535
6242
16842
31513
4039
11352
12678
4430
25648
5198
19286
19209
11458
14225
20452
17050
17822
16525
17277
8297
21915
6800
1221
9950
14999
31952
15273
13695
4107
9904
13462
1880
994
12607
31720
12448
28044
6657
19878
8089
23374
27379
11628
9400
2524
9161
15016
17926
31273
18554
5385
25030
6526
14590
25909
25688
12234
13910
23995
5469
2105
14542
18504
16412
2055
31615
29469
15141
10135
24855
4800
4915
447
5597
27634
23895
28006
4847
23010
29779
21842
26318
1184
9540
16955
26397
23508
3973
19236
12198
10672
15311
24555
4766
21027
11941
8734
24106
4688
31215
16400
6946
21566
4581
1580
10516
27345
26926
6794
23436
18937
6217
5824
31890
3881
5165
29691
22645
28171
14380
32078
14023
21874
10013
15433
25769
24720
18362
5070
13385
26729
24647
32032
5544
18823
5493
6973
11425
12783
20613
6254
2087
2901
20656
540
24270
21900
27591
5861
29836
1344
16919
15087
3521
15079
27023
1660
4982
26101
21541
8895
19682
10319
30069
26863
21043
3587
27563
30617
7307
27958
12196
12858
22344
606
4176
24333
22152
7345
32091
22306
22252
28380
25868
31920
27293
22521
10605
27564
14221
14523
28844
6298
27392
10476
21697
20900
1610
8474
13905
21993
26842
27789
14034
30487
15223
30588
7665
31036
8394
19840
11824
9433
20253
23624
11476
16185
30562
20111
8446
23808
7543
4939
3608
17159
17832
25895
11634
18791
7030
26164
27437
29908
30102
9179
10841
14893
23357
5911
5210
8272
28315
29921
30608
13363
24741
25323
31031
817
21016
25744
7819
4001
17851
5131
28976
29613
2020
31720
17106
9826
12093
9401
21513
5891
6856
11018
25215
4771
4385
29079
25172
10226
25860
17340
26305
32088
17166
31788
32252
19776
3272
998
1116
31927
25825
15717
12990
53
20667
12311
27687
698
4906
2065
3755
797
9336
15873
19341
23457
27564
31588
19111
26570
7435
3833
7436
15471
25056
1397
17133
9743
11641
14968
18617
24937
25458
30144
16264
16966
13110
26781
5306
15514
19650
8100
3291
971
21164
15528
26058
13393
11620
3302
25627
15231
9147
20352
20409
29088
23713
16429
9168
6726
11827
14894
30186
16095
24053
1924
22616
6025
13915
12384
15315
30248
5519
24283
5219
26549
22894
10983
17792
32729
19667
25221
6519
698
31257
8761
18448
24853
1755
20923
20590
14989
31998
22768
10806
23106
9458
8472
4596
24998
21812
13897
29882
5516
23320
7452
16138
386
24773
12454
4853
25953
29825
7338
10629
8482
5423
18444
25433
4851
26645
17289
19599
7050
31715
4262
6119
15546
15601
21734
21796
1604
32457
19776
26294
17647
16101
5584
31383
10203
1210
6605
2675
20498
757
16315
9995
32352
24068
9698
4827
21349
15320
766
28666
21992
233
32568
1347
13166
24187
6485
24242
28427
5664
27694
19728
29305
5759
26720
2259
13671
21843
22084
31808
28435
2743
13346
30930
1563
12704
17569
23519
12945
29099
24962
26233
1613
22041
26254
19603
20359
30231
18637
16228
2469
29251
11769
30481
20561
27501
6194
32646
2255
22170
31219
19620
13709
21071
17989
22946
10236
24844
20787
22445
1183
11542
5245
12242
19810
14713
11409
23582
26156
9294
8630
23556
18359
24122
20875
18430
21664
31543
3248
18551
1210
151
15555
29673
23208
21574
9870
22595
22443
12623
7294
13197
25016
17825
13655
8142
20430
23828
23335
13870
4230
15783
18041
27992
7916
6411
14794
14114
14733
14182
4417
8560
4049
16209
31386
32341
22923
16162
26980
22396
3279
23409
7020
12487
9732
18133
16761
24117
13881
26351
8249
28937
11197
19114
15740
41
2281
21952
28064
20420
32065
17793
21836
7223
5308
29392
13154
3122
29023
30062
1838
3606
17168
3195
26340
9378
29098
28729
6729
26319
11597
28948
19888
14072
22776
2015
28968
30014
857
15201
6132
12587
25059
32528
27707
7830
546
28444
2817
20934
9547
3503
23638
1754
31256
25972
15309
30823
10450
13654
1328
2404
26031
2442
22898
17987
32095
26063
12261
353
4066
25844
1965
3744
28060
29083
19829
25170
19115
31806
18785
5978
15480
21103
10563
8333
13708
31588
31505
10591
29606
15794
11159
27067
5130
12889
23913
28978
16923
2305
11292
11608
13356
24963
12213
12139
27284
24235
21602
30006
25856
22077
23144
14645
16910
16949
4701
3578
32023
22355
10647
18639
15947
25815
6884
32669
28932
24970
6011
7693
5204
18941
31795
21996
31200
13333
9971
28372
26354
15303
16490
14601
19401
11553
19968
10145
1332
3978
8204
21992
23647
30282
28743
31746
14572
14925
17537
5842
14661
291
27026
18203
9521
13644
6804
11237
28326
21427
10319
15395
13535
12920
13557
25490
32173
9458
22544
26340
6418
8437
16056
21278
25356
18768
7177
31807
22447
410
32212
20258
11638
28463
22933
31397
27099
2933
26021
13323
9253
11108
4785
6815
27266
8261
14699
32410
32085
21945
20607
3911
21713
4350
16073
13413
9415
13678
7621
5837
21180
12872
71
7253
4671
32179
4460
23283
7034
16640
8144
18214
12294
6704
26881
8593
25092
5814
14644
26601
20841
19326
13111
19730
21401
11821
21671
31877
14648
5035
2659
11509
9788
30687
26944
17970
12359
29369
24319
7757
14133
32374
28540
4605
11248
29471
21031
31809
14732
23379
952
20807
1168
1607
8223
24717
29841
31499
6330
582
15366
12559
6859
13311
4695
12773
14889
26754
21559
2120
13366
3835
32308
8286
24336
5465
13708
32058
6412
27127
21315
26533
19552
16508
9586
31262
23327
7680
23266
11807
1899
28784
19673
20130
11238
13619
6964
29668
22633
29453
20150
27753
9977
2884
30112
14144
23798
9730
28290
29576
11414
15867
21840
26931
10898
3919
18104
3850
19487
28082
28083
12785
288
17866
3931
8557
16026
19928
2300
1379
3432
10651
29805
16675
28976
1394
26273
1956
15253
27840
31865
1297
8110
24468
10716
16773
6583
27530
32522
8468
32519
19436
22573
9482
19010
21789
11058
21111
30672
12088
26582
25067
1678
9204
7684
7294
28867
971
24158
2579
12629
26203
2330
21726
10557
18956
32527
1572
31032
22259
26895
66
9151
18678
2424
23025
2874
17713
19462
32456
8305
7833
2027
14595
21827
19935
10274
2178
10138
8344
11776
27413
22686
25498
16908
31222
9257
3241
18192
151
3195
10067
9072
28830
3632
2328
13499
22318
20591
4302
8576
14185
9571
30020
32099
28211
28399
26406
29551
824
15261
2592
27310
2864
12248
2374
22775
32610
3932
19124
14344
11878
31466
1649
20693
10800
13888
17562
20767
22346
2632
1724
24391
353
6032
8321
8293
6403
11514
911
25749
32423
30389
685
28049
32494
6507
20519
901
25640
3516
15220
19486
16666
20460
29207
6116
22783
14296
18371
6603
18636
3375
18882
15620
21944
11230
8600
3353
1276
19660
2787
25657
24791
18120
24709
21457
3798
23488
1285
31580
6994
26163
10803
16763
7738
31464
15371
9032
7443
21217
29404
3559
20028
4491
20650
30303
8567
15159
3536
9128
12709
28621
14569
24326
977
15807
3569
32405
14192
8509
18600
32292
3047
936
30263
6726
24398
20296
2582
8615
2676
27457
14893
28829
15907
13251
26170
19199
17829
17026
3698
2106
21126
7014
7531
17825
13724
4483
2361
4869
10565
30795
4056
19846
4336
29954
4810
7336
20959
1139
22016
17834
10539
2274
9726
18707
8968
29761
10555
32397
5962
25255
24774
8950
20264
14589
7215
3253
14400
7163
25765
31306
18652
21331
9052
12073
31092
27947
1842
21193
30580
13777
28049
17912
30014
22442
21143
25201
15219
14188
3188
22704
24431
24717
22036
8197
17170
5628
27903
11496
16838
23310
18045
24972
11965
2235
8189
27831
2171
17162
28343
2768
1429
25290
29329
23866
24248
10115
28735
19424
31212
17836
22191
9489
23322
9502
21412
28559
32204
25545
7073
8930
31797
28838
26888
14834
10097
21228
30339
21461
29966
29063
30883
22246
26058
28358
23239
18967
18846
27732
17216
22664
1276
19305
8882
13144
15190
15681
21181
17851
735
14286
2013
28492
1429
8874
6799
14501
13183
20559
27574
13869
27187
6026
26684
3378
13724
8493
28668
20280
3578
15877
9184
8080
14122
22795
24390
22316
9512
23006
24745
6833
2514
2929
25981
5838
28655
23297
15706
22221
1903
843
6237
26983
1780
30715
5324
18397
18066
9575
20472
13124
30675
22653
32360
31776
7935
25338
20275
26677
12698
20446
7854
10906
32301
15388
15431
8719
16714
10133
18353
20880
3018
21063
26946
18219
24153
31170
27033
25870
7733
2780
27779
16612
18226
7078
21280
3426
32514
16799
2369
16924
28083
6183
16917
30110
32633
2870
26629
7608
29614
14925
17372
10777
23831
1965
7979
11551
30569
10184
26092
1774
30219
17653
2917
18112
12318
2919
13903
13948
19899
12640
30776
17545
23163
20386
5158
16356
24893
7719
6269
6768
29987
26897
20514
9614
19422
20964
20193
31982
19756
12531
7436
5029
15262
11032
18021
6015
23199
20392
20542
7830
13746
21158
23263
21283
27899
14135
29224
4501
11009
32342
20856
11488
10162
11721
7885
19736
23720
17236
24876
7230
20138
26668
13891
13658
4214
30894
2893
2505
25277
13393
23862
12505
5488
10714
17407
21907
3642
13263
19813
14040
6222
6445
27325
28080
24930
9821
30243
28126
18427
21093
4819
29880
24300
17500
27863
23093
18969
19744
7139
30792
22657
10571
11645
7276
32636
8034
6752
14208
6976
20048
11043
16342
6314
16403
4118
31111
27708
5302
12397
6409
31330
22911
29856
29699
21753
24681
4113
13407
29201
11220
3568
16801
16370
17020
9563
21624
14942
32680
6346
26771
25878
13220
9387
182
20384
10352
16713
28941
1606
24250
15346
9152
5218
5898
27481
3015
31705
31549
825
14848
17894
31796
19259
18559
4377
14285
15642
4133
16543
31506
19973
23668
12483
13489
26437
4513
5301
27565
21023
30955
24970
3666
6908
10028
27269
11630
12231
12718
4757
30654
15767
9535
14110
2471
4494
29576
14332
25894
257
19098
16582
9738
7384
2762
14159
18017
13368
20159
29555
1840
27232
14793
9232
20839
25553
116
1362
8979
20146
24414
19508
23766
19058
29765
27459
916
29359
11620
5285
19056
4439
17152
7515
30967
15373
28478
9667
410
24782
22583
11105
23650
1492
24654
26590
31199
16570
20674
8529
25186
10466
4735
20414
21868
18708
26938
15324
32101
21607
25788
31516
2961
8805
31870
27878
20545
13930
2423
7462
9030
22093
4658
12295
12459
29762
7459
15102
32164
28671
32059
12043
14785
29470
19642
14396
12391
27843
2629
13938
28289
28798
3128
13159
28787
31859
15933
31216
27727
27320
23838
12928
3148
4606
9431
10478
11636
22900
9456
8056
30364
17384
12041
21255
23449
13871
5047
5301
24753
31944
8590
7308
12880
21692
6783
31120
25852
31688
4965
17152
29067
3006
29146
28378
16788
9513
31823
29085
24611
11568
12380
2898
8881
8893
21332
26061
24147
20190
28957
26673
32049
21611
15678
25522
2106
25321
2618
32159
30998
4270
19229
31391
26716
8262
21332
20283
27654
13590
18625
6556
14882
15167
31759
26774
25546
1733
6979
29670
15445
28145
29332
10680
16591
25331
12157
13677
5031
20684
23056
25498
24744
16235
30861
1876
15658
790
4403
17579
22666
31500
32342
25716
4311
9065
18610
5452
16334
32329
31743
15833
21513
6192
10694
17491
2675
11178
3698
28483
23551
10286
3242
17291
29594
8264
29406
935
16478
25336
16160
13362
30728
17493
21814
18860
7596
22901
23277
25466
24743
11153
11952
14382
26582
9829
11352
5897
23813
17878
13382
8894
19626
18135
10415
10617
11732
24461
21816
15904
9822
17073
29891
30425
24424
29239
18824
29900
32263
9517
31591
6442
5180
17637
12412
2926
7715
17750
5109
29923
24429
23744
16160
5478
13584
24207
14536
5485
12093
15746
32450
14664
1939
30988
19907
22951
18322
31227
7029
17757
13138
8791
30409
28771
19573
5261
17038
5152
346
30156
32323
9447
23699
12208
4393
16578
18586
29982
19357
31598
15295
3695
4773
11174
24677
12496
27081
7589
3438
25832
20260
20198
8948
16572
7610
5934
7994
30928
27148
25292
32738
3215
3306
25119
17248
4589
20617
21082
7854
25675
29653
17284
15169
15003
30728
32707
4413
26820
27772
30681
12773
20552
11453
22767
5717
17444
17635
12178
18035
25592
28703
15355
27683
12903
26003
23443
9914
27329
26471
11190
12982
23007
18457
18871
14764
15951
23060
21541
24193
29618
32133
4429
23005
28001
16490
24320
15069
17495
17643
20375
8200
23627
25070
6195
31877
25628
12774
13386
15755
13682
1003
25183
25624
22435
25360
24080
26342
10707
10225
31574
28827
30816
18571
1801
20031
381
23121
4258
8692
11548
31356
325
11745
31762
4258
9215
19312
29301
8074
844
25273
329
6207
16348
30270
13148
25443
17558
5848
8559
5318
31710
21489
29078
32055
27155
31732
26082
3738
20828
16642
15932
17979
17061
5607
29076
4450
16356
22348
572
24616
21409
5421
29070
23176
16821
4238
5845
27577
13650
16746
23915
6075
4163
30957
11806
20273
16245
29667
2008
13678
14519
29039
2944
3282
1470
8704
32539
15703
108
641
3127
10599
9298
30672
15753
17649
6515
15986
32725
8891
23626
645
10766
27642
9999
13301
20671
30240
55
27379
26793
27381
4666
28835
31917
14057
12440
16405
31469
12712
11806
4983
23855
13552
26725
20873
12418
5535
11421
28497
16419
13073
22920
6671
26529
4264
25289
15731
20544
11692
6495
14862
7579
3926
23917
24583
19854
12583
7484
527
20307
20350
17794
13462
5611
16490
1765
3391
10688
20157
5307
30354
32136
19298
16660
27634
2668
18672
6650
12750
30570
13694
27639
24091
20472
18106
19928
17665
3562
27701
6577
7636
31381
15361
30497
29767
11061
3454
23255
14812
7308
13937
8021
2975
12748
7766
6900
20
6839
7160
22313
4462
25861
20798
19718
30721
15622
31048
19204
2298
8584
23738
26623
27982
3835
24664
10114
17648
26067
25044
13125
2631
4142
22243
19956
18911
10935
25238
25394
607
13514
21736
22750
16571
3033
18580
1429
19626
13838
21289
28792
31067
16433
31583
15919
28259
13005
27052
28462
31995
25230
1811
21302
21864
8174
32317
22047
12474
2576
21194
2518
17081
2284
745
4514
2077
12973
26406
21163
17661
8279
17540
3516
18314
30125
17612
17992
17149
8274
18724
6827
22222
4654
19171
29107
5671
31507
16036
8543
9112
17825
11674
29414
13580
23399
31011
10235
5116
29770
31903
25936
28130
29995
386
9817
2289
8644
14760
7762
12547
9683
13289
10883
28883
14715
32494
14787
27500
25831
28226
19771
27105
10032
13740
30316
28991
1153
20157
30324
29888
16249
23717
25228
30785
16848
587
29142
14070
30782
24220
22614
8797
9624
8994
21309
19824
28989
30937
19054
6175
13488
10047
11067
12029
19590
12715
24687
13114
28803
24287
2962
7889
22272
24288
25448
14594
10127
774
23483
12035
226
15439
31322
9459
5609
21496
32098
21263
9787
4687
14012
808
21943
18371
16615
597
10091
27709
28920
23269
8117
18611
10719
27287
20903
24314
29931
10510
23472
987
913
12927
6009
24426
32361
27309
270
18323
17785
19479
6462
10486
1462
14191
18244
29173
18376
22351
32167
13322
23566
27688
9822
28510
18402
5243
6712
15512
6174
25931
10107
18675
15582
26322
27595
22676
21128
18803
1358
17178
31754
26352
24334
7798
12899
25565
7327
3069
11621
1364
26881
23483
18873
3819
11463
31243
4131
15587
28537
23397
16903
11938
26680
23158
3885
21859
416
15478
22721
15149
21747
20406
9630
13825
24691
22648
11212
23384
32015
16388
4934
18381
22338
14840
22017
3862
28473
21472
24875
26680
25652
8966
23472
27131
3886
1164
13827
27548
12480
9143
26395
24003
13891
14990
31420
12212
23093
16548
21751
5321
9181
31794
20212
15904
2610
10600
4335
23697
15866
11269
19841
32483
24367
32550
16929
8255
8614
22363
8426
31460
9459
11008
18335
29469
903
5323
26604
11888
23835
17569
1262
11033
24658
29358
27126
27575
6041
2228
32394
2884
32082
30115
7085
19786
6963
24427
18017
32340
14568
9998
29545
14499
24064
29433
14419
24867
11014
13204
3510
28830
19950
22040
1721
23854
5556
6561
8660
14328
26943
14980
5851
21271
9611
26594
17976
983
9991
14205
11639
21796
572
3019
1289
15938
12208
8265
27457
12734
12042
12306
16547
6308
25974
27312
6494
3570
15179
11058
26647
28237
15596
9598
17896
4083
17132
32233
31657
14065
25973
32517
12398
6550
16106
25018
24912
2343
16843
23449
1649
4820
9689
26476
2362
11499
12411
31762
28647
17484
23649
9610
25158
15901
9319
13389
27579
16830
30140
30433
7816
24319
3395
12715
31819
25745
17465
18693
18376
31419
4121
20880
9193
22094
14780
31435
9219
6107
4037
2021
12635
11043
6204
19152
27113
15055
1401
21911
23644
3170
29252
22001
17758
22635
10554
20246
12824
29439
31603
9681
11257
22630
27233
13015
20915
29205
10491
20311
391
10204
14363
4050
30915
4449
8741
8493
3209
23501
6634
31749
24529
14277
204
25154
15025
25500
6178
23279
26333
9671
25054
8265
13674
19345
29805
13333
4567
16
17886
3639
17997
3927
12871
6529
21798
27117
16740
29385
2989
31870
28546
7742
12836
12241
32155
9980
32012
9466
3267
23773
9120
465
2242
9362
16291
24994
9731
3571
23131
15910
30381
9364
19166
25778
23311
11929
18828
19375
20801
19915
23773
23626
26632
14059
861
1132
22779
29510
16116
9453
3556
24713
25963
12293
5481
25303
23084
3075
19180
32025
5449
3649
13743
17301
7104
8791
25404
23747
19710
29071
16644
1115
10657
7833
14662
17587
30594
27008
5938
23112
26355
20445
30287
30106
7493
32075
16666
20286
18574
8218
752
16942
8360
30280
4397
24675
31101
9900
20374
13734
19074
14965
5108
11427
20354
19155
27906
19007
9885
14068
20617
13099
3984
30258
29898
12217
12343
23179
22812
8687
592
22353
16854
8667
20097
8226
11119
13349
22685
13339
30948
20203
8483
10569
24922
8392
24583
19552
24837
20022
7349
26800
12616
6423
1876
19540
3102
9870
30535
23725
16056
22291
13050
20239
20328
25799
25819
22969
15037
15364
24998
28939
3056
16953
9190
25843
21630
32501
8377
29353
18199
23361
22995
7836
31159
27443
20677
27308
4883
30144
16255
15513
26422
11986
14868
2235
18284
22426
7614
5364
2399
14632
28962
26596
2432
11577
6613
14427
11432
10576
2846
28948
9471
8
20990
7328
32286
19624
8813
19872
13424
15608
18919
22327
23518
11603
11047
27071
6571
19198
10035
26555
30108
12472
6040
1805
18013
12690
15863
4714
15648
17921
19648
24330
21639
20274
27966
19108
9924
9373
26324
21913
28415
8157
19334
11632
14839
6847
19898
15234
2541
5017
9024
3062
29118
27613
6545
8432
27471
29933
16212
1542
27949
16177
18215
14324
885
24424
1947
13456
28658
7739
15488
18176
5510
17944
28004
25642
13003
829
7510
11116
12281
2579
10224
24461
1035
30654
28564
27636
29981
8434
16629
18968
14361
17160
4057
23352
13202
19281
28958
2636
27120
10410
30203
19003
20174
23376
19593
17486
2976
14070
18818
19173
30617
2837
16200
25705
18124
9604
17961
641
13457
25416
23009
14729
11562
17325
28768
3136
15014
12694
28110
8128
14598
30481
6605
27572
5535
3886
31230
15045
7615
18962
13766
3925
8339
30535
26450
16496
26696
2646
32216
25343
20081
28056
5408
21311
28585
30537
26180
29298
17017
13534
13748
27861
5500
152
25212
7121
14528
5466
31434
22645
22128
5304
31146
21028
16048
13136
4629
15755
10953
32605
11050
28630
15238
30089
29115
14884
14046
22531
8971
6456
18642
31698
29910
3441
19353
105
16018
12028
23291
9595
18421
21064
14075
13072
24759
20666
14776
10201
9625
18851
25749
8640
5798
28527
18584
13508
25273
13599
19984
9220
3135
28665
8059
12569
19262
16765
15270
30121
20631
23964
29462
31545
20104
293
21671
1347
27252
11392
19827
16777
31719
30366
32757
21160
15573
3120
5743
26864
20258
12055
5256
23923
15207
18972
27706
860
19700
27874
23019
9091
28433
17432
19418
22078
28554
25075
22717
12153
19050
27356
2473
28937
25350
31334
31537
14141
20029
21634
6610
21430
4607
14070
32143
19065
32268
24331
10456
9539
510
6022
11952
4381
9354
25306
1039
31279
3
5532
133
6617
26655
30007
21025
11008
7422
12001
26769
14502
12136
15054
7050
15038
31319
32675
4203
30014
21941
18989
8989
19829
26214
27987
22077
2463
12169
7753
3709
11959
18683
24839
7495
28812
24349
6394
24228
26647
24536
4601
28253
1036
30942
5498
14432
26543
19250
24582
26724
11241
30698
2794
31952
13979
27188
15920
217
7218
663
16077
12779
16252
1915
11548
5195
9146
32492
1931
15098
9462
21915
17813
18140
2710
30501
7920
24857
10290
15256
21255
13508
163
20020
1194
11195
8028
29038
32260
29390
7166
17467
28878
2339
31782
27786
1731
24280
26505
19218
22100
18155
25156
7247
3996
16471
365
10951
30102
23168
19950
30354
30606
14545
18835
30233
32469
31140
19041
21534
17593
1122
8234
20221
17588
747
14430
7473
7908
2616
13348
31513
32443
13887
9385
17916
23032
15638
25016
18508
7126
15708
11916
6951
4227
19413
8418
16675
9427
1108
32338
24139
20022
8670
990
12645
12008
25100
19404
12919
19047
14257
17841
31369
24106
4285
29903
22699
12944
13153
26784
14394
30743
30324
9139
15456
1230
22806
25783
13530
1549
15763
1494
20478
31331
19338
26180
11772
2000
15694
4631
14692
564
7308
7257
26856
13832
12846
24411
20068
19276
11648
5965
5915
21696
18065
2828
24899
24407
24541
14139
2757
5609
27432
12181
23870
19752
5549
10881
15177
3029
32632
27367
13056
25396
529
31811
6592
11197
19034
29944
5421
31252
18874
13030
13686
24635
17019
17982
1243
20231
29553
32405
12396
11216
9949
20024
11795
28269
10384
30656
980
23391
26452
14822
5204
11853
17799
28056
5272
18609
23817
19020
3856
14544
14937
17556
6100
11503
21242
15090
5677
9924
15132
25838
18263
811
24184
14439
24197
10778
16508
14631
26150
31447
1960
26298
18023
18536
22584
15487
5369
31308
16899
30719
4628
9576
17827
6526
30396
12612
13526
21200
30787
23927
29220
22638
9487
15200
21442
18633
32413
28695
11703
7646
29894
21155
18237
23819
9793
14958
16234
31009
2666
4598
9487
6842
26689
452
17889
17101
16054
18338
30934
31615
548
3593
26578
2876
21275
22489
7299
24071
4706
21580
21641
6414
30268
12077
24795
3202
1259
12613
5222
30629
6259
17687
1527
21285
20384
13261
10586
5544
4170
11889
964
9896
32472
30560
32622
29569
3843
16380
8835
23240
4573
3746
11580
25055
25873
16604
25417
26822
10092
32215
1140
20532
5788
11543
14465
17895
31288
17769
29272
11064
16385
2073
3686
18930
11624
31846
12352
19300
19024
16179
9097
9653
26900
31487
17431
29560
28620
7191
12625
27008
18124
5386
20699
24310
4206
18270
25718
7080
3602
25729
14113
24740
22114
23298
9604
24326
16603
9217
1423
4366
10889
1253
12639
10614
30737
6477
14689
3330
30965
14664
441
2648
4116
4040
20197
17426
17776
30036
1437
274
9524
25342
8702
22293
4086
4501
10728
25483
24633
6427
7845
1703
2358
9337
12747
21682
4828
3442
16739
12708
5909
29910
24394
19189
9291
11000
26584
25521
10539
31841
27584
9931
19880
14022
28983
29619
23875
31288
20569
22826
9866
10907
11976
12886
29663
5465
24214
6673
379
8024
9317
10375
5299
3881
10444
12032
6265
18306
6397
26106
25381
1518
15013
16763
2422
31171
30484
24485
25299
18260
8606
17803
8919
19305
32065
24131
11277
13036
17800
28733
32760
15077
16046
31954
28759
11433
4359
15904
30118
27213
29596
14102
20200
8033
27157
2507
20132
27099
6621
2068
31022
3922
31360
12885
22567
4717
25944
6295
10055
15514
18536
20955
15962
28675
136
32174
23689
21950
7875
1022
14555
15427
7421
1836
31740
14884
17880
15458
1852
26872
21465
7719
11482
19608
3015
11569
15747
14991
22100
13178
3862
21963
7424
15766
24746
29337
28217
15939
16338
30416
11463
4162
21280
2635
20071
19045
11751
11165
28086
6634
4421
32001
13137
5895
15969
23952
23099
18374
15858
8887
21375
17683
16641
1511
19734
13843
32495
6798
8202
5560
13497
24647
27100
30355
10619
17741
21796
14569
23603
11574
21879
26376
16072
20446
23181
11227
8779
1185
16035
6077
14460
19917
29727
10123
20112
14422
13939
16893
9521
25548
16963
7990
2503
18059
22730
20121
5366
562
4730
20191
12903
23638
17634
27750
21964
12151
32725
22988
286
26674
26057
14013
41
25273
25469
30985
32075
15489
2783
27642
21369
28218
5420
14820
16770
16900
20569
13309
25240
31200
31666
19567
4108
14948
22465
30380
4185
3508
28017
25090
14180
4781
20595
17007
23554
11363
24801
7094
18107
17870
20513
17074
32206
32192
27917
2283
4724
20250
31568
18023
21353
2368
6675
13763
2217
11466
32218
22146
7287
125
424
18852
21924
29305
21354
23674
1806
6579
16274
13754
22631
27558
24579
22735
3128
31302
12845
29554
26405
20022
22649
10622
7282
12602
2791
21248
25542
31983
31477
24718
7215
16826
11972
23003
8295
23038
6006
10888
12374
15762
26330
12604
5079
10610
26699
17654
23231
28596
24789
9378
24092
958
15002
1259
26298
5815
32628
12369
7404
22587
26332
28027
9608
12115
31499
8142
4148
32676
6494
22078
31456
20198
20991
15460
3732
24216
27330
8657
14700
3570
2381
2979
18913
6172
18556
1110
20297
669
15620
7644
25505
20502
11606
23023
17035
19248
198
27814
20883
32211
10732
3398
32182
10393
4170
18779
4645
20098
15664
3592
27718
10473
20445
23452
12540
6070
31975
22373
26408
25046
7389
12233
7024
23016
3626
1682
28991
15161
28220
21898
17676
21235
28134
328
17376
18833
17667
3657
7186
8342
2397
11331
11093
14463
27853
2997
19958
29430
9891
12739
13150
17736
3143
15937
23518
20249
7457
22542
9132
18775
1463
13219
32552
24940
24085
26603
19556
21688
10098
1366
24036
24638
19728
9001
8866
22685
11364
22296
3925
32323
26743
19222
11507
25053
3212
25964
28789
27921
16899
14088
16346
25456
7549
9240
18542
28582
18241
31448
2636
4340
735
27816
15650
31969
23059
7522
29236
18732
28395
15594
6052
29188
14636
24327
16624
4219
13043
1393
22716
21817
14488
4139
8146
7021
8151
2066
7527
10250
18994
30647
25760
26927
13969
18026
21332
18918
22060
18839
11796
28178
10410
86
15720
27299
25482
11581
20572
19980
10435
17016
18491
3319
4263
21532
4507
10039
2829
1209
11929
6398
23471
8239
13926
27728
13777
22722
28163
32439
15140
23152
24136
20281
25065
10369
2859
26759
1625
31073
12351
15223
11077
1195
9851
32180
11770
30598
22333
24756
29031
820
24718
13547
17538
14824
20136
19775
2023
11736
3766
14011
22210
1684
32474
6279
14064
150
16244
20504
5217
2842
10658
7588
3009
30768
3843
29913
18519
29455
9921
17870
31021
12460
19406
21050
8561
3723
28781
25316
18459
5077
27381
29018
19152
2220
32721
6630
22534
6075
19660
27070
21610
11793
31116
23931
12158
3375
20827
9164
27527
17247
10798
30828
23718
32328
15583
11089
25413
27584
21182
10279
9652
7393
27720
4604
3348
8031
17718
18237
2421
16664
22970
25057
24891
12781
20741
2020
4038
30673
28940
8183
30546
26911
32652
15990
27163
8497
13387
24218
20165
9006
8354
15344
25596
7971
12344
24585
26456
3414
10000
14451
9091
5079
16582
18665
10653
27223
21781
19911
14815
12349
9629
25281
8063
26871
14563
467
980
4750
26266
28283
31931
2686
31009
24871
23097
13508
2124
1769
30562
6456
29031
10610
4729
27421
4216
4926
28760
12023
7877
1036
20242
29340
23190
18833
27608
19342
23612
20589
8217
3976
15442
16734
23021
31575
28483
32436
29620
15339
31245
5637
12026
3502
25668
31265
22175
26133
2905
6472
19508
23412
15132
9115
1191
16150
12160
5585
14371
7565
25502
23595
18738
6471
20989
8618
10021
21346
2577
8063
12213
22209
16129
195
21482
14688
13230
11880
1084
26596
10224
6000
10233
20343
11042
18780
9190
22994
30690
27880
13353
28571
15634
31477
7526
29938
30754
15815
31017
29767
17554
29296
8580
27502
17586
7820
32761
28405
1965
28207
17305
6069
4293
11804
17006
28327
25568
13880
2583
19193
15172
22590
25522
22113
19103
9907
20223
11186
13130
10269
14529
17325
3534
19056
28776
9241
11432
10953
8430
1302
31817
1374
20735
24750
9313
25013
11868
8365
20061
20245
10369
24242
13614
17723
7814
27271
25165
32077
9283
2734
15356
22292
8887
11068
18638
7781
22443
28395
19561
17632
30866
22122
8587
25566
31924
29175
30027
6820
21131
20784
18338
7389
1133
9510
21801
1351
4204
18612
20004
16556
30587
8975
32448
9492
18386
6301
19609
2361
9875
32267
11647
28731
7341
16794
31610
7573
11008
16057
18955
9552
27075
28633
8373
19574
14115
29309
16060
19914
14637
4496
19501
22198
14062
18940
7198
20613
3289
32120
25655
18898
16489
18337
3442
5184
30471
10573
542
27244
21549
32284
7466
12832
716
28752
7840
11978
28139
24286
18800
14380
27793
27076
3695
18772
25830
6302
26783
31695
10901
20340
20145
17178
7284
1495
24008
31833
17767
29740
8576
9803
1154
11079
7471
21886
109
19004
31339
14527
27149
18033
204
16853
21088
31224
15090
18031
6057
27676
27850
11610
11726
2106
16142
31735
17918
14035
17419
22509
6550
3294
14759
20763
23622
1379
11426
2001
6512
31045
24860
831
208
18784
9304
19501
26210
28371
27583
8173
31104
26015
25896
20366
30539
9586
23638
8019
23629
7357
6594
14947
22877
25100
7835
3778
4034
3991
25100
9600
22683
32020
29629
19249
7038
19408
10140
7325
30815
30974
11997
19384
18611
27215
16959
12500
15318
10435
16786
31765
4778
15806
27766
6949
16002
26206
6245
10026
26430
4364
2036
28405
7351
22865
18261
29052
14173
30187
12833
23691
11294
19745
1620
25526
22410
9043
10394
914
1077
6101
32201
1317
12381
25598
32174
21914
22221
4219
25356
1593
16129
5353
7394
2199
6283
5540
25837
31498
26038
13273
8046
6496
31080
9187
26669
9681
3149
32212
28862
24113
11569
31825
5123
20843
4270
7588
17138
10538
1032
23308
11928
15321
1877
27223
21342
31438
21217
15795
18828
4290
19408
13762
32523
17541
11269
14828
15983
29679
24899
11001
10037
15130
26514
25567
31560
7118
8933
15576
26058
14653
31737
17592
7954
31729
17536
9342
4593
12802
9855
24873
26170
32652
8949
28621
5249
13152
25533
20453
26402
21498
25781
8171
3206
30900
14368
24614
7841
17209
27209
22468
17343
3387
18538
20520
19585
7785
3787
6789
29474
32411
16942
5036
8191
14416
14443
6690
22359
8027
5208
10870
13391
28633
14571
5585
5433
22886
30627
1743
23829
19089
32291
18573
28248
4237
18209
1028
17133
7977
4734
26517
17786
5377
10422
27876
20452
20470
28027
12522
29461
9693
1437
4678
27645
5492
5165
2516
27094
922
21218
29057
2477
22719
2491
11614
11038
4761
10726
27379
607
7704
4065
27349
2944
3485
12511
2171
17136
32615
14189
29773
18244
18509
21333
21502
18484
14003
16579
15644
26342
439
19110
15845
27504
14507
19545
26717
29592
18120
30339
5021
32477
24352
23356
18286
31676
25813
1393
1558
14892
9097
8073
26738
26475
27669
27976
16453
30460
27006
7412
13520
7409
16933
13239
3491
15718
22845
6469
8114
30030
17538
1726
4267
8306
18984
23766
25735
182
31506
9523
2400
27294
15685
17175
21890
6930
23196
5950
11204
6750
26557
6922
14873
20605
5963
14045
1634
11927
19806
22470
15750
4552
1840
2145
30917
17187
27417
4344
27977
14583
5309
25326
14846
32080
29060
21342
18340
24001
16714
26879
28451
18529
3928
16715
23070
31252
14227
20704
20938
25100
19444
806
28673
24207
28216
32050
26258
14074
29145
2026
20700
30470
23100
25962
17307
3914
2348
5543
3841
24321
12679
20050
26377
2830
25143
10752
26120
17981
15716
21127
7556
28364
12264
10923
10570
9514
15620
15098
30907
16382
12881
26100
16999
16747
22521
10095
21981
12690
28966
25402
16320
601
8379
1793
29726
24683
1603
880
29438
5505
10022
24731
6968
24543
30755
29086
8074
25377
6906
27520
20967
5687
9321
25438
14610
21167
32346
30661
9324
26930
14939
10591
12811
24402
26702
9938
31499
14979
17762
4069
23081
31846
22338
29669
141
13390
18316
3911
19688
18941
4996
3214
6335
26030
25610
19567
28679
6489
8649
31027
26353
12082
6578
26974
519
16754
17833
5518
25720
32603
3453
9637
14512
17270
5150
22826
1836
24352
25866
20205
28557
16196
5641
28650
30699
20074
12570
368
26219
14321
31405
8835
22804
28824
26642
14462
4062
10308
23090
3837
7436
2301
28797
12025
28604
26425
2083
12597
27837
18269
15239
4057
2464
23681
30193
15197
7698
25715
28546
30377
24425
1279
9582
15995
14972
3694
8805
16392
32696
18253
11090
8934
5488
9584
9288
10793
9333
6198
16825
28877
29415
18445
23018
17748
24906
28473
27299
26799
15836
12242
10027
13410
25126
2828
8820
27620
20178
23996
27026
15684
14780
1559
8817
13586
16972
5820
712
10621
16386
15093
13129
24761
24402
12345
29467
30372
179
30966
3977
17832
3571
11406
1020
22243
14797
2207
22054
7557
23997
10120
641
378
27155
41
3320
32074
7239
4842
2531
21309
28556
26622
13113
7618
31655
17129
24065
16145
13826
12095
25610
29712
18684
19119
21980
3699
30084
28737
2286
6696
13030
10460
22042
29170
228
1291
7245
1876
8201
17408
23427
25008
9274
27610
31731
6320
5518
14115
5510
19941
4960
31645
19342
27054
11682
28222
4277
8028
26739
26745
26419
31891
7668
4799
28997
2035
12888
6214
26074
13048
20027
18441
15759
8991
4917
18192
11229
5707
32430
14321
14481
26214
28404
31639
3453
28747
32394
28482
19566
25060
10692
19407
350
13199
29328
2618
1258
20679
30359
29025
25350
13312
11141
12554
6639
31186
13732
11816
17761
12122
3248
25690
2571
24542
25319
181
21824
9647
607
6595
17647
16980
5276
10443
19413
484
2146
10323
26097
28084
2504
31716
28984
4658
16526
1293
32395
23569
18608
2474
12006
20647
6459
20327
28890
9619
19808
4223
12861
31650
967
11722
23072
16628
18470
16886
7937
32346
15121
31252
3394
5123
27668
22359
20954
10584
6655
15897
7499
21540
19841
30239
13012
15096
504
30
30695
14030
20616
25726
6109
14316
20842
24413
4073
29195
10119
3543
14154
5049
27206
133
6085
3324
24994
22339
10835
10552
18559
18999
19479
82
2366
17423
32658
790
10383
29065
19994
9942
21126
27193
23944
29780
15858
22151
3634
32227
23018
14071
13593
200
31144
12461
18019
13798
29339
816
1035
5531
24759
2926
1239
4837
1296
30720
10122
4553
29351
4784
18011
7413
32131
17208
16039
7844
8196
12109
8419
8386
19061
7132
7380
22608
20704
29588
32258
11
27430
5796
19562
17992
31566
22470
25971
21027
3614
19068
8483
9176
18920
18073
22419
21617
16295
17668
23200
30882
21067
31161
14308
10993
10320
20240
22245
281
23445
9794
18315
28849
23404
297
21720
26377
13549
31047
12243
6229
13713
10250
18117
18957
7164
25678
7336
7315
19225
31012
13533
6167
13164
14802
26397
184
26276
5915
12210
13803
2416
6592
20455
8481
6036
26182
21181
30628
11836
11770
18911
21442
20624
12595
22232
26926
23176
14039
21636
22691
5634
7456
13508
26314
9746
26528
26230
6750
15513
28291
22437
1422
19993
4885
26620
16035
14279
7556
24449
19426
3042
10214
15744
1716
30788
14973
29636
14852
31543
32058
25101
32745
23177
8833
9663
8837
4323
28460
4568
1069
9558
978
25380
21193
8503
19273
1204
2686
6189
12905
30860
2955
30344
3347
14492
18289
2516
19570
9202
18775
30638
27265
19501
7596
5847
11982
14133
23822
24199
12413
26921
24171
24580
14735
19097
21606
32370
28517
16118
23036
22765
25727
32582
12903
6869
30602
3356
16450
9833
9114
20936
30703
19864
9652
15819
20790
3347
7055
31886
31790
32167
32667
4179
23905
28618
9795
27243
5419
25972
8303
21417
5731
24112
10062
14616
4157
10610
30034
12521
12143
13099
12412
19375
31379
32411
18905
1487
19917
17254
30285
27953
14765
24811
9359
20284
18775
7121
5237
770
29665
23010
29554
9143
15612
20509
8797
20328
18647
22278
2163
15849
26432
22849
6048
17424
23053
4191
26106
5920
23226
1016
142
25736
9043
32506
23392
4558
32404
28480
685
14534
9040
25447
29043
13319
24335
6877
12596
20383
21499
23610
9974
29190
19965
1492
12686
20817
29475
3213
32030
2216
21317
23792
12253
8698
6888
21117
21526
26607
28002
14656
9076
5151
10815
3497
6012
11649
8676
28311
25435
11046
32114
30134
15074
12071
24045
27147
2767
28124
30366
205
1614
5454
9909
8311
11711
18671
22067
23067
12986
1417
6663
3321
23888
373
25463
26704
22164
23821
16066
16244
31835
14179
25860
25633
8767
31540
9561
31503
25578
30743
26949
32454
27793
7162
22612
25780
22462
24783
24317
6269
3923
17027
7372
16786
19148
20784
32193
1797
5060
13203
755
17820
29626
11712
32376
27684
12054
20
18057
29191
12647
12908
9186
7201
3823
8084
32616
976
16225
21763
4878
5194
30185
6853
8697
29236
14957
14264
31715
368
10259
17915
20413
32054
29955
11172
4504
22118
10094
2993
30661
19484
7119
17218
21307
29317
16496
18181
18234
7154
10800
29937
9262
22571
26245
11831
27094
32262
11965
19829
13477
29496
24713
19757
6761
9834
24507
12919
14890
28560
17743
4082
853
19062
32680
13568
30746
8091
18461
23859
28434
3907
4532
29698
6181
29384
21805
16577
18603
2097
24131
3792
21201
31749
32302
9746
27710
17762
18284
10144
26615
2121
14017
8895
18304
29244
28029
30224
26437
17675
24829
20743
19000
1003
9076
27038
18618
30408
10732
14923
9919
30684
13191
23599
21805
16257
13835
20880
25222
8771
29597
21641
24263
30010
7629
32256
13968
3223
10707
22745
18820
2172
14872
13673
16371
25617
16633
20782
25527
31444
16583
9917
91
30768
19730
31227
3715
25938
12583
29840
11911
18744
24535
26265
13922
3850
4218
32669
22219
9902
11572
5059
7073
5015
30327
16706
19340
24029
32713
2584
27362
6547
27080
13823
26055
30805
32107
4253
9625
6432
3210
22523
5515
2662
15265
28472
23183
12898
6353
10623
17018
4522
9255
16694
11874
5123
11553
20344
31819
25464
10606
22470
13315
29102
26870
15353
31563
11122
19226
11387
5431
2708
22845
26807
28888
31224
27267
25550
2840
16362
13528
8588
10212
25266
28469
24474
9873
15208
26910
24309
30072
11018
15216
24990
26852
9676
30297
12436
31023
2223
28840
15871
11303
27989
7239
14254
11702
28692
1029
7619
23491
7241
22169
12717
18771
29423
8932
20823
31988
16240
10615
4767
28251
11962
26453
13066
1868
23702
15866
12214
11194
19253
23708
6544
3376
30988
20144
31174
19823
2275
21424
23168
13401
12328
25628
18379
32013
24456
1983
23765
32340
22977
24883
12640
12860
11441
4775
15217
24834
16563
24544
31048
29493
29228
12670
30613
12057
26977
23937
2025
25930
9356
22795
15211
20641
26670
14183
30156
11611
2470
6731
11389
19320
18435
30554
9759
8290
10007
22253
20027
7119
204
28691
28979
17384
16572
17879
29816
23723
32251
10689
24318
7822
26423
18335
17901
16485
13572
7812
29082
22661
5745
2834
20149
22826
19423
18165
32708
11286
25619
432
8911
12667
20361
30364
8029
9755
15883
9261
4256
13486
31363
2168
8173
13956
14606
1778
25455
26475
2897
23419
5403
4307
28432
16027
13798
28720
11004
7947
28982
23712
28109
5239
21655
28622
25489
28546
12208
13846
13636
2827
12405
10730
9888
17070
3998
32372
17974
12942
24919
32124
25534
9298
24121
31885
16556
19822
14457
11603
12036
17060
20831
19784
4718
17610
25338
30864
30605
19149
29203
9248
13709
27894
7263
806
19963
5484
5880
23461
32474
6651
28942
3680
15091
8979
28378
22010
31852
1044
4308
347
9628
26824
6950
11606
25630
31793
12640
16776
18980
27782
23149
13443
4622
28792
198
23340
16444
12729
17125
18273
5920
16575
10237
31199
4503
30150
3304
27491
22393
25364
23905
12560
24686
15488
28019
16401
14596
22581
1841
5247
7679
11444
168
16261
25073
28696
28178
8386
20746
15518
17485
20206
1840
24164
32651
29633
27730
11889
8778
7952
19194
7926
8327
21818
13602
23763
2862
23746
11081
10845
4054
3901
14790
22367
8363
12655
91
31327
22699
5809
22541
20258
28694
5013
2867
24178
21791
973
21454
21278
15592
26441
5144
8259
16557
23200
32096
23754
23360
28337
6420
30770
23221
9098
26656
11407
6750
2697
3190
20947
6394
21440
12526
30285
16169
19102
9041
24687
27171
1484
21680
24020
3754
20054
13307
898
2109
523
5839
17260
26767
29990
9358
31547
23351
5934
30645
24653
29097
24346
26986
27902
27493
17081
15189
13095
20078
15697
5041
14309
25598
10631
32675
15516
28024
29310
28618
6459
9630
24643
25367
3009
25092
873
13279
8448
26820
1008
15150
6816
20084
22380
15967
30312
28757
8802
23273
31417
24269
18678
25724
27739
19480
29379
26957
20861
21306
1547
20654
26102
11064
24080
18401
9425
6791
16577
28974
2825
16069
22425
2355
30609
31911
12229
30332
19607
11315
1413
30547
13834
21807
24276
25049
14682
4057
14667
10838
29311
24024
20291
9166
8764
3955
14394
11989
29093
2305
26744
19107
3807
31904
21489
15467
1831
27690
14446
16617
533
1893
21224
31803
16930
14970
1076
7153
3689
169
10470
24423
27050
20282
10351
31315
14996
11447
32648
1434
18756
18520
18900
29288
13833
9663
3776
13183
19818
12517
21935
4303
23914
20053
17748
22855
28682
15256
21086
26348
3856
21488
16731
10536
29959
3401
32726
10596
20359
16748
6339
15833
30390
6006
18462
24226
15887
8584
29134
20758
16994
705
32719
7510
22812
12649
27536
546
1225
10607
30362
23281
4823
8982
22131
11328
18077
8683
22466
18986
13724
28666
15539
19769
14596
22849
23197
18812
6266
15205
15075
31705
21016
15780
17176
24997
9141
17675
10342
28274
14695
30953
12848
21544
9543
27523
4086
4440
1140
15113
18041
14796
30043
16073
30752
11619
17205
5283
3227
12572
27344
8893
31686
7792
23699
24952
16336
7397
8125
418
12956
6624
15085
17133
23143
29370
1511
3743
27052
1303
18581
10892
30276
6515
19276
6209
11218
23550
15441
29827
32094
22442
3740
27384
6720
10114
13787
4643
10816
21053
25530
17302
5371
1043
10850
17506
22665
6863
10303
20947
13148
14374
8455
26202
9579
20039
10232
19147
3216
23219
16225
18376
24623
17231
4451
2941
20505
2487
9721
6031
19120
18646
14902
19278
11851
12468
7374
24114
10716
29838
13272
24197
4304
24364
4050
2141
9782
367
12262
2253
8996
12074
23403
348
31830
15922
13487
24502
11033
15289
26868
23970
32103
3031
8632
15668
12628
10090
6970
5444
24489
27680
1081
16927
31182
13010
2815
20091
24301
8212
15262
26801
19540
25354
4986
14374
11547
22141
28167
9994
3335
14381
11988
29766
12975
27241
19657
8623
9437
29662
8877
4736
7991
12717
10474
28167
14879
28608
31893
6814
18903
23389
22441
25821
14569
1019
24211
9998
25030
24149
26356
1249
11181
32190
7074
3938
28366
30644
8688
25895
25520
9655
9263
8910
8656
14684
25972
14247
29067
22173
17052
29357
30013
10355
17550
23483
28075
9127
10176
11516
7582
27620
31997
164
4305
3858
18277
1757
18957
2783
15285
22532
7315
20638
1224
14102
13498
15189
12638
22629
5081
11281
12061
144
871
16509
30421
4017
17249
22451
19976
19672
30700
22866
16810
1465
6716
29393
15909
22177
28852
16147
26784
11951
21071
3131
7553
25664
14654
13249
14384
28075
26835
14534
2078
4655
10909
8356
5895
10025
26325
14794
9332
11658
7160
17607
31363
25481
31158
13220
32746
7829
8971
29559
11066
398
23468
29749
15201
25396
9380
25288
22899
30944
3135
18785
1962
6514
13607
2576
427
11402
22733
26514
29194
6651
18698
4202
8465
19836
13575
24627
189
8865
13658
19252
14858
19722
25457
10293
8048
4315
52
19601
10414
24427
28134
11917
23494
11329
332
488
18249
3644
28178
691
29140
273
21098
25187
25307
23291
9718
2853
10405
19117
4072
11633
32664
29068
26728
19426
32439
28187
26934
14661
28009
27318
20880
15600
9852
1156
342
20821
11369
7847
20332
12502
21210
30133
8032
9435
8553
1900
31308
19234
21419
8865
12030
17751
6765
13178
15703
1765
573
8157
4337
13579
9005
18472
20228
19762
32211
35
15243
1406
10644
5171
31138
7075
14371
11984
11059
1530
29252
12856
13265
15060
20950
23141
8932
526
23824
15165
2311
1253
18187
28426
15534
4108
31104
2345
21004
15356
27604
8454
18996
28556
27473
2376
15742
28865
14519
1864
1324
30695
7923
7880
10317
30944
26414
17890
4066
5821
19977
5438
17984
30091
24103
18568
17845
24175
21485
8993
6766
27126
28293
3349
23448
9382
21033
31822
16326
25049
24478
32263
20627
12491
9470
29827
392
10225
19387
23806
11840
31372
10209
12772
17353
3199
19611
15681
6478
30813
18937
28536
15347
15303
30704
3641
12801
32245
29347
20397
31043
9362
11232
13811
17584
10957
13806
16080
15689
28333
11142
15266
19013
26788
22815
26006
9324
360
2927
539
14529
31230
10030
11159
7779
6679
28189
4696
9141
6304
5447
18893
14013
29333
4230
30198
11466
9238
14154
27929
11610
30652
9878
8631
17466
24621
1099
26814
24303
4078
1961
28672
14677
17273
27411
30948
32134
29072
11026
11099
6909
21968
13981
5398
6396
2441
29848
10487
26666
7885
17050
21189
30593
29127
20723
29475
4199
9294
32750
22467
15899
30650
8787
983
17491
30967
18736
23752
26916
13016
31961
3883
5665
23213
1838
16369
5319
11031
13084
24029
27161
24859
9575
10044
5511
3958
12966
14288
14100
15408
22159
13069
24760
31860
12404
24200
5891
671
10510
16556
17668
21143
9594
6062
10089
4190
27521
15556
29415
7399
6940
18322
14813
29992
24887
1509
21812
1904
18358
7076
21641
29435
18102
24324
14734
26052
31509
17658
685
3226
9780
29174
18671
18806
23291
17102
29981
9228
31774
25080
20517
10400
28575
15613
29374
10523
11157
28202
22607
5214
43
28297
6413
22486
17131
9232
3940
32592
16189
8215
27801
1807
4138
8720
173
5148
18278
12914
14724
1758
1422
27126
7495
7146
26542
14598
17414
3868
28166
17266
5282
29927
16398
9318
18666
15849
29111
11929
32004
6339
11764
31942
19983
9767
27257
26208
19462
13107
2242
11394
17127
28157
2136
29477
7957
18543
11856
23189
28923
32085
17940
19750
21491
27572
24422
21794
15462
15453
11681
3847
28980
1475
27714
3055
13398
25098
27816
14416
24258
11104
12568
6885
29582
21136
14596
32748
28249
980
25229
25746
20711
3563
1350
13996
13323
16236
10811
15527
24522
11866
1330
14786
11965
7672
4912
8826
16567
30431
575
30022
16552
1357
18031
2949
16833
29120
27
30389
30681
10180
5997
15845
20240
7945
12580
3949
9906
15032
24725
15068
13150
13063
15088
1842
19559
15628
12229
14672
10362
25806
19143
24236
19841
19874
17103
12361
14280
19637
31268
8679
31838
4581
21497
29047
27327
21205
823
19153
29103
11328
13949
21417
19305
11661
17765
13247
13561
17060
17162
27991
13543
28673
6599
6633
13589
5382
5185
24345
29674
10390
30631
12265
4272
9183
4920
11822
14139
3959
26886
16449
11980
26283
21498
12022
20533
17684
20249
24530
10045
4715
16901
32632
17221
8349
30407
12389
31532
28706
7371
4573
10353
3723
32044
13093
7575
17243
17459
18163
23502
32536
1050
11043
19407
16546
21781
6315
32264
25795
13971
4049
13817
5126
5568
21660
17630
17101
7503
3976
30606
30622
12920
26237
7075
19390
17212
8706
24539
23041
18928
12975
5054
4064
10745
10976
2689
5324
18901
177
9515
15298
3675
11302
18422
13088
6979
30121
16120
26295
31976
2234
22018
18465
8013
7906
10185
29012
13918
22248
26691
21880
31609
3144
11860
29686
25645
17121
170
16850
13890
31470
10726
15674
7417
311
6140
24415
9108
3977
19164
24707
14617
20835
5714
595
8532
8434
15146
21624
30491
4159
7065
10089
9174
4776
3800
8579
28734
23181
6162
10843
4708
16203
1152
8275
23797
16238
13523
3179
29629
29474
5586
18522
10603
747
3140
19166
27284
30358
22544
3664
23034
28784
12963
17787
525
10421
11410
21166
16306
15691
3712
13584
19012
10672
16707
24628
31960
31538
322
12781
17606
5470
24865
31332
22885
6842
24481
19047
8469
19895
5313
31748
26499
32225
14890
10583
18728
21849
4809
1440
30739
6789
30142
19608
15849
14854
117
15366
24362
11498
13330
19341
17333
3875
531
5832
2191
31288
3120
11673
24288
30779
7046
16061
23614
8955
4853
20644
8238
17274
24775
31872
29416
1442
13202
24477
16731
5171
30303
14064
6769
12544
22539
22770
4500
7515
25070
431
10865
26318
25019
9497
12796
27660
10919
15267
10420
11814
29134
15627
8744
16898
18898
15735
15802
30218
453
24772
7331
33
27465
6171
31031
18395
19445
24005
17258
8429
32251
25408
26260
2530
1032
26002
7281
17168
5228
7133
29036
20939
24443
29748
24093
17368
5427
4781
6672
18212
28191
18103
3016
27062
15226
27310
31235
5603
17048
25005
25152
7873
26498
10148
6271
28894
27361
10154
5192
15153
16157
19604
3822
9296
14533
32710
22293
24548
7730
2633
32114
14426
23143
3102
16082
24796
22332
32210
20318
9088
17084
28755
27421
16319
17355
32514
20410
3368
25100
10249
904
13909
9473
32495
3523
8223
11892
28010
1049
20750
21526
30324
4456
27923
31847
12192
22986
6522
17109
25775
24527
23834
10024
6494
20233
20687
19485
23939
20430
13354
2385
10072
18489
14950
21601
10263
11890
9118
17744
20167
20527
30270
14889
27989
13179
27832
24037
13286
29879
27512
5774
30316
17886
4889
7845
28791
29453
17113
19906
31567
4162
8010
21626
27199
13411
29003
28549
307
25987
28983
22048
14726
6754
21084
26545
18709
30002
8879
23722
8088
7073
21181
32431
20018
20499
31205
11259
3398
12335
10949
10752
21645
15518
27634
2893
14693
3599
10476
11445
1900
23423
12113
3502
18254
13751
3152
2039
10203
7190
24161
10878
32093
20112
28467
15232
19240
247
10726
9714
2930
21369
16763
22048
10597
13419
7049
18836
24947
3909
21297
22073
31722
27885
26707
27840
5576
26936
28418
23107
27600
8622
21302
19752
23517
397
1217
8521
4215
3857
8069
14161
2724
7667
25571
23401
32256
2863
4983
32533
13072
26123
1538
19032
25556
10837
2727
18463
18075
28652
26971
12765
15131
13186
6295
7794
19905
7327
31567
6225
1350
25833
15144
24290
11907
17572
4838
22309
6790
2165
7459
28569
741
13419
31559
31580
2130
22591
26804
18579
32624
30939
3649
30220
32742
13082
10730
19490
27057
31695
24262
7393
21694
8456
16697
28523
7864
28820
29546
31386
2847
10178
26103
13031
10650
4204
4328
28555
30350
28468
14562
27364
27119
9998
5277
8729
26710
13823
26264
22529
19028
28452
24332
16193
28167
5621
23070
4021
1770
16075
20056
2834
8177
6304
32602
13513
982
1046
18637
16686
32685
7099
5529
32729
13247
4492
22360
17740
26261
1464
4618
6103
3667
15014
20490
9145
1096
19000
4673
14984
5826
16466
4249
25043
27943
16022
24244
13573
29249
3442
18655
7820
14554
15965
32065
11323
3721
17245
21848
749
12491
8141
21415
13676
22613
5725
10664
657
3753
30810
23048
16044
488
31280
19219
27685
19175
12589
23918
18276
22916
7815
23300
18927
31547
27553
21058
26834
12276
15242
12679
4676
16671
13766
14038
11911
20227
11858
1999
10256
18515
3810
1501
16104
3
25965
12976
11090
21849
15339
14574
21422
8775
7518
27941
6557
25592
27663
23301
614
20905
27930
13004
16025
21946
11564
11009
21746
7429
8844
10853
29823
12398
12376
20007
12805
19643
28434
8279
13473
27815
24155
4765
5547
14641
25597
4395
30687
21562
15407
16880
6591
12623
16149
17422
26419
28868
8071
911
20083
28930
1811
30035
23590
2593
13125
20301
25292
10170
30757
4336
12633
13558
19458
28643
7458
3819
16494
31996
25341
28969
3210
5484
9124
4239
3204
29751
32603
22628
23133
30696
5331
32163
25584
28802
26445
23701
8752
2489
28674
21669
21937
9570
24259
5745
27754
14889
19933
6173
29881
2690
27967
9196
16807
18402
26847
13585
9326
30254
3673
5826
24376
9076
30169
31119
13610
18393
12860
29426
15265
25042
19570
6951
20667
8855
3623
15677
23322
16085
24482
19822
14052
14243
15597
6572
29710
12216
1590
26748
18907
8411
12149
31239
25503
1434
4943
8046
27337
19263
27962
23647
29216
8192
16099
18150
9805
29046
9421
6533
26522
12113
24122
11142
12537
9801
3150
17296
28744
1880
27762
30841
13267
28454
4599
5211
20763
453
25339
11754
26838
28318
23697
27652
27702
28843
25116
10122
1902
7911
7164
24431
5491
8451
10605
13070
255
7259
10667
22209
14044
27944
24667
13999
3423
32759
31014
15333
17715
24410
11943
26537
1879
18909
22663
14602
1130
25659
9446
4284
6439
23506
253
1827
7212
3413
29954
26798
14591
961
30540
19558
31826
25490
31416
30919
30086
5686
15435
2766
4463
18882
5145
4947
4695
6372
19813
7833
18757
28440
18953
23076
29823
32031
29977
19658
26445
20910
18627
21773
24320
27235
27513
25000
10547
20732
10323
6248
32593
6347
18094
24381
15191
20581
1306
31633
18907
15259
15219
15320
32078
27051
26701
24425
9854
31671
11669
12428
5726
12149
118
1236
27914
553
4218
6063
23046
32720
10738
29499
12742
4766
6039
23387
31860
26283
18289
28427
25069
13802
14072
29680
5901
4186
27258
51
12332
29824
29628
30352
31976
19476
19428
2218
20773
8443
1174
13218
24403
7797
5214
27367
2032
12952
16974
25936
16973
25597
29928
16488
660
12217
26686
28169
16650
910
3927
8236
1682
10339
9429
9983
8819
12530
11989
30008
27994
16577
31255
16041
15779
16211
20575
25877
28884
19359
28186
10051
11882
961
31557
18000
18393
29936
2955
5449
22990
18352
27053
9978
4791
31816
12839
3584
17029
19319
273
25382
6064
32611
14147
1518
11644
22738
6844
19309
20348
21660
22085
3932
5716
25953
7249
23405
16834
30071
28968
6363
29664
17702
24644
69
12707
31000
8443
15292
19624
27915
28255
28443
6704
7881
5731
6806
7017
17754
1087
2966
31471
26744
18965
20421
914
3139
28116
24164
29786
17718
32093
27621
21960
18522
11748
7094
13407
19385
2713
1115
25699
19222
30344
14783
13025
1243
1470
20940
10223
17235
29102
5945
15925
17945
11475
24227
13228
24529
22934
12768
22438
7189
10353
17808
31247
434
24917
27892
24562
17685
7241
4
24894
32512
27989
26555
5067
15234
1950
17590
10136
29989
7122
25597
22615
20585
30150
30241
6187
11121
7518
15495
22448
22013
32430
8451
3900
1432
23902
27560
28004
23059
5971
2783
20162
1585
31371
8631
25334
28836
12873
20604
8939
24888
3955
27531
31836
3663
12344
5220
22166
7821
19189
26881
21631
29396
8282
15719
30679
19571
22729
4986
2494
9114
20734
17685
27766
16914
6645
5210
14955
30250
12296
5703
22128
29173
11609
11146
20812
10930
31599
31639
18549
19596
18468
9719
8731
5764
16830
7651
19048
12971
24156
25617
22023
24212
12948
4814
11747
30729
7002
28749
10289
16893
16163
31551
12976
30146
10827
9635
29231
29820
2740
12768
31569
11478
20145
26129
2189
2291
11042
2464
20856
30888
19680
24854
26439
27624
14683
7217
14991
20863
8833
27192
11856
28163
12770
10379
23602
7944
3858
24446
28174
24212
9551
359
12464
6867
27748
8182
17372
13835
14541
3013
2958
17105
22300
4656
18054
20606
30364
19815
28164
23517
10035
15041
17105
14374
28301
2900
11134
1072
14454
25282
18416
32738
9864
30805
24093
21995
775
20047
1040
11698
23305
29563
11059
6544
986
776
28877
13630
3998
22167
22474
2185
30008
7827
20411
589
28523
21697
11549
8096
22335
15640
30430
4942
32167
26834
11549
390
18528
28611
27954
9170
5660
21482
5870
26956
11744
17222
22307
26384
15787
11242
15207
11501
11352
22100
13078
21088
17093
31227
8598
20418
28725
39
26079
30656
11763
26885
31546
9484
17977
1787
5960
28754
591
1081
26951
622
1015
26257
24209
22236
19977
1416
4197
623
16475
9901
16106
21062
2787
13353
32113
22269
23584
16792
29691
12320
20149
21271
23035
11237
23128
6814
3677
3866
19434
8081
28870
6492
2279
1169
24606
6538
8705
24472
588
9849
30984
22597
14656
20457
32269
116
26935
23480
18375
6930
29754
25430
2870
17712
3816
25977
13957
13653
21110
8210
13109
1305
12276
18047
4984
14575
10450
26626
11995
31299
28834
6770
29224
14277
23583
15664
26251
8196
16751
26717
13299
10814
11685
23626
8891
8566
5002
1328
24714
26056
22429
26402
3192
22522
23896
1599
20082
9043
31157
7980
32223
22960
28401
17346
7043
5588
21904
12291
8868
6144
5793
27475
30060
4291
23363
2533
26767
3604
5480
8819
12846
16030
1497
19506
16378
32603
25467
14597
14492
26468
2000
16368
11349
17928
17600
27600
14561
18203
18330
25162
9378
12688
11606
14082
13562
29771
11293
32525
17401
30000
30219
14504
22840
22144
14643
23338
18948
9829
24803
9015
9407
11467
31786
28471
27524
19314
28056
16390
25098
9281
18501
12781
29387
31198
32276
466
28517
32379
17209
29355
12352
1267
19193
10041
22385
18453
16817
17394
15070
15423
10266
27967
14755
7984
29643
30183
181
14871
6400
20939
709
2543
24985
8405
10088
16911
13670
26155
30068
23805
14241
16296
15533
12164
23996
12684
673
12806
25438
23154
14032
29715
16296
9091
29200
28217
32700
16618
17712
9758
10880
5767
23260
22733
4511
21736
28864
8014
13265
25205
27633
16761
5213
25834
3208
11019
11228
32523
1168
14074
22079
5779
30242
17670
25107
13933
7374
19857
9476
24870
9789
26544
14752
26531
32277
30082
19038
6159
4381
27329
3551
22808
19362
24982
22643
1371
22297
29106
26335
6940
23301
32154
18014
5179
17691
27202
32229
31331
23716
29918
23723
2949
9508
6901
4585
645
21561
18615
29150
22579
24261
16784
3095
4220
24911
30461
30445
26594
26535
16799
29775
29993
22473
12430
21442
4947
1028
25327
13733
10191
10332
8137
5050
6382
22316
8212
13026
2198
6416
16147
25128
10042
17409
1252
11009
13065
19906
16214
22226
30566
7548
7418
28083
24729
8357
32381
4723
30660
10021
29236
24540
23320
19132
3577
11064
1608
26014
6966
20500
32574
23649
18751
26947
15118
16153
23013
6950
20264
1474
31816
21291
17105
27614
18924
8340
5332
12126
6671
2682
18804
14022
7994
1809
5286
25229
791
30765
29821
3522
29826
20741
20454
502
23522
18743
28053
25173
10682
16653
22335
21014
29563
15103
32010
23062
21149
3705
11586
20927
14829
14302
13389
20271
13609
27084
14561
25238
18122
17314
10356
8416
22561
20799
18420
16789
28581
14349
15545
21501
8588
13631
8632
20359
28312
20822
31993
875
1332
27882
10571
10639
6335
2727
2102
8360
17192
31382
4145
4513
9403
19101
2837
1088
13882
8266
6354
9991
304
24524
19040
20056
12930
17474
26873
28381
15175
19769
15750
5927
29657
9583
27735
11413
29996
26333
14614
28536
7263
24565
18174
2676
27793
15913
10568
12586
17142
16812
22502
4627
4394
24188
23668
8111
4549
28320
19308
29920
11055
22958
23961
22672
29878
21905
15822
9370
4573
9353
24279
5096
22519
29811
28080
15321
29173
17227
13301
13541
30333
27887
32410
13955
9276
17958
23772
10826
14460
26848
19319
31319
5113
5568
8218
7920
8688
20183
18712
12134
13690
4019
13664
31296
20760
18072
30895
26773
3215
29453
4
12474
3318
3482
27221
7198
17165
7377
22912
25713
25552
7051
20356
27660
20300
5236
27633
21901
22962
5834
7581
16065
10922
26721
7321
8904
9961
6379
16483
10099
6150
23158
1629
23025
1673
17206
23678
7851
31302
23685
1096
22636
5353
9000
8698
2757
15057
23764
19462
31664
15906
26352
11973
6259
16405
25245
6250
8647
15507
25076
309
25402
29699
31374
25577
31186
10080
24906
31359
28147
23182
29514
13084
9346
4334
20543
28993
27467
14384
27111
28481
9376
13672
11476
21497
22083
18532
9838
20667
8071
14653
19515
23435
23217
1069
18526
22926
28068
30624
28510
19903
3518
30862
17193
24548
31485
24839
10073
20417
30310
11536
10933
10379
30631
27053
2555
18591
26107
6719
20445
4468
22606
2064
13897
21454
8354
12333
11501
19509
9905
17268
10491
17318
21971
27885
8745
10376
8739
21086
24829
13281
26845
793
583
28362
12299
18713
21487
11297
2401
4173
28400
19069
7269
22580
12965
21095
7123
25514
1348
17607
10815
6914
32168
11676
29180
21588
23123
20208
29757
30232
27059
30732
21370
10228
18340
23784
7445
1491
5175
485
22078
2359
1969
4030
20500
7376
2007
9148
1804
3661
8809
28714
4503
21106
4333
16649
25087
20331
10669
14597
24466
8544
25091
23207
6915
3401
17876
12747
8717
5636
2139
12629
13913
26532
4648
6432
27554
3341
12392
30775
28951
9150
18790
8008
2561
493
14930
5973
31141
729
16962
28845
26220
27996
7798
32283
30785
10431
15328
20573
13883
13267
8675
1495
26492
4669
31324
17033
31577
9234
23263
25663
15547
7076
13123
18183
21700
1435
1376
11752
24758
5959
18967
9169
7953
14132
10131
26832
30716
29695
23759
16260
25830
23913
1624
11989
31597
29610
8277
3042
8063
8456
27076
24635
8383
29095
3334
81
18218
32163
12702
26155
4858
14684
23350
9306
13258
8209
14818
1326
31484
27825
20393
10794
19800
21741
3906
16310
22517
31378
22555
6420
3165
1814
29600
18581
10220
9584
30649
2061
19065
20013
12948
1412
24633
6593
934
26670
25311
3355
17900
8606
13832
5244
12151
24374
8919
8328
18983
12258
14044
6558
27063
12806
2619
7525
17145
23988
12554
15015
2147
16163
23546
8035
12235
13660
27706
27933
17775
2359
32408
10105
28728
28806
12778
28936
2880
20880
11436
2658
30865
23233
9706
18293
4400
17055
30049
28444
22106
17408
28385
14580
18445
10874
3317
23915
1226
796
11974
27673
5786
17755
27965
23636
4431
2127
19304
3070
26124
6176
17951
8354
4103
32699
1767
32447
32398
23241
15894
19300
24648
993
26680
11261
13246
29436
690
14445
16665
24618
29605
21341
24877
32388
10517
23763
13751
25442
13131
29446
14051
28110
24183
13681
14866
16952
3994
15910
21977
11883
26787
17765
18253
2495
30680
9069
15486
26000
30328
9362
10305
8688
23199
25488
819
15001
16489
7711
7674
24613
28250
14279
26830
12674
30974
24310
21561
10656
18892
2128
12058
5484
3408
13382
9712
9730
19594
13034
18261
29470
13713
23041
12745
468
22395
24922
20145
9090
21889
22879
16031
16642
21855
28650
23252
26148
11514
30554
28676
8539
4933
25573
5721
2998
22629
13104
19130
3346
26900
29212
11596
12431
8515
21731
2361
7488
12803
5477
2481
1831
7845
3004
16431
11360
5408
13590
24574
12956
9652
7364
21243
30929
7629
23438
2972
12592
2602
8522
14385
22360
9278
31917
15210
22217
11991
21856
3610
30107
1533
19542
28218
22384
26141
30302
32561
11431
11879
9460
16211
25042
8820
12637
30375
25450
28460
32243
749
18882
30439
8637
9439
314
10450
29250
12984
17077
26517
24479
21491
28749
17202
22232
10837
10821
2608
7788
3117
12350
30202
24876
13275
25262
30338
23372
2191
30863
24873
23995
25683
15700
1763
7088
31564
27425
30102
30342
18492
30011
26820
15305
8780
22206
11626
2449
24585
14734
32040
19726
11180
2447
5281
3941
27806
18457
2341
1210
27195
13222
8590
4494
3031
6094
13927
14924
23038
22902
23892
12574
9472
4932
25517
30213
29869
22102
23661
15657
9566
25395
17739
3950
22069
28417
1830
22855
3237
18681
21926
23503
12596
29721
12833
13334
18815
2328
5563
27832
4991
29855
1746
19893
26124
26038
7577
24188
31391
125
15362
20041
1116
10524
31970
14001
14416
31484
7760
27772
10999
16440
27469
21170
9985
32078
26795
25592
24917
25883
18727
26141
11863
18694
27865
31729
7270
22907
28622
2390
6057
19099
3059
7577
31500
12593
21044
22530
12933
11240
32486
31401
21148
11452
28002
8076
18730
30383
28403
17375
2913
9149
2291
7587
25868
18193
24112
28538
19736
32633
18325
20154
25428
3608
24582
4032
31605
17755
1931
19591
22877
25646
8625
14713
669
12655
4909
15492
18744
27554
17091
31345
29610
24807
8550
20081
9768
17194
32161
24569
28970
3226
9781
19152
10535
2140
8196
3431
27551
21376
29485
12648
30047
27188
21369
25233
11777
5431
10230
26563
3250
19345
13793
12886
14904
23682
29385
30640
5171
30136
16882
2326
30114
22980
8440
24001
26794
23247
1972
821
9619
28041
32611
26574
788
26723
13573
13212
15312
17150
2820
9073
11552
27107
28182
6711
29459
31348
29028
23687
1459
31523
30188
10872
15242
25569
24868
11189
21861
2777
9952
25043
30552
18783
10869
5345
13058
27939
15135
28224
1810
18859
12192
13749
30730
32256
25898
25788
9796
17063
9599
1055
1330
21458
14423
1992
6121
19416
9218
7379
22241
483
24910
7656
8950
16616
1707
8648
27059
27357
11917
22565
24272
23590
7442
10423
28409
9040
26853
18572
20434
24833
11106
14752
20791
25647
31739
26797
21448
22161
15066
23876
2213
3411
28359
12317
24182
21006
14925
15276
16303
14327
11288
15092
1554
20823
28322
19104
18293
22843
6927
80
24517
9580
13141
3121
23627
29857
1951
6352
11310
27892
2804
23856
14905
24211
23315
5402
21471
7864
32674
21428
380
3803
9352
25685
13278
9254
21400
11672
27396
809
29039
19119
14885
975
415
20218
19701
12688
30221
26584
21027
7145
3479
20670
28454
2825
1530
19846
8505
27854
9459
7945
12196
3567
23717
9711
4926
29563
3899
10182
30512
26754
13774
27218
14075
5137
28297
6436
32189
11108
13835
10606
27312
5208
20492
12310
24307
3103
9028
24073
22669
9783
3208
5842
32431
14237
27959
21867
17209
574
30932
21331
15744
13486
1524
9696
8782
4636
26203
17879
32043
22150
2658
13626
3803
11049
29596
14177
29992
16188
15032
20300
32738
22749
11433
30776
22307
29260
17157
19568
22231
14167
31659
3686
17276
30485
21417
18434
15399
24023
26973
29754
3528
2908
2522
26339
19374
22852
11660
26311
20814
26055
10272
11767
4416
13991
3998
17507
21898
2147
7896
26791
21793
7598
5896
31528
17069
8991
25781
8032
14477
31530
3030
1910
9755
1615
7994
7698
8753
15249
18215
623
18156
9514
6978
2738
31407
5501
21422
16506
19051
10316
5496
3000
14622
25643
24115
32705
10394
4149
21215
32417
16264
4605
30224
9906
28844
26568
2380
15982
1899
4857
7604
4738
23946
1740
6118
31267
7736
28487
11043
30117
14927
25710
4013
6986
29143
23991
30835
18008
5836
31165
3056
15470
27936
28216
25681
15639
19460
13357
23254
12192
25700
17506
8826
25383
20656
30741
30166
5365
20962
25069
23619
12558
23997
13105
19007
261
25170
312
8466
15637
25289
32545
20913
13166
20830
32708
9954
31181
19114
21479
31393
23887
5668
22710
23234
1159
4071
19053
24793
30670
24502
12120
16727
986
8509
28413
22005
10899
24985
27032
10070
5665
5659
9159
14823
16970
28745
23175
8715
20475
13094
4959
9077
14116
28084
31963
24532
19145
16054
13116
22710
17239
1466
15726
18598
17204
9559
22074
6040
2457
15028
21949
28296
18340
28233
20249
11869
19369
16874
13930
19987
30410
1
8956
25625
12487
12315
443
24312
19991
13478
19434
12598
7223
30200
5656
29818
2114
16020
2896
18416
5058
11433
10385
28143
3013
23772
19581
27866
13876
12871
28501
14148
26977
24514
5925
8023
16863
5729
23612
6518
27286
32062
4575
4641
11030
22136
26431
23321
12332
30075
5288
29637
17075
27266
26874
12501
24749
1883
19293
1829
27795
8554
1329
32228
26345
13553
26692
3061
26132
19855
9544
25749
16496
22534
26244
30527
7326
16705
713
9932
23579
1685
23720
31711
5143
6983
16866
22144
2180
18254
24352
25351
23917
25435
7140
22076
29321
5655
29376
13500
7440
30379
6598
10655
13261
14470
3903
12375
8565
17498
24224
5595
28983
25192
12729
5382
2452
23038
560
4665
2417
10814
32558
14920
31594
16416
31576
2196
21354
19899
30465
30836
27256
9920
6813
26074
27860
17991
13689
24883
28227
25038
5290
31374
6311
11646
17988
18433
10450
13745
7372
11080
11676
29106
1775
6832
15667
29635
3955
28980
5299
23141
6511
2533
22007
26323
11447
10895
22446
23760
26267
409
15281
4002
25297
15149
16276
16479
12463
29081
31610
12647
10397
31989
814
4914
13771
26118
7536
11852
26655
99
1421
28317
25202
28630
27443
13294
30971
7429
9346
2985
5131
23890
18022
14304
11003
20991
5925
10129
27491
17046
3892
17449
24717
30344
23631
14406
12074
21012
6856
5057
14659
14954
14624
28908
15986
1297
14804
32536
19537
30342
18297
5723
4915
5158
20235
14480
29458
19789
5251
9118
21705
16320
30119
22782
9091
6984
20262
15991
31348
26784
14308
15404
23239
14225
1683
31705
32215
30812
21891
11610
6049
1112
30907
29805
7546
6620
6728
25528
25853
20319
28885
10510
12104
16862
17532
20206
29800
639
13788
14156
785
1907
31596
13204
18578
9248
2318
24045
21769
19584
21992
6075
28627
10180
13423
20839
20551
13886
28868
32610
20132
3709
10564
24679
8519
30138
5467
30977
31266
22387
11928
26702
6249
24661
28679
31234
8846
16479
8123
6574
23664
22597
22186
2883
3536
22034
15038
3282
11524
1298
7976
17813
8687
21743
32504
9779
13616
23578
1514
7744
32666
22892
7043
19203
28132
30990
9309
893
11426
24726
28096
26022
4212
18034
30577
18682
20094
6282
4047
14900
6424
30241
30235
25690
29894
252
30488
2809
22890
18887
14292
31154
29624
23476
8901
3317
6891
11109
11031
14349
20150
27916
23109
11357
20862
5585
23527
1513
12998
3188
31691
8472
24043
19763
19014
32184
273
1262
23244
21314
24669
26505
20671
14943
26981
17810
11909
4012
6884
9507
6877
29626
5299
25098
4211
3162
25588
6440
11186
27415
24464
25367
2777
15619
10469
8720
29777
10167
9400
26379
14142
30613
113
12839
31316
848
6023
4685
27883
26799
19769
26640
3670
1677
11903
20440
32625
22565
28736
30528
4730
5516
7621
25020
3362
15743
2926
24703
20707
27743
24995
16796
23955
9338
21518
31339
25146
27532
22791
20782
20513
24966
30032
18932
9259
13453
28675
23230
23144
5702
712
10977
16360
5713
23115
25003
5837
1555
31470
18505
16548
18873
23995
17128
25334
14969
22940
25883
14873
32283
11470
9597
3660
30649
14995
29847
32516
13763
20775
15108
6272
325
3062
722
26531
29293
9740
20524
3
11848
20685
27958
10302
12748
25318
11577
8333
19995
29571
27392
14235
14854
13763
18050
8599
23760
10344
26049
17799
13877
28116
15601
29920
1963
24625
8669
16724
8936
13807
11911
25836
420
19059
14094
28758
2720
24333
22229
13184
10215
26667
22754
5222
4692
15053
32644
18472
30292
11833
28473
8799
21997
1520
16590
28337
19456
14304
32456
2211
5323
25307
4611
9647
32689
2376
24985
1431
11838
25625
10757
31992
17510
25085
20361
3618
28173
9942
12237
1063
24013
8045
14024
17458
10483
32100
15075
18714
9418
12141
25692
32055
10525
10682
9193
26229
23543
4789
31903
22694
27309
10224
9489
8733
21534
28511
17340
26232
10298
2245
19107
7101
24769
13164
13878
23977
14157
23577
13176
2884
7315
18239
29025
25273
13542
11123
8577
3941
32253
20512
27623
24110
501
1148
23105
3094
15257
698
32325
25359
4066
4994
22351
6418
186
1438
15179
9579
32005
19958
18133
87
29154
25534
6303
208
302
11502
23571
19624
331
3826
26426
3797
10783
30627
28637
26636
4959
29303
7146
19857
26637
7668
28952
19021
29503
5483
26574
22049
27171
8930
9538
14202
5952
19794
8414
8997
19198
5907
14567
3685
13673
148
31328
26435
3378
9039
8236
10022
10230
30972
3444
29603
26563
8965
18248
16790
8665
17979
12681
11890
25261
20167
4870
981
13108
12387
9445
6496
17245
30410
12613
2245
7648
14956
1313
26657
18742
19815
14711
32397
31208
13491
6058
9967
14861
16796
7462
21783
10766
24438
25154
28935
16045
27020
26730
31889
8262
7513
4989
14120
3924
31995
21108
13296
29238
13796
15173
5655
28724
24531
7686
26472
15805
10242
21334
15645
32242
15521
18937
7925
23913
3204
6082
25735
18986
12057
4534
31958
27902
2204
12142
21541
18410
32398
15805
19469
7670
20579
9363
31180
2098
26747
17441
7904
23547
14675
11582
4053
18043
31485
14602
32091
16751
23757
17361
21403
17709
32598
3890
9163
23525
19092
3968
19456
31271
29803
10344
20804
16549
19280
7380
8169
2875
6471
13840
9757
28972
13069
26155
31934
6831
1942
27041
4719
4010
17338
11318
3307
25533
24107
29989
21657
25474
8106
7802
32353
10003
31610
23485
1983
11725
19477
21456
6421
26452
18463
4634
16966
19927
17304
4838
25984
30102
4437
28421
17497
13729
6321
27323
25374
19938
29568
27609
13927
11869
10308
6950
20207
17335
21668
13571
30627
27893
23577
19791
31225
32391
28395
2697
31875
30341
32092
7220
12228
17976
27426
28800
15682
21724
5915
27942
11484
8100
2877
12180
13406
6911
26828
6218
9555
14618
25807
9604
27931
14758
26820
24857
23357
9947
11155
26019
8702
9149
22209
16096
17714
28574
3046
10584
27474
17124
24161
30016
17615
26892
5450
4255
32166
15343
18856
31919
27957
25668
13540
12934
30796
871
17278
15093
22920
10841
16383
32177
17372
16903
10799
2992
4977
18639
3719
26838
176
2368
29161
6353
2461
11809
9615
29506
1382
22453
5954
797
5691
5694
29132
30034
28001
28096
8623
23213
5506
18183
4631
16634
14152
29163
13838
26478
3114
7379
12783
4674
29573
25976
14621
16801
24046
26348
29684
20420
711
26842
512
14940
5136
5135
27757
6960
25728
20537
7359
5127
13268
12015
11204
12744
5480
2034
7366
2784
9476
10931
22788
7396
32248
18709
32612
11639
10347
32627
23650
12911
28912
7653
7756
1331
24154
5823
6577
25959
14802
13915
12823
3788
23846
2073
15084
26209
15204
3235
25791
719
22440
9590
2736
5123
7730
22942
29733
28189
21435
22464
24255
15241
3849
22878
25741
6763
28866
19287
4735
10561
3454
24493
17181
18116
15903
27787
4472
2318
19045
15495
30817
12290
8637
13348
29146
5865
5722
28827
10954
26969
20103
17371
7925
8027
24636
12750
12586
1228
19183
21214
5054
20484
17324
16312
5434
2998
1896
27215
9553
22551
10131
2084
9749
18243
1260
29126
23914
22748
27801
7060
6842
22772
2935
3018
25834
9773
11183
29116
17549
8990
28810
16988
32344
22265
1158
32258
20950
363
28073
877
4189
9668
31765
5125
8257
20824
1757
28002
16455
8485
27415
7186
8029
19126
306
27543
7304
11335
31882
6064
17181
10281
26938
8922
22324
20328
15409
30229
1626
8108
10633
11755
4230
22621
13588
14511
32079
11018
12599
10755
12635
19212
8187
26524
30747
8294
10849
4938
21941
8688
8694
22066
13634
6837
16552
29022
18234
24217
6872
14201
9260
12863
30640
21459
1971
27177
951
684
14245
1313
4514
7854
27533
17880
23918
10171
18524
4046
1451
9961
17499
2929
12059
5067
1892
21897
1659
7923
6994
15827
5281
1460
182
22764
6343
21293
31692
26993
23847
12930
11693
25701
14792
13933
19909
5331
14743
14838
6024
8884
5561
15998
16481
274
31520
27394
2539
1902
20060
4254
17508
14944
25012
22608
21855
1917
20854
32255
5816
30845
31371
15548
8653
8606
16206
20551
23275
20291
3743
12245
20743
14049
24882
26128
17839
12059
8493
10848
28992
13100
12275
8041
22360
13702
32314
23253
16270
1464
27236
6739
9825
19861
22796
18911
14959
27027
15327
16197
14824
8305
31405
20192
17473
32285
29375
7592
29741
21972
108
21612
21961
12171
18151
6235
3350
9358
10843
27849
16557
28519
12346
25136
7342
13057
14802
13941
506
15629
19745
19053
13730
18341
24554
4256
9375
32303
22792
22861
4035
18821
15363
8110
13295
10067
13025
15484
17031
4288
27198
8630
15907
13392
29599
927
3975
1800
8708
4870
26326
28884
5308
11465
15618
6183
25725
8860
2439
4321
9908
263
89
29301
15130
30382
27674
6475
6024
16597
30865
5987
1548
16675
344
6204
2364
8358
14548
15348
23242
9240
15210
11696
14425
5473
25328
31038
29327
26204
28258
25593
29292
28894
20951
19693
10458
30709
17075
22588
7301
20077
21533
27073
2540
18073
14260
13042
18873
20304
30333
22539
29005
25141
13856
28777
24992
10043
24149
26163
14408
29033
12953
31040
22231
30939
13349
26933
29802
30218
24608
2798
28031
589
7700
19744
17927
24991
29343
28732
4541
6562
19051
30102
14005
31204
29023
2502
15928
31073
2583
28238
10191
3402
6546
9854
29342
23813
31531
27541
20723
30581
20683
11305
14879
28027
17244
6857
20101
30141
10113
4064
16880
32166
23172
17116
16426
19374
27536
7824
32714
5851
25888
13527
30541
14215
19127
5499
26728
21861
7890
3157
13725
14015
1306
2741
13837
5377
21727
16388
31629
6779
12226
9639
16123
28003
28849
551
26323
27673
1817
10127
23549
32431
4694
28950
8425
8617
20847
17406
24286
3585
15104
6076
23951
8815
20855
18777
6384
29159
1923
15896
26951
7010
18634
6489
29062
20193
31451
2493
18392
9135
2659
29067
3194
9191
22691
28243
25292
12599
7457
977
168
9955
3998
28179
18418
23821
28233
24286
7792
28979
13362
10831
30684
30713
5121
9918
17976
31785
2792
17383
17506
28408
8150
7500
20200
28043
8942
3029
16157
32697
311
31418
31853
13331
149
930
14317
15649
30712
5645
1590
29679
22483
11759
19316
25544
5840
23965
11706
17218
22210
12013
409
32379
21978
8089
25840
13985
31
15589
31749
23224
13592
8834
1237
15767
5579
24753
13481
19764
28396
3500
5098
20258
4942
1601
19510
18008
15005
8640
7347
26164
14415
23831
26788
14016
7896
16700
5178
20019
8989
2251
9132
17339
21548
18673
20618
16249
31530
8584
2382
19405
14220
14467
3892
19413
11147
1165
9803
15152
19665
10989
3020
6920
11641
29869
9899
12367
20790
7931
9837
30536
25298
2767
1081
28746
24027
4046
6705
10689
153
30319
17667
11125
6722
23900
17338
9999
2417
3611
18907
4569
32469
1261
30637
3013
22566
12278
11480
14257
10078
10655
26929
26857
14885
29241
12245
18925
13709
27875
8309
24693
6655
9133
15088
4787
17270
5885
295
4568
14826
7218
27405
19929
26128
3976
24829
22131
32320
23867
12369
19821
16310
9712
11824
19997
18430
592
31911
28205
8874
10742
9723
15263
24390
395
574
23567
17294
21551
6945
12600
28126
15387
521
9914
31721
32389
19557
3355
2478
24260
10814
9739
7336
11445
19215
17900
20293
4701
1240
11921
20634
25808
29038
1862
3157
31825
30229
5649
3827
22458
26960
7736
31283
3871
19192
2051
7626
22958
17036
13763
2136
10969
22472
10771
9371
10936
6521
25438
14050
3496
9871
4258
20165
3897
19828
883
276
5191
13724
834
32269
14438
18270
26079
22482
19076
17922
4413
3354
31945
20507
19062
11302
19394
14871
30222
8695
24767
30484
11644
2494
29561
1013
19942
4244
28408
2229
25645
16747
23988
9212
6697
19780
24827
5360
2358
9123
14226
14158
5615
28480
6047
1465
14649
19200
24518
5714
23172
17187
25491
17800
8013
30399
22296
818
21479
28013
7639
30171
20860
30018
226
26716
1359
7425
4160
13745
32067
7822
13203
9989
7585
19878
11768
30735
25622
24270
6447
30113
23547
6793
7164
27262
10201
20686
24524
20077
17453
8377
2460
27531
26472
26753
14871
28133
9018
29098
22782
4422
11024
11644
12237
24910
25564
5555
6044
16324
8468
1400
15939
9517
13053
7824
18113
20382
10793
3796
18655
21454
29758
18913
29712
17519
13818
2832
22940
25535
1652
13225
8701
4954
28581
22867
12681
30290
22566
6351
82
31105
14907
230
10571
13854
19473
10656
29868
25231
32068
19383
24983
17790
28068
27723
29435
24367
16697
28887
17337
15633
30085
12132
9733
11155
7176
20221
21007
14904
7690
3170
26595
17902
28052
14081
18574
32156
18368
31265
2691
5370
27698
18017
3389
6565
28135
28513
28709
7795
302
20927
28853
12547
27379
5445
29662
19865
30019
24416
16039
17705
3341
2516
8728
18866
27942
12719
7766
5326
31376
12923
16655
23686
13820
25016
17176
2666
26253
7818
10581
26850
25055
2478
27866
15039
5448
31154
28239
28949
13406
32614
14489
29517
12473
3726
22199
11638
24314
7897
16617
22748
27915
22807
9496
13020
3497
9382
3698
5622
32032
10541
12373
10532
17238
6285
22638
6506
22283
21781
19490
4527
1631
18422
5420
25803
18581
31734
392
7649
23830
20584
23184
27375
23481
22619
5990
5539
6721
14866
3729
32369
2856
8884
27371
19938
31131
8773
26554
20527
18117
981
6173
12046
3152
30199
15786
32204
18473
6005
29269
19356
30084
15426
10643
12335
14113
32432
19648
1668
30413
28899
30398
18946
7723
646
4832
18884
19636
28348
25350
9780
12029
18010
12553
19675
23352
27219
12121
26231
22270
2676
19684
27470
10828
31825
58
20931
9163
32383
19951
2855
12884
15363
3649
17105
30643
9227
13819
4977
30891
27100
9882
9889
3643
16652
18861
29373
31776
10737
31618
2805
20635
25177
2302
13728
29044
20091
17613
15571
31295
28206
30652
11571
20446
12889
12386
30471
3399
18091
13830
9618
11656
9100
8893
8351
5896
31827
26835
11357
27663
23993
18284
7021
17544
4237
29291
26426
13574
5290
29075
8841
18182
18471
31468
31313
18036
3789
19561
14540
2160
3534
18631
32462
3921
20403
23480
10070
12266
25751
26945
2402
7181
21139
19553
3080
30286
27257
10483
16579
21257
21701
5333
30731
19111
27344
23626
1064
284
12359
26013
7751
18100
220
30728
8654
13840
17979
27091
4589
29547
19008
31168
7541
28963
31079
22439
5358
23924
10628
8286
1764
7558
14516
20699
30337
31146
6291
29853
24673
24288
6575
4936
417
22942
2877
8591
5433
11724
779
31062
31628
12307
25014
7448
62
17495
26397
19079
12870
9602
27413
8307
580
23172
3679
23533
6932
31896
30679
28844
10403
13000
29165
176
257
1715
31833
30500
25528
30350
9739
19081
17245
26729
17249
10769
19812
25267
21661
6729
9272
11777
12438
17659
32652
17419
18350
83
9963
12279
4867
20800
31383
17371
1002
27933
32400
18301
1945
32401
7155
1117
29475
12724
3205
21237
27562
19315
9360
3391
7887
20533
28398
2680
24430
32191
20323
2084
31369
7252
7984
9298
22657
27425
30692
19745
16012
11225
8310
18819
17507
4509
20625
16193
21051
5918
15919
23103
15095
5
10601
30978
18076
2451
23181
623
16645
3716
18034
18645
24792
8762
19720
7726
6840
26391
17971
32162
13500
9259
20698
28237
11808
24079
6203
834
20283
30480
897
7376
30129
6800
920
20228
28906
30634
29504
4462
707
3861
15712
7208
22659
6219
15773
5653
4112
16874
3884
30823
7523
20826
15844
19300
9273
26032
3480
8297
6667
25042
19363
27951
17473
16860
24260
11341
26275
24515
2349
26366
13840
27449
4310
3109
25458
6352
16919
14478
21233
19553
118
21623
21351
17071
22974
10831
27156
32328
20305
23229
1684
31660
18878
20964
13069
28849
27286
8678
5293
6950
12412
26278
20564
25271
8572
5843
10125
21008
28574
26146
25027
11078
19386
7386
21938
7026
23181
2198
10011
20895
13
27206
3260
31974
29946
1400
12927
30167
23222
13526
3058
5915
16726
10223
10999
2392
21497
11834
28349
1621
8024
13143
7918
22367
9887
20633
18218
4843
14972
6082
26293
23932
18037
31501
18540
12743
2174
30322
5886
29717
26315
24101
344
21738
22499
30304
865
18148
4342
14434
9960
3045
28272
26808
20698
7541
19150
25275
28345
29793
14256
15706
6217
29608
19760
11545
31117
31384
883
18266
6385
25141
19069
2779
19913
27098
21578
20865
31482
22307
17690
3924
25079
19721
15884
714
8688
7759
30190
14920
14150
7966
21588
4838
3905
14828
17127
5235
1029
19362
10496
20153
21698
2813
17782
7169
28204
32564
23220
27866
5931
18908
24846
279
21971
18441
13141
12823
8342
20151
27048
12873
12216
1640
22158
26094
772
10766
23106
14625
28606
11562
78
5909
19160
3382
7003
26271
872
21057
21320
12276
16730
729
22905
20403
23650
3885
14194
23334
16181
30579
27556
6597
2809
12680
18566
14331
3834
4566
18920
5933
26782
15227
21637
24313
24475
23464
5079
13243
21095
13382
27183
13910
18161
14816
9988
12593
29582
18621
30603
5759
21558
13644
17801
13252
8176
15302
30822
16020
12939
4878
19586
7838
16015
9948
13516
6378
23411
15642
31376
16479
17424
2702
3984
20360
22870
31418
18007
20376
15678
12032
25802
12459
6655
30986
17664
14158
27013
21609
30803
25410
20767
9084
8375
13181
25976
13204
29771
27506
27336
19541
7982
15762
25931
20064
30612
32531
3571
9519
14361
18672
32602
4159
13397
10801
12026
1909
15280
20332
1696
16059
7799
17292
12830
3306
2352
11729
30016
14828
10795
12568
7682
30754
21850
20573
26368
3331
6754
31870
24110
27910
242
12097
9161
20162
24404
14233
5518
31060
32578
6949
14889
20994
1274
12538
240
27934
19605
22946
10705
9772
12692
30820
27017
839
29884
4550
7703
26560
13348
13137
10097
23049
10636
2196
14453
24785
8944
16748
13346
15217
26973
11650
27400
31111
2564
12564
19709
13792
13709
30457
25362
30876
10669
991
9670
1164
22779
3800
889
5087
17663
17173
11043
18430
16012
20208
28485
20660
80
25648
21792
3730
22442
3465
9254
13458
20411
32099
2478
11514
4800
14813
9451
17795
30111
18960
3871
26299
25023
18584
13324
23208
4381
32593
3755
26286
20637
28766
7713
15538
15518
28784
9967
1920
11216
13892
5225
5738
15434
878
3689
27698
14039
19030
5956
13611
15505
30080
17917
26778
29362
13328
28857
6498
8358
28557
23411
14817
29797
20197
16113
22293
24831
27313
15351
3843
19320
5819
3770
18009
31191
25789
5783
24914
30842
17516
1541
986
27052
25781
20169
7411
29562
14919
7785
16727
16322
20305
32482
6494
17036
16525
28573
26147
15005
2941
2720
25058
8266
4597
2562
32677
30347
30425
16801
20000
12880
14376
24855
473
11288
10809
4585
27276
20415
14405
17922
22477
32407
3622
19040
12527
22459
3934
29198
17445
23200
16219
27986
4327
6125
32506
8487
4503
25741
17225
4845
18533
17154
10641
15456
4976
30460
3220
23495
3117
30506
32531
5229
30221
12624
20371
29525
90
21658
31073
11306
24418
5680
9940
8821
216
9226
10450
4883
24439
14854
1941
29157
14824
3383
4271
20425
12518
384
1612
23753
4256
23906
21432
23187
18783
28691
27425
4905
23400
24016
12445
10202
14884
1651
5743
19569
27262
14920
20102
17068
24717
12573
13638
10736
24691
30616
22923
30522
26245
18126
17899
10585
23212
31248
28476
3419
4874
5896
27734
10053
27105
7174
23322
4871
27313
2196
5812
29102
23201
21584
8988
14044
8224
18427
29155
27253
19916
27853
25644
12956
21651
1547
11769
14814
8472
18652
32424
17836
10328
18009
4797
4367
10125
15331
4833
16279
6995
15801
25643
31893
12809
28617
19871
6793
15738
16583
5876
18142
26556
23421
1179
9685
12121
16994
21756
27328
28333
18797
8963
16496
29327
25131
20955
5616
25652
28176
26105
9076
2639
2827
28509
15244
9597
3676
26900
15517
27617
8618
12802
13970
26635
13904
734
6351
16159
17145
1406
31846
8755
32620
29013
24206
28408
4777
20794
24401
17309
26420
22122
22660
2544
6577
23761
24828
15815
13745
1157
4095
29342
13516
1172
5369
23681
29680
6911
30576
24621
4856
15878
4922
28274
29312
29350
9454
11995
17400
27745
31384
15761
24568
23101
7345
125
22227
1295
846
22445
28527
8953
11159
11513
2132
1074
8571
9958
3842
32005
20898
714
392
12573
14243
23089
11858
9215
15480
22400
9795
13016
22831
7640
5380
23417
20961
26685
29595
29856
7400
9208
18751
15225
19021
2617
28266
23140
32640
32001
1585
19705
23372
11071
8657
17737
22025
16442
17034
30311
29204
8750
11696
26664
20604
1082
18175
14374
32254
20345
25903
27659
3124
10096
21704
14604
19209
3496
32056
25779
13936
26779
23586
8930
27734
29141
19194
5397
16084
20307
17103
20199
13994
23599
4711
984
6633
25727
14993
16973
19183
22650
25783
24536
5016
15068
10163
31418
12467
20108
3811
13478
12723
18300
6016
2760
167
721
6187
28422
9837
2629
18121
1670
7970
26313
20625
12656
21212
1646
14435
16373
1692
14725
28508
30864
22910
2821
23463
21387
8755
30766
16790
4038
16561
19308
17137
1204
14377
7806
26766
21926
9530
18391
27169
27212
25700
14149
10326
20600
31935
1488
3357
27430
8941
15589
17989
4794
26701
6324
3661
2696
27249
18902
30583
28569
5843
31283
27933
1196
22211
6435
24392
32636
14244
13011
19583
15169
25432
22251
7645
29817
31993
21101
2407
29160
13770
16608
28316
16094
11885
14511
24909
23224
30806
5836
22190
425
19327
11672
10414
29371
17501
23303
25476
22288
15892
18943
4490
11886
7399
25346
31055
25851
7410
12301
487
30276
31003
14272
12678
16772
32326
5054
31310
29476
24264
18007
18788
10110
23070
4965
3145
10982
3296
24691
8296
31467
31984
24613
24811
27866
13815
3284
18131
7556
2578
13944
20296
3649
19144
10187
7213
4917
3648
9899
760
30418
21680
21440
32193
30366
8729
11616
12952
32055
24626
14767
1308
15764
7329
7179
26186
5005
30577
6567
22162
19870
21953
20853
20016
17384
11449
11082
32697
24696
30915
16957
10484
31948
13559
20048
26092
14483
26326
20818
14915
11701
4668
2819
17609
9619
10640
30842
20813
13200
20030
25284
15540
22736
30055
16590
24392
5440
17623
28804
29010
2518
15415
2875
7658
4122
32387
22860
14350
27365
20415
10498
17906
29800
6886
3255
22167
28017
5156
17465
21919
20970
19268
21875
20832
22178
17004
6217
26423
29777
23816
14787
18974
9174
15108
31342
6017
12226
21566
11263
28238
16154
26683
12858
31820
32089
5657
2834
30125
949
12484
8722
10982
26531
9069
29435
12478
4765
31288
16303
20133
18211
25397
23885
10056
30464
15250
23710
20322
20174
32015
4528
18133
6844
8113
16064
2041
26767
17339
26205
8500
2791
14298
2251
3275
25028
12192
20646
15095
3144
15923
29383
572
26559
26951
17772
27126
32732
26697
21138
821
21573
25565
27046
17354
5971
18827
29789
6050
18962
1973
4833
7251
22928
17869
17197
15093
8532
27845
6074
5171
30508
5062
16731
29345
9260
9508
28773
14161
28403
20370
20756
29857
6960
6034
10026
11094
613
7472
19673
24047
10731
27120
6371
28211
31287
23301
28672
30989
31579
31683
1408
9369
15055
25687
3889
5247
15986
28854
28803
30848
10444
25555
8426
26958
29334
19221
20868
1953
23932
13832
5628
4487
1057
5715
5294
25083
11108
23530
524
3770
14562
8580
27456
6226
29371
32080
5139
24700
27802
18915
27661
23211
17903
31605
24285
10981
7551
21838
1020
9938
24095
4987
29070
27923
18620
23749
13961
1748
24479
4324
16408
18341
5871
18159
11842
24453
28280
4119
23495
21312
22698
21141
7498
20220
4837
20705
31669
1806
21236
12581
28122
6930
28119
6385
21846
12090
23493
12592
17083
12262
15729
9819
17646
29557
18061
30956
18381
11867
12684
12822
17941
28020
8365
20659
21123
2713
4149
638
15418
20336
15867
32130
21093
14984
10794
3538
2845
6821
5443
11131
4493
29784
8033
11447
32596
26067
27841
26723
17706
31996
29569
23731
1735
13248
22184
11813
28161
1706
29287
4787
14644
22964
32159
32077
2278
8029
25762
7558
12459
30203
16702
1934
3911
12115
5112
6240
12819
30311
8853
27196
18338
1935
8159
27992
9635
11979
165
30931
26121
88
8708
26602
24426
32641
9445
5998
31909
10168
8903
22389
14280
3045
8127
9553
15409
32766
23996
16830
29683
216
29968
30559
1147
20029
22060
9580
32371
27454
6315
25253
17638
30922
15251
19594
28581
7808
15063
22221
11498
30146
7712
12040
26172
11019
25804
2220
11410
18818
29495
25913
12219
25807
25914
11445
17661
5421
27122
10839
16637
31168
3267
16771
10462
13610
3996
28411
32429
6233
14972
27219
11517
28578
17461
31653
21966
9748
14448
22919
2228
13062
32497
9018
9269
1523
26652
19236
26226
25736
25272
1408
28938
28410
16116
3925
17467
16029
8871
24996
30026
21171
4828
9446
9253
16257
13966
30902
29768
21417
14000
25546
3293
10163
24433
39
25639
19437
26301
14229
23072
2165
31751
9297
26209
25492
1350
27139
23875
25165
11581
6895
4164
14134
9984
32111
19884
21383
19124
17825
880
3697
28566
5981
2390
22193
10047
25706
22106
8804
15910
31473
9552
4381
9574
22577
19660
29749
10689
4981
20031
12642
7141
30019
24674
13195
19951
3799
30936
24027
2606
26064
6415
13589
26409
2088
25191
13095
7395
7273
13718
30977
16221
16926
24907
21159
605
22152
9233
16773
27246
29075
1398
260
3880
12040
19053
14682
21169
6148
2290
21670
12932
16553
7916
10812
5489
28179
4183
29757
15077
22670
4258
17260
12140
24070
15190
25916
27252
14527
16377
28718
31060
3654
1330
27225
23437
27303
1838
15946
29775
31712
30017
29199
13631
8598
21201
21647
26231
9479
8048
5405
12238
11584
19016
31052
18266
17295
29884
9476
26932
31804
18508
10453
31867
6004
25529
19084
2460
11910
9066
15364
26064
16722
18703
13375
14310
14333
18052
7861
14914
11498
12280
21740
24102
4838
6478
5705
13360
2979
25283
12838
15908
616
14546
6181
3564
24326
19285
17091
21981
25870
32748
12336
20028
4929
9122
23902
5121
5960
24526
30551
25818
10662
30264
14037
23667
26090
2173
6668
5877
29481
28341
28875
23757
4267
24914
28355
15278
23269
31307
14374
12505
23719
20859
7285
18588
16535
14404
29587
22296
14046
22647
20765
11848
25377
14968
510
30015
26291
30365
2109
1201
23305
5592
2330
27829
20590
26006
24922
1993
9463
17126
21471
16151
18362
8414
1659
25591
15419
20026
16646
17076
29223
15943
8878
21139
17733
22784
16783
10001
14761
5750
26756
1645
18475
26997
26428
18790
20247
15716
10384
26694
31526
2925
787
22815
15533
19166
30699
9045
7445
16591
21472
19548
2187
29446
26291
451
24568
16919
17585
9330
26420
28367
18055
6448
25463
3795
15192
616
32272
13445
269
18220
16217
20007
30445
2938
13802
67
32365
32190
7693
32586
32329
7577
7538
11387
7123
24545
26404
31238
7819
21481
23484
23154
12785
11778
31189
16188
31127
23361
12991
27329
11130
643
30584
6493
9362
5807
4567
17877
11176
24123
7691
3314
22120
5106
14404
29807
17591
1268
12976
6422
9799
20478
26537
2085
15976
10731
31789
18422
23073
19323
9870
21471
27775
27732
19818
3928
17709
28486
4830
29787
5445
9171
8183
273
13926
16623
17513
10410
26631
32004
16004
19340
30474
26425
16227
31409
916
26100
32615
2634
22813
32413
30436
14249
3267
19110
3865
26205
21988
15816
24422
14495
21739
8591
19129
1773
15466
27160
4426
31476
4202
18458
10888
20915
28671
7203
31570
2270
7455
12068
15467
31616
14003
21552
9512
12773
22767
22401
11884
26807
6111
24252
470
4967
2115
7797
26937
24014
19101
2294
21069
28949
19592
23100
15012
32722
13387
9539
6111
23923
10926
18052
4129
9440
30477
24507
5828
12892
8618
16621
16715
29868
4167
25258
26776
22908
20725
21904
27232
22782
1831
19216
7899
25812
12042
7029
22208
15920
11033
27937
30064
30522
20460
24858
31601
9138
25168
26822
5407
31958
15261
10483
414
31878
2116
3610
26131
13222
21672
30181
24852
24516
23599
4590
29277
1018
20120
26570
2756
2326
32655
4678
22639
10489
13438
10224
9028
10557
1191
27354
19873
10523
32624
9626
19789
1675
3325
22933
12463
7852
15620
8830
1086
28007
30685
29465
11321
20559
17881
3909
1688
28876
8405
26425
26946
6521
1039
14350
20608
31434
11832
5502
20914
8946
18890
16619
9793
11524
28571
29090
25300
27480
14259
29282
11975
4400
19546
14360
4057
8091
13174
21997
7716
6554
16916
29314
13395
17282
28229
8826
28687
29089
29483
19514
5818
10788
31571
30956
12896
7736
17733
14026
31466
15984
30298
28825
24469
28263
4046
24179
17571
7078
14870
29642
18769
15304
23156
28330
10760
30172
9928
27710
4823
31498
11177
9878
30241
21114
30900
16295
15251
7281
26404
15764
23385
4285
11940
7212
14738
15444
15457
6067
22017
16952
98
5349
9221
9117
9500
19000
7883
21326
25921
3682
28098
6221
29658
28699
11599
953
10901
31524
12227
32245
29280
20104
19082
12039
6710
26658
932
17982
4153
18783
13146
25880
12546
22853
28201
12642
8501
10164
19203
21153
25944
30188
22967
24241
11237
10320
23981
31148
32157
1386
8406
11534
18464
26158
29411
14870
30395
15235
10421
27503
3457
3327
12309
10767
31389
21746
2982
22880
4582
23975
19223
16029
26292
998
21405
30591
30706
701
3233
17434
25205
11393
17590
10241
3468
13583
25293
9905
1497
29015
14252
7981
31327
12316
924
2789
4059
4085
1122
9180
32344
30360
8049
13834
11518
3415
31838
8192
16427
26347
9108
18122
19909
12913
30025
281
11214
8114
3249
15778
3384
22695
25457
26817
24827
13373
18774
21858
10086
1621
1095
11553
12722
12559
11384
11184
32733
23368
6369
10617
12470
28769
28655
14725
14388
19778
12409
24221
20491
16031
18165
7087
22145
13434
748
25459
3966
20202
171
11085
31715
10266
23356
9590
15133
32660
14996
26199
11002
10944
4622
31029
14779
28327
8984
10259
7786
9981
6188
31444
27502
24159
19459
12705
12124
15321
4357
16010
6160
27051
3331
624
19453
22861
32040
20770
28097
2224
30253
198
32252
11463
29901
2171
3939
25926
21113
29244
272
23978
29260
9223
13084
32633
14913
17471
26992
6603
11428
15696
20696
8713
13766
9361
23130
29173
501
2158
24773
9962
28587
27078
19596
1637
29190
25746
10709
3013
30584
19400
25806
847
10432
15487
8256
22133
5145
27731
23142
27992
6321
14091
21503
18827
9820
12153
28066
15898
9610
14242
28498
26827
7031
25631
28242
20643
24225
11971
17722
19884
28543
15486
21067
7670
18800
14977
28672
19420
16370
5795
23525
18824
15380
5892
32684
26042
28206
5360
20606
32196
18383
24326
14479
4314
20983
1689
16117
6280
13190
7254
25018
19076
31733
8231
22064
10150
1604
10328
9092
31797
2099
1017
19350
13668
8629
23683
30216
12316
162
6846
20886
25852
27820
4833
8101
5535
20372
15355
7710
24349
3486
30355
17276
21972
16962
9867
292
3688
13604
9291
32757
14344
6982
18715
2849
11251
30844
6863
7483
5691
13601
23210
17297
7113
15369
31613
19387
8610
13494
17167
28532
6505
11727
6849
29353
30500
19405
21362
26576
13379
20472
24737
3707
990
2962
20177
45
7230
4946
31026
8044
14751
18196
17021
32023
15924
462
21792
10234
4972
1478
11931
6816
12404
30978
31274
15208
27133
1536
32420
8923
28479
29864
9123
7229
6205
20351
20965
5218
26955
26909
13042
27332
28622
21985
5119
22738
23620
11747
28691
25482
32132
11050
25960
2889
326
30752
6676
11746
7653
16962
21480
20206
2404
25884
18329
14948
25008
16757
25373
13674
27172
5319
5976
12650
16978
25842
25848
13671
31233
21552
12446
29074
9842
29004
8766
12568
23784
22543
5064
7743
13926
13820
21256
3249
16571
1853
15051
15895
188
8156
26435
21738
27089
21814
2476
27014
28339
23469
7984
30081
3955
11422
3848
2362
2239
2195
29669
32693
2145
27065
5262
9382
2824
31380
20426
203
18251
25841
32640
16511
18923
3356
5917
26765
10072
3412
310
19778
26231
1404
111
32710
2211
4883
6043
9644
21234
1382
15652
28359
15545
8708
23981
7487
10066
3443
29175
21477
17180
11297
11265
7876
17860
3997
32628
27128
21955
17415
2365
23236
20264
4550
6780
16094
17816
1912
27293
1549
26515
24623
13508
31222
9976
6618
17519
10291
19148
20481
13655
12966
20023
11958
27287
31245
12495
4552
271
22230
7194
9273
16651
21556
589
5106
21280
8562
6746
11702
15447
11656
23850
30037
25998
8428
26663
3618
12826
10666
26878
1958
27057
19895
30371
25238
31112
14210
31637
25091
20664
12493
5475
31953
23526
16315
3439
874
25635
6698
20210
19891
21777
25410
32320
1344
11847
26446
5454
24516
9207
18891
10609
24011
13006
22975
15976
25003
11036
77
19101
12983
30517
32133
20648
16567
8471
26497
12821
15253
23373
8109
8039
21337
4371
12902
18780
13399
16826
21703
14195
5031
11086
29887
26540
24534
2167
3943
7055
27099
26013
16787
30319
6733
20815
18088
20720
1747
27622
22957
26055
31707
6757
11428
15297
20111
24740
27162
28935
2820
9902
29949
19360
21173
28007
23214
13111
32561
13938
11095
30751
23824
9041
11391
2964
4907
4046
6619
3396
2573
11162
26727
21006
26532
22325
16310
18441
29500
18445
7558
23496
30127
14314
22424
17116
27093
9097
28607
20379
4418
23687
28214
12832
16689
29314
13878
19091
31675
14202
2248
28843
10573
25469
10713
21616
1624
7043
23436
23622
6474
24471
9172
9255
17598
9271
4161
560
18927
6910
27674
13407
20339
28288
7341
7067
16422
30070
6115
10228
5732
8475
10519
23085
26491
10965
30760
32375
17247
17688
1741
1152
15520
21383
6185
6316
11418
28253
13984
25250
2028
13580
19432
3339
22315
13348
32611
31382
10199
25205
20140
19520
2445
31096
5232
7378
27519
11499
29055
5547
28194
1468
19490
16575
32038
25640
22960
15328
17835
27940
26204
12605
23730
26364
20305
14632
10705
18746
25345
2332
27180
969
7097
5118
24480
16730
26745
32675
65
10503
30724
5011
14855
25398
14899
1292
7876
26049
2958
17482
3161
19284
16157
12038
9514
14870
31356
19517
11471
7563
6190
30002
7437
14265
1075
4022
1796
19849
18141
15783
5289
29297
12767
9655
15991
14160
25511
14702
2402
16537
5358
7283
24845
1972
25741
4359
25148
19361
5522
3538
10636
29919
29587
24802
31330
28812
20802
1009
21025
18125
21826
1510
15264
28784
2361
11679
30427
12240
24359
14830
18664
28921
8438
25313
2093
29965
32338
71
14545
19687
11450
31087
19824
26365
19927
25139
24595
13451
4109
26933
30559
10734
15697
31593
11276
7757
11322
16596
17049
20095
18266
22163
3390
1833
7886
27166
10787
14887
14356
6606
29135
814
4125
16029
10723
24495
931
814
20488
7678
4541
27661
4390
18355
11441
13623
16599
2897
3337
10461
25883
26917
15081
21349
10829
10097
16799
14514
21333
20938
16764
28325
31264
18367
21474
16611
13389
7867
30111
16857
28713
23341
27513
27902
7646
17637
21770
15960
30951
23233
25039
25410
1479
10634
23675
26732
6139
2585
145
2339
29741
2750
20017
979
25258
2018
20530
6090
17942
14314
2162
4158
2655
11871
30314
146
32751
6732
27654
5589
30502
17384
9395
8588
12295
3445
21177
16817
29233
31592
5835
18939
24849
1994
5596
21088
24663
17630
8501
3801
7334
4868
9413
21605
3216
28125
20408
28496
32193
5296
11083
11957
634
4621
5086
18754
21314
26288
18506
32571
30936
23463
886
7617
21099
16312
21541
18261
19469
5117
10002
9624
22886
27601
14143
26708
2213
1008
22666
13760
16828
21721
20609
28672
1485
9335
12663
29676
17119
23297
27608
13586
4054
7967
2489
23294
25762
32078
18611
17337
8886
7813
1522
3983
444
21017
12425
6677
13447
28382
13832
1131
23113
20367
7505
13503
4102
28271
17319
28434
13896
25649
28680
27455
16149
19989
12477
3129
6174
24405
14127
7316
1337
8639
9724
13383
32529
10659
1354
11184
27164
16623
20828
16344
14798
19865
22371
19449
21517
30525
21654
15421
18660
20488
2948
7625
12923
1236
17321
28666
20807
22676
26432
6894
14462
28403
13145
12103
7886
10808
11819
21291
10062
8301
22443
143
14005
27584
18526
30902
10442
23081
12907
4340
31259
16461
30964
15544
14834
29603
20902
30922
22661
12245
9359
31696
9581
27497
7728
20503
4697
24480
10196
14992
3588
18334
14880
4889
2916
6860
15850
29182
2341
18043
28495
22208
11605
10954
30463
11285
18785
24265
11740
19759
23104
32734
16068
28737
22766
4200
6826
6720
28444
10659
29420
32743
25638
1228
11744
30717
22085
8069
2480
25306
5126
32634
24937
11048
10746
22853
18510
17383
30895
7823
28530
18355
26336
14200
2438
7498
1001
27449
8431
17737
11901
15368
5148
13622
5019
14909
11286
25539
6590
4786
344
27217
3157
23663
8930
24500
7026
27015
13193
20534
966
7997
29073
30430
29389
6507
23677
7154
31558
7461
27942
15546
11750
7833
5131
24711
10829
24121
29160
16116
15417
24861
32394
7020
22778
18594
4577
31212
4390
19800
855
4362
19085
24859
21344
7479
22127
15487
4946
31041
14317
23410
32632
8220
11966
11548
32609
31713
23075
31498
126
9751
2077
19340
24301
32050
1245
17243
20623
13145
32380
19071
1632
14956
20716
30832
30728
12614
20015
2940
3501
13887
22214
28520
7180
17141
22125
5978
26312
30029
30981
12023
7425
27060
11218
26312
1065
2731
16102
24546
17683
31106
15069
31430
3917
29795
16075
3462
1712
23955
31347
17705
12085
18421
6330
13905
19211
11472
11867
24859
24294
11985
219
11335
20633
3668
14784
7065
21479
13023
23038
17790
6550
28143
434
19443
29894
23288
24594
23715
27265
167
24484
31823
24467
5994
25263
8563
22684
6450
9200
25127
99
32376
3981
14659
26733
19582
10319
9926
14287
22743
19723
12153
15424
26153
29281
32719
4466
32306
9385
13840
21155
11529
26155
6070
2671
422
15758
13848
21736
30629
2196
17989
26600
11847
26372
12339
30118
4282
20967
6425
7560
21402
13046
27929
24376
27575
4180
11298
17402
25113
8313
32277
12861
10561
23150
21030
8047
22450
22080
3462
5142
27568
4527
3391
13853
31816
27942
32607
19819
31632
29936
22360
30395
28208
19112
24999
30887
15393
17137
15028
28421
32437
2920
11513
16503
28632
27863
14951
4670
24213
32172
21765
11855
19676
22697
2779
4009
6786
11228
10510
2277
24969
13266
6732
14607
26530
30472
1130
17076
18672
21922
26956
31036
16399
16735
20230
30842
12117
12749
13120
23170
20311
10425
19935
32699
9903
23274
26338
7477
12029
20751
17289
1340
19244
5365
28349
24109
29431
16125
24748
15240
14251
30670
18868
19783
1582
16967
1154
6510
19008
8631
29563
29668
22273
28753
19802
10369
14515
31194
7451
2920
21442
11941
31001
25495
29953
705
13683
25532
14135
19825
5555
9546
25050
15580
16818
22989
9498
12806
438
9851
22306
6399
1502
24075
5786
4443
15552
3274
30320
31457
32080
2795
5848
14984
2052
2334
20369
19359
9013
19301
20330
29003
22217
1571
21766
7222
2831
4470
25820
22662
3818
26311
8321
22540
18738
7328
9002
27838
6487
21693
1901
1896
11079
20581
31303
3742
17042
7931
32611
8693
16588
6864
19097
7539
27444
10299
21174
28995
13202
27372
379
8621
2150
25981
9448
838
28734
14154
1466
1892
29800
27779
18226
11477
7881
5247
29720
26833
3853
4691
23808
7212
27393
23460
11212
26832
11836
6585
20594
31595
7429
24788
11007
7525
24177
29123
5852
8981
460
14770
15184
2612
29498
1091
17735
23698
9118
5089
28242
11015
26555
5201
29934
13485
21146
7049
27145
3660
3883
11462
30658
24086
32046
29145
1393
32661
5460
7873
23783
9185
22690
13183
13559
16918
20247
4134
17717
27653
22926
3890
18173
23338
23270
6682
1975
18911
31839
27689
28762
27854
4423
30601
9775
8364
24023
8353
10456
8229
17752
17313
4496
22034
9097
14426
22452
8178
21829
18516
16003
5272
13409
19226
20514
8993
2772
23769
2530
7721
16666
25385
7622
1855
19418
21547
27968
11925
7366
29652
8508
31484
6850
31624
863
28176
25929
24555
31889
14512
26381
10484
23737
29618
31710
4163
20423
20692
11725
22964
9208
22517
19857
6708
17749
1157
27178
24787
4734
22330
27588
30235
28325
12292
21981
9632
13533
1092
29866
17881
28821
17721
31159
29230
32607
2746
19407
11090
32759
22059
3611
20947
12928
426
8845
12016
11792
12169
11136
32682
3951
19969
20632
13854
1308
804
19184
25873
23697
5396
31860
2509
29896
8819
5771
10284
14846
16154
5114
27890
3767
18702
2565
19039
17922
2479
5334
17157
4862
30515
25379
22232
4509
10835
9484
18052
19624
23620
25154
8451
25860
233
31598
20334
15923
20807
23249
4883
21533
23097
6183
10697
7697
25445
5074
3200
8967
17006
19764
31772
9000
28268
30813
20612
31376
26521
5862
15861
8530
18252
6172
1181
27836
3116
17506
15973
30173
30365
30672
16142
18757
2431
28704
14975
17420
792
12747
9565
16918
25166
18543
989
404
19482
26228
6870
24526
25913
10223
14107
21281
29733
31942
32519
17987
24387
32278
601
14543
23390
13009
31810
18685
24148
1964
31677
2736
10767
32312
26143
20407
951
22350
2031
17740
27430
15537
10231
2785
26269
11759
20635
9757
14005
13448
17258
30753
1688
9042
19187
6159
27760
25884
24282
14029
20000
7826
20011
28678
32307
10081
25581
11378
9489
7835
14843
31064
19065
7772
11791
31057
4907
21166
11552
21070
1765
30634
18670
15580
29329
736
19419
6311
15037
31737
16124
10813
12875
18587
5744
26133
18794
28557
30704
27856
10437
5916
20392
7358
3322
17085
10053
23716
30285
5107
29520
957
158
4723
19130
766
30616
16263
15544
13214
31532
30896
14545
28374
18493
28047
15668
21222
31133
11525
16208
22872
21817
3482
671
8840
31120
29979
20930
6756
32618
17287
19923
23153
25542
25901
18423
27919
19988
20494
22834
22013
1700
28808
11392
1055
12639
18742
12065
4223
8373
18962
6964
28307
21718
8924
4231
29118
31525
5312
12206
19480
489
1843
27474
27250
5190
25630
972
20885
4717
32574
24818
24779
23055
3274
15921
7585
29463
27479
23773
27882
29848
17658
12484
23815
13828
19372
15113
25958
8352
5362
1840
16201
13620
22717
32373
15305
6663
6030
1378
15130
17674
27615
6048
10512
5716
2751
22030
8930
30414
14268
15120
10799
20272
12293
26922
2366
27436
20688
18381
19594
7400
31994
25200
30078
13490
1517
15843
19069
8432
7111
6112
26661
19029
2233
17636
30677
91
15276
8252
12140
2541
26155
16995
32340
11875
12669
29067
3008
19124
20241
122
27185
18151
26656
3991
9279
32715
12429
25669
1686
30952
8464
19055
19263
27317
7315
13412
2593
268
1244
3302
4807
24026
621
28541
4963
13339
936
15122
12563
3846
14135
12984
30052
6532
1451
8397
13589
31207
20067
12354
21533
5593
27568
28727
2798
21138
16950
13771
4348
9551
24470
20530
20601
2047
27722
17160
1891
9791
29904
31460
31169
22152
19978
12337
6442
13223
6373
27705
17798
27246
10553
25731
2841
4010
21488
8287
445
4693
26731
7359
12654
7692
22817
25160
8204
451
22409
16809
27741
28343
26427
10796
6738
9124
11346
20106
29835
22584
30996
3076
10012
31944
24277
18351
30610
8771
17944
13840
15921
7780
20984
16616
1152
16427
4806
32593
27912
10381
19444
29706
18520
7019
20785
1552
31564
23745
16086
26478
6799
28192
4481
24149
24415
16478
24831
9327
22928
11660
17008
20593
724
20264
5541
32240
5945
1172
16845
10101
22259
15815
9553
26323
5468
24131
15612
4024
14649
19526
18015
22659
4671
69
24948
1365
10198
10390
30081
18795
25884
13677
23871
21163
17965
24841
7740
13180
27298
2095
12158
7899
12631
26328
4969
10924
16754
3367
18659
3149
9376
8349
22453
881
22178
15760
31796
26412
28169
3289
13858
2378
16957
25038
16079
25573
12996
29808
10883
17719
29633
3045
14624
28076
955
11560
6660
21563
11936
8703
10029
1271
16906
27693
23456
19937
22208
30953
2315
11777
21376
10384
4265
15029
3324
32407
9062
28488
10018
3523
19780
6854
7072
29852
20477
24591
2472
32287
4330
31787
13040
15027
7715
18141
18942
9566
3816
8571
30114
10553
17215
18428
11716
6945
18143
14419
21855
31664
23373
9212
13774
5483
27973
8148
16199
19261
31067
1581
12965
11045
9186
16162
6250
6443
2061
25384
10500
9880
596
27622
2639
26982
31257
26439
1628
26614
28300
24781
8049
27905
19148
29992
9552
22481
17743
17415
12220
15537
20099
13358
8762
27042
21173
15816
7445
9039
21299
12031
32676
11843
6829
7883
24527
30810
4321
519
6864
30325
29048
5834
25399
2674
27178
6644
28721
1372
25641
31495
12809
6622
31933
569
12271
21246
28971
7367
29433
25352
476
17291
8807
24263
4283
12241
13611
14587
32479
21095
23721
4616
3434
16627
3259
12268
17841
3465
17656
12915
11421
15485
32566
22446
17745
19574
26445
25761
9996
1220
16414
1596
10833
32244
6612
16013
28998
6305
15722
12851
20315
22157
29038
27158
21547
18928
31748
23893
32167
3855
1581
22400
21873
1041
17481
3848
32134
13070
2011
32755
28704
8810
7821
24276
30427
32609
8820
14331
7446
22242
8084
3817
8604
20641
12967
4615
11140
8296
1306
13975
18005
8621
19033
20714
26990
20842
8780
31955
3749
6697
1313
27229
7215
9822
7245
25273
9664
11514
11469
6522
18674
27709
30386
7685
10475
18124
11740
322
19770
14083
28678
920
26627
3212
23555
24345
18268
10289
11846
505
30198
10734
1704
19781
20224
17739
15206
11217
2376
12265
23913
5491
32164
24154
20939
21102
11408
821
9366
4913
18200
1130
30927
12354
16121
23252
14771
9845
8707
4109
28992
9057
17601
20102
26615
13844
92
14295
29153
30726
1981
30035
3280
16972
6130
14048
13287
17166
2003
5126
3164
1851
31461
837
20349
19579
15230
23468
5617
12134
42
5287
26689
2547
8270
14361
14487
5683
31755
15018
10693
10559
7013
11875
18312
6767
18597
888
5134
10956
10747
19300
3767
200
7784
12859
6169
3117
25051
8764
22342
26196
15515
17830
1105
663
16868
23246
15374
17160
25045
3693
16666
17764
21130
20542
19995
31810
5253
21961
23881
26768
5714
16249
2350
1856
15210
5109
27305
18239
19033
1453
6201
7079
1564
14003
10872
32309
30413
28365
27110
30205
9602
30664
2536
30300
20338
5135
5393
10799
21593
17276
28319
32578
25630
19053
3401
1548
12211
12059
21304
31129
8510
8487
10067
967
24438
32630
13247
4533
8271
28735
28070
19577
3801
16226
19000
2577
18533
30460
17648
19100
13547
26168
6937
5579
16040
2664
24720
19602
11531
3668
20939
17187
9938
21457
1818
14108
8049
15254
27949
30207
13235
8012
9943
18404
14755
12772
15377
29290
1965
14893
14914
26611
14081
23462
10686
30481
25912
24977
31884
3643
14650
16456
23148
26565
12127
16596
28184
12815
28884
2748
6091
2044
14913
27
10496
19877
5544
8181
3452
17743
27537
25291
1422
28827
12132
17773
21910
4605
11030
30224
3780
25199
11783
22432
21794
20327
9003
20312
18133
21766
21097
4239
26784
18578
20800
23253
15273
10022
26288
24126
24704
15528
26200
14846
27485
14076
18140
18742
19881
31095
30601
12814
30912
17559
14652
27396
7670
1521
32383
10884
12248
25706
5878
29880
2228
23722
10746
15265
23131
462
17539
17767
19237
13917
32331
19693
25654
29054
31280
4265
13568
25704
17882
17331
20489
5145
23711
5403
1262
15179
20899
16768
31657
2212
25924
25310
5391
3373
2485
29352
13468
28421
6888
12823
22387
13399
19890
27841
7329
14985
6698
18797
8866
11702
9554
7462
24102
5215
28153
29838
19989
17245
16607
18293
12496
19994
14363
2730
7866
18177
18874
5137
11767
25651
10665
1270
883
23676
725
11937
29990
4229
19344
9515
8599
21579
14647
29840
8351
27855
5905
11268
12656
5648
1147
13195
2517
9526
24130
8132
10940
6928
22353
30725
24049
15040
1164
8877
16684
30901
24571
27574
590
21978
1835
22922
12520
31501
14545
17432
18685
10451
21937
25126
23305
20298
26814
16617
30017
25183
31363
22995
12829
15936
13249
15020
4116
12309
4954
29668
30374
30443
15213
16680
3232
20720
6595
8243
17308
26854
28522
18919
15559
14290
31647
16796
27367
12020
19954
28344
5532
15868
932
29823
8677
2427
29780
15405
17383
26008
4570
25922
32234
26884
32628
4126
4261
11312
9248
14029
16571
2237
15432
2084
5509
27956
11940
30989
29970
6391
10333
31
16748
21623
17518
12146
23325
31144
16976
8369
11506
24754
4054
26480
9471
1258
10838
32192
16099
30208
6921
24321
846
27001
4788
17656
8384
96
26760
15138
403
5433
71
31815
827
9783
23465
20049
13005
12207
23294
20575
12990
2763
28948
28438
11757
9347
20059
29495
31716
8393
18247
24183
23131
15876
31222
2699
24574
3264
30483
16002
3185
20388
29178
11863
6544
6052
15389
6343
29179
28792
4006
30560
28882
12620
27998
29915
20157
17849
4557
7595
24624
756
17827
32470
2285
23877
3414
9988
2250
4539
31757
15829
1460
6175
11709
9592
30452
28966
11409
23162
21937
9450
17808
1499
14006
1435
4218
30055
12662
2674
12018
28227
14413
22247
1762
3527
17929
16932
31772
11403
1193
29369
27965
30661
20837
25233
30679
13522
16878
24357
18383
25362
3830
23023
30211
12281
2035
7458
14896
29027
29728
14488
29716
6696
1221
15116
20431
23793
15545
2953
2447
29002
28965
30498
5228
12024
18314
18148
10385
29580
21766
29193
31901
1592
17107
16494
11849
28130
7184
29000
7754
28023
10436
14866
17273
6786
31264
12746
14641
16893
3076
31836
3320
3942
8133
19039
3938
10774
13358
255
11315
15567
16068
7738
3524
7060
2638
11600
4008
31677
24213
24436
17550
29258
21865
7368
4969
11384
228
8584
12239
5778
18163
31621
29087
25866
5649
31702
20455
13256
22358
28874
773
12226
16817
15393
4620
32461
29298
6523
20329
22962
28427
10512
2246
3205
29719
4770
28206
20786
13723
21680
29810
14425
29836
5101
14028
5212
3474
32496
7107
6838
25868
6701
16718
12174
21588
2084
29756
3979
31812
8664
14035
19435
8441
29571
6840
19663
29398
29064
29199
19929
26828
31145
7138
2297
4057
29818
28615
900
29647
11029
3261
12679
1367
9488
3928
25434
8501
8876
29470
12664
7374
1871
9008
23181
31719
18485
32301
18385
13231
13154
20819
11157
7936
8923
3815
28187
2018
28693
17367
23723
27217
15278
4255
20195
21568
23899
10601
13903
1757
4130
8568
19514
15639
11977
1478
20931
15197
5262
2796
5683
3241
30232
21059
14221
4286
18094
2633
20839
16302
32167
28230
3577
18078
20513
26927
19828
25037
13046
24522
22421
6099
14572
26131
19321
14887
8492
25567
16819
20196
10742
27839
21660
18381
31634
20263
746
10894
16266
7887
8324
3653
14358
15962
18837
4672
27608
11318
3039
12808
14793
5827
14931
6815
26996
31671
7902
25863
2914
22209
32389
23043
15829
9068
9140
8994
10681
13895
25299
3320
19415
12611
19739
16047
24140
5980
1448
2751
30265
17275
27855
15609
10685
18075
5553
2506
21024
28971
14864
702
15953
2996
8290
13379
27027
700
10276
20656
2675
2538
28785
3205
3581
31339
19667
4084
21295
28819
31833
8609
15022
27848
22250
28327
24248
31644
25816
5083
1882
10553
5304
19540
12003
17410
882
26923
10904
12919
2708
30335
19369
24665
2284
12732
3172
1807
6485
13597
7593
21833
11217
31856
26782
14819
13528
10010
22691
22028
26352
7002
393
23207
10878
28370
30206
21745
18396
14403
25164
11877
30635
11928
16196
25565
19819
14630
12660
14329
12361
21810
26785
25796
22071
29875
4977
4245
30018
14938
15207
2612
7968
14032
7444
4158
31497
2879
20620
10187
20937
5395
22040
17997
8210
1794
23338
21180
8982
4937
19350
16880
4949
2873
766
21070
436
6131
12942
10918
2768
28784
20202
24668
21649
12484
6757
10438
2562
13987
8052
14806
18784
10020
12130
7673
14449
453
14661
32574
13078
25775
3376
11707
18468
26172
24490
25901
30832
10167
8543
5598
27689
1379
32534
13516
4715
1982
7651
22279
24336
31238
26526
7259
6858
18941
31635
11567
31087
5354
6011
20397
27283
1504
3244
22563
22620
26946
5516
30889
18578
6535
8011
13317
5110
10555
23506
30667
10197
28230
12278
8649
1500
21105
20978
29857
30254
3366
11284
16312
8116
10871
22454
15951
31412
867
17520
29168
20902
2900
24460
31756
17475
5867
20410
15074
222
0
6405
11682
10231
19173
15622
25555
3598
12523
11096
31730
20405
13352
5708
30044
27625
8311
32733
22894
22690
7615
4838
32746
17833
14201
7314
29340
426
32108
14868
13374
13706
8635
3737
28314
27130
14370
5499
19438
2893
31357
25784
32660
24454
13962
29602
16866
8886
18671
14808
17232
15749
18815
14964
23256
18958
19641
20358
29603
23280
24209
18882
32225
14497
6772
14453
26361
2310
1158
28094
23778
5441
2094
4858
24784
8651
16340
24960
27924
3266
27113
21391
12861
9860
12072
24964
12164
30844
7708
8016
10855
28220
32739
20010
18835
5324
27185
13953
22279
25666
12952
24117
28023
18323
9990
28422
5358
22185
12175
24909
4792
30390
15724
16106
28799
21703
11076
4733
32436
28316
29355
22233
22065
7607
23273
31413
7452
22707
1276
19621
4878
7895
30944
25417
10356
16875
6157
21956
9526
586
6466
22640
8855
12601
29057
4561
23645
19831
20058
15303
7473
19990
1389
25863
19016
3976
7467
26315
21059
5885
21212
25289
852
8173
16870
23906
3235
10224
4172
18461
12016
27862
17525
4179
24697
4340
10287
1580
26654
22972
23795
12234
13251
15505
1387
23747
28150
11737
10289
3541
5841
26195
12250
1237
9250
4778
11315
4329
27850
8523
14538
27383
25443
8820
11440
13917
25638
28302
30590
31203
6667
1725
20374
9453
16177
25525
5547
29942
15489
9935
4484
20281
27791
24924
27644
25265
1472
26169
2638
9796
28594
22948
11919
1852
2008
29517
380
23542
6501
9904
26998
28382
3180
9635
21195
13723
4165
28971
19767
2182
17714
27796
8875
28257
10562
9921
19276
20550
19574
19904
25279
10717
4131
161
676
2514
30103
29577
9824
30342
16383
6658
31776
2821
28041
19349
18203
24633
19397
5787
14103
5725
11089
13648
22830
4787
30389
22825
1490
17786
12428
16488
28687
3099
7397
18925
14864
931
6632
31567
13029
24437
27581
11563
8579
6209
32681
20924
16652
1840
27258
2476
21073
16737
9766
31530
26262
18329
21167
7997
18325
24118
32329
31064
8389
8549
14527
27950
19931
10645
30227
9927
29329
21548
1125
18644
16295
1144
6421
21824
2344
28904
14636
1031
4591
20604
248
31819
12393
31866
3831
9125
12445
23139
5623
30649
5993
8741
23162
9741
11022
21650
8031
22043
25839
30225
17855
22948
12437
24979
9238
14152
7159
18377
22691
17236
23800
11925
6929
15067
20530
1214
20822
5384
21746
7655
27612
32434
10883
10946
19678
13361
12976
385
16150
11632
15748
19085
16277
20548
16980
25979
7922
7420
10752
6716
15782
2362
3701
27283
26551
32001
4982
6092
5012
9742
15517
12460
2112
5484
25756
15268
11955
23363
14793
20809
4734
5361
25562
15113
21933
8539
14060
27158
7153
28549
6091
23207
12543
7009
30061
14176
28211
19685
31679
20750
9081
3424
25509
16024
1901
1806
1083
14643
29377
25322
2402
2260
27359
14531
29560
5355
16336
17810
17510
27982
16733
23563
32224
24435
20340
17266
21736
27619
18893
30896
16020
12267
8908
1446
14866
6037
6570
25281
31721
27607
24528
5839
24193
4361
11651
2321
15334
2460
2502
14737
5321
4362
18812
21429
10440
25353
2510
20245
25583
772
10700
4746
17790
6091
1879
19847
9196
12170
830
31661
29229
32760
4263
18073
27185
30416
21425
14849
16557
11909
4951
32255
17949
6962
664
2988
6410
975
9428
4081
19848
7083
20858
28826
11780
20502
6880
10156
31036
7774
7282
26873
16783
1534
29711
17905
20855
27409
27312
17339
14676
32013
4171
6021
27243
30125
20215
32024
814
17455
14672
23471
12478
30912
6173
11529
18862
1077
31536
23229
1546
8187
20878
1486
30871
29265
19664
27775
11613
17076
5065
25192
4451
21147
2153
3786
1978
11877
9441
25888
20412
2704
13320
3062
8342
299
26878
9726
7684
17294
6671
12641
2652
5192
8922
29011
22990
7513
12722
5610
2794
30370
1092
5680
26722
28825
22394
28791
6162
30529
3744
17644
6973
8538
21958
32367
9242
16340
17253
32162
25743
394
15685
31296
14908
32557
9373
3761
23483
17278
3453
8667
27430
9153
1385
9018
4570
31854
11590
19763
2427
9769
10875
24997
13881
14068
13136
5314
13905
25508
15001
6685
2774
5521
32409
2051
15793
2194
32545
1295
10471
1321
7928
29689
17178
2810
29823
4527
5459
32642
3477
14759
15870
13573
10937
17523
9526
24008
13678
13462
17987
16257
30180
9622
12897
15116
19412
12626
12483
31839
28332
16278
8152
26304
30956
29677
31693
4406
17104
11702
11859
26429
20527
20090
2978
16829
21923
14973
8382
3133
6378
18323
14073
19028
12428
3637
12473
4449
26302
20692
9083
19068
17287
28013
21272
20653
545
3422
29255
16219
30114
1912
19556
1287
8412
10325
15472
3642
1409
21740
5464
7355
28299
15202
24442
7942
14810
1572
3941
7162
25887
17714
6624
1746
25082
446
2351
3926
30047
12277
30609
16978
9790
29469
4877
3656
32611
26592
3694
98
10395
26855
9101
19882
6936
427
2766
31869
29974
904
3053
16957
12479
28948
3067
26951
16972
13230
15523
21285
24942
20314
20658
27396
492
2252
22999
7272
16269
12738
13222
8734
16696
3991
8163
16755
22362
4117
30718
17827
22920
16524
6106
20372
1894
15136
26066
19908
28871
32359
7166
12416
10517
25396
14002
11864
18932
9389
11336
11471
2338
11940
21024
8535
26017
9764
4836
32380
12313
24649
23057
351
29304
15189
22707
29542
31451
3585
1904
13362
3505
8465
2503
8145
797
26411
22170
9525
21405
26345
18922
8421
22506
2861
995
20467
16415
19893
14616
28462
1564
28655
22543
23192
24365
13838
10240
16667
28903
22621
17626
16503
19795
7891
7303
32127
31311
23272
20849
3205
2096
13224
9797
15891
31660
30726
22263
9180
3832
27506
774
25073
3629
16558
3329
8248
21232
14045
4938
12315
9042
3293
26138
14973
30709
16086
7877
2546
28017
16915
15423
17711
25845
13073
26847
11711
6194
10710
19812
14072
9332
10372
5430
2350
20754
22574
2030
17702
5385
2026
23575
7117
8164
8744
10038
3626
27103
3138
3849
27026
3915
9300
8205
21531
31540
20813
27970
32083
9538
22854
23858
18225
26333
29203
18480
31563
11156
16408
19422
24650
192
14174
30706
17307
18532
4839
14393
19304
4952
22078
8156
9415
26279
3409
31202
25137
28725
16003
17142
7733
28325
17150
28778
13933
20601
31046
10365
12978
20091
1556
20441
11404
1372
5985
4192
19180
21148
24001
15656
9758
30889
12274
14276
10233
20043
3253
15046
15449
32063
28380
11649
26063
5155
10149
25876
2710
28562
13126
30372
3529
16015
15305
32488
2260
9767
15898
747
14633
18514
1375
19981
30260
12827
28807
29003
17296
29952
13862
18369
21371
28572
6784
9325
3463
2435
19427
3382
28051
26222
22843
10029
20218
21656
30432
14354
30730
31335
1458
24858
31160
1871
4200
30447
14225
27636
13093
6905
11252
23950
8524
31196
15487
10386
15766
21314
12999
5775
30818
11994
11596
27477
26700
25249
7340
15709
20736
20064
8470
11621
3153
28789
23554
16731
2437
14295
2591
26236
22259
14165
31117
24253
27089
7710
12365
7530
6215
6534
22262
22285
31175
1031
15273
18577
8609
1414
326
31143
26578
2264
20192
32361
13341
10885
4975
31805
32606
1228
12741
30205
32538
31975
10436
9045
12122
30096
3021
22380
11962
2755
24443
15046
8381
15046
11922
23657
2659
8295
27442
24126
23806
8837
28753
16571
9025
15569
14184
4543
1178
17878
5739
701
4802
22071
6655
10781
5522
13624
20456
29663
18712
28288
5568
1410
16874
29982
16367
6436
27578
30665
11479
5098
22059
19052
6223
23458
17379
2274
17235
12199
12257
22269
17401
2309
15633
25038
4519
17886
17438
1568
8580
9229
29576
16454
10028
20232
13814
18711
19880
1291
21197
1078
31901
6003
32001
9111
32195
19048
17452
9278
5785
22462
7133
2122
27224
6429
27954
29235
14373
7520
26281
1360
18826
11580
32307
12188
9511
802
22922
16569
22949
14950
4293
29237
29932
14752
32554
17677
31638
7251
5699
22639
29859
24524
26420
7620
23918
22349
22091
3566
6623
11115
11481
17358
13539
26805
32064
8202
1305
24982
3406
23053
2511
26493
15049
8783
5164
7994
3659
14806
4270
29868
28752
8957
1240
29081
13454
20340
5412
31709
28549
28552
10047
16071
19030
18084
29813
17344
18648
10520
8298
32301
13801
1818
10252
20119
10754
10506
15557
16649
24591
251
24565
2746
19581
13678
21151
2796
10900
18784
11619
21268
29703
1416
13484
31291
30409
1754
15658
16292
32035
5711
13443
16559
15364
11752
8773
17917
31640
20209
13600
27605
11803
3459
12370
10695
26864
30028
19810
32143
29677
11154
26129
15676
25338
29302
31374
21649
28122
29046
26601
29099
31304
26422
25290
25828
3142
10368
2659
14328
4274
4233
10147
16486
13850
18038
27820
12569
18385
31774
18568
28488
16194
2578
8983
11931
32645
3291
5452
6287
28464
26498
29081
795
25712
20310
12456
31380
5976
17641
5708
8910
3704
7772
8887
13188
14770
1756
9197
5113
12105
5997
31609
23008
16187
27878
27742
12153
20689
24381
1360
25854
15988
15877
31524
12605
9154
13877
1926
25990
20961
17707
8170
6343
24083
23793
6341
3574
32395
7614
2300
22959
10624
18624
412
2847
10879
20504
28109
23584
8709
10279
12033
11429
9037
15880
18801
19801
25703
14173
13514
23939
13450
24399
9507
16429
11435
25808
24627
27781
20046
20003
29377
7555
1181
17823
23131
9420
15287
9136
30539
25815
586
23070
23239
13902
26980
9362
17768
15543
5766
8790
27102
28243
15355
15708
18401
21318
27495
642
13162
16377
30371
20244
23588
3773
21192
30610
26909
7345
12682
19380
31938
3557
17608
7084
13578
7359
24672
8875
31729
30878
28232
31398
15400
30654
26843
32090
19979
8284
20336
13966
12499
19738
18737
19352
25613
28836
27179
31778
30027
15508
20129
8238
5657
12179
166
18264
20018
20161
23531
23899
7668
3672
25557
30679
9490
11660
16338
12626
8585
2485
20974
13692
23253
11439
7073
25271
19812
6785
25835
9430
10827
8766
22947
27941
32568
13865
4365
27562
6823
3868
13226
28075
89
7979
13140
1393
514
6020
18826
24395
20547
1433
12296
26581
6103
19330
18330
10105
32529
30620
8499
30519
6022
16247
7481
29346
6151
8687
5412
19243
29394
29848
17223
24738
7176
24672
23789
17146
5218
4463
4776
333
3104
7762
27366
27167
12867
27225
10949
8423
1020
1853
16681
11468
12388
23046
26635
25772
25709
1836
28692
23650
4889
27133
27242
14153
3562
6974
9418
1020
409
19221
11223
1376
11019
29223
18353
3301
22656
7677
9930
18952
2830
23724
10997
13085
19534
2997
3264
27467
3157
3626
18692
18904
7141
11794
3258
26278
5861
11535
4880
20478
21263
18494
10685
19853
9961
13151
20369
21676
7414
20278
8528
4581
26413
7984
2240
11186
9898
16970
25089
8839
23460
29487
2845
29203
4511
21408
4576
22468
7138
1817
29674
25225
30252
24754
9474
12251
7587
10307
20397
31230
30221
15051
1023
23428
3906
2579
18610
27668
24289
16270
17013
6761
16963
1668
25990
26525
23725
16751
25987
26536
9674
11942
22398
11044
15448
16440
14927
30291
20769
11035
22830
26978
15917
29062
15489
32239
7734
27803
7410
32202
30812
6473
3269
22264
21530
11377
19304
28926
18809
12871
30540
26460
24963
15612
4596
19799
23291
26266
2636
24315
10059
10799
16699
17249
13246
22573
15483
17454
21231
10769
31657
7772
23170
14659
9112
20541
18705
23869
29675
2236
2153
13552
15075
7143
8183
24419
15221
8362
27517
10142
14752
7133
10761
10182
8445
23682
31016
10121
31128
27975
4183
14781
7934
16211
20666
23875
28055
29246
32017
9522
23094
23905
11751
11313
10223
15953
22028
22309
12329
12454
27462
11021
28915
21249
1860
14889
21916
15693
5331
27746
28029
11332
23893
9958
1306
1589
2670
5907
21866
7429
28672
9366
15730
20853
12890
20180
14873
31650
7340
31113
4151
15570
15294
27822
23791
7789
4322
2977
63
8778
28968
1920
5589
10284
25808
4309
28708
19597
6917
19577
18872
9370
17864
4018
8390
31614
29226
10143
28936
29923
12478
12246
16327
14518
8782
15435
11834
3115
15565
23156
1550
31746
23693
11690
29766
31752
30130
10963
26181
8160
31207
14142
15657
20739
17999
11982
19291
9734
11710
5467
20580
16156
29482
30549
26371
19419
18524
15786
6524
7747
9451
30954
4146
28412
2411
26538
3704
14047
738
15398
12709
16824
635
25898
9830
24138
23935
24114
18521
20372
2432
19152
24535
25427
26840
24910
29201
20936
15186
26772
22366
19131
1830
19789
3027
21440
3627
4678
28181
23481
9032
8214
24683
10140
29739
14340
23
31863
6974
3621
26343
10929
3543
20165
11015
24210
15024
4872
4377
23045
27798
2257
9351
31645
17765
20963
10776
14039
25907
24135
8386
24991
4556
17901
17600
31509
29279
26006
18660
20368
13174
17136
14893
7651
10027
31747
16796
8672
13721
17869
14404
10267
12690
15913
16801
3825
26000
5366
24618
22728
27885
20596
14377
13207
11606
12529
29899
6570
1149
30630
883
28575
32270
5340
6484
17333
9701
339
14143
4678
19070
18147
8121
13201
17324
31844
29521
22205
4494
14540
26417
11803
26559
16791
18930
12460
30926
30828
19125
5347
5614
19453
13935
26795
30446
12335
8068
27308
15979
24955
9112
2250
3652
30611
17313
10223
16462
2889
577
6411
5961
29613
15444
24409
31763
24182
28613
11235
6940
18340
25765
12872
30234
5219
27774
15037
15870
21809
11236
5458
2342
29507
8782
21111
14804
19749
25636
25790
10463
1698
15129
4066
26792
4067
8379
18697
13392
10203
18248
27718
24360
24034
9412
27490
22633
22175
13384
23004
5926
22572
24989
31278
638
24949
21258
12370
10774
20705
1385
32133
25287
24117
28288
26955
7059
27573
6543
31667
32478
29324
29222
11484
13274
3693
12601
28088
21572
27771
8310
11792
27214
8550
10198
968
2780
10967
22899
22373
24562
8207
28569
14796
14189
21963
28959
18252
27122
31082
28664
15327
11813
26449
5637
7341
11291
16527
29741
6866
25873
957
18352
4961
17246
11560
10680
20649
26278
8755
23858
28855
81
27638
11995
5404
21563
1323
7070
16368
12717
16203
12573
534
30861
756
23694
24258
32465
28558
7112
2105
27193
7726
17565
23000
21054
3002
22123
13144
15942
28239
2542
6480
21529
31199
4952
16123
19096
22559
19108
23868
29869
22432
11815
31455
30846
5691
29544
2594
1766
10931
6705
32628
10021
4502
13798
17788
27350
24932
24854
12893
7714
2547
3920
25145
18484
8978
12600
6900
4076
3693
24281
7482
22744
28849
31805
1731
11360
17904
3131
10709
17216
5446
9617
32267
17212
1981
15923
3670
1294
26222
16610
2113
30372
17385
8447
20601
28040
21719
24738
16524
32160
15326
15591
29169
10263
19653
29832
14921
30363
2777
23729
15588
22217
26255
14351
13703
18917
32362
1067
24684
15567
26399
12534
9099
7218
16120
30372
23832
30975
4214
15806
31565
20762
18490
19827
16745
20563
16933
13360
24057
7575
12735
7792
13910
2151
27093
4052
2927
10890
18279
12918
23496
20991
17345
12411
9923
18230
29159
19431
29983
17280
27446
10421
19134
11203
28489
32040
26027
25458
15130
7260
28251
19388
23401
3872
32051
17156
32354
12040
6475
14482
2170
30653
5234
10376
28826
664
26738
5143
10111
24687
31125
18930
3681
17839
25191
4867
16594
15531
11454
5982
13802
21044
7160
3955
31905
28778
27780
5511
6012
23505
11428
11109
15212
1704
4720
18512
30195
11894
29471
829
32392
30693
16258
11583
14141
31955
10705
28739
8351
167
22698
17917
17629
16097
19287
23330
24109
2038
21328
13016
15468
8282
18176
7787
11780
5598
20940
23873
28691
32572
1362
30992
27082
23024
4078
12878
14099
31306
15491
4329
18038
16834
8056
27961
3645
3979
5376
1331
7382
8043
29855
29151
2170
19145
7658
4364
524
24584
17038
14146
3908
1043
4499
15864
12300
21049
10210
16903
29482
11836
27141
9823
15904
31908
11055
12024
19536
13657
17788
18444
10596
1137
1913
19844
10989
27975
6887
26288
11594
9165
18620
19002
6092
4131
15979
32349
27672
12392
14437
26962
25804
19664
13792
17931
26469
12790
6615
20772
19808
25972
23890
16919
18591
2226
14055
25775
26383
24059
23425
26303
31112
9174
15456
11795
25076
14995
26209
19111
3252
18468
26240
22807
6463
20014
22427
26967
30220
26208
32121
15780
29619
6404
4362
30138
4943
467
8688
31304
5158
14094
12607
15521
1164
9930
27009
7860
23044
24204
6142
5950
21673
28949
19258
26174
12748
28287
15038
28074
29151
8841
23579
608
13713
3376
18733
18783
30267
18815
23453
30007
7547
22183
8617
30654
16414
30546
4136
31749
68
6965
5576
15498
23230
1764
29595
2479
25531
11755
32466
5227
13988
29466
12232
20800
7492
17184
8770
1901
12844
15708
27381
24676
598
24303
26184
2942
29192
25622
25692
18926
26875
21431
22089
30452
2493
26937
24747
24659
30804
20633
30558
772
29732
26810
26245
44
18707
32765
27857
24140
23530
16146
19200
27319
22014
13838
27811
20298
13329
16317
3621
12375
15475
12089
1033
26338
8300
31675
1907
11024
19679
24242
11242
17116
11815
6162
25180
2316
27461
19695
11618
24675
23613
13386
27334
26393
16317
1579
22083
32392
29696
24816
10635
31528
14066
6372
32143
4285
12693
9747
20730
20175
21155
9309
22526
16731
15477
6602
31060
2504
18979
30493
7294
1052
28653
1708
11600
19568
31449
15726
30894
14498
29598
8790
18071
6729
10433
16351
21859
23790
9214
21481
6728
21625
3817
12739
27427
20457
19157
2697
30069
17480
16373
4016
9900
9182
10177
9183
27045
13734
22171
3584
23918
254
18611
25240
26960
8610
30248
5971
21005
6107
12912
29924
13414
26868
6905
23307
2272
9198
22800
2807
5320
7797
15107
27599
27765
32274
26754
32140
27341
24993
13899
28169
16907
16134
23815
1117
2495
18716
5998
22120
28181
29166
27570
31916
25691
23850
9243
14430
2238
22226
15086
16317
2388
8757
15764
9379
16992
13598
27384
2394
28625
13131
4401
6064
6155
15904
28257
28238
5098
27805
6365
30789
22532
32654
12942
25322
25391
9729
27543
9700
30276
26109
6199
20867
31010
32113
24049
5972
12533
20331
15339
16626
11192
12682
29333
2334
1272
11702
3722
2834
26587
3086
6843
15379
29282
14626
15818
9030
24043
23651
18100
17348
4346
13016
27827
27888
32312
530
18019
25865
29884
14177
15395
8699
17802
1864
31166
1147
25177
8495
9035
18770
22938
19288
20817
9465
21429
31508
6191
15719
30102
15671
7867
30247
19560
713
2090
17069
9888
9726
13616
29418
32318
15208
8295
11806
22607
876
23029
4078
15799
4083
26218
7094
12589
29281
1255
31264
18055
1483
8325
13558
16184
10597
28916
25908
20503
32569
3683
1890
29794
799
31904
27168
29186
3561
29057
27395
29456
6366
23170
30111
22681
21866
26031
30949
10910
27923
4549
18096
18783
32175
2452
4506
17370
9684
20135
32020
30606
13713
30503
29622
23940
22363
765
14291
10384
17738
3127
25169
6357
24198
22189
17335
10375
12540
740
23432
30197
19285
26674
22992
3782
27432
23075
24316
130
23406
23836
28142
21077
5943
3646
17489
19472
1180
17037
3370
11889
23541
8530
8624
16548
3916
15806
19550
22281
17937
29647
16966
14136
16654
3192
18088
32067
15006
27900
11459
26171
5914
21915
11243
9205
31125
29552
14812
7693
4297
18842
24398
17452
12368
13722
15050
21895
2584
4860
9659
16808
7185
16954
12232
1649
9768
5853
25697
12126
15481
28901
3736
23050
18880
1387
28467
25589
5649
6789
6399
9604
9674
14954
26471
24137
1221
8662
17220
13957
20946
28080
10743
31211
7780
19435
10934
28583
30346
13226
20003
29599
9505
26791
7203
13561
2121
19925
13293
15837
2581
19268
10849
10364
4487
19269
8860
9553
32699
4816
21705
13990
3426
31010
30521
17755
7282
17066
15799
29411
21020
8998
25365
19599
3327
11018
28939
17423
2971
9249
14914
4406
22280
8566
15019
24829
17895
18037
21013
30155
11162
2382
3327
7411
1968
29850
28586
7550
18851
11329
30579
1068
31942
14747
18016
28853
28793
25301
11513
18516
12447
4503
1625
29062
25170
3299
6788
32016
22741
2625
31483
24639
30409
23065
3470
9331
12196
13152
14706
12255
15712
25206
27283
2954
24176
24399
24363
19097
12280
3794
29588
30417
30781
13182
24667
9816
30043
20819
7829
7867
1078
2288
26230
10549
13234
11769
31775
31791
6183
7355
16056
24067
29455
4883
11711
25861
770
4235
22687
30916
4069
455
27781
30861
1886
15136
21615
11057
15754
1678
8070
23560
9715
18635
8621
18742
6332
437
602
18221
30751
11253
11684
15732
18970
16350
23454
24742
6756
23959
8676
19901
14502
25213
17267
27280
9960
28099
12990
12187
19529
6235
31230
16127
16372
25626
32201
27849
16463
9751
19942
7287
10870
28756
30816
6073
1511
16032
4825
17012
30847
27323
28193
20492
13989
11196
10247
24035
17349
9392
3951
5917
5888
18052
3749
17831
30753
2341
4081
29815
10451
16357
4204
1813
11794
3361
21777
27226
19936
14624
30231
17015
5433
28735
13439
14906
31304
11339
19945
22413
28379
19759
17067
31040
30485
9423
16932
25096
6242
31283
12622
29895
13488
18408
32659
1549
9693
14755
15842
26335
11627
11560
11265
3256
3195
14954
12325
31438
22521
1780
27840
20630
23828
26759
26778
8586
10737
6917
32035
31274
3744
3469
32520
13889
10831
2792
21764
3177
22717
16676
28921
29393
5106
27774
24383
16702
7726
10630
24635
13392
2079
12925
16436
13831
26454
3074
24931
3973
20732
25838
11337
26646
27841
11644
23110
13677
13334
10669
20070
305
12700
746
28798
10168
21724
7403
15992
29714
11832
12761
2027
15689
10017
31151
2031
26855
2699
24806
20783
30393
29086
4689
16447
31187
26799
22598
26672
8916
24686
6398
11618
16235
16225
29246
666
21274
10129
14391
31828
11578
17539
23468
11867
8256
13673
31570
1942
15934
26522
9340
8229
16045
30016
1783
11693
29033
23632
8243
4591
25341
8640
8612
14240
5665
13556
5736
12660
30337
10105
3114
20349
26816
3317
17222
7859
7101
5982
10798
1748
32533
17259
10252
31342
745
10568
31401
27961
1249
17806
11149
1195
3696
20082
24680
14023
18522
26941
2736
19254
18292
21500
14988
29336
5803
22392
6385
26652
8776
5480
19722
20814
26739
1766
20702
20529
4853
16160
31021
31630
24130
18000
13466
12683
29110
8430
17936
30847
3359
22307
32350
25093
12156
4226
14628
9296
6916
6131
8435
23998
23146
23535
32432
13999
11104
16115
6201
21911
29274
19502
25163
22866
7060
9341
2468
19896
3414
14234
5988
20082
3959
7569
13497
19468
19488
9331
20923
10058
19922
26189
13205
5824
7850
31579
11750
2717
27876
7290
2919
712
22687
18908
27085
2862
20191
18943
3313
21082
5592
5344
27950
3654
28266
32620
1290
9072
28392
15159
8729
16945
31517
32368
15647
28234
32145
26645
7541
9408
17928
29795
19374
5099
12620
5521
6009
6601
32300
17597
13513
31896
29637
7975
13364
4515
15616
25501
23193
18012
7516
25654
7174
16299
25326
16451
15833
902
14758
31363
25637
24770
17363
16278
3671
2344
7145
28852
18201
4556
9090
18079
2934
19866
17316
8406
11583
13874
578
21772
13486
22262
4357
4824
1354
28256
14668
12206
18954
14746
18801
28430
27837
7752
26446
6907
7337
9896
27647
175
10355
990
11498
9613
12095
2697
22013
18519
27927
23962
14647
673
9873
15206
14186
7814
30636
8442
9791
29849
2556
14254
22394
26142
30215
16637
9599
18299
21486
29843
10517
20201
16208
1192
31851
23407
21099
15501
12121
10257
23684
28036
20711
16197
22409
7637
12819
17062
24822
11806
17871
23276
14837
26859
16970
25628
4809
12422
26480
10748
9580
16145
3764
18634
25463
11473
26637
1581
15171
12493
2110
13932
14414
20376
11355
478
736
27755
22153
7842
750
28790
10245
21135
10814
31864
7272
20846
10700
22670
2601
19303
5741
5704
3171
16314
16562
6402
14808
26544
17423
30834
19767
19920
4412
29053
8858
25941
30684
22863
11859
13792
29533
18090
20712
28523
16159
25982
11356
31358
30168
10427
24240
22693
16439
20067
17834
26913
22215
27107
12245
26078
23319
26787
7881
11429
19480
17628
32428
10387
6598
23210
30457
28618
7178
4962
14464
26982
28895
23333
27823
4019
1461
5301
10767
8861
20498
32648
4625
24167
31103
17435
31755
2720
674
6793
20862
30035
8616
16220
32666
11903
24550
10915
8708
6086
15039
15685
19158
7273
19400
22676
3048
9588
15402
5157
9550
7734
1864
1504
32033
7412
20642
20563
17539
991
20729
27467
28125
11842
7861
23206
22635
32256
21891
18275
21755
23870
24898
12027
26609
2141
28704
7412
27791
13355
20480
8883
32115
25690
15136
402
18017
1585
22520
15154
9027
9089
28773
31763
12398
16859
9222
5217
12327
16896
6630
29457
26982
21401
30044
22317
25562
20776
4656
11116
9516
6207
19455
16390
21384
12784
21729
22214
24922
24452
24392
13665
9813
24431
7980
12806
2490
32388
26213
28214
8663
18790
24664
13270
27854
29247
12501
10371
1687
16052
31296
19237
72
4632
3823
28615
15508
26591
20948
11686
30098
21078
2652
29575
20416
20882
12182
13902
7752
5798
28312
28109
15490
1818
28703
21466
8377
5272
8565
6564
3122
15591
1176
1863
31850
17950
19352
14749
16800
2833
17217
29271
24211
27664
20730
11853
5517
14289
2029
30227
18080
8362
6504
7373
816
4611
9347
24900
31410
31244
10500
9529
9394
23467
8575
12025
19483
15545
2242
10545
24499
17517
20080
21764
11237
7704
32491
8795
25027
29715
8823
8828
3915
5878
6045
2271
27881
9483
27854
11836
9278
17923
32073
18921
29728
20199
21823
21859
21986
25169
8500
20011
2005
24795
11432
18899
8462
15832
13303
4184
4714
3138
3454
12466
14544
22516
28159
17322
25782
7961
19526
20716
31463
32741
10253
2653
4739
28291
14366
20910
13383
1870
17335
15410
7950
20803
11058
2284
13720
1206
25573
15597
31115
10821
27464
23005
14263
9739
30037
25303
18846
790
23093
9082
4148
4890
1816
27964
3043
13926
30309
16130
13778
24600
29459
2798
32359
10893
11094
3704
5387
4124
22143
28865
23853
7172
29213
6947
13449
10146
23145
13
28330
30696
16865
17422
10669
20234
19506
32047
24649
18042
20571
31878
23820
1303
1552
22024
29415
9634
8796
6815
7917
24945
10123
30845
30552
21351
27719
13743
3021
26403
7681
14581
6881
18552
17043
5329
16603
26397
32035
18654
955
25254
6730
11619
24700
29363
10101
15656
15767
8040
6540
12680
26312
24093
18130
9416
30228
26198
14349
11943
19979
21237
5350
12086
2379
25518
12178
15338
837
29372
29618
25328
24132
29394
15480
14528
10923
2389
22028
25589
4989
6344
11822
7004
13347
20360
30748
19019
31594
3769
18358
20276
16332
15744
26592
2169
26864
23666
28712
9090
21108
27981
23977
25102
19433
742
13102
18886
23071
3427
25755
29208
7587
13994
4489
25666
647
25370
21297
16813
7521
10872
8587
9341
22934
23852
5047
28262
23769
27053
32667
31169
17390
13882
15566
24799
7348
17099
3764
20381
16738
10055
31211
4920
30993
16887
2278
23651
379
10811
17368
26519
26114
15227
24532
32683
18420
19553
26930
3748
31757
26181
27956
12494
8509
4329
26346
32268
5292
1639
29522
32108
26364
25447
4292
30462
14030
10133
28045
6119
5255
6739
2523
7345
21332
26538
12505
30181
27499
2439
3354
6876
20884
20772
23611
32466
26600
9412
1476
23612
27609
17827
6480
19035
1395
12845
30702
20754
23522
30830
11462
28405
21299
3274
14592
17826
22367
30958
22241
24660
22661
30470
30775
18613
23671
19760
1016
24052
18808
32049
5926
8728
20036
7272
19701
29076
2897
26624
21040
22811
24917
26985
18393
32181
2312
16136
14608
19219
22571
23853
10293
23583
22473
23366
30545
20952
4029
8531
12210
3165
11124
2458
27862
31303
23540
19100
28299
29244
6941
15687
5715
19138
13359
21357
21517
9296
13709
21109
17874
6571
12225
9809
3870
19056
26047
24752
11056
29676
21102
14452
16051
3124
10084
7526
11421
4978
10481
13352
29272
3966
2912
20076
3872
26030
13689
13156
31404
1774
3147
19577
28432
8723
11304
2624
2530
20588
13040
5546
2203
28826
32659
8571
9281
9122
2769
28669
20547
8257
15684
24821
24741
20608
26273
7126
23388
28039
14907
10805
30972
3510
29896
5757
6288
22770
3944
25316
10953
22333
9187
27805
22620
3466
26162
3919
26533
23759
22338
7367
9616
22363
5364
31978
21945
106
27496
2541
28114
10743
2939
31944
8262
25809
2702
32231
31259
14065
3978
11811
6173
3083
20768
15346
14137
5219
18774
22746
9255
1506
16959
9004
20044
29545
8201
22510
478
11877
3134
24857
3401
26276
26179
5125
21969
31847
7461
13345
8057
14520
22164
3559
3108
24573
1840
15887
5627
21198
24580
30979
2318
12548
13648
26260
16446
13074
17036
26091
10586
11673
28585
19906
21640
29494
31642
31956
4839
2207
12307
20113
26738
24302
657
18455
21800
2108
18074
4446
14698
6770
21830
3762
22948
13404
19966
11879
17711
22783
21636
16072
9334
5421
28723
24656
12888
9046
28809
26653
25806
417
31458
18081
2254
11835
9606
18075
21871
32239
17382
14405
14925
16632
18467
23759
27951
10771
24016
9741
31463
11224
8697
7789
24442
16457
7268
3371
27009
20140
24086
10952
27855
9110
26905
31160
2132
12105
17789
5979
833
32319
26525
6446
1389
8199
19364
19011
12024
28752
27215
23790
21294
30276
27380
25794
23214
19991
14019
11451
4299
20703
20812
15805
24626
28326
6721
10557
17101
28349
23677
27710
26856
2644
20038
32384
23443
5448
26319
25076
7751
10556
11521
18034
5068
1771
25467
5550
10841
8636
13784
31593
4862
2456
19248
15844
2111
9976
25057
31386
26626
32066
22671
6958
9387
26453
18537
5795
20869
610
5294
21195
20068
15103
4976
14850
22152
12406
13209
22812
30405
25187
17451
6555
12001
23678
16588
27685
16958
21685
18305
30518
31672
28542
7098
7699
26833
7787
23183
29695
20492
19710
17481
28592
26262
20416
16164
29444
2347
18829
30547
31473
31800
31538
16453
3002
30525
12602
6951
11625
32630
17412
1706
3193
21946
24089
31750
4819
31651
31933
15679
3324
5103
24260
22694
12172
8742
21927
1444
4322
28029
11479
16051
27414
2811
6993
15533
14895
21210
29555
14153
2710
17712
1294
3810
3019
8655
26044
17275
15191
14185
4980
23809
15362
11768
9563
10447
11589
20572
32477
28792
5890
6470
14589
3520
15731
1878
13801
32747
29025
31872
4818
26171
12438
11444
27642
948
10900
24510
9999
12322
32135
2667
14263
23133
16249
749
4716
32716
10181
21632
16778
15656
27854
30286
20646
23682
10736
27024
546
1160
25015
759
766
27908
28751
25418
4337
15525
572
25424
18105
29698
25419
30448
687
2524
14793
19351
7070
7331
498
9690
22485
23868
23980
16989
23163
5890
3190
15859
31523
30987
8091
18694
15264
1196
16043
10810
20507
17727
4139
21581
28003
13603
6796
4930
20867
29701
12634
5310
15002
12894
17078
20402
16359
30269
6406
3898
16676
7495
25835
9413
24597
16380
9076
1399
14432
23100
13457
22219
18847
23817
13770
11901
18356
3470
30000
2471
17756
21856
4244
16170
27912
26629
5368
29007
15336
25011
12867
17070
29512
17241
22329
21071
13343
28644
18857
17168
30949
3771
3816
21062
24998
30603
14463
16807
1621
2890
26913
6248
17250
7798
9696
32674
13454
22686
18336
15866
20991
11556
8395
5761
25487
20801
11078
3801
15978
21321
21156
24730
216
14129
11930
6643
16471
15438
16819
12693
24045
12383
4165
4556
29884
29646
9124
24303
5847
4915
19861
31995
19540
6682
16390
6267
2211
774
19708
13995
2590
26806
25292
4316
22496
23718
6286
16154
20955
1753
24271
30221
1829
29398
10374
23581
18067
11761
8265
14809
7561
6859
15809
2458
14608
7708
20316
10851
23849
2224
19521
14860
26210
25264
649
23200
2470
31779
30124
26371
18009
26292
313
23256
16037
15542
5067
29089
27150
22885
5688
16680
22093
26223
21259
21279
27227
25267
29237
515
24524
1608
23807
7494
26206
10177
7747
6316
9682
1711
4828
19190
4602
8040
32347
32702
17684
27655
22523
24738
21590
14004
25560
31140
21194
24870
27739
23761
30300
17765
12281
10529
4914
5077
22301
30879
24891
21104
1634
31177
16395
24915
24838
14394
27878
10364
3996
22662
24346
21202
7936
19302
16018
14949
19344
15381
10409
27128
3225
15865
14140
22461
29712
32134
32259
15711
13955
30816
29217
12613
28494
191
28665
25878
29970
4120
21316
11640
21091
11514
21856
14110
14017
26678
9707
3329
29642
13634
29073
21485
23213
8671
19234
24384
3554
12538
10984
751
6937
23760
30775
18121
29040
1110
20805
24320
2024
18392
1340
3557
18458
6368
29838
21235
4390
345
19337
2831
26349
26100
19243
26126
8576
18379
5175
21880
12503
18757
10376
22667
18631
31289
5798
18819
2350
12118
919
4121
30321
26818
1784
23882
22056
3073
3404
21593
17431
29977
13459
17687
4961
8947
22303
23394
20472
773
14499
26604
29784
8238
2445
9790
10101
14561
13461
9212
5873
134
10902
11626
16787
4125
8349
25391
17909
18981
29760
23897
2428
13756
10802
32674
19341
5383
15124
25329
30974
15060
8845
30756
21451
25470
25756
18445
17163
5393
32045
29882
24354
19119
28139
24570
3639
28467
24150
6940
17641
27411
533
1018
16189
18827
14733
13111
17883
14584
8370
8132
21371
27266
29
7081
11930
5373
21600
3586
19313
7953
24470
3655
2599
13465
31038
17617
9542
19274
4169
13466
25708
23189
4977
21061
26435
19150
13261
3166
7346
24461
13730
10466
14933
8533
17277
7170
18475
2675
30590
15396
5263
31529
3831
30507
9322
14604
31798
27896
29606
32171
19102
4912
6630
22641
2301
17984
10100
26573
11801
27551
20090
11663
11148
2387
11382
662
8914
30391
18408
28072
28833
2683
5709
24993
632
27116
7761
9936
10875
23926
2625
29598
25982
20071
16063
30832
18272
20981
18873
25295
410
25987
15772
7111
14359
16416
19652
17804
6215
23889
14648
15460
26223
9488
27796
7872
30019
21780
19526
8364
15286
3923
7677
11882
32017
12742
4191
8794
14146
23404
15355
4638
19319
17041
12414
30458
5356
16464
25129
13697
25089
13655
2946
18542
912
11242
22346
4816
26237
23339
26288
7530
27535
28568
1988
17241
29054
15573
12334
4599
17741
15532
4128
24576
27865
32594
20873
24563
32691
28907
22412
12731
555
6225
4656
14223
30381
13073
14937
12823
6481
21175
2551
26576
31149
24396
17533
23473
26350
8988
9109
22287
25127
17341
31761
19134
2792
19532
12069
19321
14867
11514
15316
11651
16107
21447
1193
911
29294
17038
7591
1246
5349
17986
13954
7847
10681
13175
29968
13499
17800
19492
21498
21865
632
12967
22967
25759
3787
3593
15291
595
2484
17284
16875
12321
8809
26946
32341
31286
11642
22120
11550
10092
9313
29779
20667
13494
17242
13601
24164
8127
14709
21364
3782
17614
7913
16242
9977
21485
9643
23825
19889
8522
14399
30609
16568
21725
31439
3658
32412
15691
25210
24231
14501
18955
22254
20339
8457
28871
4665
8531
26979
517
13020
2196
1378
12550
13345
5159
1470
21230
16559
1514
8049
6438
4956
42
13091
19199
23106
11365
26854
17048
20501
16212
13347
12545
32692
32296
21460
28064
26109
10517
8948
21716
26086
28429
19764
31193
17097
20174
15344
12268
5376
2334
20321
11951
27826
2133
14356
21966
5868
24861
1179
21475
14580
20598
14210
13463
13786
23293
31109
6666
4687
29037
15359
9590
19130
15974
24486
21263
20361
365
13174
19757
7109
6965
24555
31404
6634
12060
4723
19603
19189
32249
32035
3829
25534
24085
32425
16661
21640
29815
1666
14541
28375
4965
2413
5425
7554
25127
6687
17519
25352
12814
31288
8442
4647
9397
14198
27111
29867
1927
10536
6807
21637
2177
25062
26006
6940
10297
27008
22211
31464
3360
21300
24753
22332
7172
1060
22862
24163
31193
15879
10690
2543
23224
16926
13722
31054
16936
8297
15654
23198
6301
1820
16159
21954
14910
9805
7565
11702
25323
31727
2536
3103
7039
7171
31870
11047
3154
18701
15124
20871
22787
28869
13008
21733
26996
24848
10583
5729
17429
18734
2354
11627
23910
23349
19830
13527
183
8638
20644
28211
13874
24030
718
12120
18972
344
19195
20031
22872
6416
6093
32534
1837
15299
25441
22675
16457
20726
11895
29321
12037
17452
14035
21177
17642
30812
27875
7146
32116
4002
27809
13116
15895
23349
32187
20409
30592
1945
24305
10285
27677
22806
24767
13111
16351
3176
4925
11681
13631
12216
2883
23277
15231
1995
720
13360
12850
21882
22701
31012
1534
3938
13133
22392
2721
25564
19192
7274
13874
5936
7977
9368
8617
4613
6964
32275
29346
13340
28203
28854
4702
16190
6659
24758
22027
28275
32243
16249
31813
3445
24605
32428
9180
9316
14960
14736
8152
3003
20173
2196
19642
31875
18024
13097
19205
28871
24690
13266
17149
26695
29685
17018
5551
25968
18687
22795
7985
13964
3330
26172
28203
24375
26235
8875
5270
13842
27602
15403
30148
2747
385
19295
13729
26620
25465
18312
11576
17986
24001
27803
2169
16977
30817
18327
28985
11319
6782
23829
27514
638
26822
7712
18157
11686
25359
8008
18869
4051
1338
17906
30830
15554
28510
24562
8046
28161
22819
22876
330
1888
21611
1174
20124
16291
9016
10418
19204
16761
9418
18939
17261
22706
7687
24782
14738
32684
24864
29356
26816
24846
6258
16780
2013
8633
14506
1398
27817
1788
24109
25677
29764
19719
6583
7149
21745
16803
28737
4726
15641
30496
4649
16614
25491
9102
3469
11246
27938
48
32759
24318
19263
15661
2880
7587
30745
23945
4526
16146
13275
3924
32096
26629
10029
21537
5868
5829
3837
3514
12102
13704
21887
17170
8420
9982
15474
12667
27679
295
31910
32281
29405
27239
32443
7063
5997
19676
4395
14360
17074
21487
16267
18289
5508
26665
12045
32149
18771
7497
9290
19792
1037
18067
5694
16185
9026
9578
29332
13538
17031
26145
30500
27729
280
24335
17595
22452
19137
17889
3866
7504
10238
20276
3649
21435
22881
27748
5357
20043
16948
7070
28767
3534
26208
32317
30047
10619
32653
10579
24193
17449
28043
25733
24487
25023
1520
19229
4807
12524
1795
858
8686
7448
12761
10
21125
15514
20414
91
21972
28459
9943
16879
708
16538
8709
6446
23785
25538
12299
25568
3263
22970
7668
2555
11572
6475
28847
185
4711
19111
509
1006
28080
27479
25741
31129
29408
28278
21348
13241
25290
11549
12419
1122
7938
15134
22212
22543
10980
29685
17158
19002
15832
21499
22665
26666
19157
29149
17563
5645
8484
11341
17781
19014
2663
24567
22624
4872
2521
14775
4892
6692
8407
30985
11393
6943
15520
14017
30823
32648
12633
1020
23236
5512
26196
30038
30228
5307
6033
28253
6398
25918
20613
16710
12084
23818
1051
30431
14747
26496
26105
21189
4524
19268
26884
26583
31770
591
1830
20714
20148
22592
13903
25023
11662
17139
11961
25650
9051
10581
26225
13747
6430
3191
26131
22778
28930
18145
23252
20471
18565
22056
2502
21000
9692
25283
2136
12911
5267
31258
24092
2819
30069
12000
29646
32549
1451
5027
29585
10998
24872
17313
32379
4808
1092
28126
23380
9938
4262
5747
667
12071
22888
553
11210
13289
31350
70
16348
13753
32567
1703
21771
19059
23664
21519
6110
29208
16741
3263
17763
14348
1089
1351
6841
29826
11703
12187
24018
16948
26602
24169
25463
31831
21642
21162
13965
22734
3648
18296
17558
29342
22861
28703
13179
22690
18286
7286
17544
29824
21250
30576
26808
24027
13678
5102
27187
28106
31937
15319
20245
9865
9364
13675
22897
17263
13877
29396
18582
1312
13316
24574
16272
3588
21532
17065
29938
25336
20022
24765
4051
25667
16587
24797
22039
21195
29049
6462
4080
13705
27816
16570
17571
13114
18541
13856
13456
13399
3759
20943
13421
24904
4744
30083
19922
20693
13549
20078
18682
31453
23698
32139
968
17226
9480
6703
14856
12612
2344
17121
8952
9893
3253
12395
2054
11181
10557
32561
14556
8952
576
8898
154
31148
9365
14253
98
10231
21768
10134
4890
5561
12872
21384
7789
14205
11777
14477
29971
30638
8517
17020
11859
16392
48
16659
5830
14156
28876
13125
7773
1848
18738
23765
26533
16054
14578
23076
23626
9300
8629
9800
27355
3316
25377
18269
20940
2756
7677
5408
7105
2161
12950
19898
12554
9368
32353
27865
8809
24958
7393
30981
4380
32000
12235
15154
22551
1229
29289
5265
23186
31442
7228
26284
7107
7670
22245
16818
1005
11016
19270
19727
30361
10741
2532
7744
7715
6975
21135
29158
4217
6570
32582
31513
12576
17465
5717
15614
29816
1112
18368
8860
26688
1115
23012
18667
9564
27175
18780
12078
3798
10799
8226
16771
548
1699
18422
29113
23721
3811
23556
21089
31358
13114
15809
26664
4721
16585
28950
9572
4942
22977
960
17388
26206
15830
1015
28973
15150
30448
19021
122
16529
15907
6874
6052
28392
11489
24982
2507
18337
3694
3590
21619
11774
26005
21019
29402
15640
31386
18519
31626
16163
1391
17713
15402
10739
18474
22459
18329
17599
11703
15746
10814
23334
16586
19893
14489
8559
3864
8074
11294
11797
19655
28638
580
11395
19491
2588
20953
11548
7570
14431
2712
13950
27594
32475
21245
31752
26689
9849
30808
23962
23525
23233
9505
5275
12302
24317
20875
12865
945
7835
8795
21260
8406
7380
10747
11156
26188
1931
16330
21125
31131
29048
25015
27624
21818
30597
21518
6564
1794
21880
29585
21828
13027
11731
28107
5882
11734
2296
21409
28132
17682
20369
14890
28047
1411
17455
24001
5306
6008
16433
31576
4444
668
14312
21519
1512
28199
18937
3845
13263
12629
24066
28013
12102
18456
5760
1253
75
9
6640
29700
21730
29093
30516
17714
10405
6582
10553
29629
1403
9999
32215
18217
16808
20604
25592
30919
24326
18169
25853
22409
28561
6178
19805
24084
9001
5355
18575
28439
25236
4241
29739
11227
7107
3025
11852
6428
9046
8279
9016
1560
20322
16505
24131
27109
12145
7973
25072
11015
1482
21528
2906
1346
26099
4177
17618
429
7285
30406
19402
13576
17375
27989
3570
14415
11021
31229
24992
3983
28842
78
7541
29433
30708
29470
21310
11829
6847
20094
12824
2553
15549
28141
21464
29657
9212
4811
31145
22625
15024
12048
31735
25441
7731
18493
29068
6792
8010
1683
20985
1588
6058
17539
5944
23689
14523
12903
8847
25281
14235
25199
26807
30914
31334
20702
10558
758
10933
15478
13610
9815
20836
25392
2271
2761
24473
30513
15683
6061
18689
24570
5151
24243
4957
7135
9161
10479
32574
21946
26112
23088
11788
736
11799
7821
26957
7508
19030
5696
28452
20027
21661
29624
26648
7312
30282
16361
27159
29721
9053
14567
11451
6298
4314
32435
21196
22856
27247
596
27909
6272
2903
27434
6683
31673
15998
26240
26619
22456
18918
5472
23123
11523
18761
3243
14933
18583
7168
7017
5048
23773
27171
19293
767
9947
1266
20444
14589
29607
9843
22240
22425
6690
21597
28761
3023
15586
27189
32707
2295
26736
3767
27645
18762
25012
6263
345
14242
14509
9672
14832
9857
29542
27613
24632
14421
25893
302
16344
7418
1509
10013
22714
18561
24070
22234
18530
1840
23108
5508
23935
4809
7142
21393
2496
3344
6455
23407
9705
903
8762
4971
15398
24700
7578
5843
19615
27973
4576
27223
16460
18891
20200
20405
32267
32069
19350
31894
22000
1094
3013
14514
14044
32762
8832
10043
25169
27308
9333
16249
4740
30092
7846
14514
18100
29616
25954
27980
10683
30296
20340
31029
18147
32374
12698
6019
250
26478
11833
856
32681
28442
11598
24585
1793
32529
4264
27775
27991
6953
30805
1501
9042
6458
11098
15714
578
1573
30887
1426
21683
23573
9289
14992
19779
28165
13538
2511
24496
11395
13654
31977
12341
10163
16072
11215
3351
29334
24261
23075
9851
19340
11710
994
30842
11800
10684
7494
7031
12772
10575
2539
28336
23301
31431
3888
20756
16255
935
17888
23637
9740
29783
20242
22077
537
25625
20557
19525
28946
26942
31472
3428
7391
410
8913
30245
10159
24373
10277
17148
1268
27971
14496
23770
25518
8535
11229
21503
3565
27859
32511
32016
24977
25251
13209
25705
18005
25899
5579
2996
17676
28797
11694
9658
9258
21712
24562
17530
11653
29998
454
11640
349
24172
25592
18520
6810
19039
6494
23467
26710
25421
31860
3081
8347
23458
14406
20832
12398
11748
22673
22155
27916
6377
9509
30503
27251
11336
19597
20386
6948
30989
8690
5012
7464
15025
29245
7763
22609
3145
13436
29122
20930
32253
6535
5993
22705
7868
16099
6091
28780
20014
2278
31731
7066
27370
26652
3409
27844
12522
3562
18372
20
23611
21617
12792
16988
25593
23989
4082
10585
24955
11775
9193
16698
30667
17792
29016
13148
20313
32054
13905
10840
31216
11028
3860
14143
21224
20829
30688
7204
12190
23889
8457
8155
29729
14603
18763
20225
24622
13482
4702
20028
10335
2735
970
8644
12191
934
12285
3619
29921
32009
12187
30265
2322
22369
26389
23170
8523
4014
19069
23964
6476
2057
5017
29187
31270
17288
7734
5408
22839
6498
24254
15234
9051
9043
9997
21099
10337
27458
11649
31374
31420
7202
2640
24599
30587
14870
7967
21484
2684
9688
7376
2610
732
28507
7067
8724
2993
15279
31072
23231
7420
16934
29243
6577
30937
9397
10074
9780
2297
10140
2059
15909
12370
3145
20761
26618
25877
4986
5721
9732
9953
27299
2688
28400
9526
2191
31031
3988
10796
15689
10098
23017
7525
31037
3581
17747
13120
3995
8791
25641
7247
30716
8644
21105
18700
21320
4766
491
5575
14295
28652
1874
29411
2262
13110
19678
23874
23789
12439
19981
15102
14366
30995
16547
28762
7409
14123
20207
16632
14542
14767
18257
20812
12202
8404
25849
23632
19174
24966
5617
29049
3955
4863
25182
20202
32571
15001
22787
11241
2492
2528
9478
1935
28662
17132
12535
20419
8072
14062
31502
29801
18710
4872
32436
15062
13805
28514
22341
25991
8426
21626
21
1043
5784
10939
21937
32607
8344
18514
15463
13841
16454
4413
4104
15687
31897
23972
16620
6536
1867
6765
16951
1019
15674
22539
11611
4054
1551
15254
16094
17434
22301
1569
4190
32126
23948
9800
13266
11432
5046
2056
5138
17571
17873
5844
16026
28046
18895
9700
31370
20369
28290
13009
20722
2582
26116
13919
27213
11061
12118
30617
25931
15215
17223
5412
2772
12704
2199
14541
841
25391
21341
10596
28941
17544
29606
11981
5188
3532
5983
31828
23514
6086
885
5441
1991
1314
26682
24492
16530
3033
21771
22931
18452
29424
3888
9258
10111
6242
20483
22898
32415
4955
11860
24589
22623
18086
14093
12625
10382
30569
30994
17819
22243
15376
2155
6886
31551
22407
15525
2460
12083
21676
11893
23467
6338
30212
14495
23004
4712
19884
22
17249
5211
4499
18277
25516
17168
32743
4429
14984
18177
26573
22192
27234
20910
10837
21422
24807
29665
18349
12301
28117
10551
19605
1758
15370
15580
13330
4445
24802
27542
4455
31002
30143
26373
5697
5462
28649
7721
18738
6064
10905
28452
96
27649
22352
9793
29823
20356
18541
28214
32764
25402
18943
5542
24187
15756
31960
19946
132
16179
26595
18193
18297
12117
13239
19749
15820
25328
17515
19120
8046
29564
9644
21631
18059
18636
32014
8870
20596
31286
30368
6853
3805
19187
24515
20361
6472
17864
25660
6517
4801
15334
8583
11490
30668
11024
1134
20804
2204
20219
9435
7600
9093
25082
5099
24219
9140
20699
20547
2277
6174
26123
21671
24086
26294
12289
29897
9703
12259
9946
31838
8452
1585
21825
17527
6416
20039
2194
13071
12777
23321
19519
22752
24622
6750
13426
8572
10495
25925
15348
18840
3844
18787
14669
4011
20657
24048
12077
21176
23496
31028
31754
4967
6687
23100
11531
2907
31651
6865
30757
20160
24989
32171
8580
11299
20276
27873
20524
16007
819
15524
5600
26037
24333
1581
11842
6355
16159
12020
14653
18232
10292
28707
29856
15231
28238
29258
14603
13530
14500
20820
15887
10921
1767
7354
27025
28236
7113
10230
11887
7989
28864
16187
15975
9537
5895
5219
4916
9544
10727
30761
4857
9203
13876
13208
21475
19149
15130
5571
17162
925
10266
2487
12953
24052
31823
18606
4911
29442
27382
31877
23685
15277
10541
26224
26960
3301
18683
24045
19049
11825
17809
15350
21803
16014
9423
1659
28956
23418
21002
28687
26832
15948
5645
32738
16907
17350
20573
30191
24870
4589
21954
16246
31668
20504
6146
4013
7781
9544
31472
28851
18986
28855
31397
24773
27801
28852
1806
20404
14228
19373
14503
4246
7205
12174
17029
5052
27821
31562
17818
31973
27198
9910
26933
27057
16709
23710
23752
31833
14700
31507
9966
32412
7358
28162
26028
12541
6668
6155
25591
6699
9872
15759
10359
27329
8913
9739
24971
18735
18118
26533
21133
6648
6462
4357
9815
6175
30336
9574
19206
20955
27182
7917
15102
23954
24687
27449
22318
23301
29260
5691
13973
5321
20827
5960
3844
22006
5787
29804
6950
18467
30880
12290
8639
28049
11504
13441
561
2982
30892
12953
27204
6557
13427
9599
6438
1917
18307
29061
21425
28999
24097
20717
28141
4724
24380
767
3542
3486
25933
29017
2911
23678
16001
16263
4534
31766
14362
30931
26058
10543
14610
20574
30219
16646
28674
10096
6000
6723
6211
19981
5055
27178
6739
12745
27913
2581
2938
28381
31347
12578
20653
30585
16957
30249
26802
17756
13564
11761
8581
18851
11818
31139
15611
3806
24033
6526
18597
16745
32740
22477
11511
4602
991
8214
14249
9846
2800
5781
9566
3337
24165
17384
28292
25973
17352
10508
23419
13482
21017
20360
9209
5784
11354
10728
7597
16961
17745
22637
15906
5138
4233
9731
29671
4723
17562
20851
6893
8349
4778
30426
4144
21419
30516
11610
10393
7668
2056
11535
3875
17561
25491
4421
20030
21338
9569
2792
2161
686
992
5947
9282
17426
31591
3789
28506
26785
10870
8362
31973
5605
17216
3534
17208
31981
13926
14559
15542
1951
31494
24091
4084
28752
6132
1935
795
30610
21063
4489
16014
11341
9496
21329
8909
31250
26246
16404
13722
29099
15869
5153
27226
32759
20409
25176
18877
1781
16773
5598
15521
3358
31945
15382
32308
30456
20931
10957
31065
32488
24597
22197
5454
24391
26752
28181
13707
25273
27631
3006
28909
20154
15287
5697
17427
23674
24349
8031
17161
13291
29209
22465
3619
7448
24921
27370
3628
23480
10121
22377
15296
26883
28626
5971
30199
32708
16800
11504
11332
11952
6569
26549
24476
25846
5163
30066
16090
11543
3188
5069
25186
2552
21928
30191
27396
10806
28863
12925
2084
26041
25549
19914
10520
14732
5766
13387
24018
13803
22529
14667
10943
4766
29116
28127
21486
23942
27617
25629
25461
30582
26311
12937
28433
21316
11708
19408
24844
11039
26370
32441
18532
8226
1303
12888
29737
30762
23865
12933
24103
28133
1834
8332
10437
18220
27185
23590
13357
9619
7009
30888
3757
17726
28957
4731
17501
7670
28636
6348
20995
6779
29738
24452
16179
23068
15856
3451
9147
12422
16628
15080
7230
22490
24227
21533
29214
2306
27919
5233
31391
28228
12084
11645
29002
9239
8831
28299
20880
15414
17809
75
29616
30452
15424
2248
28891
9935
29918
19355
4757
29255
12990
6750
20830
26609
8693
10596
9874
6343
22622
7335
13710
11458
26593
24834
4116
9643
26100
9633
6641
17454
3169
2485
20444
17200
22346
21100
30114
23906
17515
15648
28544
20758
6048
16847
19152
22098
18599
22987
14825
15139
32294
7858
1856
6708
14832
21921
17363
24479
6788
15013
13511
4099
21975
8306
17487
1495
20819
14424
31185
6398
31519
5746
15684
25755
18593
17953
27101
7974
32321
696
29674
14528
9328
26745
9726
13251
19945
12737
14670
27550
4919
21631
19803
15840
26488
5098
721
18834
10848
23156
15791
14538
7041
28665
21161
18557
4809
24637
9163
661
8780
9621
28766
24131
1347
27620
23567
14999
85
32713
29006
26446
5910
15895
8949
12267
15054
6022
4394
7433
22139
31912
5510
24559
23577
17950
23159
7269
14112
27915
482
1222
18511
10185
7949
31831
20136
16091
1981
13271
25020
11811
16539
29783
24872
26197
2268
3148
32096
17068
18721
4835
15787
1756
27036
30100
10095
31047
21365
1018
27311
28019
8556
28130
14290
21180
17343
26530
8870
6982
6990
26796
13988
3894
20477
14434
8310
24610
26202
15660
4278
4293
22656
16840
15353
1272
13883
9442
7180
19934
4204
9957
22141
1630
13231
18960
27741
21462
30268
30924
5957
24333
7435
26173
30615
22890
7228
23831
30726
25188
14005
28851
2649
24890
16653
17506
8555
9956
2985
23809
3191
27721
14372
12493
6034
178
32244
27001
5497
15487
8779
3198
13965
3097
10044
32179
20764
10023
30239
4125
32482
18437
2358
6408
13264
30577
22673
14678
12812
16520
3630
20760
32568
24818
17765
20827
16119
18777
22915
24644
5805
543
1974
864
32391
18512
26665
17461
9148
30421
623
797
16402
4075
293
27732
2723
31444
18643
17231
9697
18892
30228
30799
11992
7231
1783
15415
20915
28985
13220
1690
1922
32286
14915
16921
24890
23963
8729
4844
1021
10972
14836
27582
15004
23808
21962
25790
16475
30410
3997
2291
10484
24217
4001
3535
2526
29338
8097
10504
18638
11580
3487
30883
13183
28132
8635
12626
17583
14819
11094
1791
14954
2469
26998
937
24970
30250
21100
16495
14975
23226
32437
13546
23372
16085
15135
4288
13010
7274
1580
21366
4433
22089
31931
5766
6700
29401
31205
15794
748
28430
28198
407
17288
15766
12733
2181
7140
18003
22101
398
4759
31246
15332
30173
20721
20074
27860
17482
61
13846
1377
31531
3139
26951
10818
1132
28433
4710
21131
22498
27131
13061
26834
10204
20449
21784
1936
15355
17584
23650
21707
28228
5675
3117
16626
32372
4588
5438
11529
12179
31909
16392
15365
25548
3756
1824
21370
10876
6583
13809
3955
29833
15332
24497
11681
25333
17404
17044
13241
25523
11000
27455
21783
4281
18116
11391
23463
1366
6724
16187
6149
7622
26261
7847
7395
21764
24981
29883
18860
13535
13733
10980
26726
3152
11949
29433
25309
24587
14433
23664
21246
18772
4547
18898
29313
14100
23017
23148
11723
17708
23041
7240
24082
7689
12434
6747
28354
6776
16901
6912
29215
5052
4707
8869
26924
7135
27744
3780
17100
4165
31129
23830
22056
14983
12314
29443
23632
29566
14627
31068
11557
31901
13612
8268
17270
900
294
24460
19561
979
24836
1751
17949
31548
13178
12958
29069
9181
4868
30972
7096
10444
2091
25324
511
2291
12548
1466
21966
7198
505
20663
9086
28242
971
25393
8314
25953
13016
32418
9377
25787
25498
26920
21228
25479
20593
21557
13649
10482
13474
7048
20455
8903
6303
28764
28490
2625
13193
17631
13889
19229
1523
3045
11934
24818
4585
8414
24934
7877
21552
27653
14898
5336
25296
5851
14805
2244
21712
25812
15423
13255
22337
1104
21922
15199
4990
27596
2771
6168
19121
5978
26866
24226
19097
14926
16461
7974
8075
14651
1666
20186
10167
30
9188
28628
27565
2264
12320
27420
24608
9698
25121
20740
29929
25916
14128
29628
5454
8102
5472
4129
32133
2067
27945
30934
2420
20315
7763
30614
24763
12336
9237
22728
9204
30547
19583
21844
32569
23559
32533
20150
17895
15559
22205
4433
31650
5172
4827
4357
28314
14929
9146
21507
18188
17906
22062
32736
12299
8818
25207
15593
32128
11685
25193
25527
29552
29197
29386
10499
4733
20817
1020
15291
3504
13034
7643
2388
19829
2848
6889
7267
9191
20021
7849
18791
5710
9184
19272
7657
24550
28413
31362
17864
4579
32130
32196
23246
29873
29877
10638
21126
3712
19868
12316
32338
29440
30133
3909
20920
16489
26600
5539
25341
28095
20922
17140
23029
20052
6339
1984
16665
28302
21602
10301
27866
11754
4015
18031
27957
14913
26545
22419
15752
20555
22994
2238
9892
25953
22159
22210
1827
7815
27764
23889
30204
14505
8008
8549
29524
17957
16261
23262
7063
25994
22027
365
4296
21919
30740
8370
3605
2728
5995
14241
22959
10468
8921
10026
2264
2138
2784
29721
19006
9686
32428
24635
10887
9518
30023
7874
1837
18633
22284
10218
9100
610
23390
28637
5177
266
28314
1236
29846
24684
13385
22656
6819
23893
31131
14504
15639
13172
11281
15123
16304
2142
10361
8360
6599
2004
30239
29652
2855
5449
16962
26156
4895
13983
12229
12628
24022
7218
20263
32543
7135
27159
21173
7415
30733
9894
21246
32384
8073
29237
14216
21368
4129
27687
6081
13538
8419
26918
10296
11619
30955
24236
2061
8428
26745
10184
679
22425
22599
1823
6564
12249
17177
2609
27414
15312
28053
12765
18412
19961
20565
1063
3758
14608
26683
27450
7790
18223
24836
1449
30203
11319
20000
19450
21335
30577
26049
12133
26475
18549
29235
5593
29178
19275
28011
22336
22996
16337
31458
8196
5452
4188
13220
23762
30443
15266
30883
5022
12902
5592
16210
19943
11726
9495
3183
30780
29447
7428
4384
23295
21883
15792
7746
4201
8207
6589
25086
7118
24407
1987
9117
1570
7173
17137
29085
9149
6568
32504
30212
26459
28051
29476
25844
26215
538
8396
14720
29305
23045
22765
13502
27677
10302
17682
21277
13014
4045
30583
11257
22114
8198
18029
28525
27968
24833
30464
30313
13424
1099
31448
6404
23674
3547
17757
16147
10161
2376
31775
24314
15801
7993
1652
24258
22599
7964
16483
2924
11560
20763
21696
6789
14725
9291
665
27131
21093
3367
20945
29231
7795
10302
31499
7755
23810
29992
1737
32470
7758
15806
26581
2694
20740
32139
5345
24917
18693
23933
25962
17878
9063
6112
13794
16586
11197
22669
5901
8943
9881
27999
3244
22808
9551
23271
8025
18050
18171
10593
17842
6502
2757
32230
26809
19915
5987
21475
1915
21150
7136
27337
15856
1284
11676
15366
13091
30191
18325
3381
12946
11760
20196
29329
29912
25420
16523
21936
23433
22097
27757
21614
9310
18410
24990
3111
22418
15986
28637
9513
30091
3270
25183
12904
10173
20382
22479
14708
30924
21789
23442
30377
22512
8870
9295
12709
27550
3314
7087
13824
30565
5727
4961
17463
22806
1931
19298
3816
24871
30242
11643
6213
2649
11764
25099
963
21657
12363
8710
12306
18212
15739
27198
11602
24047
7354
29665
25476
26182
5682
5699
32062
3763
21333
30174
27299
11809
6513
9368
4243
1601
4740
5956
30751
1325
6225
5226
4672
19020
13747
75
25544
29301
21042
10784
11672
28503
15316
32419
25876
28184
821
17360
4308
4412
24026
16877
23964
457
707
32200
32655
7080
13631
26688
13215
14671
29189
9990
30024
25245
29311
23205
15486
25349
31337
1472
22500
2799
9115
31131
14142
8283
7203
27614
14889
17096
2711
6549
22282
18004
3242
7034
11844
18980
1020
20343
23982
3590
9527
31591
10308
19285
32087
3357
17948
5406
24905
7079
28828
896
31672
3539
32491
11865
27940
2547
9893
15135
12852
4830
13523
523
17485
30263
21274
3709
10339
28658
11570
32412
24591
10003
2714
1596
28898
26553
12426
6406
30202
15964
8234
32722
28626
22611
1281
23896
18014
19865
26544
26120
12632
14288
30944
20278
31445
14982
2169
14714
20507
24760
32020
6743
5302
29588
24500
26906
27593
11907
20400
4869
27555
29799
29428
31405
12178
27169
13930
1697
15356
6743
29362
844
26795
1652
18713
23581
17769
18672
19657
28645
11469
11473
19517
1152
31060
24178
20216
7607
4275
6531
7031
15205
14700
30801
22884
17113
28320
18503
9228
6012
9764
1973
8467
9907
15575
28881
28518
27399
32050
13820
626
10884
29728
21318
15764
29790
2064
6451
25552
8667
1609
21696
12229
24172
6782
14497
10208
31517
25763
27597
721
4400
8447
24892
12347
14341
5761
23791
22960
21054
16215
18994
28636
13856
24509
18206
6144
13627
32531
2401
3491
18253
30515
66
19588
23652
3585
22495
5842
6723
19780
16825
11167
2311
3252
9843
16787
29450
25171
9431
6621
31752
27905
538
16239
13184
11595
28513
18027
9821
24709
18563
8152
13270
4632
12305
21914
10643
22300
11412
17057
27409
26666
11029
7008
10311
3435
2787
23169
26506
4341
5776
26071
26286
11096
3645
32660
5998
7795
10007
22460
15117
29325
9250
20953
24894
2465
27702
21233
20034
31992
16711
11189
3152
30973
31977
29435
11321
2894
30226
25710
31052
5903
29730
6020
9335
25475
21282
8881
10928
30941
15689
32475
31379
16211
7621
16141
7501
5237
12472
28783
26296
19133
21632
13942
28871
18279
59
30552
26149
12930
906
11459
24601
27976
29590
11470
23469
17067
26961
32560
2575
1584
29951
4783
55
5376
27380
26332
2506
27965
28063
32254
9023
20370
22727
11084
24384
7950
29205
4447
15187
29490
723
25830
10169
4168
16115
18332
18070
14839
7507
20343
9811
5141
1343
3618
31553
1468
30008
11438
7295
21152
1779
28549
18461
24223
29861
13983
29313
20378
894
19960
9482
388
30579
8769
12276
184
29761
11733
13180
32400
28591
12784
17476
29747
6419
4123
12024
26542
23063
22507
7986
1863
21693
23787
11675
3853
673
26839
6484
11444
22911
24075
12436
21920
6388
24122
11410
17216
9609
18787
1189
2461
5357
10497
31913
31795
20354
23427
29350
21759
27419
5115
12204
20953
8965
538
16385
15364
4420
13916
5759
3588
3358
5760
32567
11183
21214
30267
9562
24711
22738
10285
12378
6215
30102
6932
15436
1468
15252
22336
12689
11222
11724
28743
16309
31999
12753
16121
32663
1195
25364
30614
202
20273
11109
28735
17980
985
17591
11179
30229
25910
2084
31771
16610
11190
11825
21136
17395
28279
25682
3643
27393
3676
23473
24629
5397
22369
13611
6000
164
19499
28315
26862
17151
20452
13660
2096
20203
8773
16905
9202
20107
25076
8583
6933
21639
2321
3910
32221
10343
6155
17603
12124
12864
25273
25170
15150
18835
13222
21786
13159
27506
14764
24161
10954
7140
29636
8202
7996
30347
3868
21083
26744
12932
27498
1796
32515
7567
14721
7517
12131
21104
26657
19440
3468
11925
21268
25399
15515
19192
26742
11687
24262
31815
14421
4333
16787
7747
8826
21623
6729
11878
5765
12598
26276
31176
6720
3746
17869
25155
2605
4351
23945
32469
18529
23775
8113
6983
19861
13289
994
23308
20603
20184
2421
876
30542
6343
5554
12514
18349
12203
576
31682
18601
20001
28640
20510
2845
618
12636
31979
3134
22195
25273
15968
9842
20122
180
18335
1126
24047
5229
3991
19034
15543
18269
25897
27072
15479
29581
3721
21254
687
1034
30696
31152
19620
14740
13648
24233
8290
10134
23503
5339
3842
32091
30167
29693
27689
28542
5861
28076
7889
21922
21089
14526
28492
20580
6597
18131
30341
2958
17922
14380
4746
28813
20512
16833
1095
23846
32036
14733
6804
12900
310
15661
3699
20437
24067
9897
29842
20214
97
17298
26648
4843
24881
589
21150
115
11658
2478
30074
29212
14868
28361
6212
15539
17841
32004
147
22527
20323
17521
5896
32687
874
25179
23950
24720
940
14367
6879
9731
3930
1085
24395
31663
19921
4527
18101
22387
16574
29050
7134
8094
8582
29314
16614
355
11749
19362
271
2951
10197
11260
12229
24925
3249
9614
14555
6644
18330
9735
1560
8079
25370
29144
24050
9045
32263
21901
8089
31050
1962
350
55
28798
1825
17153
11638
31621
29186
4547
31044
15654
22081
8407
29395
19799
23380
27630
4323
19050
24212
29192
20803
2689
12007
4745
29077
327
11164
16527
9555
11746
19094
131
27919
9507
18861
25582
29439
3072
3921
30606
4280
5701
32368
22442
25146
23942
16794
24226
2605
9304
20836
8650
2922
22977
14858
12408
23485
28908
25688
18780
5097
24865
26058
31248
24813
25077
7154
23792
6790
14270
5914
26924
8949
9290
6187
2332
29698
20433
9677
27347
32065
15911
31952
16118
14228
9270
24523
22991
4593
12716
2562
27293
7014
8945
18829
15662
3674
12124
1207
14768
8469
10150
11941
5829
16259
22687
28472
29141
4660
1567
563
16808
30376
4672
4513
22324
19658
9418
3953
24755
15802
26351
21092
8953
24527
10041
31273
23813
23517
31168
24262
2518
30643
10400
3897
29824
10728
2218
9055
21118
6872
1626
25878
22602
14057
32521
5278
31787
13843
14948
19526
23374
15519
6173
18244
29977
31022
17889
4068
12476
25598
4489
22757
24841
873
11156
1567
14981
22958
28117
10346
28607
24564
31337
28860
26592
12940
18156
24209
17284
21111
26604
11664
9160
8232
12446
18027
26532
29578
31440
14087
21372
30021
11039
30173
22257
7486
17770
29856
25853
31324
9607
17951
4671
10130
12340
23406
28051
4634
4176
7232
18150
29950
21579
24216
22601
11741
32731
417
1347
20204
26096
12249
9324
4667
24299
3189
1847
4666
12042
20482
13328
27515
12583
6216
1703
11193
6563
28531
10891
12826
26013
20085
9210
25777
19047
7846
23288
24391
14650
32429
23710
32603
19240
20132
18101
29031
10579
18295
4483
9061
17757
8589
11237
16530
30239
3755
7582
6770
19614
2837
9199
8980
13626
18934
31848
23703
14633
16641
20989
25069
29732
5977
92
27871
4704
31662
8574
32081
27328
9641
6524
1480
2377
1675
5285
16681
15830
27921
11213
5572
781
8346
8935
10640
20881
14219
30167
3000
13177
11507
10113
5975
11266
31083
1830
29568
18304
13121
24560
21634
26523
31189
18123
25194
8119
12354
31351
26825
13748
19265
2523
13239
6872
13899
13469
15895
28937
5118
14831
5405
28736
24002
2476
5390
16442
9900
2979
25415
6769
1443
28979
18817
18506
27329
17688
22099
20880
25595
11652
26360
28449
5381
5233
32339
5607
26224
10806
3376
11786
12310
30297
4045
19044
25271
27301
9369
29750
29924
11388
59
24345
5916
2158
25302
6455
29494
17418
29324
3002
31486
16883
8001
24453
2595
11319
29601
6690
24401
6365
30564
1788
12442
23741
1744
16591
24346
149
17280
28508
3547
3160
613
3425
8182
7369
23306
19144
25083
30537
15388
24351
25235
4077
10537
24648
15972
13780
1448
29042
25397
22968
4410
24136
3667
8898
31023
30311
2611
17827
9036
15638
28504
20960
5579
16689
27767
26989
8356
12647
23002
5758
11275
166
7170
13210
20538
11986
6544
6641
6768
2493
18534
2543
9018
31316
5641
529
23025
12822
12105
30712
10628
19659
27429
10172
23159
14962
23785
28034
22060
1403
20889
23889
12130
18742
15506
3361
5115
27788
22383
17717
3074
29933
31018
2731
10732
1417
26755
14418
4126
24259
11686
6587
28592
29154
9992
15507
25713
23818
26002
27695
21035
25452
5121
2921
10024
13753
28045
16555
10228
7900
1992
10313
10341
26856
29642
276
21977
3663
31371
1836
30399
2902
30864
28949
17241
25541
7370
17165
15295
12515
3771
27805
7976
19361
16346
25711
26725
26390
27705
13919
29614
12075
3685
14292
12705
16280
19085
22097
2952
1807
5351
13383
23771
27318
5968
2094
9734
15835
6707
29139
23659
25060
29867
14836
31659
8836
18412
12298
15393
8757
2527
6758
4784
27362
8972
27775
23999
30435
9149
14219
25473
17967
21600
2380
1402
21453
9518
11565
19775
32652
16650
909
13949
16372
18348
25435
23100
12412
29438
14819
24421
20478
11206
23783
21634
871
20870
17138
22214
12467
14752
5609
10829
1561
10686
21475
10148
16770
20849
29242
8844
3136
1817
14051
11771
16125
19460
15354
24932
8689
23514
20897
824
32089
19256
12811
15533
3620
31131
15316
15038
13039
23168
9876
24691
25907
22985
26035
28258
21181
24419
11647
17270
11103
13862
20091
6895
30438
23036
23290
27562
1867
28998
19181
19619
23342
30075
4602
696
1151
20242
23502
7088
26495
26787
25267
14971
26087
32073
5221
30907
19046
9802
31009
388
2129
27642
4352
18784
9111
24028
7043
1943
21747
30219
32111
21677
15973
19416
14555
4651
17378
22965
11143
32675
23627
23122
1903
8430
28316
261
14752
22968
3942
4463
13131
25151
12927
6749
18712
31063
9463
22508
7356
30642
25423
241
17614
10334
8166
919
9942
2703
3508
30026
14248
24735
17210
14804
5616
12371
18873
9670
13069
6240
11427
8218
32291
7981
7503
1814
17771
24283
32496
23668
16846
12931
28360
31935
179
18622
7321
26112
8213
16235
1885
20890
4312
11436
29238
9587
21341
14642
9640
84
25172
12219
20742
26003
16337
9688
8234
19439
22690
8692
22889
5051
12769
25234
6087
10303
5317
10966
30054
20571
11453
14407
14917
29293
19392
17875
25383
20341
18654
16404
5328
31095
11548
3793
20343
2337
8830
6088
30329
22190
22885
24234
75
14858
22555
26216
25266
5687
26797
14253
3894
13295
6393
12459
5076
12171
263
539
13299
32291
17309
32127
3481
19959
32013
6315
7903
17933
5202
19075
16290
26908
8795
9478
25468
8105
25511
20620
14322
11632
26642
19531
29423
5637
29935
6176
25970
13499
19798
11149
9859
3013
21695
24062
27243
3739
16336
9296
23076
27552
18292
18323
32527
6401
4653
30991
5861
10464
18347
26502
25584
10418
669
14777
19835
4069
5319
4653
25735
454
20821
47
8383
26275
20847
534
27054
8236
26381
31944
16432
23839
12813
19584
7206
20517
2947
21198
21102
19959
15184
9695
5907
5828
11254
17662
28608
20183
4266
30299
10875
27253
12715
12811
11407
4356
21203
15953
11722
15219
26731
24860
13289
4565
3652
19152
25169
19535
29955
7753
29184
6965
14781
14878
26050
23152
23492
10018
20136
5155
17600
20529
13494
5774
5889
26409
30684
8498
13843
6966
15656
27957
15763
1107
15417
5385
23106
26637
247
8009
14680
15242
30081
12515
539
1739
18535
10876
3503
3374
794
13584
20784
24375
25760
473
11774
14735
21644
16755
7256
21837
558
5693
25645
3445
1031
1538
22574
32190
2943
11993
18216
32409
219
17225
6033
8814
7017
4529
16737
6185
18941
6887
6691
5877
32673
31776
10059
14151
14473
12304
27338
23839
19269
27474
24032
6027
23098
6153
3633
6508
31059
13512
4380
12156
23540
6831
16712
22416
7984
28375
31359
23835
1083
17137
18368
7924
12066
10537
14223
25177
15801
16209
19088
22323
19157
30011
12372
12699
12732
4710
18035
31902
9690
16093
3547
2621
29366
4957
2663
9400
30756
29878
16564
25869
14011
15987
17968
21179
137
189
6003
12491
8710
21885
10451
7185
5959
4289
25906
24240
8564
20577
3867
7388
20604
12002
14350
16100
21767
7578
16919
15471
11949
10773
8101
11525
2661
12984
17818
16850
25920
20132
927
3239
18263
27870
14010
14402
11009
28332
2594
5583
25674
16706
14930
9135
7329
15005
3676
29047
14033
15792
31616
1340
12083
27070
9981
9742
19489
22791
14887
12226
12973
12966
15546
21493
13203
5050
26990
27725
25709
5060
12491
16898
22822
26704
24127
28317
4529
27608
4974
14848
28667
3045
3529
6567
18974
25207
27234
13613
27863
32423
23550
5138
8762
8331
1900
22715
4260
27738
31254
11450
1522
22736
28374
16976
752
23764
21771
3888
6932
8281
19947
9350
31853
13442
5147
18488
13270
5897
381
13164
367
1249
10057
6730
20814
24602
11359
24835
11377
11526
26075
8722
13815
27290
24042
27074
2192
18966
15581
19184
2099
2537
18556
12562
31759
30670
28061
4984
1219
24124
2037
28114
17105
24829
23597
8691
16720
3356
30776
9940
30946
8197
28133
10460
32486
18920
7088
32606
13551
28510
30686
7012
3188
11855
4553
21419
13001
10771
15736
12782
14669
25303
7538
9575
3558
7235
32468
16020
22442
5978
15266
22583
3039
9121
5979
20896
20262
19331
18896
15918
30451
8180
11317
11796
16192
26453
15481
29785
2179
13207
27347
3619
12765
9124
26014
3892
25492
21498
22374
14261
24003
17049
19267
5938
8016
10784
11109
24807
31007
6195
3569
21818
24965
17183
17420
25736
7168
25281
24372
28452
2341
4260
8407
18077
13017
29545
2078
21568
26820
14700
29194
2270
259
9892
32707
31184
4381
14795
14125
20279
13113
11455
4539
26504
11150
21545
28040
21577
538
8796
5284
5141
25751
20864
20139
11750
25771
30959
12445
4500
26207
4575
7913
24984
21202
12098
13771
2582
25391
27882
3032
18715
6108
23025
728
3107
12276
25176
6867
18142
13560
31726
31599
10035
28353
6771
10105
19078
21433
12030
3777
22582
18763
13980
29227
9578
18584
7226
19971
17934
15212
29125
16017
12056
9584
17551
4845
19984
28065
4341
533
14799
23552
6463
13885
24711
8075
9159
8806
22275
28781
25694
22066
11568
8818
5355
17399
27613
15293
341
11538
8127
25533
2723
10366
5560
15965
25954
30629
11352
1915
5959
7541
24229
668
30742
27575
27671
4830
14786
31388
16871
3886
15318
16025
2442
9914
11795
12405
120
27049
18011
15265
32049
18954
3534
26311
17794
10507
2354
27301
6660
17516
16536
11036
6887
6195
27196
18052
27117
2208
15534
12099
11705
26723
11311
926
23114
12045
5982
6095
25283
29637
10004
26199
14445
60
25996
23189
15102
4067
20679
10648
32284
3931
27694
11570
2077
28716
5498
30029
28177
25787
8401
898
28930
6262
49
25832
122
14418
31250
7722
17990
24439
13127
7645
8058
15417
4134
10512
9909
331
12520
30244
13222
30511
3411
27102
29647
16881
29590
10938
137
12053
28276
32386
5705
8142
22180
9760
20769
25457
4984
11185
4746
5672
20158
22234
29792
22507
8164
15199
27950
28588
29279
5617
2476
11986
11084
27464
24454
10473
21080
7538
7519
5016
16862
27499
23574
25299
8784
3821
5448
30033
13528
27785
25366
25921
12607
2551
27944
20793
15117
16043
9969
12655
12786
21160
17205
3371
24932
32665
201
9340
21386
2078
13467
25131
19289
22884
13554
10733
10749
27384
2550
22236
17274
20701
1906
32296
26259
13276
13273
18954
7147
9243
8327
250
24682
31217
5962
3362
24290
14585
16673
6162
27890
10597
10819
3765
20267
7061
18275
8580
2162
2537
24627
5369
14501
3283
807
30279
20098
21808
26235
2120
4292
8408
23159
31927
17038
23923
12530
19871
26381
28047
15893
19219
26714
17392
22113
12576
9629
18727
28147
23040
11384
16231
15623
24720
8611
6291
3516
18181
7379
29339
5911
30170
31713
11785
2377
9996
28968
21207
12085
4490
20783
14212
18733
26855
25480
7783
1276
1363
15095
15682
14122
18377
22743
25370
14715
3722
8122
12358
4793
19913
22864
5319
19379
8360
21386
2263
5510
26211
22782
13252
9499
16331
2190
29951
26609
247
20548
880
30237
27446
3969
5901
25999
17223
9303
20651
25238
6093
26675
21524
12711
19453
24511
18521
32346
15002
8710
12906
7093
1315
15066
24035
6573
25419
3186
18473
21482
1705
29784
16822
24011
26289
14211
14769
28586
2275
31167
26562
14689
6466
17494
18468
15884
26376
24553
7676
7441
6552
1439
28649
27742
12724
11138
13020
2034
10992
28709
5930
31391
20838
27018
11231
25614
8108
23364
19542
3
14595
6105
3078
13026
21457
4458
5279
16243
10322
23958
10838
2530
14218
12443
19068
3082
32382
5054
6230
24306
27043
23278
3113
32152
7319
7588
6292
9454
25103
14093
14882
29987
22545
4459
9504
14371
11363
16569
1452
29025
32067
12429
1551
6868
12888
26947
3917
13119
25065
12376
30714
438
5709
2068
5454
12894
1954
21100
25212
12404
7618
6950
12864
24977
20083
19774
7863
9772
11230
22409
11124
17248
14147
1176
19920
6639
19434
2527
20353
20104
13917
4630
16239
18245
19412
18144
25795
8824
5617
7595
26688
2727
26285
27607
10198
3029
26771
1562
26740
19971
32556
28451
23071
22775
3002
22909
8769
17724
27176
183
24643
32362
14914
7618
24669
31400
18722
31386
28845
2926
12010
26920
3207
11152
29881
8552
21005
28280
22231
19143
30207
29874
30515
13519
10708
2479
5136
773
10249
20162
5883
20498
23225
5999
4096
3106
20590
23269
28957
6794
29495
24265
7671
29357
13818
32565
9164
18464
11276
14337
11689
32268
16127
21313
2269
27092
30395
24846
19885
10488
2000
23690
73
3642
7179
8734
15871
27135
2376
6918
19119
12791
27270
16912
4735
19456
20289
26016
29647
72
29948
19192
25968
22194
16157
5814
19728
25468
24829
7838
6649
18206
28224
2202
30716
25973
17762
23295
11943
6176
2195
25106
191
24619
6341
3787
8170
23274
18179
13017
2219
32296
12292
15845
23187
24450
30208
24603
182
2829
19650
13799
15965
11583
3071
24828
29690
5132
15334
12955
12385
19279
20472
19218
25140
22636
1050
21123
15775
22835
4072
12006
10822
2568
9293
23377
19836
30529
26448
17527
1206
24016
25137
20080
25663
32546
5557
26552
3629
27719
10430
19833
30099
3154
25886
25869
25080
25091
30381
20158
18184
21667
8346
5585
17546
48
23806
8644
25234
20666
6839
19667
24056
27917
3443
17345
6408
13456
17419
4820
1147
21613
30995
1058
5287
14322
20911
13067
5874
22584
32423
30983
31628
12034
29630
6050
26462
20711
10560
17348
8765
29364
7131
30262
13668
24076
32431
9570
20001
6481
21416
19546
14542
18120
24076
25372
2051
32503
9040
11285
15370
10834
28208
31459
32403
7703
2047
22623
18089
119
7227
10203
30949
14326
31332
12712
22498
27156
10766
14044
22768
19757
1334
29265
12557
20894
19666
10993
11793
26153
27563
15153
12328
23451
23407
12764
22405
11179
24578
28690
14933
10022
3350
26768
14066
20297
18939
25650
13914
24174
18360
28597
29407
17388
7514
22210
5920
5944
32396
20520
18743
18000
16488
16234
30260
857
8333
12153
29131
13702
626
27330
15945
28989
5882
21611
4300
15221
8776
26330
26036
7267
21460
31608
14677
17749
25790
16308
14574
19934
28771
31562
32735
19507
15151
3013
13590
19669
23474
14658
7371
28016
31221
18552
29293
7939
6414
28149
7900
21314
7922
1706
7896
6457
3723
14762
11706
27953
10250
26415
2145
16343
25471
2270
23664
30875
31142
26444
14263
30551
28420
18624
3054
22833
21811
32059
6825
1218
13947
27573
23944
16760
24482
1194
16046
24120
31748
15829
13685
11080
14310
31548
7008
19309
23815
2412
19794
8272
7544
3334
27901
22054
174
2938
22172
21136
9942
28947
7909
2752
22120
14388
11577
1246
2047
5601
17951
2218
25704
20352
6640
17250
26872
7649
11220
25318
9763
16765
9452
27674
19531
11259
26577
20620
31446
25337
30782
1879
1411
8
2825
11591
9214
29176
21080
28733
16306
25431
23057
18901
21470
27188
2194
19783
5099
25896
6051
3211
19453
10648
6568
22721
12232
26420
24348
25039
2981
25795
20538
31052
3044
31267
3837
31901
3684
27531
30027
10845
12898
2580
17261
26371
6799
15736
4803
13502
5477
23321
24758
25252
8122
28229
17901
14092
30102
21944
11716
6456
9538
23138
8698
32312
22689
9067
32425
7434
18627
11125
8828
11782
4024
6945
28444
14714
19618
11476
11755
14737
19982
32187
11509
4985
13957
28684
10276
11204
20317
655
21171
6671
32213
16734
5348
16354
3682
13289
20982
18136
19011
27708
19025
18944
2907
7045
28165
11906
16960
20432
13170
28550
8848
16150
17992
24913
27012
17270
8883
12209
29383
27842
28879
7068
3976
19261
13410
15380
21454
22435
9418
17997
19979
7274
16692
8466
23797
1096
29967
18277
6033
29173
24769
15974
31632
1330
6808
8822
21983
12554
31747
3995
6522
1880
20226
26918
6273
23945
28635
17556
21389
11939
14095
31667
21316
24198
16268
10758
16427
17011
23844
6505
11452
4810
22334
25080
17849
10776
15307
16686
23743
13648
24188
27722
286
14681
22578
25079
6888
4553
6839
32555
15432
19697
27819
23376
7445
2329
25025
12194
29863
14092
9003
19928
9706
26072
7250
27142
29104
31695
24523
15298
9036
209
22662
14982
27484
24014
6985
31061
23782
13702
27741
26017
16551
14995
19848
28013
12967
9898
10299
20655
15889
14110
26635
8696
27458
21157
6501
14934
29728
15455
24702
9338
4781
30740
23690
17174
7644
17342
19246
13961
26787
19015
55
17854
5969
29587
1420
20049
24354
30145
30561
32756
25616
2990
28846
26386
10477
29883
7136
2738
17839
8657
15310
8605
22539
13218
16622
8899
25157
11825
16073
13531
3142
1428
21932
16714
31471
26616
25761
11846
12717
26855
6045
1083
12877
29126
9723
621
20242
7074
21801
26336
25349
22060
5026
28021
25741
1
16412
19029
1599
21551
28930
9106
23031
20725
20516
19980
10792
31691
24238
20882
32112
9890
13654
30794
30832
6765
5338
27987
4570
19168
23210
11944
19659
30584
11745
22088
27996
23995
30842
32404
23412
24769
193
17912
10208
18931
14087
13773
26533
1811
2970
4222
22932
2429
24821
19178
2592
10924
28211
13578
26989
14847
9674
5588
1961
6077
29813
15967
27551
344
27762
22599
14217
29422
12526
29523
4134
16917
13758
5717
31245
21976
10063
22354
8513
8189
3808
16099
16133
15242
1774
31451
4594
21639
5104
9258
7238
15620
30021
7170
7295
21342
619
17464
29737
7615
26737
5868
28916
16100
23471
24940
11273
10275
4532
9814
29598
11436
6016
27389
29384
23055
22516
29710
2961
14846
26246
13684
5963
24916
25145
31096
292
28759
1229
813
28410
26682
12850
12299
27760
31207
7235
23770
19521
12795
20145
4562
13268
9745
14141
14848
1297
1859
32299
27115
6772
15854
17139
31096
2399
29366
4409
29963
24245
10442
8703
10735
2468
19817
15642
20984
26818
24742
20194
8806
11612
7016
1582
16909
2314
14004
3712
27315
22919
14383
14972
14778
18112
26590
12959
29695
1835
21297
31789
16641
15962
320
27755
8518
10704
15444
23567
9210
4115
5289
12021
8154
9731
114
1043
29520
24169
15646
8623
4063
22483
21978
29135
21698
23712
29527
8946
31952
10583
22733
16637
9123
27965
12864
23160
9721
14630
6146
1530
24922
20619
27513
23522
5884
4317
28962
14408
30179
25369
19414
22836
4172
27549
15692
11533
16460
27706
20448
25940
16309
3210
19858
8594
30521
31875
10322
18062
18642
9549
14203
21956
22881
23633
28317
22803
7573
19603
29055
14006
11790
2625
10596
373
9922
1164
16270
6428
5536
18870
8449
12077
15476
20844
28553
978
10763
16727
1022
28437
28311
24558
26055
2643
28500
10638
23453
3566
7532
15308
31121
14147
5145
2826
20561
19164
25097
5704
8615
1766
518
3389
15938
6629
18134
7334
28857
29094
15968
21727
6605
30325
20497
24240
25071
1681
6782
29289
9218
17885
21579
17713
30049
5592
13387
24731
28452
18895
9448
6266
7327
27474
18118
4855
13100
8932
1699
5856
30507
6390
19074
5187
29254
25367
31240
6972
24314
20837
26150
13579
27986
12359
21496
21353
17654
21086
12013
18973
26725
30392
9769
1738
23935
24391
14631
31499
16198
11154
30627
27841
7397
19371
30903
8364
18930
8033
19780
4921
1008
5558
29075
13211
4376
24724
572
21789
15449
4283
14407
19127
21149
11774
28818
24799
1358
8111
17010
10657
22040
31064
27037
20210
28657
32683
1864
24386
4439
31164
32396
18512
27609
8814
28686
29762
7385
20011
6367
15605
9104
6361
6305
10642
30803
12297
25324
10850
10516
3441
24560
18147
7979
13724
91
29211
29271
20192
18557
31020
27903
9361
5801
16425
9662
27252
10463
16680
21023
21622
9641
408
13989
22174
11331
29141
22543
8513
12286
27386
20953
11637
8934
16119
30214
28103
13219
3811
6685
30513
8861
23443
13682
13894
29284
1131
13478
1200
30542
10356
9841
13020
2658
7599
9631
23028
25460
29353
9305
2574
24210
11856
31910
10403
12447
16901
27186
4930
20286
25074
20813
23173
4082
14238
30518
10565
17027
8894
3994
11274
19107
31823
17240
3269
31953
4065
5255
22210
17022
16182
17338
22232
18798
1035
6786
19427
16994
17462
16181
31604
29428
11249
30190
32454
7874
630
29397
23540
3022
11468
8609
16234
9765
21216
1627
27033
1727
23255
7012
9456
24999
11939
20665
22535
8027
32724
4214
2077
9590
32177
27801
24516
4748
12680
23049
3547
29014
30018
7383
4285
9999
14394
18883
16824
8477
1616
258
13505
1524
1337
17982
16485
27960
23577
6623
16899
25377
14675
14217
29241
15140
27295
7653
23964
30160
15198
17317
21932
15862
3371
7618
28167
16652
24243
23304
23004
26323
13510
30933
15779
11320
6574
5406
18699
9592
9919
8626
11572
27528
19503
23747
17183
30900
19240
12962
30307
14470
5660
27850
18465
20201
2905
21024
32313
23182
15837
7289
21182
13967
16491
26461
14248
32595
9950
31755
713
24241
12734
7868
5635
25432
22545
16684
22455
26478
9075
15959
3968
19063
4713
896
31522
633
29939
19064
12221
18525
30560
18717
6983
25497
20326
31265
14904
22796
16242
25357
21895
297
25661
31621
23766
18776
160
6605
12522
9369
15273
2188
29277
28523
1262
10704
10391
19180
4897
19283
21754
13121
12517
4093
18013
21816
19424
4777
16572
26412
31250
9772
19757
2346
26981
22163
17942
28753
28037
4013
29598
24959
8177
3274
19553
16170
18003
30145
11880
11915
29453
19768
9304
6146
5140
5151
2793
1718
25601
18046
10906
11132
29029
5489
6564
1786
12381
624
31276
32524
19047
16340
26812
25446
8308
31383
12020
9595
13119
29020
3709
18334
26076
31919
14399
18279
20116
27789
17364
1881
2544
24359
15164
31681
17428
29923
3794
7905
27726
1444
1406
28750
18159
15179
32045
919
20826
13694
3966
25127
11354
6824
28350
17517
185
14912
3863
26170
4622
9295
28676
31338
29654
23084
6664
454
5318
31882
9376
2345
5216
6837
22646
4834
5829
1817
16855
12122
2762
21764
18279
2295
5709
25517
6420
26431
7370
6772
2888
27969
5161
14955
12899
5936
7130
26902
21096
15186
2596
22639
30454
4632
25530
12333
18299
2447
29072
7238
27556
26615
26860
9395
5144
432
22976
12915
31589
1630
22327
26066
29498
10565
3726
8683
20952
10485
16421
29036
21443
31276
20182
10393
17853
6648
22917
26772
2804
19228
4856
26587
21371
17077
19433
9234
5879
2077
25434
24835
10139
3088
4393
6371
29014
15117
16100
16854
14666
3839
25310
3254
29057
25629
4483
272
29915
5391
14568
6768
16203
8786
15015
19167
30275
26845
22505
1705
21869
11269
9156
15716
21404
30366
28616
25645
5122
5987
26324
30005
30627
15512
18990
2173
25353
29421
1235
27101
3130
2982
2316
20555
25831
11769
11330
6746
29926
6071
29971
13313
14563
20783
4006
2462
22866
22608
23611
11322
19879
1805
19462
2831
16330
14598
61
26183
17349
29796
24432
24327
14272
6660
5401
18604
24624
24793
12148
8021
5195
8331
20368
18337
3775
12132
8102
31674
13987
22381
939
2450
29870
9940
14369
18028
26791
8081
21298
23455
4892
2633
23551
20630
18263
28787
27702
30236
31118
441
4066
5846
15706
26785
22408
4369
2154
21100
20591
15807
3449
11839
22335
18619
17277
26496
30926
24149
27938
8067
21814
21002
13430
10854
14635
8851
12006
21305
24971
32546
23913
11106
7479
12776
31995
26944
16674
5082
15181
6671
8871
28085
9147
11020
3104
27199
22654
3545
24500
32208
27683
31778
23664
26386
28475
7809
14745
11525
1621
6815
3137
15942
7209
19613
11033
5520
1046
12210
1158
1923
8399
14869
6903
7588
25425
12317
7029
8870
13848
12966
17020
17384
10386
3256
777
27710
28372
1123
9204
15348
2444
13037
18304
16912
10806
10288
4401
23256
10131
23869
24029
22420
5719
14917
16902
21397
23074
13242
16999
23158
17074
17073
31437
17314
2391
15499
10024
26390
17063
19924
17122
3945
6258
7275
12911
19721
24569
21731
11046
3783
24666
10026
19791
9110
23887
30312
9341
2447
14872
16426
542
11833
18614
32448
26192
1032
6490
2787
27382
4387
24093
16540
25867
23402
14065
27489
12343
21944
31192
15744
22688
12901
19284
22209
5891
16144
6942
7750
21251
11675
22810
29623
8129
28278
30347
31644
26284
33
1924
2826
13467
22508
6303
30338
23833
18434
3312
18454
26623
1701
6204
8397
32073
15035
10599
18761
17186
12682
22828
13735
25153
8640
12561
167
9336
8118
24217
8717
24970
9973
9915
25671
11838
23802
11667
23887
433
28982
26200
28371
17648
15961
16270
4500
198
4304
24444
28684
7635
13964
1249
5203
27358
15366
24547
11587
23917
31360
30536
11995
16530
23437
28136
20961
17927
30163
15458
14027
11645
26384
13071
12256
30258
3931
22580
30363
20162
4525
30332
20560
14143
15775
28581
26129
2435
18037
10105
21459
23493
27484
6912
13005
29035
29936
30708
8993
11807
11265
18549
6334
16165
11671
1790
28549
28396
16435
11928
2731
22243
3672
6989
862
25485
27210
20192
10923
24280
32534
28091
25247
29867
4818
2089
4780
26046
15910
965
15183
23726
15628
14643
27888
6481
15571
6669
9738
26183
19306
29472
23691
3281
19419
7897
13950
15078
5142
15354
13799
3972
6128
15505
23534
16709
17771
24875
1856
4914
30264
29765
4531
3035
6778
23043
28969
8872
205
18469
24502
22378
24455
14902
20229
26677
830
30214
10999
6514
18058
13403
12174
17456
14091
16868
22026
7867
2990
11374
7505
29552
20525
20570
12692
14799
27093
23119
14128
17874
22924
4396
15570
381
24338
31809
6367
25783
24967
14782
13843
8024
16686
6507
4968
10627
30320
20378
31545
11830
8740
21595
13735
1055
29453
17134
14908
10418
1188
19838
9422
29048
6936
6412
29094
26538
24724
5545
17634
510
1984
9960
16664
12481
30602
12435
12604
28710
25638
23453
2500
21726
31059
10072
1289
18152
31201
6888
24305
24235
30832
11000
29643
6210
3450
10155
18042
20759
11924
18133
12758
17331
2800
7788
18767
30164
4391
9017
11476
19648
565
32723
21491
15322
13765
22478
5185
16755
29616
19248
26364
9698
1728
20004
12783
12503
27833
10483
6038
18668
18330
13359
4739
12669
29728
9522
24576
23226
27020
32455
32246
30714
18086
31270
16397
20563
12290
31782
16405
32103
25474
27310
11685
3200
9500
30316
16641
13792
26845
11466
21825
7762
24110
26142
28080
22277
16471
25633
10867
3994
4161
13475
28779
11900
7040
11389
18524
17264
29840
3782
14670
2157
16479
13386
8755
25773
32012
18231
22219
9732
9711
26394
965
25713
22745
18698
7719
17395
24733
10275
25071
2205
18639
6711
9210
12525
24267
7359
31526
2650
17401
28184
1204
29740
30032
1772
18416
17552
27673
18414
32019
1004
15350
12234
15208
29296
21026
11611
21166
3054
14842
25119
21438
32235
2749
26857
3181
17398
25232
29910
31412
24120
4805
23682
31502
22093
24924
25980
13858
1618
970
25591
4514
22079
14074
706
10355
25463
6290
18298
3598
18078
9591
9982
24870
27563
403
15907
29067
12350
27862
681
32078
15411
2426
110
18726
18551
22412
30434
6162
18458
2472
27323
17984
10150
5892
32746
2862
5808
11951
12237
9999
4012
28699
12198
32624
4614
3290
6988
28443
17006
14245
14368
19771
25971
1186
25667
28610
26707
7911
1542
11528
27665
30522
4002
8372
1737
20506
27434
14304
12097
19204
25277
18552
1728
23279
22784
14307
29987
16409
26059
29926
19245
28933
11043
18629
24351
5316
30313
17323
22408
29301
464
18507
6239
31240
27157
31432
1615
19015
11370
5842
5202
22550
16563
28947
20353
6905
9204
10185
23851
25304
26378
18100
7972
15103
5530
25138
29279
32361
2376
28073
15295
318
32041
20773
14123
29594
30074
578
15585
24976
20370
9293
28940
29807
3605
29606
4504
22851
13675
104
22085
28831
19568
31820
5882
11162
21869
8139
11357
14872
21320
27267
16032
28235
12023
17116
30365
31097
4410
14571
17702
26111
1162
28823
13462
29334
29516
30458
30892
13013
22091
1802
12442
6391
10085
376
3928
19679
27781
7128
24126
29785
28369
2819
3538
20643
29220
11449
18655
21804
190
29835
15815
7067
7994
8184
4633
22803
31937
30167
13414
14517
29566
5365
81
16231
27985
5630
26854
7380
200
1185
7469
3508
23115
29679
23294
13134
17814
12804
25622
1083
27501
24298
18795
14956
6026
27322
189
25199
6875
16132
30830
28653
7658
6001
7571
31608
30621
19879
2123
3459
23583
7277
16976
6834
30750
7696
23499
5461
19511
2565
17005
14383
23726
30159
3771
28283
2403
7460
15273
32049
8705
30027
31851
20869
2681
4040
9352
6320
943
4155
22064
1268
27762
14726
27343
25562
3762
22062
18914
27071
19693
4
8714
22158
17387
2820
14430
22479
13483
6013
16902
19425
19101
3954
31750
19075
4626
4928
30039
5786
13040
6530
16188
23854
17322
17970
30675
26037
18543
15633
25322
6036
12962
29512
1301
30947
29835
17487
29949
2672
32076
19982
22267
9479
12566
22594
14054
15345
12700
19235
13353
10427
2760
31044
13336
25657
6061
16570
3716
20681
13246
18304
26764
31196
3133
22298
12727
27827
9718
7033
30528
3687
27436
18719
433
4908
21972
28291
28851
31446
2561
29879
18725
13981
29856
4936
10603
23581
16997
15206
6153
2465
17157
15940
8304
24480
3238
12994
12823
13192
29587
24138
30158
24507
10805
9463
3408
21719
7487
17661
28951
20539
24616
24901
24692
23495
15838
8023
6110
31458
16825
23677
16779
10434
19629
15909
21565
3048
2757
8584
21599
745
23756
11913
11088
28276
2637
4576
2303
23697
20415
8823
952
31015
7417
30228
27197
26561
6124
10553
31769
27281
14224
24137
31793
31414
2847
14315
20892
13754
386
21171
10932
17503
17672
512
22125
7835
32606
21536
18406
20705
6588
8635
30782
9890
19804
11374
6825
24084
6192
4278
22211
18738
27092
3856
32036
4
7362
28766
27188
2080
4037
2445
2880
5489
29616
8821
14798
18487
8527
17408
24878
3151
2974
12687
8786
32181
8761
4505
27104
30279
14356
2453
11396
10443
17004
20763
15755
27956
1021
70
29614
8737
30838
7516
4139
18343
5162
11697
7195
14160
11272
19912
12287
7523
6605
5308
22940
5990
28792
18142
5129
7138
21758
7072
1542
3942
20288
6834
31375
10958
10042
21610
18353
5829
8829
31081
6045
24713
13791
5500
18427
11247
32625
29120
21376
18086
7345
25098
31171
191
12545
389
6476
28269
12376
8861
28654
30474
16952
30236
13656
21851
20704
11667
17382
27925
6338
7420
17341
6560
19511
8093
3094
23066
8050
17456
11994
32415
20658
1088
25200
15048
188
2774
15826
16753
28553
20053
31463
19904
28988
419
13069
15715
12119
8329
18932
8216
2605
7005
31411
24691
11931
26078
15125
27100
13299
27999
26932
28631
22073
14888
30538
14984
8338
16409
2499
7286
7161
8848
15255
30095
22068
28557
31958
26476
21766
5652
16261
7895
18855
7123
26280
22154
6257
22021
11168
30522
2268
10646
28087
30932
12716
5768
8186
26887
30057
4757
18759
15106
8976
30486
19110
17535
3848
1571
24540
3072
14423
19196
3646
19544
19990
22951
30148
20846
10530
12763
14430
4670
3605
18717
27531
11296
19317
41
18471
9037
2091
1939
3204
3231
22070
30638
17597
1176
23968
8109
27975
6054
13233
20488
9161
32677
12900
9250
23086
23206
25623
3880
16376
16111
22406
12348
21975
20547
28666
12755
24442
14947
1470
14427
10149
13524
27347
9250
19076
29667
10212
10867
31295
10983
1404
2562
29134
966
13687
24201
2575
12218
12471
22452
9493
30037
7448
22331
25539
24515
20389
14925
22938
29520
16140
21045
13008
2857
31311
20536
162
17511
30653
10428
8171
6729
20513
12720
28148
6081
14905
39
16270
16947
23145
18758
20062
8569
15025
19041
4217
2346
32477
31841
11825
1820
10491
5737
2606
6951
530
9145
4032
7212
31505
12498
15219
28246
6662
21466
4580
28320
18320
5187
30932
14232
4247
30120
9851
9058
12346
10743
6942
12031
30217
11989
22756
8912
23669
23102
19942
9301
25476
6764
9349
5435
970
27899
28160
25494
19860
20810
23366
12139
2150
14884
30728
26993
26280
17056
7187
20248
8604
10821
1757
26571
4499
23666
22877
26482
5729
1789
25120
6716
25614
1051
28570
15771
1998
7040
7354
27280
14643
24263
19393
29992
19362
9491
17235
25927
21508
27127
8654
27812
22205
5011
6876
32277
4578
25600
13124
27149
14246
6639
28422
9314
11542
1164
9638
5972
8455
3753
28872
10188
3916
1304
26877
20193
1068
7256
9437
27808
13331
31093
11862
14349
15239
16937
25155
28773
7006
30791
28224
13222
17710
9305
24765
7761
19462
5000
32594
6255
3419
11453
22354
29650
26181
8454
15523
16285
18668
31547
10957
29959
17980
21217
15440
24923
24545
9806
11323
28995
13935
8206
5626
16711
26592
19334
26480
6033
12868
31959
14662
10995
11956
28678
386
23339
14472
25433
21595
15973
21706
12548
10059
10241
11754
11268
19047
3223
30642
17484
3052
26424
20349
13855
14874
1015
27812
18621
30533
21416
13626
24641
5161
11496
2809
26314
25726
7774
25723
20697
16844
13888
1710
16634
12417
25368
29314
3751
23361
20936
23268
13417
22653
27851
14064
26944
28231
24767
17506
26949
18532
18976
3662
12686
21667
28759
19474
13138
14702
12787
11400
16973
6815
1590
24960
16998
8341
14291
32621
22672
30086
15606
1374
8942
11542
20613
8496
15418
18985
12453
1026
3687
22262
9857
23274
14469
17246
15175
16358
3046
32123
15986
14102
25727
30843
335
3112
24720
5551
27578
9235
15240
9183
20009
5896
20515
26849
5357
9893
1493
26985
16564
25709
11627
25379
18513
7285
4336
11519
18368
22623
15053
29133
8292
3724
14389
30985
28308
20878
23232
29176
30806
5084
15702
29940
31082
21450
4175
12035
28811
17336
28888
27567
20977
17033
20377
28946
17178
14423
10901
25137
17354
11108
7761
7051
26705
8532
4664
15857
2316
8346
1086
23447
2862
26161
14276
31596
9920
9100
19387
26279
19943
22735
31757
29858
6502
7999
4664
18668
24163
30711
18748
14234
20846
29406
10424
17373
23231
16853
6992
27866
32703
3125
17489
15541
1483
5752
22680
19951
12852
4662
32432
15091
19338
10836
31290
11243
16410
8056
9874
30424
5557
2239
1199
1506
1715
3251
24651
30700
28728
9847
20548
12140
30134
19269
5699
17274
32179
1051
8603
1831
27597
20400
14708
6927
15355
24749
4648
15666
25365
3098
20973
19199
6295
31766
18613
10674
28066
31436
24402
2272
21827
27042
478
13136
504
14515
2394
25101
15472
29312
26773
17849
6035
12258
8271
14884
9666
2116
16031
22558
4960
21006
28050
22921
19089
18276
21781
946
1089
25361
21525
3041
27241
2494
21732
10798
12173
21352
16607
20119
16266
2321
22350
11344
28046
10933
27531
3930
17256
4479
20071
12375
22018
573
26313
31389
17195
17426
15768
30857
15514
3946
219
23061
17456
26931
16927
18861
32126
15947
29721
831
14471
21300
27533
24978
6599
23567
26479
21976
884
20680
25671
32134
9219
20878
16090
19043
19950
12166
27142
28895
31925
28096
15342
4263
11043
20074
5719
19318
24274
16451
28242
15918
3313
16467
30492
4135
15429
986
29762
3271
2158
32390
30472
31571
27244
6376
2828
10500
27233
11049
5671
22878
7832
4089
28564
4285
7111
25545
29268
27953
14993
17466
3792
395
22095
9173
8129
26296
26896
1532
1613
30542
10462
14112
20850
26981
2628
21813
29864
15016
19469
15459
20930
8876
28749
11263
6678
32640
18086
14265
19165
28805
27588
22807
18653
4991
25130
13602
24389
6125
10289
27231
9688
7318
28493
31488
4685
2917
22675
10076
14582
26486
23160
19613
161
16753
13276
7096
19900
17943
4167
15523
26812
6938
16754
12738
9151
32306
12809
4002
879
23149
30127
23785
28458
18375
6723
11917
11361
10490
7777
21573
10558
23447
12588
10557
23178
11862
8011
23822
12493
4522
4402
18669
26807
13977
32419
9506
15038
4043
31604
12989
11785
26849
16786
11652
4749
2056
7238
6703
26230
3533
6327
17624
10952
1843
8113
941
27462
26114
23716
4584
32147
21347
5616
5889
15255
4266
23135
11809
15652
23155
10227
475
21721
496
28643
20503
21575
12417
7136
27214
23379
2437
30876
1533
14043
7793
10637
29011
4765
26911
2543
45
596
16488
7944
17733
9763
31476
32687
27558
28215
13393
21775
17508
16809
26691
22697
23689
3233
22619
29592
12114
31169
28619
25369
18588
23233
6521
1610
27545
1110
15442
14642
4551
8537
20961
24834
22051
16677
19232
3482
8346
9537
14222
21583
9664
4671
25217
18412
3780
10211
23230
12790
23972
1160
6215
28981
24989
14272
13428
8559
20454
18491
26693
28791
21661
20714
17655
17511
12290
31075
23253
5929
13283
19848
16977
11068
13655
14435
15187
32180
18095
9813
22225
6531
19882
4720
24224
12280
18920
801
28554
6789
24481
14866
31136
10693
31383
6990
6865
26045
7497
4007
1980
9059
12394
26197
30403
4956
26257
31199
16737
11786
2098
7231
12221
8390
15309
3649
8831
8298
7781
1580
3810
17683
16436
2468
266
21285
22941
7887
6297
5519
19554
6327
13181
11600
17687
751
15115
31290
4311
28794
18258
245
31541
12776
3241
29256
18549
14018
18315
14228
8189
7720
6821
10401
31494
15033
4908
20125
27543
3507
18292
22626
20404
32091
17343
9208
17619
19104
14675
347
28559
2555
9167
4734
27552
9113
22718
27791
30731
7868
13677
24189
13206
15455
24314
184
32127
9497
18606
29240
20077
11843
29836
26304
7591
31325
8746
27236
9860
30894
24512
32329
8739
2091
12671
29356
18779
16794
17188
8741
13045
11511
22476
29229
25113
26135
27658
15583
6407
29835
15927
2043
17416
23239
12553
11568
4259
8324
15463
22427
1299
23650
24700
31371
11257
210
20235
9607
10319
28723
16130
22930
17821
7227
7761
17325
22639
13465
5628
158
774
10456
5231
19952
12878
391
21011
19515
26384
21655
1054
13989
8041
22788
12719
13225
29819
23992
24346
8983
16482
10156
896
3420
24681
31568
31908
6148
26494
21805
29945
9085
21732
5576
28672
30238
9000
9418
28880
6247
17238
20319
28406
18059
22636
26076
3456
6955
18191
23716
18517
22373
28029
29772
3016
27661
6083
11517
27244
10298
1072
2330
25897
12549
3081
25379
31119
9869
17534
23258
27243
6719
11229
7588
30360
14932
14086
3633
29208
22170
21279
3935
30051
8824
12169
30300
5887
22572
25618
26635
25425
8536
18284
9642
1715
26813
2526
3249
24007
31046
26681
19965
24586
3656
2830
8237
6316
14600
26142
29005
8607
16254
11282
23474
21742
22616
10860
25124
10320
26690
8638
14147
26365
9317
28185
5155
15808
15917
5065
25146
19789
31824
1087
15484
14038
25868
12111
3012
22233
23984
13468
17014
8764
25437
18768
31586
22939
16654
9744
32748
1761
26326
4399
31082
30997
18025
22817
20942
12919
22750
21299
1925
31948
12723
12922
30879
6134
17170
19209
26927
14023
14162
5479
18677
15895
961
1601
31802
31252
6305
3675
11260
15834
21104
22220
24907
8516
4205
3435
28659
20737
5207
21893
29787
9450
3960
12497
26797
28818
226
29861
5431
16927
18681
8041
24594
857
5681
8781
16385
12545
3865
29495
22171
7268
23961
31487
30125
27440
32631
13279
5082
18821
32
3109
29828
591
32678
24875
1776
29140
11013
9865
16548
1673
2474
3465
30484
17450
17462
16604
31870
32009
18559
2187
1043
13735
28375
27184
4439
26241
1170
6501
30410
4140
24514
19581
10184
21924
24645
18802
25006
4322
514
16159
28734
5548
25711
16047
4421
5809
27479
26966
15226
24789
23770
9791
19626
24778
8373
29893
25362
9952
1219
12005
26125
23838
10948
20467
495
25489
862
5005
6960
1764
31329
206
31949
1329
14415
13763
17899
21783
7452
1827
23229
25357
22578
18490
23721
14581
16824
20263
28070
17397
22804
2375
17129
11394
3246
13297
19136
29885
12023
3428
27070
20739
15531
4605
4888
28351
22611
6574
16463
7555
7949
27051
3087
3672
14991
3686
29784
7506
21610
4542
2011
22887
20108
24947
679
16000
25865
31198
7684
21969
7451
10463
6047
12390
9575
32022
13288
28671
2945
13654
16313
21022
27315
17494
21816
29022
30714
15530
26622
12550
3922
14578
23673
1758
9779
5202
11918
5954
18268
1826
27523
22388
31695
31718
797
10807
17693
12416
13317
10905
3299
30628
6000
6416
11669
11917
4095
7880
30842
15086
8164
23356
23800
9516
27207
28676
5394
8906
25576
32493
31535
9509
30469
20047
27933
16481
7806
1947
24661
32419
15415
17460
2945
29568
11966
23680
18747
9142
27182
11582
6168
5402
6227
18202
23525
6866
1038
15486
17456
12740
21499
428
31755
334
22610
4874
1804
21560
28683
21948
28568
7655
18758
26232
10849
24531
233
19094
21294
827
25995
14183
9947
31511
24977
25544
24224
16974
20630
6135
20630
2601
17425
28581
31094
11527
31537
588
21412
14675
4620
26050
8045
10420
11257
16143
141
6019
7482
21884
5365
4226
22495
23532
26827
16587
8166
25711
27569
10246
19111
12821
19274
6367
3440
23808
22266
7608
8044
31933
20718
5530
13001
19669
20573
7538
2329
32670
6413
6522
9977
13143
3096
29429
27377
15732
5616
24095
2972
16439
15777
15460
16649
16000
14678
28368
7520
8678
11295
11463
22729
26374
28913
13046
5257
25627
5871
24201
22894
24016
29415
2206
21870
24146
27168
13818
7307
680
23123
28411
28922
12871
17143
21454
22147
29921
5057
16610
29995
23167
17516
6045
3857
10703
6582
32589
3478
18623
15275
12897
27072
4938
293
11225
29665
5266
5268
18683
15987
22064
22011
13128
12359
14792
7739
9902
479
4320
18324
26623
10776
26354
8041
32674
32267
12735
9539
3209
2102
23527
15129
17250
23255
23991
10959
28178
24985
22594
9468
32607
30322
26291
7408
3820
15820
6625
9718
20843
3555
21028
13782
24846
25966
27496
28830
27198
13697
28543
24994
4240
690
17084
17858
8181
8571
32445
19179
24113
4575
28552
26849
4238
15952
26330
14139
2513
8657
22971
25775
21613
6488
31830
13199
19703
25718
20488
8084
16602
6457
22455
4315
25932
3922
26213
16429
14976
1651
15364
12419
12061
3067
25740
25033
6128
25557
3404
8419
20445
30877
17533
6382
5148
5893
22301
2504
28834
30840
16635
18386
20700
24829
25358
26868
2211
21597
29706
17122
26989
9864
24373
7838
14272
27445
1399
17727
5357
2249
5297
18928
12538
29306
26960
13627
22752
19892
11810
30088
13559
1723
11880
14560
19374
6291
3628
5111
7295
3101
23765
6762
26402
29314
13816
19525
29441
24276
25713
31944
27373
8947
15283
5739
8463
21422
7004
24607
20257
22571
20749
10199
9950
2185
19576
30279
18102
8131
22970
12267
26311
1240
21996
18252
21001
12073
4596
25727
32712
10786
22433
9710
24920
31772
17656
24155
14340
29826
29128
29729
1863
9523
4997
17853
30527
2856
4946
14222
15198
10839
19040
20185
20835
8407
22647
32272
11400
30020
18642
1620
8445
9317
31024
4664
9110
12812
30504
28104
12737
16702
18365
32714
30138
30612
19762
26691
31490
12257
16160
26685
1805
16405
26821
30408
27194
22114
8607
10047
23817
12701
13369
17612
15753
14566
10054
18222
16655
13963
7404
1210
28205
14890
15458
17824
29410
26134
22973
7280
11023
11260
20487
10205
27434
15559
16786
8640
25398
12224
12939
24416
11763
9466
12754
9968
24658
26349
1033
32345
11563
20321
1260
22330
28978
29582
13024
15405
15144
23425
6350
25421
9294
18625
2609
18933
3359
20531
25966
15818
4670
19259
20581
30459
19886
25636
9029
10183
14401
16834
30116
9536
16211
5717
463
3407
25271
5553
21086
3577
28402
5788
28172
12768
10151
25464
30150
22029
30291
32290
26882
11500
28987
23321
1106
29336
20130
22499
28217
13913
6206
28844
9789
23916
13037
31025
27197
17154
3749
23772
1541
6538
4777
10800
16672
28979
6659
28008
24301
1965
5166
7771
25846
17712
7699
9635
7036
2752
10039
15614
31831
13743
30514
12020
1021
31843
10083
14779
6368
2138
25826
6487
31997
29034
3766
32005
32177
32334
1096
27610
21967
20062
14360
23720
30193
20638
23215
1313
9995
11258
12757
9279
15174
31952
28675
19427
16651
2991
8219
28092
27741
24927
31063
12138
10861
23585
12159
18915
4968
10807
4960
30742
11924
19879
6009
14543
15515
3389
3319
26587
31783
30415
11492
29292
7342
22212
16795
10943
21392
18647
1151
32507
18271
17945
1004
5981
17789
21557
9582
8082
30189
14840
6193
16228
355
23825
19385
1689
23965
11541
16083
20504
13302
16326
15052
24654
5689
660
20192
17104
30131
9572
8181
11074
4236
8849
24714
23927
18775
2096
1258
24793
7399
26265
1957
780
10852
2083
21056
28110
415
22062
7724
21538
11171
3943
25077
31405
8589
13127
7868
8032
9629
18141
8679
1111
12940
22222
3863
8705
29984
23194
18010
17538
1023
23840
31395
6229
18881
3685
3191
27190
21832
8849
31976
7743
1108
8762
3271
8785
15442
4069
23574
24501
9589
1738
7612
28675
7176
14040
13180
6467
19459
25081
17960
21843
10972
16023
11794
26761
17311
25439
16324
19352
2369
8261
20721
27832
9010
26824
2475
3073
26673
13175
21973
14104
31588
29364
2780
10254
16296
2744
5538
2949
5414
26839
17595
29205
5415
8197
732
28910
16425
11930
5520
13758
21041
20818
13357
4565
12644
1944
2823
16519
10961
11524
32483
27857
29074
19490
17583
14912
5139
3701
8560
21775
23473
28091
26235
19855
19079
2675
32232
17100
11140
19357
6980
8302
26817
11201
25734
29661
7186
22322
10052
7337
3548
32660
28199
23592
5670
2204
2717
2145
5106
29207
26317
26152
28365
9006
13264
28299
22181
31464
18462
877
13787
18928
16966
22385
2457
6553
17379
3354
5222
25631
22731
20784
7927
8752
24201
29797
15176
20906
14
18488
15852
22951
6563
17178
24994
28599
6434
12239
18728
25196
11878
27672
21332
27932
24576
31375
30048
30946
22571
27602
3974
28390
32259
25315
28620
32734
12017
14543
30498
1237
11370
910
5290
23851
4569
1067
2903
28126
26329
16421
13753
9735
8616
18964
15383
11432
11736
32143
28863
7076
19272
12878
18074
27663
22867
10892
5635
30632
25159
16559
9177
13220
31513
6187
7891
2222
19287
21924
1812
27691
20829
8787
13312
7874
14028
32426
27725
13340
18744
10299
17501
18408
27425
5846
14027
1059
4389
21745
11076
23702
8051
14157
24472
9120
15235
14295
26384
23605
26117
30669
13315
27943
28951
11553
24484
6564
9914
32546
9246
25345
13191
5721
15587
14261
10654
25521
8512
5033
12256
25308
19766
30127
12638
23537
3205
20047
8464
26714
31753
19402
9675
16109
13641
10073
17005
2905
22606
22454
20059
21700
26545
19677
21037
14258
11000
6420
7335
30505
2851
11049
9195
10515
7553
32251
1774
483
20680
24891
17193
891
28773
16244
29329
4941
29201
1353
9672
15297
16805
3583
11925
7383
32559
14651
28306
20494
25413
3596
32292
17284
15769
3883
16304
20574
16846
9346
13068
4202
5770
15852
7476
14083
23245
4924
22591
28982
5505
9600
24465
4387
17234
25991
27729
2213
30399
9120
13854
30517
15985
11429
11261
20235
17868
14392
14742
21895
25541
3149
27809
720
3059
31209
3739
1211
21992
5928
1725
26862
3777
23173
6190
12869
2300
31574
20600
23924
7818
15254
14905
6382
6437
32487
10267
13318
29924
21207
11269
2388
12557
19555
3731
26715
9002
24250
23236
17000
95
3907
20979
7869
4346
10976
23561
6639
16972
24693
18416
29837
2744
25764
28747
29954
21513
731
6244
8381
24584
16273
5477
4239
23375
28620
6092
25684
4696
27111
10521
6613
31961
13202
12745
19181
4948
20762
7048
5867
8937
6635
25507
15160
4976
13907
12732
7994
21444
10888
18113
22391
24673
4845
22559
25598
6194
30097
11058
11779
21412
19704
1280
2249
29183
12319
16936
14789
20726
15290
11029
19456
25213
8384
22647
12989
21722
31785
15348
32604
255
23543
8474
11902
4887
5491
15001
20586
8543
20665
4015
4271
9527
28022
24035
24843
2681
9457
17142
19340
18697
3400
17175
12277
15533
25084
32598
28771
12063
13744
12379
20784
18529
28974
14680
4120
22865
17323
26428
30362
13437
26700
12330
27553
2360
25833
1833
18532
29934
9744
6173
29835
16052
7245
32758
3475
28963
16040
21799
7539
18023
5744
5209
9344
6803
14391
17761
31374
22583
19998
27760
19288
4917
5971
7050
12834
17872
215
14394
14492
25606
15237
18819
15626
14624
29520
25113
930
17287
3020
31442
30517
729
1520
20823
23826
27708
29466
7967
40
30963
6483
15518
5994
815
11476
1209
27512
25895
17098
3198
32635
3690
24919
786
16720
884
20697
19946
1258
31616
4718
13630
20209
4254
8120
13499
12975
13829
22493
17529
18221
26794
15826
11820
30617
19986
27610
17054
13035
13668
24649
861
16073
11970
1934
5296
12711
11481
10096
3024
22578
25783
3992
27989
2543
24541
13136
28655
12575
29846
4234
22358
2535
6279
2084
31620
23725
16774
2922
20513
14277
18608
17117
63
27725
949
4659
29255
21077
2167
7582
18483
6212
20180
13393
12286
8566
9407
17473
6233
14378
10390
15144
7584
5788
15791
30928
17164
2926
12085
13966
19498
15692
30002
2060
19084
20944
20460
22860
13246
31651
11637
3562
4987
13286
3454
9634
11809
8912
22380
2577
10083
31640
22190
27072
318
20373
20813
17502
1838
7332
27844
3149
31137
6858
21779
353
3500
3354
23055
10468
5373
6617
30460
1757
25105
28129
30813
31889
15527
12099
13323
28747
31348
816
1925
8793
4120
11034
4231
21335
11857
32022
21470
8112
16238
15237
18042
13409
22791
4083
27845
16640
30188
11583
1075
19197
3163
23804
27418
17961
21622
31768
15045
5748
21235
10939
18372
24315
31766
13170
31877
16962
732
28045
16937
30653
10362
7878
27536
23190
8197
8227
22198
21930
23155
18973
14403
20693
20162
27649
17757
879
4727
21143
12225
20502
22090
8706
10258
3502
6944
1767
23152
24999
13113
721
6477
3966
25515
22484
10876
24967
14863
22385
27275
3817
27258
6330
14931
17130
18863
22966
27341
10605
14226
4103
6952
9400
3552
27850
15640
4219
26398
22463
13168
13838
20943
9642
16115
22011
17386
3577
11623
27324
25227
9126
32492
2246
29161
21855
30092
32710
392
14565
17171
8490
10416
9650
18721
20451
26397
25310
8061
15721
32248
27715
21676
30720
21766
4832
7363
11835
16416
31867
25209
19390
14563
18058
28288
21319
24744
20564
6422
6640
24246
28756
14807
18350
28343
6366
18901
16670
13161
12293
27626
24193
8598
7867
20301
5124
5958
23354
8292
28486
29491
29347
31705
3604
16509
21989
6128
29303
19103
28129
6168
22512
11682
15052
16064
28162
13969
724
29035
7153
10284
21510
17159
12746
14304
23919
30842
10915
22263
25473
15231
25636
7181
21433
28592
28486
24771
15231
24035
24155
26551
9806
10682
13391
7859
10004
17782
22829
20772
4316
22540
14308
24270
8874
18811
26956
19135
10918
26972
4196
13953
25725
25531
19422
7572
5893
30757
24797
25883
13600
9986
765
5078
1506
18726
23956
18000
6134
17826
16951
13146
1085
23008
8320
21687
17337
10223
11023
2073
7338
32539
19919
15437
27382
4801
22906
32434
18382
4961
2144
31983
21647
24053
16484
20197
11494
13697
13895
7395
17464
15084
22057
30233
12865
5902
5452
27472
13051
2826
4380
16856
24001
23262
8044
21185
22452
17976
13315
27214
1374
908
16215
15270
32661
29027
27288
15565
20386
29174
21744
32467
13987
9467
13834
22091
1070
29631
2513
26623
16439
9077
10618
28130
11316
25037
30148
18502
24446
32713
30334
12111
763
20173
4938
6312
28666
21493
18850
9588
13918
17834
1048
11400
19967
1912
30434
13527
30541
6170
9621
29741
3895
9687
30257
9761
23115
15634
30046
20293
2846
17692
12277
16543
2030
16204
17858
28509
13190
31826
6537
29892
15714
15304
16966
19050
15636
27146
8633
5797
7398
28744
17442
7491
6081
19161
27978
10363
20045
22994
30402
32292
14170
8152
25455
13605
28543
25394
19527
32557
11264
25890
2645
15012
21749
9078
16899
24801
2729
22618
13208
9373
6721
11376
29952
21671
9630
20259
30924
22234
644
26936
1657
20301
5371
7589
2037
18377
10485
3239
20575
27520
3890
3343
16398
11003
353
4060
27094
23637
4488
25103
7558
11175
10405
16571
31669
28611
22678
29532
30399
14117
1334
24681
25866
8486
10441
20525
2190
22387
14234
20946
12180
15294
26338
30399
21181
7603
23276
22564
21575
3374
119
6866
17548
7339
5468
25937
20427
10238
9328
31788
14635
29508
30892
30864
1789
13849
19339
19733
17474
26379
12980
3292
31597
23375
4313
10458
20074
3763
3551
6003
20446
10196
23103
6731
433
3217
16812
5721
7370
6847
20726
12861
1561
22814
4910
11987
5339
13452
10763
11784
3609
7545
17804
23532
31090
6555
16095
11785
13083
7651
23170
11508
24356
17583
30120
31777
8701
13377
8926
5115
16952
18800
31214
25140
6032
23197
7939
17498
27435
9961
17679
4268
11548
17829
12138
8491
9004
10763
30396
5364
29914
3883
5404
15308
14496
24615
32121
24573
26232
28835
16953
25185
21407
6520
3873
23740
7065
3496
31349
15950
6773
31639
29024
5801
23634
20088
17301
705
9762
9221
4663
28738
31662
19059
9719
11046
18139
23205
28796
27014
1067
17056
15623
18864
6278
21567
21591
30331
13371
11303
6090
26071
26434
1278
22470
26024
19140
19160
26967
27349
25564
754
16153
22171
9120
23459
2393
9768
10331
30863
8567
16485
9245
20254
17550
22035
3190
10029
24919
2073
30590
5123
32075
18460
18968
31110
29960
10065
7032
29102
7158
1935
29155
9787
32554
25257
15542
29347
20363
7162
12202
25167
14131
4161
25430
24326
7704
22448
24310
9130
8683
28223
28522
18210
17728
13894
28546
29591
6640
2379
25976
7651
27323
19224
6590
20806
10290
13073
2810
25435
7381
16325
25424
9291
11384
2243
21215
24385
8939
25263
29582
16158
21977
2453
6664
27501
7665
17788
14341
29081
27460
15679
13260
20061
30958
27544
22773
11133
25593
27262
18036
9652
10622
2225
32211
12013
20493
23955
30655
24758
16463
20281
25030
21233
4330
16066
26975
19148
18853
20199
14379
22004
25037
30932
1402
9734
32215
25398
24849
16455
12358
12182
6955
21908
16848
12773
28093
22172
17596
18008
19198
6220
30606
14710
29991
7307
15078
30319
17271
21288
7846
28591
14459
26384
19027
30131
19852
27589
17598
28699
6041
32523
24291
11521
10535
13029
17937
14986
21909
21439
331
32442
14757
24301
24047
397
11576
15700
3989
7491
601
5735
1850
2299
13693
20310
17822
29059
29449
2689
11498
5231
5653
15155
5526
4456
1136
8589
10890
26055
3044
17088
20611
18019
9403
12672
7353
19366
15745
15029
7871
9191
29708
19059
426
16371
24506
7468
18549
11757
20730
4388
10660
5721
10766
11302
20008
3955
13583
10614
30595
15045
6961
9222
20780
24824
24904
12524
28981
32747
3467
32276
19499
32514
23192
18738
8254
32193
7097
17147
7073
28825
13926
12949
16948
1
21771
27980
22113
24009
14091
30342
18755
1195
16900
23545
30222
5668
14421
8731
11435
19074
14557
21722
20386
10045
27654
4238
2365
28554
514
5932
23531
814
26197
17852
4578
8080
19604
32269
20488
14099
31340
22695
20500
21154
29413
13057
1520
12685
26344
28148
13410
7059
3840
28784
13548
6464
21085
17006
30449
1657
24350
21541
31256
13141
6096
17793
18422
1838
31281
16849
12519
23032
25402
17344
20540
30674
21597
21894
7068
731
7692
8543
420
10055
4986
26172
23505
21938
11173
9401
14240
30643
13204
6224
15091
21173
30173
20684
10167
3330
31595
0
17092
2337
18814
20408
8708
2914
16627
21488
9688
23991
710
27972
8631
26053
32213
12200
30745
24891
2535
8537
11667
15459
13292
26132
14147
14071
8071
10885
2158
19253
8649
25602
9064
2869
31040
14457
12724
26747
18224
8871
26477
6601
11808
9867
13796
4918
14744
10779
4491
17540
29482
17973
20242
4527
18607
9176
23503
14786
10195
14740
21859
8174
29396
32063
17563
10973
12934
24042
32660
11844
10651
6675
30499
4792
11553
17949
29555
12226
26188
5885
1008
3125
24950
17717
9828
30911
3684
7174
26976
14527
5579
2273
3550
11606
10258
16160
27684
14017
10586
17395
8172
16358
24252
30365
16321
10284
209
26848
9132
32656
22392
7093
32528
18678
17107
29761
20947
14012
21907
32005
29886
5525
25718
18261
17703
22933
12045
267
13261
392
1475
4732
15107
17544
4379
22699
17
15823
7737
20413
9175
2761
5284
16813
1715
3949
31050
19777
933
21710
8901
22845
26289
13805
732
18390
8837
20178
10573
32361
2396
25051
25546
5485
3362
10067
8001
17575
19161
15174
28256
24476
25915
7572
22873
30284
29345
30789
23266
28189
547
8220
11904
10006
31745
879
21510
333
24898
31542
27736
22179
11930
12897
21365
15534
26257
5999
7093
8951
1762
3132
20047
8550
27937
18458
5405
2810
28321
8228
12708
6333
10133
10703
25935
16632
17781
27586
12027
3747
20644
4328
440
3359
14671
20931
22734
7208
11160
2051
19711
16389
28404
8279
3852
16897
21713
24195
27515
13599
31357
10163
15254
13066
25155
18190
26551
25931
10199
24719
24259
11966
21492
1552
9973
2375
4931
8872
27613
27585
21631
12343
11688
19511
4567
27455
30113
4695
18835
30966
13304
3619
27131
13209
10946
18154
13428
4354
2626
13943
23533
22397
8807
17544
25209
5336
19861
5762
31293
3001
30889
1890
28045
2868
27703
23543
21074
25757
15125
1871
3247
29595
31262
4975
25828
27774
9520
582
13426
25811
21879
15076
28288
18997
11502
22248
1917
15206
6946
25655
7
30622
24378
28404
5899
22562
27444
26540
26414
2073
3185
14800
29548
28315
32116
9833
26367
32524
17639
14087
3203
25512
1502
23802
16471
13918
9568
4293
25158
15330
26916
1488
2663
21758
29592
18013
1345
6697
16679
19389
23347
21850
2748
26308
26388
19998
12674
3194
16406
7145
6127
23315
31472
29353
3072
27426
1596
7585
9926
16649
9757
7285
17697
29364
21286
5761
32204
21895
119
6255
14489
18580
3369
20489
19198
28434
25837
14923
15825
28426
5103
30653
8272
2132
20993
15104
3172
6082
18677
1446
16423
23195
6730
10055
28835
1611
26636
13008
14813
2136
25845
24095
20498
664
12248
32717
22080
22434
32320
8011
32232
23426
23124
19249
21522
31921
30717
10706
24467
31044
25931
30740
29835
29795
6677
27263
24881
32765
10976
9363
22483
28346
8962
14943
14872
561
18952
28751
10633
18780
22612
11590
335
17224
24331
21228
7486
6673
26414
28746
4627
2574
3078
660
15098
18761
5318
14405
16468
818
20844
27249
31670
15508
16104
16471
23861
13255
13952
12599
13793
4392
11379
22627
2959
31686
16860
20375
23004
26206
11738
909
25710
10378
16878
14029
32381
14389
3492
9923
27538
5970
25974
1811
15759
18893
20717
18225
21488
26562
9225
22060
24656
8174
18403
22730
5167
15971
30353
1498
23538
2943
28234
7366
19243
5918
24522
10856
7707
17423
7160
4126
29814
10181
17607
289
10597
4687
1370
27154
27857
21131
5483
30422
479
2710
3053
10916
18103
10374
17648
15964
27018
22364
24262
14619
28371
31796
4708
30476
27869
5055
27402
4737
8325
1011
8487
25410
16193
13825
7287
2084
10849
3208
24942
11998
26517
2568
28121
3609
688
15257
18627
17862
15531
15325
18837
6580
11245
25139
23170
14946
12745
29229
14882
4114
26953
24389
93
15390
29482
30923
27275
17551
17191
4642
13017
7660
21115
31532
30447
1872
23457
23811
29136
27839
862
20202
3329
17338
4865
14211
3309
5649
10218
20034
23688
12025
31817
20769
15411
7774
11560
17045
22496
1659
8620
17345
2166
26535
30615
24298
17527
24178
6418
22060
992
2032
24490
19051
6992
85
26776
20108
21101
12226
32325
15076
14723
22879
15117
21744
623
8362
18755
8007
24764
30991
25718
26062
13579
13240
32755
23083
1976
8102
13963
21628
5818
28673
26519
3144
31435
23724
9529
23989
10186
12573
22500
28412
19549
15724
15134
18971
21722
23977
6020
16074
5480
2931
24079
8367
24417
11718
2199
13781
1531
6933
25493
26971
5672
409
9517
5737
17850
10728
30060
32616
24011
18377
19406
17779
9308
19783
17923
29704
2364
29700
23538
29956
6700
28880
5375
206
576
1402
8841
24274
6280
25830
951
2609
16880
7520
5749
3766
10853
32048
14777
12813
6457
9583
25867
15663
25801
16153
22852
31265
18781
1635
20118
14814
10063
8270
17356
30354
27760
28284
21203
26120
11431
21826
11898
4198
11739
10240
11638
16152
27411
12205
1705
22538
21212
32694
8868
31002
17644
3337
9834
26573
4868
15212
7030
10560
2331
21780
22784
22114
16568
8307
4733
97
17312
2129
12133
14690
16817
2590
20536
5493
24078
24199
9411
14280
22396
4167
30624
16411
4108
30016
4860
11379
14331
15818
25244
787
8150
3659
30498
22696
30177
22280
20109
1732
29370
24122
1536
9869
14650
12389
22724
9143
28060
27365
4239
31663
18401
5321
19207
32025
9586
31205
14466
7037
24072
15395
14352
11069
24521
3866
29883
6603
22196
20962
26637
30232
25406
31526
26067
23888
9277
2938
5409
8132
6150
31215
31382
12840
6354
20197
30689
16126
30823
24865
25732
27730
32500
26912
9176
10664
20796
24234
23634
6707
502
21674
13316
28487
21108
18236
13927
18193
26244
4104
18263
25478
28564
29903
18271
19865
4889
1091
19767
14513
4145
13596
6283
14938
26758
31592
8702
10810
4214
18466
27759
15944
27250
9991
31611
14136
4516
28325
4931
12601
14293
14005
9583
27875
6797
2218
3955
9323
21372
32394
3600
16666
2072
17405
2590
1277
15496
11684
8842
31965
19905
23211
6043
20081
22255
5282
31609
14035
1558
24968
19439
19761
9209
31785
22896
24005
21307
9899
8024
28935
19140
2915
29045
21281
3942
8173
8902
12195
28864
15995
2434
5496
19811
26989
1116
30489
25140
27938
25862
31488
10514
21518
25588
12384
2744
24845
354
31763
26596
1015
30616
20947
15801
31861
8813
3502
26977
7955
10
436
20216
28822
12016
3059
26533
2959
3389
18597
31498
1072
23850
13479
2015
15967
4825
21549
8153
27145
12110
12725
15057
6585
19643
18745
17698
10089
16384
13225
27987
23448
29554
9880
29942
2716
24283
7222
2255
7226
16579
14206
25657
12660
31982
14512
17350
23714
17446
5634
27430
8132
26939
3218
16970
9495
1863
15776
19912
26086
23862
11258
1666
13219
646
11703
21635
22326
22860
9768
12585
14997
24952
7180
13449
20629
20825
3
4623
12032
5988
14150
18533
3815
10545
16020
2198
10041
17350
31088
6260
5525
280
393
13367
18781
26319
2682
13158
9484
21066
11699
29947
18889
26083
12983
22210
16700
23412
10121
15362
31136
24602
23904
26463
18457
23864
7586
11263
25928
21183
11024
14828
6173
9901
25406
2489
749
3540
5191
11113
18117
29149
23230
31884
28925
30860
7144
2475
26384
4166
28712
7910
17579
9680
4538
19420
24579
26457
9124
24267
26732
14523
25834
6904
21288
15614
9218
11858
2684
6429
1671
10834
4873
21517
31026
1061
7002
30716
23557
24589
10682
22743
16073
11269
23624
9230
16827
19876
28493
7579
28291
26435
32204
11841
7525
30818
12379
10001
15035
23880
20018
24115
163
29162
25730
2275
30965
23566
30728
30394
23416
16560
29921
4655
7253
26789
20640
19037
16075
6270
4766
18951
16421
8111
13969
8153
12009
25329
7520
15344
16979
26084
54
26269
1537
6137
6614
5222
28144
26767
31278
15182
26279
26204
14382
3415
13746
28175
30170
15428
15954
11315
27294
10915
32371
30295
26594
11787
22494
16236
3039
18083
31152
11118
5809
28643
32267
1607
5549
28319
4107
8688
22772
16449
11772
24537
26440
3926
23498
27019
25631
20812
22968
23692
7158
29049
13141
28034
10984
11616
15021
18076
29055
1584
17340
9518
19402
27534
13352
31387
16048
916
15151
5240
3971
13338
17885
4078
31193
20788
899
7264
30615
5371
3686
20814
20302
17553
3252
7034
23755
9823
23996
1353
18409
11681
10077
24171
7594
32549
22463
1726
32646
13135
28482
24688
23811
31073
9908
11621
27526
32761
17863
23512
20585
18140
15810
1604
12621
15857
23670
10885
7858
21905
11124
23610
3269
25598
20349
30319
20088
1072
31802
4217
18136
20952
20525
14880
17564
9887
11496
17156
15353
15534
24445
4409
21182
23156
11573
19253
29340
27555
6277
22764
21957
11132
29245
57
16826
17485
2819
8320
25693
2104
6400
20882
1870
10037
9689
27088
3444
1626
6369
12180
28378
7259
12685
14796
9917
30541
1576
17384
18403
20399
23239
30967
11054
19626
25728
31244
27760
23960
19671
9191
10625
19652
2425
22481
14223
28528
23597
19400
17078
5917
3847
9692
3024
10246
16606
26329
14479
30958
22017
26662
27081
24603
24870
28909
3090
4515
6307
9852
5776
13030
11233
23532
11275
18268
3341
1280
21060
23185
784
20559
13192
2925
6082
11430
7812
23737
13914
15784
14427
28383
3626
951
5366
1777
3465
15128
10652
1773
2320
13905
19906
15168
25353
14294
15908
8584
18212
3813
22036
3230
20076
31663
29458
18900
8058
7864
13982
11131
24296
30592
6730
7337
1033
13923
2579
8761
26071
26046
30961
27922
5165
11859
9133
25005
20791
15087
30195
14545
16166
32586
17832
7585
5672
26158
22653
27865
30359
10971
26565
31061
11120
25003
5764
31187
28936
29682
3528
1017
5114
4904
13116
14490
31844
26442
11770
1333
31059
31869
11681
7870
24699
13301
10151
6561
22060
15381
32497
17157
20865
21463
18849
8013
12507
23919
10544
12773
29325
1067
26812
29243
26073
31134
21923
4619
26652
3581
1616
30944
581
10185
853
6360
31371
24238
1722
167
11872
15788
17813
20190
18592
28788
30683
27246
10255
24597
4726
9319
2562
727
26520
9990
19804
25447
8526
21999
25020
9013
19032
951
14069
31771
22840
8357
16575
1343
29065
18106
25260
16186
20370
18158
22621
11130
4635
7101
28149
29412
22143
25826
7374
24510
23299
20579
24683
11981
7014
5325
22446
31674
7098
24769
1611
19643
21874
25519
19069
367
31419
21474
23288
10505
1040
5565
24862
944
15368
26692
885
13094
15731
15070
29785
24232
6054
4184
22766
19990
3347
4910
7257
16468
8221
16134
816
240
25130
17278
4910
261
14585
1063
9004
30559
3638
22993
10060
19423
7499
30986
3448
21025
21370
8673
15883
5981
30248
31984
5325
18315
892
18841
26149
28107
297
16783
25738
5123
11656
21912
31291
1482
18154
10130
27440
14981
23852
26036
21328
10959
24972
27415
21732
5407
26810
18805
2892
30116
21299
8240
5616
13684
20426
25750
20346
21734
27783
32611
1347
5436
10677
25479
17162
25990
17207
554
1772
5827
9243
16366
29072
6984
14450
20340
18083
21862
4446
5409
20868
14663
3948
30754
576
17945
1828
17581
22208
6766
5087
906
25665
10211
3289
27347
5381
18944
20615
19448
28232
17504
23083
8965
29302
27666
21925
11048
29595
62
9612
7278
27163
30220
3965
30413
9123
15297
691
32359
24159
14124
11480
19725
9326
832
20763
7426
31635
12546
5507
12546
15661
4006
14979
32131
10857
16372
28878
30523
4278
5873
16748
10978
4729
5052
15374
569
26626
27830
24479
23115
11455
30693
28955
20211
3248
29339
13476
24478
26139
27730
15571
20818
13185
22747
17484
29168
20944
3512
17813
8374
30426
11974
17704
16391
27654
19999
454
29807
24902
17214
32527
21730
27721
32100
7760
28740
2033
21819
14748
19503
10247
8633
29982
16624
13614
5192
15021
22226
1301
8228
5025
2208
8945
28932
21733
3941
31787
13564
20814
7030
17749
15778
1579
7858
11107
15472
30238
3081
9496
7785
9770
12347
30910
19199
28940
2018
18970
18997
9423
14003
17567
5633
7835
1025
13794
6900
22734
130
11342
11292
8013
14678
28185
28202
24093
7237
23670
32208
15917
29001
5901
21869
1142
3404
29608
13804
26438
8754
7727
5865
19929
20506
29910
25110
11818
23521
29845
32222
32008
12008
18905
27464
25708
1048
22905
31517
13322
26147
21995
24141
16422
25356
13496
5519
8873
6377
6189
1096
4724
32744
339
10926
17652
5520
24098
19245
3575
19785
18418
32522
12734
27167
1586
32326
7507
9667
10588
7877
31005
18642
21032
20143
18865
6234
30977
3607
4843
15515
18869
11226
12606
1290
26480
18890
23880
11676
11499
27660
3497
2368
15585
6079
11030
13741
30403
17630
19113
15455
9132
10088
25211
17628
28567
5054
11381
15420
720
588
11107
5608
20392
30315
1610
2466
26733
19590
11772
29382
29081
13180
233
13519
1098
21830
24888
18716
5362
29402
28951
23029
12880
30543
26959
3785
12447
17985
15899
28089
5389
18807
1594
30299
21870
451
22595
22967
16434
7978
4665
29590
8340
25669
16223
26877
29461
22759
4173
4084
15913
4097
6468
1163
25392
1218
19135
3871
31655
21250
22602
16346
5792
20192
407
25465
27247
16298
29135
13650
20135
16894
10534
29333
4677
5423
9394
13010
554
22506
14461
10683
13263
30746
20441
13868
26676
23048
2035
25192
6937
31431
22699
14758
4721
4559
16291
5836
532
30184
8598
20602
6068
18762
21996
26186
786
12546
4235
4950
20081
7063
7663
27131
6987
23278
9597
23773
5956
5483
26132
22827
15708
21081
8422
22053
14184
9612
9862
32219
29635
15940
14913
21303
17217
23893
16306
31037
4964
30341
26257
32658
6355
310
18636
22587
32263
15429
11993
23208
27208
26929
28234
30705
29912
17024
5794
1119
22638
12638
24679
14894
31461
1672
4728
22929
7478
14952
20897
2551
18340
30849
3693
24717
17974
31246
1339
12292
18794
29670
1172
1428
32552
7075
28092
30529
14325
2051
9095
10077
27753
28815
23406
8526
14051
4218
1250
29585
5499
12491
15073
11007
2104
7615
29638
4943
24452
2920
25445
24797
20188
11675
17239
10153
6092
1801
30099
17315
24859
13228
13630
5670
3651
12901
18885
15554
11043
29155
28712
9534
16376
9414
28313
8925
8586
8452
1605
26849
4515
20108
14194
3662
17349
26922
3018
32496
6684
6571
23286
32159
11954
10817
15727
7106
31970
23081
8593
18962
16143
5258
14066
26273
21654
3745
9201
27674
17408
4379
14738
9802
11645
28866
6537
4063
16782
31324
660
15728
4097
21968
14094
31166
17186
9355
12738
30522
6960
24354
7421
15047
15886
13881
16359
9152
12091
31395
22034
13629
1028
20683
1364
1170
10232
13138
26066
28953
17821
2297
20574
2354
10081
20930
26371
16519
9427
12114
3037
23445
28691
19610
14894
13416
22407
26806
30127
15525
20432
2325
17444
24782
23037
5851
25907
12482
6654
27523
15478
29059
12635
4297
8655
31804
12838
14279
3068
3715
15918
11102
18795
28635
9845
16855
15183
4221
7908
4554
18163
1368
23102
28223
29006
1366
8787
28180
22745
19425
16502
671
413
1190
18992
24979
10128
9368
9782
17960
2849
21560
23961
19830
27666
20244
3389
29218
9862
23694
2956
27453
9819
17887
5739
29289
9401
27996
7533
13630
25579
27383
31815
30188
23918
21000
14725
7969
5704
1102
7547
20269
3483
13872
13693
7780
31098
2121
5971
9411
17915
23076
30951
727
2702
14916
28737
29147
27021
5992
28597
7969
3604
5901
21083
22195
15378
13619
3264
16697
9888
4452
21979
14621
146
3315
23619
31470
31564
7810
23455
13570
10200
32454
9821
14944
28213
4751
30631
23772
3825
13826
8594
12932
25338
19753
27545
19003
19889
15791
13643
5028
5440
13796
12608
32322
5421
25863
19537
5085
32560
2245
5384
4647
7746
29693
14166
18335
20471
29382
24708
14262
10253
12211
8044
18992
29253
32342
5353
2510
1649
12034
2188
13866
8911
20437
13713
11490
16533
32502
25617
28152
5837
12828
8825
16249
16227
5968
13114
13405
12925
29427
706
6831
3082
7938
14764
5358
20382
3993
16179
25266
7805
182
16365
7314
5110
12608
3254
26438
15346
20296
26089
25097
22476
31118
1751
21569
25955
31303
1393
24162
7278
7965
23112
12816
22032
21112
9400
5508
4781
23036
32607
13872
4603
24147
30932
3750
12636
8236
1174
25526
1131
32387
30787
7382
23508
12835
26891
31688
11882
25194
32099
30582
6259
30541
1790
15905
25926
19611
30969
8890
22297
10886
3670
31120
8468
10079
13483
10284
18346
22177
3867
27769
23336
26929
9606
7977
16526
8932
5117
30035
31903
18754
20089
1377
13620
28554
19660
4905
23765
17398
13015
26458
15498
16959
18686
13850
20463
28516
22745
22765
10119
680
16940
24537
17746
8153
23578
15816
10146
1752
30357
5165
30250
23638
4121
25066
1368
28636
5018
6514
9189
8974
12987
25130
26282
22064
12352
2326
26293
32233
11974
25777
9628
17991
22449
12316
3089
26372
28263
8571
14007
3336
9148
16285
1332
32046
15788
15067
8072
21579
26448
19778
26013
2157
15627
26100
32030
3936
26885
9163
29069
20087
25562
25408
6800
14216
11667
25483
15500
14137
4821
18188
6005
22650
21080
29418
22501
16723
13979
4602
7787
27872
30678
16098
4389
18074
31281
6526
11153
2775
15411
19330
16544
4245
2429
16481
25356
24691
17848
5230
10220
15616
25548
32577
30598
56
23890
15709
24676
29260
15949
15632
8362
32162
6420
4762
22950
25629
30355
30609
8617
22942
5811
22915
26645
10187
5399
15326
24504
16143
17929
28941
25432
22753
24500
28388
2191
3914
17299
16958
21722
3489
31785
26084
18668
16026
17139
177
13896
7039
8859
20212
4878
188
2414
15126
16405
11169
24592
27005
30011
17764
30830
15279
18425
8037
26869
3771
59
1206
10242
14549
12142
17627
31641
2624
15834
23502
4441
21873
25138
23367
21167
17009
14185
31033
18763
29059
25800
26528
10192
12551
3134
22906
19152
19102
29431
22803
17911
11151
6191
21382
20870
27753
11849
32129
11267
31722
10779
30024
17455
28960
23693
17917
16185
18638
19042
12318
12081
4625
13909
23375
3519
20035
4456
21850
20245
2080
17785
628
8482
26151
3606
25282
11017
15427
21394
20763
24785
24747
15448
7952
16222
18439
26752
12841
1184
11476
2976
1650
14346
17929
22757
14902
5958
20731
30050
1803
15143
29310
25767
19470
2271
13133
9110
3440
17266
7084
25970
3378
20842
12875
10041
24876
2765
25198
3380
10836
9036
3403
16076
20797
1213
19123
13471
27614
11723
7413
11475
12437
26860
7168
14762
6764
28564
23495
7767
8858
19881
4586
28177
13133
6454
16018
8549
14246
21091
23708
5584
27909
32677
23803
11149
22920
23090
29015
30124
3022
7864
27130
12388
2049
22094
10989
29098
1555
11179
31838
18434
25927
8341
14917
15254
30964
14237
10056
25989
4742
26122
26331
4477
27845
25107
25259
7564
23642
8529
7997
3123
27022
7027
17362
31933
14166
9524
22927
32206
23437
30602
1498
28223
3200
14112
17415
24617
18351
4103
25140
12864
21970
14761
17777
21347
20507
30462
14629
25713
2747
26370
19885
11357
2215
14694
2629
4741
23708
7045
30252
4927
7008
29083
15619
25269
17228
12337
29302
12788
15623
27100
14623
19007
22932
25895
20647
29353
29071
20174
20271
21475
2483
23597
2542
20050
8352
29175
28955
30308
2523
9003
25357
11045
31255
7236
15009
31501
10419
20145
7388
19228
10883
28804
18897
29738
27091
9326
29893
19064
24489
24043
26514
17290
29259
21946
30025
11833
7425
8848
27
12548
17692
18957
5754
679
24631
24047
27515
4335
20413
31110
11903
2508
5548
13160
1554
31400
18072
22373
12819
31223
23794
31933
6422
3855
20874
19601
17670
19514
7507
3224
4879
20234
2150
16915
6842
6893
27210
259
4186
513
16243
15257
9896
4138
14344
9710
13226
11361
9194
500
7385
25679
24561
26541
20098
5658
10361
23962
17005
27775
29981
21879
22973
24865
16834
24869
3607
14624
26840
13288
15878
12270
29404
17362
6302
17502
32545
8063
27744
23550
10705
19459
23902
12455
4910
16161
18080
15442
27678
18878
19141
5933
11239
1684
22509
31727
21303
8491
8919
26216
24679
2309
23879
92
22784
25881
11179
20625
3199
23428
7677
24615
29781
378
12267
18984
21810
1922
5174
26976
1411
30179
20312
6255
32058
3417
25961
14364
4813
8205
8003
28652
2433
30404
10981
23796
21736
5719
6933
8939
13736
31075
2634
4995
4991
4673
25800
24569
14468
10553
7693
2283
20912
27378
21868
107
22684
15149
11768
12881
19084
8115
23971
26325
20653
22412
14247
13149
15771
29298
13861
28051
1062
31878
18188
21691
2902
4673
24637
25924
941
28844
7917
2716
8619
21972
30282
9033
24984
17784
12641
2870
14461
1542
19519
8266
22132
27078
26710
30015
24097
14420
24611
9906
13697
19539
15886
1654
21474
14688
6802
4398
12595
3653
9629
25115
14974
1903
24378
6450
28595
17827
17261
26482
3751
23788
27998
13684
28508
20440
30138
6212
30083
19171
4183
2159
15167
13364
11543
3933
22828
25479
8206
24289
28576
5739
5351
1807
21809
29869
20867
15950
3703
14612
3044
28590
29459
21070
22346
891
9199
4139
27803
5650
14024
12553
21000
4339
15082
25488
9710
23064
31547
4255
4346
3461
8571
389
9105
29985
7882
13941
8815
12996
32107
308
1678
20625
32711
14357
13385
11142
12469
5415
11713
27729
18680
5549
17536
613
3593
28110
3676
21838
3608
25742
8606
8257
23885
11261
23652
11256
14419
2478
15172
23229
12311
25451
818
15044
17101
1063
17060
4797
1589
11572
28148
7338
18204
18359
6917
25326
16933
19032
8233
29607
22985
10046
6722
24126
28061
22074
7720
12093
14035
20290
6475
24160
19972
2338
9626
25326
15917
20590
21667
25161
18679
2747
13819
11460
16443
14862
7392
31926
6341
21653
26909
11213
6744
17557
22318
21156
20723
9380
7077
1687
9043
3096
19916
10710
12985
32703
25996
440
26605
23249
20621
1874
20867
17442
25247
9801
14173
924
9561
24036
1905
19437
19199
30821
32716
19581
18601
19610
14807
8099
23458
15791
31450
26904
32271
27974
28094
14508
3793
21449
10775
1335
12460
13055
11362
21459
9384
5854
9098
24392
9143
22689
14258
21448
31641
22554
11822
29405
29437
24392
3794
13215
14569
25644
11888
13098
25435
7385
17052
2383
16689
6603
25266
21898
838
23161
6683
6196
222
4141
28619
11258
6980
788
1806
29582
1201
19857
15749
3996
28272
25047
27243
12544
25152
3511
8989
23350
19194
28854
10458
11026
28787
6243
25543
30129
27300
14056
3894
21423
20488
10206
31527
27802
9030
14182
1807
5799
17424
24437
14809
7844
26443
28527
6955
19502
23152
20984
12778
30244
5682
25863
19456
15196
25697
6203
29533
13204
7438
17779
13371
11435
16112
30617
6311
18449
26374
5054
32061
3196
27518
6252
9011
16348
7638
26423
9113
7570
30785
19606
10206
15580
14924
14833
2967
15252
14529
26107
19324
283
25803
18242
26035
11664
20060
7429
3922
2373
9676
31301
25375
2163
195
1822
28058
14124
26200
27736
14909
8594
26234
7482
17922
3143
16527
29598
31526
4388
23900
21067
6700
29742
8229
16766
13350
17605
21269
14794
6704
7967
13024
4386
26173
8693
23974
15925
278
27772
10523
26106
18847
14487
9189
26507
16732
25931
17989
23094
25141
1395
5626
12753
374
18101
16738
32079
25626
17588
30179
29585
26697
7303
30089
17022
26655
21611
12272
21590
14767
27572
25189
32579
28744
9994
840
21298
17143
27857
31924
31200
15436
17897
31331
23864
5985
22168
20171
2012
28185
25540
13197
29698
7334
14438
26896
15489
32334
32571
31081
25643
26478
25789
8831
10078
191
5457
11116
3030
26584
27586
10534
8901
14580
25582
30302
12582
26102
9663
25256
12878
32426
15453
23773
26820
20046
19874
7357
29010
29265
26063
4057
3164
20058
11133
3505
4465
396
4054
5913
16672
16649
20228
9441
26893
15284
21738
18868
3652
27452
23058
11073
4556
30294
19687
5785
896
2121
23333
13272
5914
16816
12173
7432
28561
9851
14301
23618
13477
11576
1791
5398
9911
21393
10113
23854
9439
23573
29253
2093
22841
6459
15738
27357
32639
27043
30666
22922
31197
18848
981
26025
10240
7668
26591
7870
13425
7130
9669
23164
19489
29258
20278
18477
29765
6264
10783
21332
29283
26014
31079
6545
31405
22011
15837
30662
6287
8475
879
29304
1412
1370
3740
32120
25133
27812
32300
26306
1444
20094
13598
26789
22286
29514
8418
10020
25967
31942
12232
7325
12739
22487
3001
14760
24394
31621
27941
15426
15907
6470
6716
555
25628
8831
26209
23180
18377
18248
17883
6877
4563
21104
18894
31494
6291
1728
6250
31940
14815
24964
13667
25167
1828
26184
11937
30778
30645
22496
312
13978
5475
683
19098
32106
22350
31768
6668
28718
7931
31592
30294
13527
2982
12214
27583
6631
6105
14133
13880
26581
13629
7098
23512
25011
23217
30842
19336
14606
14489
11540
21504
30998
1912
16850
1778
11518
9410
24875
23684
17830
29163
2701
11012
632
10692
25178
18135
24976
8199
17201
24243
23327
7984
29806
26639
27665
22671
10740
12247
13293
6812
12586
25443
10749
16778
28483
9642
11696
5663
5315
1203
30268
3778
10814
25421
9607
9942
23139
11008
584
16454
7482
23107
7529
17249
10410
17135
26289
28905
19006
3316
29855
6758
3625
20811
921
13504
22407
24876
28742
30989
19941
3456
12600
1960
17412
665
5070
16771
31706
3105
16472
19390
27610
21840
18813
29048
26997
31074
19162
22501
23777
30793
23276
14496
25113
25503
21552
5699
31525
22494
14728
7990
14235
5587
14817
12996
30054
20560
5907
15476
7878
546
29704
22934
2456
24642
20001
32028
23512
15440
9685
1451
6500
27452
6812
31218
16130
1095
32267
24379
3749
3114
8768
24127
28908
24724
26496
10815
4076
30682
19743
24144
3887
18666
2464
17655
1276
28546
28190
15861
6361
24735
6379
13924
27471
17207
15222
26371
10989
16682
30578
19663
31376
25719
5940
4051
3297
21675
9565
19520
6430
2208
10170
29120
3358
16483
360
11528
8335
23414
16444
4012
11651
24376
22881
27192
29227
16801
6467
3196
8161
19506
19116
24615
23404
11052
22829
4504
4736
32001
29376
15088
19077
30216
27819
17772
19609
27764
28584
29938
21208
24711
12098
20969
6875
21763
12418
25934
382
3042
25547
31492
3047
31558
5635
24172
452
3763
31987
17718
31955
2172
25329
23671
4520
6011
13756
11259
30123
29957
31911
17372
18016
7965
31226
26707
21995
744
31637
12239
8403
11106
7894
18244
20742
18510
3005
20678
29213
8563
27470
4182
15074
18949
7479
23292
4111
10338
28851
31766
9305
9727
25774
1263
22957
7073
13098
14995
18362
19920
11233
5602
2991
3464
8748
2532
17734
20787
29219
1116
25857
22996
24838
23712
12211
14469
23772
9383
6979
18467
24409
4196
26797
28488
30725
26450
8009
15993
16795
13393
19792
16033
18095
10160
12700
958
6548
24459
12975
22491
9085
2647
18167
4670
28386
6075
12881
28386
28966
27553
15563
31272
6006
18318
18094
25801
6900
24110
23996
21519
24597
17716
14262
581
25927
14689
13857
17260
1240
26849
22346
16943
3603
14302
14472
2329
31148
13136
3521
11270
15710
9746
12847
9687
722
1083
13924
15978
17859
8363
3980
3274
7520
24804
19443
27042
13553
25372
28871
26104
14270
19088
25886
6679
13356
9754
3642
24781
14890
9478
268
21207
14539
3618
27896
5786
24372
11540
9176
22548
1209
10736
25411
32017
23619
32522
17167
27042
30453
265
27924
26827
23055
11581
563
3452
11282
12851
20632
8130
15653
26246
16187
27199
28343
8695
4781
31704
15974
11456
28433
12717
30751
14630
15208
7502
21383
6990
18963
6956
154
13137
27282
11597
26514
15762
18578
28228
8203
32080
15399
12385
25444
30071
28502
7461
32360
9148
31958
26872
1582
29160
27671
28446
21565
20852
11908
18920
3572
13655
518
15143
15146
24092
23753
30950
12305
11319
17986
12889
20064
27801
16753
24848
25009
21378
11363
14960
6951
6551
14588
21860
28757
28468
25331
22608
24923
14851
1822
17223
27218
20686
32752
10877
9195
10641
27456
29951
22354
11732
32075
29601
2393
10551
1277
25656
16594
1615
1388
13578
3132
19888
2214
7299
2723
6987
4012
22826
31681
32251
17342
11731
7017
30042
19673
28181
19494
473
29055
12030
21791
31504
25526
28678
14141
8274
24403
20546
23952
6021
32120
9178
11503
20016
24924
32189
14047
28886
8778
403
5047
27779
5869
4596
10241
11940
26058
11991
22818
5915
32526
6221
30014
20627
25482
2415
21078
785
23804
8084
26803
5324
2960
16840
27784
27967
27814
7290
10963
28284
16086
1397
11652
6339
26417
23570
27361
3155
15306
14763
1065
23936
22390
1618
22391
28422
23247
17859
26858
18077
15999
12440
26371
4046
6843
28092
20046
16644
2061
34
28741
5862
32087
15543
24945
23012
20245
23701
4818
8720
13282
32633
6785
3376
29246
12919
28564
6929
7054
20204
7490
9246
30820
17845
12616
7728
2561
10910
27018
9128
17688
5149
25854
28860
27093
9025
23494
19214
7454
18405
8860
1923
10009
5417
32115
8786
31470
14883
1371
7515
27598
29393
9638
6331
13108
1362
29769
22941
11370
8022
27013
13138
26960
10196
15046
1701
1113
22779
23755
19304
21462
13930
28935
22611
25207
13219
8775
23823
20750
7869
13462
17037
1431
9050
19549
26012
19318
31193
12495
24507
18687
5837
3460
21035
28219
28333
30564
26441
16617
8653
14535
32283
10692
9356
10459
13353
9988
14287
4677
16782
2087
17839
27915
23374
5873
30319
28593
4074
20914
4529
15266
21042
6855
32745
10450
9819
355
17
29858
9553
1936
26015
22532
19022
2416
29364
18655
16044
10697
8854
27317
6136
26560
30816
29315
15431
16869
9720
488
24781
2672
8002
15754
22187
20682
28051
8886
6665
1104
22377
24646
22373
13395
12377
14024
23338
4451
25928
9180
8069
5069
6366
23774
27764
27490
25656
23749
15904
7290
4061
2379
25964
28217
22772
13135
5838
3601
5812
30327
23390
3208
21531
15385
6188
5948
12771
25948
8151
5156
9394
24730
603
536
25489
11785
3883
17044
6815
6043
15744
12473
13830
8226
28400
10644
22831
28088
16450
27043
22066
13150
23681
25493
14737
24035
1615
29778
15909
2056
19324
6203
15704
31201
5847
1459
28565
14206
5188
20702
4349
25291
6927
31912
15964
29877
4736
7434
7771
4494
1200
28297
10999
31923
21402
1791
12081
28524
17525
925
19719
22291
21826
22577
8100
15993
4257
9125
19924
26245
21480
11720
8378
21022
15222
29266
29381
18763
10565
23842
2784
6041
6591
7113
14313
2494
15059
10316
16485
28283
31047
28966
31346
7879
30800
17037
8188
20777
10080
21750
13108
15462
27199
9435
1854
19804
1885
30652
16682
29742
20583
12900
25894
19617
14616
25709
17394
9670
20562
11526
23700
11482
20333
23796
1612
16234
13263
31191
30410
10426
5820
1711
30879
20072
14192
13726
26098
4173
27499
26352
15220
24484
26893
6488
22422
20846
8290
12156
14841
12309
5695
11956
22309
20559
30094
23311
21631
11589
19174
21656
16501
4085
7775
6615
6908
17876
24484
5018
16956
10936
22601
3573
6025
2550
6239
17031
28822
6855
4422
22527
10469
7153
21187
31455
26498
21155
7762
29568
27889
28832
17598
23894
32101
9631
494
25462
15155
24562
19202
9813
1413
103
17055
11987
12115
1388
18310
4728
8847
29046
20844
11517
17312
28835
4102
4878
10514
414
99
8782
31628
9667
27774
21148
4610
23683
2324
11413
7723
28170
9651
2393
32054
18720
8980
32658
185
30797
9130
8627
17386
29249
10875
29054
24849
18802
7215
11465
6973
32519
22118
22401
20534
31989
20815
9967
18100
31592
32631
12858
11470
21860
24542
3118
23221
4268
30288
10811
11682
7395
7666
15553
3853
3569
27164
23691
31776
21928
2406
12697
8555
16552
24326
30498
24281
14975
18009
217
18403
7445
13503
9584
29699
3912
11692
12890
13164
14035
15612
19670
31736
16756
27527
25641
8802
2382
25078
6442
13237
22668
11733
16132
772
4167
23785
22840
16220
13993
25283
15073
9719
12371
31893
11068
9394
10493
1861
13159
193
28508
31680
31081
21922
18505
1425
19571
79
32031
26546
18022
19128
10597
9121
9876
27504
2989
5815
18891
11687
23995
438
25488
21848
30698
11937
23720
5059
17356
10448
31453
8222
16913
15171
13822
18568
10154
10551
24104
3902
22062
21751
30532
10257
13180
18677
28113
27160
9378
22297
2276
2466
12285
16985
15724
11886
2722
9866
18107
14879
5373
4725
10306
21226
2744
2094
31900
1682
27102
22433
13775
6550
21825
1902
13006
22185
30233
16375
20034
29282
8429
27830
19081
22325
16823
2005
16127
28066
21315
17400
27261
13484
26072
2142
3872
16013
31002
29480
15180
26024
11567
22008
9200
19903
3873
24766
29707
1382
1155
28367
13679
23479
6744
10808
14021
15944
15152
31057
4817
13146
4244
27285
15607
17491
5028
4784
14078
27759
4351
4314
21525
24498
9187
11620
11539
15905
27798
18064
10755
1841
1540
32678
17632
24960
32425
26180
27037
2755
22705
502
5992
1023
21854
518
10032
19965
4011
32150
23397
18936
10799
31211
7423
4760
5187
11020
2497
24868
10855
8844
14271
21235
13794
24740
21022
8995
4009
31621
29467
11406
27266
20715
24398
18426
2153
30198
1584
23184
24371
22838
27612
10384
28785
19204
24594
16450
22679
24601
9857
4400
22878
25177
29766
914
25446
17392
26288
9226
25376
18592
22342
14225
21739
22873
12555
19377
25725
13835
11008
5878
7045
31160
3051
15775
25486
9421
23383
20120
24359
8626
9180
3245
24129
30624
10912
22520
29144
8115
16414
19355
25302
12352
3622
25525
4148
21096
1829
16270
30818
13805
23207
21525
29161
30533
4890
8845
22351
11245
16597
18307
10810
2304
22105
30211
29145
22536
6614
13067
22656
11796
20465
25920
19602
6411
964
3296
10404
14143
4134
14328
9951
27973
20013
1751
9126
11781
3314
21698
29561
2317
13972
22761
20506
29483
18048
21402
8430
32058
29935
7093
8869
27964
15280
8288
12830
28073
6183
13051
16004
18183
11926
11607
9918
22459
12955
18466
1542
15903
14586
13734
13271
26836
22173
21684
31501
346
12505
4058
19528
25821
25331
15580
28561
8018
23779
4194
31040
7363
8023
31215
1564
1255
30971
31762
709
29942
10488
21728
591
3003
2746
2721
26672
31723
12023
12490
26972
6325
1517
31020
10414
4250
32491
25962
29322
19071
16658
11440
23489
6401
24925
10658
18356
14344
14815
25747
6589
18591
17996
3576
5578
16131
10683
32028
13387
30457
16810
1813
27983
25189
27203
16886
16105
1561
22494
2118
29401
14571
10694
20657
26472
22794
6720
11774
24468
27538
28617
2881
7789
23133
5024
30802
20927
17437
29060
6781
4081
4775
1215
5499
27949
19346
13923
161
27586
20225
28884
15448
19398
30909
3206
15309
32255
22407
31240
5866
15876
28332
19778
30852
6047
13785
3579
15574
23414
19249
29086
21550
18154
2973
25149
15846
25408
1379
30422
12182
24574
30971
16597
15496
27800
23582
4827
4460
21836
4895
9406
6221
26443
21630
14545
6340
24601
27323
9829
10348
27702
18536
28047
32661
30974
8834
14380
1597
24014
1281
27683
11580
8296
5550
13034
26558
22681
31029
6732
22774
30489
3707
12905
2577
29618
29745
19710
15465
9892
3242
16870
11260
20809
29673
23777
22044
6645
7167
22677
6248
32544
916
2770
15354
1479
15043
9754
16610
9999
10795
13409
32211
16684
20546
12049
26653
3969
26861
22609
6107
28168
13134
14727
23662
27637
18909
27419
29994
29078
16571
2431
16974
32126
32323
31596
570
15586
481
28014
28380
835
3367
9890
20332
25933
25373
6846
21081
31488
4569
23891
17283
3341
31312
23119
29354
12675
2668
30662
24102
7082
23903
1266
30169
9007
13878
6776
2659
18050
2225
20460
15508
11389
1106
27288
295
26950
21940
27001
3245
2678
4638
4747
15303
11899
344
25927
19352
11067
14781
5737
30330
2041
17042
30966
18672
20093
12438
30846
17117
30575
28890
2206
6387
30213
13779
11722
10861
9950
15022
841
32513
9773
20707
25217
24848
20761
27661
3957
26657
30308
8185
3724
1933
31307
17661
1940
30075
29102
13963
23046
32271
30833
24581
18060
5855
18210
3027
20928
18087
19420
10420
17463
13629
19051
31057
27582
30663
18352
25112
483
27947
17479
18759
23480
16071
2664
15687
18131
22883
4875
21820
14233
29283
18000
32730
11453
27969
6941
13434
27651
13627
23049
14957
31818
24393
1913
31376
201
10322
14600
3872
22937
9119
23085
1488
11635
11664
9240
2073
16572
30350
19676
24018
15806
14912
12755
32256
21049
30466
318
8687
17946
14739
10029
3714
28554
20749
415
1991
10282
32539
8169
8910
10141
30822
4444
27068
26440
18768
1826
1563
29525
29413
19817
25972
19710
21518
24516
3104
16904
13064
7373
2651
23949
31509
23824
18330
22015
626
28964
6175
7274
27784
19227
20682
28921
31846
22301
19762
8380
27503
18255
7156
20648
6224
22265
17739
31200
8758
18665
24545
31539
17469
9490
26597
25573
1323
31097
3166
23474
3934
8786
26303
19472
17667
23909
20667
11957
25737
11447
19546
9561
20821
19559
12877
16061
21688
16342
6783
3308
27422
14858
13036
28864
29064
25941
30902
16041
18236
20017
1909
8362
14266
30063
29391
22948
16627
19857
24138
19927
2486
10100
18269
29862
7275
21042
13773
6042
14851
29254
17975
682
22831
21489
17128
2490
9680
15581
16117
1889
5295
257
26505
14575
24431
24260
32633
7087
31936
26213
14622
12137
26837
28826
25187
16939
21015
26743
5917
10569
32283
27794
28059
2979
31441
2917
20862
8486
28671
7923
203
2966
9454
2991
24383
11402
3684
26265
5091
7352
30929
18090
9440
10354
8909
17778
1427
30065
23490
29440
19172
13778
31462
16642
31188
3166
17005
10541
9302
1550
764
4831
18528
19662
4960
15363
9537
30594
28800
10550
31541
6983
6544
24871
26935
507
31880
30532
23830
10751
1749
10643
18891
29499
11854
5597
6154
7523
1641
18962
1303
31609
13743
13289
25563
148
24429
13255
29751
2527
21933
22242
17560
2532
10084
31910
20940
30987
24301
27480
22804
12125
1206
6137
4218
2958
14906
9581
14692
2875
303
24284
16746
14448
768
12633
25957
4205
27773
26817
2760
18346
12754
13286
17204
3864
20149
13293
11846
16042
22244
6901
11700
2324
27343
7674
8088
7379
25745
15864
4875
22125
20773
11347
10998
26618
2519
20086
8997
6627
504
9402
11165
2282
7382
6282
3632
1386
8172
30150
21070
30688
5461
4964
21278
28331
12935
28509
31693
14608
5949
16839
7719
13185
30901
19262
5988
10527
3356
25225
14148
28285
19271
1403
7518
6567
21155
28950
180
31587
3951
1271
5516
15798
28456
30190
1403
19370
14661
5100
11715
26191
24613
10018
6111
2816
24134
10343
24667
3815
29623
22746
32745
5060
22480
31945
10930
14825
13088
15826
14826
13193
30119
30792
21415
7475
23877
30681
17651
16282
16499
26477
16927
7831
28977
30800
347
31089
19519
1172
25476
8283
18576
12465
7997
17214
6908
20591
8769
7609
16949
4870
7416
9319
3836
14979
27720
5984
31893
25197
21933
7682
28024
6569
18828
20465
8265
21403
8132
20316
28938
29838
647
22658
14992
32086
31592
27253
27699
6707
22196
27934
10186
6393
20742
30850
31703
2670
17174
8515
3582
4852
16338
28266
18876
11880
22704
23651
26453
27465
31810
4425
24334
24861
8971
9829
7325
26128
16017
10993
1758
18399
7859
17441
12231
3060
16701
3684
16542
31443
16314
9191
30313
31412
20361
27738
17063
32113
2099
6648
25661
1443
25596
30657
3251
1800
11960
27914
26016
9769
22240
23096
2659
6969
21733
13001
18964
15423
7364
30868
17851
29304
19931
31825
16063
7926
5371
1883
10657
12942
29886
21173
22761
31985
26651
28491
21601
30489
4919
891
12418
3303
30334
468
31276
10762
22515
15646
2714
3618
22212
32154
22420
11301
23842
31627
5094
6402
25679
25332
13330
19845
16121
17572
11074
16251
24006
6256
29824
5654
16944
13504
15401
32147
5011
24397
15775
24089
2692
23336
10559
31205
9829
6143
9875
13988
24886
26268
18120
5664
21934
22190
31586
8735
2955
8652
25902
20360
24102
18359
3960
7368
12618
16351
27519
28532
26694
25641
8230
30000
21313
30960
492
3023
1742
30282
18206
29884
20929
30348
19532
22424
17728
28176
31993
22564
797
4149
13462
17250
18019
1448
11186
6135
23086
22498
17771
28116
29376
13810
20776
277
7378
30333
5258
25641
14120
31491
12703
7476
10856
22627
15705
12977
21292
26786
6719
27484
21078
10728
27491
17743
14244
3787
13204
26731
14980
9168
29908
6137
29993
11823
25613
26513
21982
10199
1279
14139
15002
15538
17021
15061
27349
11562
22233
4277
25499
14828
6301
11151
10719
31980
32635
5016
5905
21417
30087
17131
21491
16050
18596
8492
30120
23145
20540
25196
28941
21767
6965
19789
22605
1504
14880
11367
5808
2537
31155
28394
7860
2423
8569
15492
15967
2889
2760
133
3539
30921
9204
12353
11299
14223
13250
20661
15973
31783
28959
32622
25865
14868
17170
679
7017
21780
15600
9394
13728
30630
10959
24217
28832
13002
16956
5636
18559
19208
19249
29277
2322
22195
21825
3379
19645
4463
19734
476
23945
2289
1565
8287
11383
1798
3200
18321
21269
23767
21333
10877
21326
29547
4885
1289
2438
17773
27727
983
1255
9776
8861
25450
14837
31216
984
2698
17257
17243
20360
9193
9532
10831
12958
31494
17922
24550
11110
8274
4729
944
27063
6290
32610
28223
32621
7044
23951
1257
29976
9669
13374
31433
5878
25074
5541
8967
3615
11533
8654
14425
6656
14883
11173
15818
32266
6444
13392
23739
30635
9523
12478
25639
20606
7607
19843
19755
24767
28496
9443
26821
5633
28566
6956
6876
21027
4158
21834
18048
13952
19846
32149
20340
12134
23508
19181
21737
21450
22681
32265
2445
27961
636
18700
19652
15378
15541
21849
26933
19443
25014
23465
7305
27761
10513
603
19567
8716
9366
30219
3300
9057
6331
28773
23473
13986
13378
8507
13621
836
27413
11734
26212
11255
30837
14986
16400
17627
19539
12941
3944
31217
26622
16906
32702
31184
28159
13936
18829
30873
26945
14608
21178
24364
3958
6119
9242
31388
693
4280
22581
16353
22120
21087
26441
30669
23397
10337
29842
26434
30555
1223
201
18337
2928
23597
9707
9093
11816
2070
16443
27570
15497
9090
10378
22600
1661
5571
25526
27197
6775
16268
27505
8457
29785
32331
29763
14499
5014
31160
21714
941
15507
28590
29282
13803
26964
29243
22168
13050
11604
19443
21123
13631
4276
32393
21213
24861
9880
4000
18829
6251
25295
6110
20593
8741
29362
18498
26971
31329
7502
22968
32601
24197
28357
6891
3386
27064
13041
4187
3405
21910
843
23215
5740
13096
27659
22348
19001
12307
27793
12070
30888
15375
22276
18390
7358
8859
21305
19182
5784
27888
2262
14217
18094
8243
13495
12838
28249
11246
11664
1718
31123
7361
7124
4339
5630
26453
26838
32500
15145
24466
10543
8702
2062
12306
1631
16798
6623
26069
27575
9460
16386
25654
31350
18002
12634
21789
2354
25862
9928
26999
12921
26995
32497
32227
14009
20327
20290
30638
13661
2728
1586
28162
313
6608
711
29530
5160
15195
17756
4921
26099
30975
7585
22556
10869
32060
31203
28077
15101
26419
15246
13113
12020
4283
13552
21092
26560
31410
13375
11804
5095
21393
16350
15819
28024
19523
26588
10449
14247
12088
20670
13873
16311
28085
23422
25738
25885
5998
3795
15946
27874
28758
9651
15902
9289
6326
26390
22445
5810
31612
11006
30853
23230
30422
12468
5461
15028
29440
10836
5982
15395
23387
8587
15908
19145
11710
6560
18793
2740
5136
4785
32603
5543
15383
21056
25357
10175
24971
5358
12068
32598
15983
3461
26835
29736
21921
21820
7945
2484
19375
12599
10728
230
16876
20814
32378
11506
26563
27663
27295
3971
13900
23558
19786
21
2589
8764
7917
25247
3939
29181
24114
12662
13361
10718
13548
24174
5399
24063
26957
20290
6135
22414
28505
31030
10516
11660
11930
24570
20076
23252
20502
31698
1352
30041
10366
19188
7697
27311
4776
4657
2661
26061
20031
4312
20842
16913
14010
11224
7778
12164
26250
21540
7552
27744
6808
11356
6906
14287
27118
12713
6240
25078
9652
27625
19500
7474
30047
26892
16282
29857
805
1981
32442
3045
19636
21829
3779
3108
27683
685
7850
25171
27945
13603
9715
12981
653
13728
26056
9630
12253
17351
72
29053
15203
4111
6689
17945
31829
8484
14945
32027
22860
10379
23689
13261
2807
2693
26851
12833
30481
7479
1814
17141
14224
25351
32504
24981
8736
17481
7075
24706
25551
3099
17611
28018
1290
11405
16975
5783
27080
3590
24077
13604
8709
28131
22523
24846
7794
4192
24692
21007
7531
18876
3279
20977
25641
8856
31286
9225
6201
7073
4789
1538
19756
21614
10386
11740
6801
6571
23517
26931
20000
7800
32327
16837
3640
25868
26936
19247
140
6814
31259
32247
18713
27269
10493
17359
30043
3230
27990
6424
10176
4846
25894
26534
5981
14984
29252
32451
14303
17329
16883
19574
7621
5443
29367
15365
29389
12111
19559
23992
3756
12550
16002
15328
2050
30170
6342
280
20877
3552
12799
21451
14237
5497
28958
2806
20936
12337
27786
8239
15582
10983
5051
743
12576
2351
5892
12524
18604
500
432
14385
2620
12130
14929
1490
3088
30210
23893
9811
17193
26407
9690
23337
21176
8842
22724
10619
28630
31537
26124
17961
11637
25493
13402
782
17559
25859
19159
8578
11454
9795
19772
11811
6307
17784
32304
18902
11050
2375
15312
1032
30870
11579
10895
10810
10233
19816
576
12476
18671
13647
12657
6328
12684
5634
19195
30579
30867
26505
29143
720
24553
31107
14131
18198
17225
30480
7877
27122
24376
25071
15712
7872
1084
18660
9669
12294
2633
15709
6075
16961
6268
19540
9570
13285
5388
32375
17092
16031
20861
9095
29613
15837
18198
27902
3005
16016
30614
7156
13499
15408
17955
17987
12076
12033
23683
30442
292
20374
28814
11695
1885
13203
32227
521
7302
10167
18395
27964
19165
27417
14267
32710
15360
12209
27438
1530
23296
1051
1778
24555
23736
2712
8657
4235
8797
8534
23507
18452
10838
24561
30130
28071
845
3641
31886
27699
30086
30774
24034
18073
22127
17257
30647
14094
14969
10581
30999
24000
31015
15166
9925
17084
14180
4913
22571
12047
27674
5700
16532
8491
4864
11295
22683
24717
436
4027
31715
29853
4873
7530
3849
726
7330
16920
16855
22566
25280
28624
16827
8600
32344
15234
28791
6192
26985
2051
29465
9238
9612
25173
11566
15096
12493
29481
31795
32169
15545
10658
18252
22798
23480
860
14137
11834
6301
5549
10885
17880
11388
15402
14848
4809
18107
4205
24944
2063
7020
3862
8324
1514
11226
3600
10249
8768
32098
26646
26464
20546
12933
373
3632
11085
14907
2579
22104
26894
2441
8368
10792
14058
4949
15212
31440
1693
29306
31113
23320
3617
31256
17011
12882
32465
8237
22013
7053
14286
30314
12782
17676
30626
9535
28860
25591
20771
7481
1431
4175
26522
29325
31145
7463
13861
5877
3741
16658
26202
26042
27230
8920
31277
13842
12321
7789
19732
26541
10917
22051
12393
7563
27577
25630
9999
6928
1280
16392
1112
30554
15857
11527
29222
6866
27425
17388
8785
15105
19141
28078
12105
18598
2674
25110
28669
1029
23080
32443
17147
11137
12431
2609
5336
30829
9344
14206
9682
24096
32711
32205
21172
16199
28456
6247
25850
3456
29600
17118
11830
1828
30956
1419
29362
1891
13648
9787
26455
7319
13969
4390
18125
22738
16451
20001
16868
4281
24395
22036
20275
31894
22172
23725
7679
28584
18756
25174
12382
6590
17836
8805
24731
1796
5659
12691
21981
21020
31357
24752
11268
15472
12131
14229
21204
8391
26186
7257
26709
29719
4896
31432
4729
18586
13060
16
7168
1828
28750
16062
22681
21172
18383
20201
5194
19017
4954
16045
4625
7415
7554
26332
24012
9273
8870
30703
30038
30857
25387
21315
3315
13358
11017
1154
29422
22614
29321
28510
22144
2148
31821
1414
30196
3979
5264
6354
30729
25756
21935
7617
29848
8220
5608
29222
28790
6298
25186
31774
20636
6463
11118
13637
2181
26279
1549
30250
2008
1519
9906
5632
11079
31248
31049
12950
13495
27499
31351
13449
3745
28069
13860
25528
24248
22452
3895
8184
11212
25146
13472
4617
6894
18
26524
26825
2005
9513
30516
30376
31872
28560
5383
17244
19485
26319
26442
26070
21802
17787
31757
14964
11994
267
448
18808
17850
999
26869
29113
11156
19906
21352
11160
7827
28202
29756
30774
2985
3421
17799
20708
4142
30559
14097
10971
16074
23881
14937
25390
11156
16612
20441
9980
891
15990
31115
11242
13030
10460
13996
19664
24471
11225
27840
24243
14805
26798
25046
20980
26826
16619
11277
29638
5674
17284
14935
25573
23829
28711
23165
4742
8255
17613
24676
23177
2894
18832
21134
3062
17283
3772
16355
31399
2973
20776
8882
25922
24314
14535
29939
18539
18432
25978
22991
29239
30139
15912
98
27107
21703
13841
9151
32710
12145
31839
19508
6532
6425
18942
13776
3717
10459
16814
35
10405
18286
5719
2885
7469
5195
27548
9754
4611
9746
9394
29139
797
10794
5491
7864
7227
10152
18862
26149
23254
26995
22210
26067
3155
21413
27499
16473
31869
10292
4571
9971
26674
32465
22541
12417
2140
29712
21078
8659
18724
21450
11325
2851
354
17088
15244
24291
15959
11136
18855
26042
30622
29325
1821
13257
16224
13754
23933
818
17096
6871
4971
6107
11958
29071
30450
4207
19640
11409
540
18598
27702
30190
11712
12487
27628
25282
26268
15979
30621
2583
22691
23171
19974
774
1176
28828
8978
3615
21468
866
29260
28172
7813
27235
21913
13168
22447
7446
13351
21
21527
12060
23969
1351
24294
25029
26021
16763
4298
28374
21367
16693
7499
28810
31223
26408
2653
2774
3024
32670
1585
14833
16371
8986
20305
27156
6724
11324
25324
15487
11410
17638
25966
7612
25549
20125
31060
4391
13683
10802
30783
21934
16716
8865
16967
18390
15191
32569
6033
9470
12804
253
12324
5096
1187
20299
1528
5749
7709
6075
1360
18608
18402
25930
5962
4366
10530
29368
15029
9717
17984
31790
7970
3194
5252
21540
30270
29807
30224
16258
28511
5533
12821
23813
4444
29262
15686
7141
26274
8975
26253
1461
12164
4019
15357
24458
3795
14747
15369
26207
25775
31541
9971
10936
19356
24771
1159
20358
27609
32350
12808
12363
6381
26426
3179
12926
28034
10795
2755
17969
22902
30568
23805
23025
22064
21392
25293
17902
13616
31722
3816
29276
15594
24561
2676
15640
2005
21520
11452
25231
22975
25002
6953
28124
24419
22621
9582
29744
3133
1160
12802
8055
2717
12042
20179
19512
29179
19021
14905
16061
14218
28804
30760
13173
3343
5936
18347
20118
8692
7145
3213
12038
31384
3675
345
10364
20970
23439
17798
26851
14646
15980
7147
3327
27199
6525
28025
26706
32653
7668
25640
1089
1800
25583
12850
6771
8902
22523
22912
3706
11298
8662
1889
10933
3342
26746
22658
9332
17322
5974
6427
11102
17429
2271
21862
2064
11394
14919
20053
3591
32655
27788
9860
25792
22739
22197
23405
27677
20406
19801
24283
16395
31878
864
25761
8034
21447
18445
14475
14861
19402
26173
12437
10858
129
2281
3931
7667
18833
18674
27345
28959
30377
18462
27444
17027
9746
32093
30272
16701
27016
5714
6820
14994
11593
4622
20403
10966
5483
31007
23900
21900
17778
22217
92
10447
17954
22419
7858
28657
32146
12550
8275
6497
28034
14001
16416
5074
11246
16496
26901
1689
18916
17902
29635
26967
7314
21353
22528
16089
7331
15285
9949
30524
20428
11140
24792
15701
28833
484
31827
13136
18606
4617
12357
25238
28867
12877
22320
25333
27535
15477
32339
31995
20080
25398
29984
19362
27786
248
28912
8499
14359
17369
6390
13156
19965
23285
3697
21187
24486
2277
17702
12632
28428
16261
16398
31878
4371
10490
1612
20019
10780
16884
25697
14633
22743
26929
19875
29883
856
2115
29164
27563
14958
14738
23439
12875
26416
4004
10640
10211
30424
24988
14868
18259
30933
16641
22806
27385
25371
31937
18268
2005
28862
21878
11689
9195
20159
18151
20533
3049
2854
2770
5722
3082
31312
14569
14992
12346
1675
10266
13979
20347
7648
29971
16387
26247
12848
20998
26821
1463
32643
937
14408
22051
3228
12162
20626
31243
6609
24417
29628
19574
29209
24110
32163
17432
21095
20964
9697
32121
23350
14046
7676
12372
16485
8274
24540
5181
11078
25115
16515
30855
754
1979
6904
4965
3807
15520
10116
19535
10164
2470
21281
1448
27227
3038
11056
10653
8536
2190
12650
32336
22618
632
11289
1334
19984
13407
18056
27069
14398
5320
5560
17203
3600
18174
21844
11747
19630
7512
28903
32641
27152
4286
11597
6856
27156
20842
1640
9825
18894
21740
5396
11015
13599
1393
4444
23785
14985
30276
17646
5199
28993
16789
460
14721
17798
29562
28997
10213
24370
9779
20260
19559
22159
13234
25895
797
11115
8283
23218
30763
12911
8968
11461
4069
27820
28240
25132
6708
32119
7945
20469
21819
12919
29707
551
826
20988
13111
7345
6066
9106
24504
18593
16330
26327
9609
406
18929
11401
7735
22392
12485
17891
21225
30822
19763
15914
8093
5872
29664
4739
23476
135
456
7175
27569
30769
7206
24601
8254
10626
10131
15095
1648
18375
14961
6288
3403
11652
3722
12182
9353
4129
13813
29395
14487
7136
5946
11456
12257
3090
29877
31060
19791
5003
832
4634
7183
10579
21516
8326
18582
3486
5584
2697
2785
6910
28966
28003
1537
14296
1073
15033
16598
31765
16772
11239
7195
24345
13887
32663
27042
505
31611
13715
2273
27112
22249
15575
11438
16115
20149
18411
11847
25327
13489
15215
4501
29871
27823
27383
7858
4986
29230
6170
13480
30395
24890
26566
14716
11771
1677
16854
19307
7437
15098
20199
6003
2184
3596
2151
30997
18043
1002
3822
18266
26459
27261
15058
29460
27456
2517
6902
23142
22353
13257
21986
30086
16253
30430
8473
16578
6253
30827
17062
1985
26038
14842
20729
30220
6226
19952
9457
4300
12625
16241
12858
32214
31948
12670
14809
15332
31003
31072
2821
12325
15943
14410
17977
11513
31170
14394
22151
22005
21078
4128
5423
1326
18524
21314
19312
5556
26158
20447
1694
14172
21727
8466
29301
12227
10537
6138
11693
11407
31910
16408
19662
2808
10051
760
32582
14472
11507
12052
2745
4382
13216
26101
4248
24121
5479
13723
20981
23411
25348
24863
26006
25676
27275
7319
5192
12073
5722
16442
20341
14749
14411
14021
30201
18918
5422
11037
23346
10683
17526
14645
17494
32325
14386
9778
20490
24939
319
25549
31792
8274
9148
25337
15872
17188
4031
31174
24666
16913
4678
24710
7258
2964
21105
2606
8238
16376
12014
23551
30756
17946
4020
2149
3591
7536
32756
4383
12972
4426
9292
13472
26056
12632
24895
19125
20484
13165
17890
21609
9044
8834
3799
17190
21892
32510
21887
15132
26900
13365
16236
21734
14405
1838
16917
8811
30324
25257
20174
31491
23463
9312
31479
21212
11878
20366
30835
8603
8140
18606
29276
7238
11741
32389
8692
18017
26
9314
12255
7767
29267
24997
13712
26908
16829
6782
29442
24849
4164
13815
3240
19496
12834
1333
26022
15688
31153
12282
27201
1267
30077
19055
24212
5414
21662
30753
1413
23680
25925
16457
13304
23719
24980
30544
9283
32744
32435
24978
7649
29213
29216
29539
17770
212
24902
21071
10434
18093
28498
31654
23441
9732
23874
13369
14324
22224
28734
9566
6003
3019
4652
19258
6194
29396
24703
6207
17003
5265
7503
29171
8731
22360
13999
27379
10492
10576
22587
24120
27828
5587
15088
20378
5452
18967
10049
13714
4067
19726
23910
4164
22948
28298
22520
29117
30453
12709
7355
23417
27377
13920
4027
5416
17177
26250
31898
24753
2886
27108
18984
12152
15843
9602
3124
15581
1112
19060
26530
12805
23497
14246
31934
14044
29185
13061
19408
5210
20137
15843
18417
19462
7358
2205
3100
18617
10306
18811
26248
3237
25649
31447
11829
149
3254
17538
5829
18550
14751
5219
30350
16663
29967
10849
13037
2861
10866
7044
18141
18330
438
4182
6088
26863
31417
17040
3229
15919
23805
32242
6946
6870
20387
10355
16268
16409
11671
5530
4685
27504
27144
10540
28717
11858
6427
3335
26780
29503
28896
32334
26182
21508
22149
30150
17897
9531
19401
12160
20323
23313
20660
21945
17680
11084
3461
21246
32082
4236
22765
3988
14961
4816
28282
7702
13478
31037
26966
7008
2674
18715
22321
17836
2868
13857
30588
3835
4091
26610
31448
11959
22169
14567
22222
30358
4857
21007
448
28353
10930
18548
11039
32054
20187
8096
17375
7274
26658
21856
27432
25907
2328
23240
4943
28646
23247
7799
29444
20668
14247
3101
5837
13179
26725
9530
9907
23122
14213
5928
13370
1028
20178
29275
9367
32073
4915
26344
2846
24945
29384
10820
2042
20042
22837
27214
32544
3908
15934
29072
15238
979
661
24770
21135
17685
3823
8592
23498
20149
26973
30366
20701
12047
13530
19656
10684
660
20256
12718
2335
15984
193
4976
3378
3691
29554
11702
6286
18957
25258
18420
10088
17670
14956
10476
1288
32461
6240
25460
30077
30086
25385
24697
10128
8233
27635
19012
758
21473
20043
15612
9930
6322
564
24684
11322
12639
21623
20231
384
23179
14650
28201
28948
1310
11476
7072
10527
4074
5856
21611
22323
17551
25488
14529
11322
7067
18245
4438
23725
3062
24668
14809
28935
27006
11082
5313
31352
5870
31979
27721
32733
3844
30487
25785
14064
2275
11127
25576
23996
15286
24726
4607
18517
1430
11579
22399
30405
31150
24055
31878
18249
6556
22778
19790
6334
15899
29738
26614
29014
29407
29047
6021
32143
18881
5480
24620
31590
26908
3066
8395
26055
22903
4011
28087
29769
22116
1746
2235
17176
9895
2865
6748
14130
16283
4045
4193
29399
14290
6398
17811
28218
19708
15042
22210
2173
266
20822
18696
9436
4755
10248
25938
10281
21622
583
27931
27256
10433
15100
3195
28955
8913
28189
11617
1233
5307
24702
4124
30778
3051
6635
19745
12942
267
25973
9224
21135
16167
11273
15319
32188
17934
23879
14467
12232
11259
23184
18868
7754
17012
6241
5833
1206
627
27104
11292
27788
964
10933
19847
17871
942
15131
21031
25529
16085
567
27999
12717
8799
27304
2336
13421
6230
3423
5480
11149
29517
32433
28937
26408
15687
29098
20396
9681
28116
9637
16661
3788
19325
21017
15785
7295
31842
1206
23597
2851
2594
9649
5328
8127
23803
5724
13676
23383
29235
7673
27401
28256
20918
6352
1187
120
1792
7551
21293
8276
8509
3218
19157
28666
32431
15955
18826
24880
26449
17123
9915
5684
15034
26762
28770
15021
13635
31820
31042
26850
4204
30909
7276
28458
636
5910
23048
2467
24936
30343
12626
25639
27894
19919
23523
30844
1058
23307
20018
7371
18881
1483
8538
22100
31844
26475
18974
17503
1407
11681
16682
14198
971
2898
155
18641
21736
11178
31426
1554
25159
23403
28197
1331
13639
23685
15047
29884
5790
6120
7338
31801
15611
8598
28561
235
20202
17148
24586
8894
15351
32642
11692
1403
12566
18273
25246
14911
11330
19636
9305
23852
29541
11987
430
15198
29304
28636
25098
5408
17643
26770
31225
20576
28231
11883
26857
12129
1554
8164
25649
24496
23283
2840
4945
30041
20758
8849
379
9818
32722
13406
18515
23128
21129
22373
22516
25233
12496
763
51
28178
29136
17586
7975
3626
7916
2162
6377
24350
18853
9932
31896
10526
30906
11658
31392
3448
28819
5771
4156
5132
23263
24782
3130
11520
4477
16332
20735
31413
4248
21771
30666
30713
21527
10224
14653
20094
9268
20437
16153
29066
5482
1115
17225
20721
16277
2049
8226
14401
28757
8438
13801
11836
23731
5164
18837
26763
5639
22190
16599
10160
17945
26931
24408
3901
30342
4595
26946
20035
26469
26809
20225
11278
14635
26938
17995
19727
28108
32677
29789
17434
1315
17275
3464
17362
14484
21665
3565
1121
6640
3764
28549
12652
6552
1692
356
29765
14310
1636
17470
28259
26056
31560
28714
14352
22702
2576
1958
14178
21927
15773
7131
25452
14278
962
9763
18357
13771
27733
6857
23530
11007
24197
6416
975
26464
14445
23670
19323
19198
3306
21305
13253
12453
29610
32283
8954
27580
8070
32098
19921
23917
12050
28452
11424
25863
27506
705
20687
12192
26991
26033
11917
11006
16586
28032
11971
8120
19919
8982
7494
13976
12590
4924
18257
27972
519
2140
24114
15901
26180
4488
29251
32616
1323
31422
6684
15788
2099
6763
6663
5466
7703
6189
8117
20403
13354
4317
26159
18151
23018
15309
22030
21882
727
30030
30191
21740
6790
21110
16162
28569
7921
8736
10914
18910
13585
32563
2634
18045
27567
22568
581
27203
8311
4038
14023
8936
15182
6960
506
30006
13285
16674
17980
22125
5518
24184
12423
13543
30031
21488
32560
29688
3637
304
8405
24344
30699
28939
16273
22596
11147
6912
3185
17825
19124
24067
24364
611
23773
6273
32270
22253
30441
414
8758
15417
251
10177
3073
28283
3723
14418
15302
4865
31930
29890
8900
30046
19170
30924
24664
8135
24946
13819
24436
21181
15097
18541
26700
8173
9088
2262
31314
11348
541
32711
613
23974
24773
7729
16709
30449
9826
24357
30283
26749
14117
14045
8791
22264
28446
29440
30473
7631
11018
28706
17972
20703
21356
18570
1423
333
7647
24633
15022
18866
30890
29224
25393
25980
21653
720
11580
22417
16635
23535
5159
25653
3617
30090
13686
25133
27078
28718
29195
10020
10747
1148
12186
4943
14901
3045
20062
77
24225
1713
9994
5969
16823
17222
9475
21122
18
2727
20684
11682
9855
30267
24257
18926
22100
21200
5641
2374
1027
13535
9158
25742
1006
8721
11918
340
22909
29699
15903
19123
31854
22598
19278
4471
2157
4523
3137
30593
2789
24253
20702
10862
25365
10638
899
12659
26726
25783
8696
21131
19196
14746
17058
21205
25227
27626
31225
5687
24428
5742
13372
25160
4592
9473
22371
18541
15348
12254
16725
31554
8373
7194
30299
4923
18150
9586
5076
1675
8448
13639
23339
22596
4058
10983
26887
17088
29561
30990
27841
24897
15913
15533
29723
7380
15820
12521
7983
24699
3955
9319
20645
22666
28971
21447
11817
16722
26138
19822
1308
2301
24778
17033
26506
18617
26564
26958
5469
22809
26721
21637
1488
1463
11229
25672
9510
9247
8877
13319
6811
4584
31250
10703
10907
24100
12271
2763
2354
8699
6360
14603
12484
19602
3179
32388
4350
26162
11235
2392
10764
3750
30442
32088
26636
15076
8879
16071
21187
30192
26425
23137
25999
10494
14075
11932
9117
11991
5288
14894
15452
13949
31560
13263
21554
14610
3212
20288
17773
1782
31070
21388
28028
12336
22717
26254
23135
19471
24776
12723
27740
25616
13848
17410
16372
1539
17747
21849
29717
16746
23294
20217
8337
5154
28051
15684
4303
2629
19924
3782
5825
5454
12638
17523
2581
24190
19329
30511
18352
6271
26703
22164
17752
5192
15859
1263
3504
7488
26693
29835
14442
24742
17051
10803
12984
25648
5089
2290
27651
20466
16620
2845
15072
3970
30987
3219
3648
3674
4319
2628
16102
4989
32621
31472
5407
94
12658
9521
22189
30461
9974
5820
28932
11091
3876
8420
5049
25584
22105
32352
20279
28131
23163
1613
2996
2010
14732
4215
27747
2186
28287
28372
29419
17489
12362
8273
30489
30234
18236
8401
18129
12162
19601
31347
587
5177
2116
31764
2172
25770
24868
14614
2001
7134
4906
13919
1827
9373
8202
26788
31464
27095
11784
26599
15014
17987
18701
31806
27310
5958
14842
26583
11782
30486
26684
4665
13479
25119
31137
30924
31208
19366
9321
2204
18235
26028
26529
17754
20247
8213
7596
24996
29749
8969
7459
11397
4351
18587
23519
30784
21318
22952
18515
24137
51
4610
19743
1173
13440
12238
13027
18451
29927
4651
21585
28795
8923
11029
22663
20806
10615
18568
26523
31741
30388
30952
3447
26551
5342
3744
16103
12766
30793
1802
13552
23601
21824
22671
4708
11279
4670
27663
1971
3826
10849
17794
26884
10298
5147
8160
27268
27692
43
63
30462
27706
1227
1083
21677
14468
2347
28571
3150
31392
1311
15666
18040
11670
26900
14082
4912
5935
16969
22952
20409
26224
28476
1780
7849
7009
30818
19415
9794
7187
24858
15746
2302
6880
1252
12748
19564
12789
21710
22228
8763
22542
2352
28136
18324
4737
7065
11686
28334
2174
7433
3937
26268
23445
15457
3015
30057
27000
4375
2752
6246
23299
32302
2713
7875
9337
16742
16993
21085
23313
688
17299
8919
945
30692
24310
1772
16121
28854
20674
2051
30339
24295
30724
11268
28521
11960
7491
12651
26120
932
3172
20891
5892
11598
1483
32116
22925
26809
19139
18471
12000
16823
18720
29769
27408
10404
10787
22311
23302
4179
18589
1626
3014
10313
21079
923
5877
1833
6322
23256
6296
22896
21643
26247
12831
26722
24929
11834
16034
3397
13242
4979
7274
25804
3778
16570
12211
22230
15670
3822
688
18009
20864
21721
9936
32152
12580
21766
15168
10909
28506
15831
15537
32739
15100
28626
603
19795
25507
32316
3138
9585
14862
7657
1720
25304
20419
30290
10019
8676
23032
2280
17920
686
15283
8872
23080
18237
31537
3056
14674
8698
9861
27281
16858
18533
27521
2597
20929
7687
26329
32419
12020
2983
28294
21808
17617
22209
23401
18232
23271
3380
5681
9150
10493
22843
27518
25328
27734
20894
27462
6143
25140
6698
22393
13613
19355
26718
26080
22056
24151
16487
22859
1174
18241
32335
13803
10993
8637
32625
5373
10645
2183
48
23464
16919
9136
488
22825
19673
22499
19749
4141
27867
31469
25619
12158
13780
12668
31030
32226
30850
23079
15963
15681
10558
10671
8143
18693
5331
23685
16334
29638
22416
8588
17982
26663
19100
8735
22686
4347
23434
19286
20025
19629
557
15493
29855
28638
18606
32518
30805
23375
6619
27449
17868
10498
18882
24264
30352
13468
3199
10288
7874
782
20306
19325
3784
19828
10229
1108
23875
13117
20012
10551
19777
22413
21405
21509
25781
28127
3554
29632
18212
31215
26333
11155
10400
18135
1867
8980
27898
22904
3996
11206
18228
25115
21251
24546
27957
29016
18633
7767
13248
29752
10214
2063
9895
15254
24786
25204
28988
4811
27033
819
11017
10634
4142
10559
23745
21768
18177
26394
20854
27744
8147
592
2059
17463
26825
27716
22765
3483
8128
14382
9214
7217
12257
12901
6866
22416
11637
31962
31518
23528
1018
21733
19821
3559
19062
26181
31765
9693
12811
20322
22122
30238
17100
15060
21553
28840
23247
12841
11608
12293
9091
3555
6628
1907
28996
9921
20010
24131
16685
11328
1858
23167
18734
17504
15289
7887
20062
22699
17542
8093
13714
13428
4671
21368
558
22621
17037
17078
14139
10012
10718
14942
20154
20350
9561
9797
15160
6059
18711
22134
10147
28077
16016
13271
26972
24876
26451
10250
22669
27259
6139
15506
701
8921
32606
13623
27554
20976
3591
10667
20534
29858
29159
25197
8205
8453
31303
31982
8421
27564
30721
6899
28799
12841
28144
8506
22701
28367
9637
18784
10669
31165
31835
2818
3765
23320
31789
8227
4303
4759
5511
10445
15335
30789
3291
12795
6690
6786
28821
9143
31090
15691
11088
23168
12136
24252
1610
28654
20297
25811
12309
30361
1635
22647
7056
11574
4769
20921
19222
27907
1886
31065
23541
22374
21623
17292
26146
1744
17316
18428
1067
18152
24584
23313
5996
6118
31750
19567
7302
316
18775
28352
9229
30588
14169
19635
17281
22902
2986
12100
4736
18592
26870
22847
2105
24764
14349
7167
19748
4788
10041
10620
21745
9929
13262
18309
21694
10732
29186
18505
27020
19052
1791
27676
756
26578
2359
4216
26134
23050
15096
20546
23763
13251
21312
31055
25916
1047
18642
31527
30025
23407
21385
13065
9935
6049
6125
14639
24492
15196
12548
4946
19012
21702
3179
28785
12850
14179
19620
20943
6455
3385
9650
17723
6262
818
26595
5267
25060
5313
11502
3723
30202
15048
23357
19627
25005
442
29580
6807
6303
19197
23731
25235
16279
15762
8640
17222
31535
10743
22089
12990
5836
25932
5377
21173
6099
24502
19592
23059
4378
31233
20104
14260
19101
24201
21757
21098
4467
24922
29140
2630
17408
11158
7352
24339
28267
13847
21289
24612
2898
22358
32462
18768
15549
26763
5644
28986
4433
17942
10967
27862
10695
12062
23496
3112
21148
18552
23408
5199
26121
18122
493
23235
2613
1008
7354
9691
8106
926
28876
30354
29701
11079
8922
8074
3314
12606
31228
19793
8024
1820
12407
25572
1745
17249
18135
21873
20829
20062
3391
22113
13143
22098
22270
4758
30632
20179
3170
18417
16442
32623
3793
27160
10928
26004
8981
13174
11604
28077
22008
18307
16464
18318
3857
19013
10018
23058
17885
4375
28234
6658
3346
20649
28997
18489
26671
27720
31935
23302
8024
19039
24837
5842
1377
21054
2233
6659
25641
30491
26569
24608
809
29782
22177
53
31820
7938
11680
10873
21249
28832
13513
10542
399
12077
15292
26825
28842
22112
28132
19283
3395
9773
14065
19215
28836
31373
19337
12381
20155
20609
10810
24286
7862
7252
10420
32217
12753
21793
24885
32733
11372
22934
5188
19880
5473
4599
21154
6216
28564
29542
894
5760
4556
18529
6888
12653
12481
25228
5256
25705
20342
6577
1680
21552
2504
15365
24815
24898
27975
21421
11464
14728
21574
25984
24610
11577
30510
3343
6625
19199
10264
6626
23029
1878
27802
4613
2513
29493
27104
15812
26910
17905
22271
8370
12977
15966
27015
1008
3515
7991
28759
30123
8000
19136
4278
25063
20427
16809
22943
10363
6495
2358
8539
21597
29104
15517
24918
22560
9363
19888
1067
29627
12980
14523
23041
10124
2183
12208
10010
22685
8577
129
169
2597
27527
15054
27620
20562
32423
22720
29531
24645
32006
28469
9864
24927
12057
10525
14247
25531
12312
4643
11208
8187
16048
29841
20770
25672
1529
20077
28586
21140
29351
8680
26596
21538
26756
9466
13305
26185
27678
5190
32523
9333
5308
11587
18117
13166
23191
5021
15158
29149
5447
9689
20703
4620
15996
1337
14602
237
19694
21727
13406
15966
15255
29748
29617
2731
4383
14475
31517
3412
31640
27138
15190
22801
21611
1961
21818
28948
8338
5863
15274
13198
24840
537
10137
19828
18302
19067
4706
7043
9040
4428
10847
7298
6839
15405
30135
22727
1088
14539
6007
25340
29821
9149
27365
22051
21498
22192
26897
29912
4466
8641
3244
19926
17475
13354
10269
2493
21280
30753
25042
17939
29446
26109
19156
8584
4721
4763
17311
23934
1231
32000
9008
14536
565
24383
21599
26546
20305
1693
23919
19778
8608
30452
1508
22974
5088
23893
3732
12910
16073
5617
12289
1699
18936
18746
21222
13817
2348
25669
14096
11224
31156
28787
31855
